date,ticker,model,actual_return,predicted_return,pred_lower_return,pred_upper_return,actual_price,reconstructed_price,actual,predicted,pred_lower,pred_upper,mae,rmse,mape,directional_accuracy,interval_coverage
2023-01-03,AAPL,lstm,-0.03812220940337041,0.004102879203855991,-0.019448937848210335,0.029227619990706444,200.5759770243939,209.2266645898344,200.5759770243939,209.2266645898344,204.35658011185296,214.55002280177723,0.010363832093989164,0.013509068649518768,69612792187.35194,0.5060240963855421,0.932
2023-01-04,AAPL,lstm,0.010261402643368283,0.005401536822319031,-0.022675327956676483,0.031079251319169998,202.6447640606584,210.35986860639764,202.6447640606584,210.35986860639764,199.77487126958061,221.32276969709343,0.010363832093989164,0.013509068649518768,69612792187.35194,0.5060240963855421,0.932
2023-01-05,AAPL,lstm,-0.010661283111650382,0.006429241970181465,-0.01733497530221939,0.03179489076137543,200.4957866431274,211.7166766788237,200.4957866431274,211.7166766788237,196.34162647296637,228.4727605642209,0.010363832093989164,0.013509068649518768,69612792187.35194,0.5060240963855421,0.932
2023-01-06,AAPL,lstm,0.036133357676866824,0.004962653387337923,-0.017651958391070366,0.02917923592031002,207.87284901227156,212.7699589478053,207.87284901227156,212.7699589478053,192.906224727266,235.237629753028,0.010363832093989164,0.013509068649518768,69612792187.35194,0.5060240963855421,0.932
2023-01-09,AAPL,lstm,0.004080529215203643,0.004680421203374863,-0.015618129633367062,0.026024028658866882,208.72281321822499,213.768139929016,208.72281321822499,213.768139929016,189.9167973940591,241.43981989114232,0.010363832093989164,0.013509068649518768,69612792187.35194,0.5060240963855421,0.932
2023-01-10,AAPL,lstm,0.004446510347639705,0.003928124438971281,-0.016339749097824097,0.024127431213855743,209.6529678054449,214.6094915463399,209.6529678054449,214.6094915463399,186.83881970420734,247.33598731050913,0.010363832093989164,0.013509068649518768,69612792187.35194,0.5060240963855421,0.932
2023-01-11,AAPL,lstm,0.020892514925815384,0.0009826120221987367,-0.023102883249521255,0.02507159113883972,214.07922235639947,214.82047821740412,214.07922235639947,214.82047821740412,182.57178426048148,253.61547188786312,0.010363832093989164,0.013509068649518768,69612792187.35194,0.5060240963855421,0.932
2023-01-12,AAPL,lstm,-0.0005994891772679897,0.005186913069337606,-0.0174485445022583,0.029681019484996796,213.95092264050686,215.93762763501383,213.95092264050686,215.93762763501383,179.41380207675044,261.2558551746575,0.010363832093989164,0.013509068649518768,69612792187.35194,0.5060240963855421,0.932
2023-01-13,AAPL,lstm,0.010068257135029462,0.007796264719218016,-0.018370579928159714,0.03423178195953369,216.11591611068934,217.6277036216825,216.11591611068934,217.6277036216825,176.14796111376677,270.35395723358283,0.010363832093989164,0.013509068649518768,69612792187.35194,0.5060240963855421,0.932
2023-01-17,AAPL,lstm,0.008718252102151425,0.0038221266586333513,-0.021969545632600784,0.02727103978395462,218.00830633176943,218.46110438986037,218.00830633176943,218.46110438986037,172.32027540671479,277.8282447003317,0.010363832093989164,0.013509068649518768,69612792187.35194,0.5060240963855421,0.932
2023-01-18,AAPL,lstm,-0.005384454852158148,0.0070122117176651955,-0.01673627272248268,0.029662564396858215,216.83760507141884,219.99837261493764,216.83760507141884,219.99837261493764,169.46028045837085,286.1927924703899,0.010363832093989164,0.013509068649518768,69612792187.35194,0.5060240963855421,0.932
2023-01-19,AAPL,lstm,0.0004436376600177206,0.0035507685970515013,-0.02362903021275997,0.031605884432792664,216.9338237406711,220.7809257441883,216.9338237406711,220.7809257441883,165.50303942395004,295.38264081602654,0.010363832093989164,0.013509068649518768,69612792187.35194,0.5060240963855421,0.932
2023-01-20,AAPL,lstm,0.019038364081683426,0.006295634433627129,-0.01842271164059639,0.031188923865556717,221.1034543891718,222.175261000297,221.1034543891718,222.175261000297,162.48194004550348,304.74046494220124,0.010363832093989164,0.013509068649518768,69612792187.35194,0.5060240963855421,0.932
2023-01-23,AAPL,lstm,0.023228555627554673,0.004795209039002657,-0.021987084299325943,0.032595958560705185,226.29948276481335,223.24320348539752,226.29948276481335,223.24320348539752,158.94842705280897,314.8374398903733,0.010363832093989164,0.013509068649518768,69612792187.35194,0.5060240963855421,0.932
2023-01-24,AAPL,lstm,0.010012762907375555,0.005739201325923204,-0.020174019038677216,0.03081590309739113,228.5767476629026,224.52811611341423,228.5767476629026,224.52811611341423,155.77392382784805,324.6904844696527,0.010363832093989164,0.013509068649518768,69612792187.35194,0.5060240963855421,0.932
2023-01-25,AAPL,lstm,-0.004711835225971918,0.005193990655243397,-0.018626820296049118,0.02875925600528717,227.50226507180426,225.69735494592356,227.50226507180426,225.69735494592356,152.89920446725597,334.1639239420182,0.010363832093989164,0.013509068649518768,69612792187.35194,0.5060240963855421,0.932
2023-01-26,AAPL,lstm,0.014694869771428311,0.005620150361210108,-0.018236473202705383,0.02951175346970558,230.87006531964633,226.96938000027507,230.87006531964633,226.96938000027507,150.13613624382722,344.1726589095217,0.010363832093989164,0.013509068649518768,69612792187.35194,0.5060240963855421,0.932
2023-01-27,AAPL,lstm,0.0135914746418463,0.0049554407596588135,-0.024009935557842255,0.03159434720873833,234.02935099966064,228.09689340933787,234.02935099966064,228.09689340933787,146.57430361580498,355.22017797688227,0.010363832093989164,0.013509068649518768,69612792187.35194,0.5060240963855421,0.932
2023-01-30,AAPL,lstm,-0.0202823742298003,0.006640576291829348,-0.018764181062579155,0.0354660302400589,229.33049319960372,229.61664060333493,229.33049319960372,229.61664060333493,143.84959604128946,368.04448394994967,0.010363832093989164,0.013509068649518768,69612792187.35194,0.5060240963855421,0.932
2023-01-31,AAPL,lstm,0.008980486518885233,0.0070159244351089,-0.01941310614347458,0.03265918418765068,231.39926800053388,231.23328408109353,231.39926800053388,231.23328408109353,141.08395875377465,380.26295598324214,0.010363832093989164,0.013509068649518768,69612792187.35194,0.5060240963855421,0.932
2023-02-01,AAPL,lstm,0.007869704048322388,0.0064226300455629826,-0.018925799056887627,0.030282823368906975,233.22749612833334,232.72318073672258,233.22749612833334,232.72318073672258,138.4389439878816,391.9545144105013,0.010363832093989164,0.013509068649518768,69612792187.35194,0.5060240963855421,0.932
2023-02-02,AAPL,lstm,0.036392300510034066,0.008667423389852047,-0.016134850680828094,0.031990598887205124,241.87151513308342,234.74906841082995,241.87151513308342,234.74906841082995,136.2231737508357,404.69608444299917,0.010363832093989164,0.013509068649518768,69612792187.35194,0.5060240963855421,0.932
2023-02-03,AAPL,lstm,0.024106975000651183,0.007582574617117643,-0.022258222103118896,0.03149901330471039,247.77315524013127,236.5358360448597,247.77315524013127,236.5358360448597,133.22458117115943,417.64648187672236,0.010363832093989164,0.013509068649518768,69612792187.35194,0.5060240963855421,0.932
2023-02-06,AAPL,lstm,-0.018091498958964447,0.004959867335855961,-0.020248454064130783,0.033098604530096054,243.33087240119087,237.71194413352364,243.33087240119087,237.71194413352364,130.55412060430876,431.7012987062074,0.010363832093989164,0.013509068649518768,69612792187.35194,0.5060240963855421,0.932
2023-02-07,AAPL,lstm,0.0190618622856037,0.00931192934513092,-0.014714790508151054,0.032539092004299164,248.01370191326197,239.93584059687666,248.01370191326197,239.93584059687666,128.647107180865,445.9794995974806,0.010363832093989164,0.013509068649518768,69612792187.35194,0.5060240963855421,0.932
2023-02-08,AAPL,lstm,-0.017810405213165126,0.004410186782479286,-0.02087528072297573,0.026531929150223732,243.6355811676022,240.99633849614796,243.6355811676022,240.99633849614796,125.9893981365408,457.9705768103762,0.010363832093989164,0.013509068649518768,69612792187.35194,0.5060240963855421,0.932
2023-02-09,AAPL,lstm,-0.0069355479636618615,0.0032865137327462435,-0.02120615728199482,0.028293563053011894,241.95168104368116,241.78968989456484,241.95168104368116,241.78968989456484,123.34578004259727,471.11323777001246,0.010363832093989164,0.013509068649518768,69612792187.35194,0.5060240963855421,0.932
2023-02-10,AAPL,lstm,0.0009275169239235722,0.00830389466136694,-0.017329806461930275,0.03275512903928757,242.17619942882604,243.80584146926532,242.17619942882604,243.80584146926532,121.22663757073195,486.80014906374794,0.010363832093989164,0.013509068649518768,69612792187.35194,0.5060240963855421,0.932
2023-02-13,AAPL,lstm,0.01863211802837362,0.008060326799750328,-0.011651136912405491,0.03285517543554306,246.7307536956732,245.77893294828849,246.7307536956732,245.77893294828849,119.82240795844953,503.05970885790265,0.010363832093989164,0.013509068649518768,69612792187.35194,0.5060240963855421,0.932
2023-02-14,AAPL,lstm,-0.004233904053509201,0.008918480016291142,-0.014762256294488907,0.0323682501912117,245.68832768054654,247.9807041185706,245.68832768054654,247.9807041185706,118.06655412688505,519.6092816445185,0.010363832093989164,0.013509068649518768,69612792187.35194,0.5060240963855421,0.932
2023-02-15,AAPL,lstm,0.0138076604015739,0.006439540535211563,-0.019101114943623543,0.03227437660098076,249.10423726301474,249.5827361003127,249.10423726301474,249.5827361003127,115.832755519055,536.6528784692044,0.010363832093989164,0.013509068649518768,69612792187.35194,0.5060240963855421,0.932
2023-02-16,AAPL,lstm,-0.010484143872342174,0.006319435779005289,-0.017393557354807854,0.029632246121764183,246.50623531052833,251.1649485869468,246.50623531052833,251.1649485869468,113.83543430022951,552.7930729648384,0.010363832093989164,0.013509068649518768,69612792187.35194,0.5060240963855421,0.932
2023-02-17,AAPL,lstm,-0.007575322747986234,0.007300334982573986,-0.02038019523024559,0.031238283962011337,244.64592613608852,253.00525420141204,244.64592613608852,253.00525420141204,111.53892880348175,570.3339528996174,0.010363832093989164,0.013509068649518768,69612792187.35194,0.5060240963855421,0.932
2023-02-21,AAPL,lstm,-0.027042190904412126,0.00816863588988781,-0.015938827767968178,0.038186006247997284,238.11881573756347,255.08042251420886,238.11881573756347,255.08042251420886,109.77522433169413,592.5338915507845,0.010363832093989164,0.013509068649518768,69612792187.35194,0.5060240963855421,0.932
2023-02-22,AAPL,lstm,0.0028918809316494888,0.006110115442425013,-0.019836431369185448,0.03252560645341873,238.80842365165265,256.64375634531655,238.80842365165265,256.64375634531655,107.61913110996986,612.1232470366742,0.010363832093989164,0.013509068649518768,69612792187.35194,0.5060240963855421,0.932
2023-02-23,AAPL,lstm,0.0032851106503145153,0.00345853203907609,-0.023308932781219482,0.027420632541179657,239.59422576432544,257.53288846913347,239.59422576432544,257.53288846913347,105.13965083851991,629.1403242087081,0.010363832093989164,0.013509068649518768,69612792187.35194,0.5060240963855421,0.932
2023-02-24,AAPL,lstm,-0.018169336930799952,0.007183566223829985,-0.017319723963737488,0.032457150518894196,235.28026711194633,259.3895512784992,235.28026711194633,259.3895512784992,103.3343391041233,649.895425162352,0.010363832093989164,0.013509068649518768,69612792187.35194,0.5060240963855421,0.932
2023-02-27,AAPL,lstm,0.008213679785789116,0.005869558081030846,-0.021426361054182053,0.029852665960788727,237.2207421969839,260.91652390867034,237.2207421969839,260.91652390867034,101.14381112637535,669.5890521962317,0.010363832093989164,0.013509068649518768,69612792187.35194,0.5060240963855421,0.932
2023-02-28,AAPL,lstm,-0.0034537297979819336,0.004085516091436148,-0.020601963624358177,0.03592544049024582,236.4028590376708,261.9846862621945,236.4028590376708,261.9846862621945,99.08137086256693,694.0816394697159,0.010363832093989164,0.013509068649518768,69612792187.35194,0.5060240963855421,0.932
2023-03-01,AAPL,lstm,-0.014348470370965045,0.0055460743606090546,-0.019167814403772354,0.03360697627067566,233.03505878982872,263.4417064934641,233.03505878982872,263.4417064934641,97.20028414072078,717.8039746325707,0.010363832093989164,0.013509068649518768,69612792187.35194,0.5060240963855421,0.932
2023-03-02,AAPL,lstm,0.004120643843103321,0.006708063650876284,-0.020991526544094086,0.033780939877033234,233.99729442368897,265.21481578032325,233.99729442368897,265.21481578032325,95.18116643814137,742.4663012489415,0.010363832093989164,0.013509068649518768,69612792187.35194,0.5060240963855421,0.932
2023-03-03,AAPL,lstm,0.0344884661213861,0.006294303573668003,-0.021580161526799202,0.03671596199274063,242.2082804754664,266.8894241476992,242.2082804754664,266.8894241476992,93.14914816585188,770.2333071726678,0.010363832093989164,0.013509068649518768,69612792187.35194,0.5060240963855421,0.932
2023-03-06,AAPL,lstm,0.018369623975035526,0.004217568319290876,-0.020551664754748344,0.025018544867634773,246.69867264903291,268.01741792732656,246.69867264903291,268.01741792732656,91.25431445594494,789.7464900480293,0.010363832093989164,0.013509068649518768,69612792187.35194,0.5060240963855421,0.932
2023-03-07,AAPL,lstm,-0.014602595001837332,0.006774368230253458,-0.018658936023712158,0.0308607779443264,243.12240677470044,269.83921639141215,243.12240677470044,269.83921639141215,89.5673905438781,814.4986537480112,0.010363832093989164,0.013509068649518768,69612792187.35194,0.5060240963855421,0.932
2023-03-08,AAPL,lstm,0.008342341603068149,0.006508231163024902,-0.01571875438094139,0.027003254741430283,245.1591005289903,271.6011181752846,245.1591005289903,271.6011181752846,88.17051065792096,836.7924333467796,0.010363832093989164,0.013509068649518768,69612792187.35194,0.5060240963855421,0.932
2023-03-09,AAPL,lstm,-0.015026967291677991,0.009580879472196102,-0.013202155940234661,0.032812897115945816,241.50264427339138,274.2157855789067,241.50264427339138,274.2157855789067,87.01411861020762,864.70543854372,0.010363832093989164,0.013509068649518768,69612792187.35194,0.5060240963855421,0.932
2023-03-10,AAPL,lstm,-0.013975929537563428,0.006445631850510836,-0.019342124462127686,0.034511033445596695,238.1508967842038,275.98900412586084,238.1508967842038,275.98900412586084,85.34725203556162,895.0682330668839,0.010363832093989164,0.013509068649518768,69612792187.35194,0.5060240963855421,0.932
2023-03-13,AAPL,lstm,0.013178778640633647,0.003736636135727167,-0.02399500273168087,0.03554707020521164,241.3102069348868,277.02220995519133,241.3102069348868,277.02220995519133,83.32371849935384,927.4575809086693,0.010363832093989164,0.013509068649518768,69612792187.35194,0.5060240963855421,0.932
2023-03-14,AAPL,lstm,0.013990825020587742,0.0036389711312949657,-0.021345436573028564,0.03453397750854492,244.71006375870053,278.03213832767574,244.71006375870053,278.03213832767574,81.56398514513536,960.0458216380003,0.010363832093989164,0.013509068649518768,69612792187.35194,0.5060240963855421,0.932
2023-03-15,AAPL,lstm,0.002618033780690968,0.007623189594596624,-0.02129068598151207,0.03425312414765358,245.35156233816355,280.15971885397164,245.35156233816355,280.15971885397164,79.84578658811915,993.5001008588545,0.010363832093989164,0.013509068649518768,69612792187.35194,0.5060240963855421,0.932
2023-03-16,AAPL,lstm,0.018521449691435207,0.003407330485060811,-0.02056589350104332,0.03127085790038109,249.93817318098237,281.1159601123815,249.93817318098237,281.1159601123815,78.22045531702855,1025.0586157966432,0.010363832093989164,0.013509068649518768,69612792187.35194,0.5060240963855421,0.932
2023-03-17,AAPL,lstm,-0.00546892845685537,0.006230147555470467,-0.016144506633281708,0.03200859948992729,248.5750101114585,282.8728075188751,248.5750101114585,282.8728075188751,76.96776458235269,1058.4000555657599,0.010363832093989164,0.013509068649518768,69612792187.35194,0.5060240963855421,0.932
2023-03-20,AAPL,lstm,0.015365180286954876,0.005513820797204971,-0.02038116566836834,0.0335988812148571,252.423903705562,284.43682430038797,252.423903705562,284.43682430038797,75.4149506339416,1094.5652403410106,0.010363832093989164,0.013509068649518768,69612792187.35194,0.5060240963855421,0.932
2023-03-21,AAPL,lstm,0.011873354885857336,0.004343670792877674,-0.019056953489780426,0.028333932161331177,255.43888585236658,285.6750249068506,255.43888585236658,285.6750249068506,73.99138084792847,1126.022184958269,0.010363832093989164,0.013509068649518768,69612792187.35194,0.5060240963855421,0.932
2023-03-22,AAPL,lstm,-0.009145136079797108,0.0073755462653934956,-0.016841936856508255,0.03220713138580322,253.11351161965118,287.78981360262594,253.11351161965118,287.78981360262594,72.75565646095716,1162.8784830885638,0.010363832093989164,0.013509068649518768,69612792187.35194,0.5060240963855421,0.932
2023-03-23,AAPL,lstm,0.006945291611907683,0.006520924158394337,-0.017245981842279434,0.03049623593688011,254.87757765416998,289.6725937933932,254.87757765416998,289.6725937933932,71.51167087617755,1198.888228748875,0.010363832093989164,0.013509068649518768,69612792187.35194,0.5060240963855421,0.932
2023-03-24,AAPL,lstm,0.008271288176609921,0.007723141461610794,-0.019698143005371094,0.031819164752960205,256.994486260395,291.918429632014,256.994486260395,291.918429632014,70.11680844801631,1237.6491860518008,0.010363832093989164,0.013509068649518768,69612792187.35194,0.5060240963855421,0.932
2023-03-27,AAPL,lstm,-0.012369486995857677,0.004881901200860739,-0.016282042488455772,0.026587361469864845,253.835176109712,293.34701413295306,253.835176109712,293.34701413295306,68.98440543491564,1270.9963092371731,0.010363832093989164,0.013509068649518768,69612792187.35194,0.5060240963855421,0.932
2023-03-28,AAPL,lstm,-0.003988261529460803,0.004111805465072393,-0.02289694733917713,0.03083874098956585,252.82483114122564,294.5556714989281,252.82483114122564,294.5556714989281,67.42281712078244,1310.8028223497213,0.010363832093989164,0.013509068649518768,69612792187.35194,0.5060240963855421,0.932
2023-03-29,AAPL,lstm,0.019597451474395997,0.008376441895961761,-0.01593322865664959,0.03260473906993866,257.8284221783626,297.03336950225685,257.8284221783626,297.03336950225685,66.35706647228508,1354.2455672554768,0.010363832093989164,0.013509068649518768,69612792187.35194,0.5060240963855421,0.932
2023-03-30,AAPL,lstm,0.009841296980088399,0.007227504625916481,-0.02446012571454048,0.03850803151726723,260.37831479622287,299.18794466746584,260.37831479622287,299.18794466746584,64.75365247543769,1407.411997063459,0.010363832093989164,0.013509068649518768,69612792187.35194,0.5060240963855421,0.932
2023-03-31,AAPL,lstm,0.015523096822170946,0.002735488349571824,-0.02533661015331745,0.02645210735499859,264.45172677547123,300.0074776093519,264.45172677547123,300.0074776093519,63.133623944915385,1445.1377364738235,0.010363832093989164,0.013509068649518768,69612792187.35194,0.5060240963855421,0.932
2023-04-03,AAPL,lstm,0.007672157141840555,0.0029459879733622074,-0.02363143488764763,0.029485881328582764,266.48844500042975,300.89259288275053,266.48844500042975,300.89259288275053,61.65917533548313,1488.383294701309,0.010363832093989164,0.013509068649518768,69612792187.35194,0.5060240963855421,0.932
2023-04-04,AAPL,lstm,-0.003254935249652321,0.006375596392899752,-0.018261875957250595,0.02887159213423729,265.6224525064905,302.81708265339404,265.6224525064905,302.81708265339404,60.54338171338404,1531.9817091610014,0.010363832093989164,0.013509068649518768,69612792187.35194,0.5060240963855421,0.932
2023-04-05,AAPL,lstm,-0.0113545066352627,0.0037073353305459023,-0.02055145986378193,0.029976652935147285,262.62349864767174,303.94180702294756,262.62349864767174,303.94180702294756,59.311826747351624,1578.6005807205997,0.010363832093989164,0.013509068649518768,69612792187.35194,0.5060240963855421,0.932
2023-04-06,AAPL,lstm,0.005480856301668929,0.006000804249197245,-0.01850709691643715,0.030781712383031845,264.0668520984621,305.7711953835181,264.0668520984621,305.7711953835181,58.22423217837136,1627.9482208633915,0.010363832093989164,0.013509068649518768,69612792187.35194,0.5060240963855421,0.932
2023-04-10,AAPL,lstm,-0.016101268371610637,0.007769924588501453,-0.01737840473651886,0.030001960694789886,259.8490876446666,308.15627841845424,259.8490876446666,308.15627841845424,57.22113079866087,1677.5298958030176,0.010363832093989164,0.013509068649518768,69612792187.35194,0.5060240963855421,0.932
2023-04-11,AAPL,lstm,-0.007620120015640883,0.008671714924275875,-0.017645977437496185,0.03326587378978729,257.8765315129887,310.8401441684395,257.8765315129887,310.8401441684395,56.22026332950567,1734.273011332354,0.010363832093989164,0.013509068649518768,69612792187.35194,0.5060240963855421,0.932
2023-04-12,AAPL,lstm,-0.004362717597645155,0.005491722375154495,-0.018716512247920036,0.029539572075009346,256.75393958726426,312.5519014063342,256.75393958726426,312.5519014063342,55.17780086496809,1786.2668329730834,0.010363832093989164,0.013509068649518768,69612792187.35194,0.5060240963855421,0.932
2023-04-13,AAPL,lstm,0.0335349940083643,0.006570920348167419,-0.015706583857536316,0.03157900646328926,265.51018107858374,314.61240360784046,265.51018107858374,314.61240360784046,54.317917035174794,1843.5754804894389,0.010363832093989164,0.013509068649518768,69612792187.35194,0.5060240963855421,0.932
2023-04-14,AAPL,lstm,-0.0021162195532967317,0.005766155198216438,-0.020013468340039253,0.03316076844930649,264.94889735105585,316.43175762927245,264.94889735105585,316.43175762927245,53.24163190456944,1905.734722475679,0.010363832093989164,0.013509068649518768,69612792187.35194,0.5060240963855421,0.932
2023-04-17,AAPL,lstm,0.00012098422435876032,0.005621228367090225,-0.022683102637529373,0.03297518566250801,264.9809539270275,318.21549916577237,264.9809539270275,318.21549916577237,52.04753937536055,1969.6242329639113,0.010363832093989164,0.013509068649518768,69612792187.35194,0.5060240963855421,0.932
2023-04-18,AAPL,lstm,0.007476703533550668,0.007525800261646509,-0.0127596789970994,0.028027169406414032,266.9695628173599,320.61935424716796,266.9695628173599,320.61935424716796,51.387648235161144,2025.608176186285,0.010363832093989164,0.013509068649518768,69612792187.35194,0.5060240963855421,0.932
2023-04-19,AAPL,lstm,0.006944078432907277,0.004767134319990873,-0.018290752544999123,0.02870880998671055,268.8298719917997,322.1514352330714,268.8298719917997,322.1514352330714,50.4562717369567,2084.603722620366,0.010363832093989164,0.013509068649518768,69612792187.35194,0.5060240963855421,0.932
2023-04-20,AAPL,lstm,-0.005863430642706429,0.004640848841518164,-0.020713679492473602,0.027061566710472107,267.2582188251167,323.64997601054364,267.2582188251167,323.64997601054364,49.421887875532725,2141.7865106830254,0.010363832093989164,0.013509068649518768,69612792187.35194,0.5060240963855421,0.932
2023-04-21,AAPL,lstm,-0.009829063562230548,0.004046516492962837,-0.02038915827870369,0.027229197323322296,264.6441885846445,324.9622684235455,264.6441885846445,324.9622684235455,48.42441931736824,2200.906819071281,0.010363832093989164,0.013509068649518768,69612792187.35194,0.5060240963855421,0.932
2023-04-24,AAPL,lstm,0.00187678307164327,0.006788711994886398,-0.016290921717882156,0.029547978192567825,265.14133468956044,327.17586499907486,265.14133468956044,327.17586499907486,47.64193210818066,2266.9095604009112,0.010363832093989164,0.013509068649518768,69612792187.35194,0.5060240963855421,0.932
2023-04-25,AAPL,lstm,-0.00948045708845073,0.00796824786812067,-0.01847722753882408,0.03102649748325348,262.6395514063263,329.7933162257966,262.6395514063263,329.7933162257966,46.76972426112024,2338.3463560388072,0.010363832093989164,0.013509068649518768,69612792187.35194,0.5060240963855421,0.932
2023-04-26,AAPL,lstm,-6.11227409118481e-05,0.0070310188457369804,-0.016095809638500214,0.03163711354136467,262.6234986476718,332.12025852668523,262.6234986476718,332.12025852668523,46.02295432594189,2413.5075366976444,0.010363832093989164,0.013509068649518768,69612792187.35194,0.5060240963855421,0.932
2023-04-27,AAPL,lstm,0.02799959640412221,0.006678074132651091,-0.017931818962097168,0.029487591236829758,270.0807636334168,334.3455959570443,270.0807636334168,334.3455959570443,45.205033511392294,2485.7357505485224,0.010363832093989164,0.013509068649518768,69612792187.35194,0.5060240963855421,0.932
2023-04-28,AAPL,lstm,0.0075127628783707495,0.007974376901984215,-0.01487556379288435,0.027797825634479523,272.1174573877067,337.0224387145162,272.1174573877067,337.0224387145162,44.53756123729493,2555.8030528508475,0.010363832093989164,0.013509068649518768,69612792187.35194,0.5060240963855421,0.932
2023-05-01,AAPL,lstm,-0.0005305293301251952,0.004567032679915428,-0.019960932433605194,0.030486952513456345,271.9731293838282,338.565164828813,271.9731293838282,338.565164828813,43.657363077964526,2634.921482579279,0.010363832093989164,0.013509068649518768,69612792187.35194,0.5060240963855421,0.932
2023-05-02,AAPL,lstm,-0.006210667252655721,0.0036355811171233654,-0.02796952985227108,0.029644036665558815,270.2892292599072,339.7982873541491,270.2892292599072,339.7982873541491,42.453206136373915,2714.200548616886,0.010363832093989164,0.013509068649518768,69612792187.35194,0.5060240963855421,0.932
2023-05-03,AAPL,lstm,-0.006488289493430346,0.005500036291778088,-0.014471955597400665,0.030385948717594147,268.5411915133742,341.6723489105408,268.5411915133742,341.6723489105408,41.843248692160344,2797.9399265430493,0.010363832093989164,0.013509068649518768,69612792187.35194,0.5060240963855421,0.932
2023-05-04,AAPL,lstm,-0.00996289426016366,0.005411920137703419,-0.018040265887975693,0.030908674001693726,265.87902746760716,343.52648354969733,265.87902746760716,343.52648354969733,41.09515281429176,2885.770794658076,0.010363832093989164,0.013509068649518768,69612792187.35194,0.5060240963855421,0.932
2023-05-05,AAPL,lstm,0.045859131675121956,0.006021561101078987,-0.021345924586057663,0.03364797309041023,278.35591177847493,345.6012937314397,278.35591177847493,345.6012937314397,40.22723494897441,2984.5231902708088,0.010363832093989164,0.013509068649518768,69612792187.35194,0.5060240963855421,0.932
2023-05-08,AAPL,lstm,-0.00040341904336783815,0.004625234752893448,-0.024628642946481705,0.03316571190953255,278.24364035056817,347.2034771582874,278.24364035056817,347.2034771582874,39.24859423610949,3085.1666981735043,0.010363832093989164,0.013509068649518768,69612792187.35194,0.5060240963855421,0.932
2023-05-09,AAPL,lstm,-0.010021201864830388,0.003005301347002387,-0.021484047174453735,0.033037230372428894,275.469229347563,348.24848884452814,275.469229347563,348.24848884452814,38.414369403609975,3188.794379275167,0.010363832093989164,0.013509068649518768,69612792187.35194,0.5060240963855421,0.932
2023-05-10,AAPL,lstm,0.01036694934142512,0.006636998616158962,-0.01713799685239792,0.02658621221780777,278.33985901982044,350.56748629760443,278.33985901982044,350.56748629760443,37.761633478839,3274.7092051019,0.010363832093989164,0.013509068649518768,69612792187.35194,0.5060240963855421,0.932
2023-05-11,AAPL,lstm,0.0010941375813929384,0.007098242174834013,-0.02642463892698288,0.03434210270643234,278.6445677862318,353.0647433766335,278.6445677862318,353.0647433766335,36.776863630881955,3389.122874459974,0.010363832093989164,0.013509068649518768,69612792187.35194,0.5060240963855421,0.932
2023-05-12,AAPL,lstm,-0.006814490743398574,0.005344405770301819,-0.018862666562199593,0.026040872558951378,276.75220203582035,354.95670999901785,276.75220203582035,354.95670999901785,36.08965566874505,3478.5378427221676,0.010363832093989164,0.013509068649518768,69612792187.35194,0.5060240963855421,0.932
2023-05-15,AAPL,lstm,-0.002901580371093546,0.007261892780661583,-0.01368129812180996,0.02710207737982273,275.95034716449305,357.54375403452764,275.95034716449305,357.54375403452764,35.59926471875314,3574.1027891540507,0.010363832093989164,0.013509068649518768,69612792187.35194,0.5060240963855421,0.932
2023-05-16,AAPL,lstm,0.0,0.003864286234602332,-0.021592291072010994,0.030218033120036125,275.95034716449305,358.9280914105604,275.95034716449305,358.9280914105604,34.83883330433684,3683.7534960896387,0.010363832093989164,0.013509068649518768,69612792187.35194,0.5060240963855421,0.932
2023-05-17,AAPL,lstm,0.0035966804036770515,0.008719120174646378,-0.0200946144759655,0.03644142299890518,276.9446393743249,362.0713085597121,276.9446393743249,362.0713085597121,34.14574734326388,3820.47065580089,0.010363832093989164,0.013509068649518768,69612792187.35194,0.5060240963855421,0.932
2023-05-18,AAPL,lstm,0.013573571100223046,0.007100703194737434,-0.01522056758403778,0.03071228787302971,280.7293953458164,364.651419182568,280.7293953458164,364.651419182568,33.62996534340963,3939.626269900057,0.010363832093989164,0.013509068649518768,69612792187.35194,0.5060240963855421,0.932
2023-05-19,AAPL,lstm,0.0006281980061119212,0.006765587255358696,-0.01826505921781063,0.03106837160885334,280.90580439633516,367.1268524984138,280.90580439633516,367.1268524984138,33.02128824666408,4063.9451568395248,0.010363832093989164,0.013509068649518768,69612792187.35194,0.5060240963855421,0.932
2023-05-22,AAPL,lstm,-0.0054958159407207455,0.004592884331941605,-0.016785554587841034,0.027878906577825546,279.3662322762926,368.8169228489334,279.3662322762926,368.8169228489334,32.47163268627762,4178.837756137935,0.010363832093989164,0.013509068649518768,69612792187.35194,0.5060240963855421,0.932
2023-05-23,AAPL,lstm,-0.015271001481647386,0.00721491826698184,-0.01468654628843069,0.03282957524061203,275.13243953451126,371.4875301210446,275.13243953451126,371.4875301210446,31.998221073562448,4318.304079084144,0.010363832093989164,0.013509068649518768,69612792187.35194,0.5060240963855421,0.932
2023-05-24,AAPL,lstm,0.001630744591288417,0.0065011088736355305,-0.017943236976861954,0.03384721651673317,275.5814763048011,373.91048244346956,275.5814763048011,373.91048244346956,31.429189521965295,4466.968476479134,0.010363832093989164,0.013509068649518768,69612792187.35194,0.5060240963855421,0.932
2023-05-25,AAPL,lstm,0.006670031103772704,0.007519097533077002,-0.015031658113002777,0.03156944736838341,277.42575719125506,376.73252639455905,277.42575719125506,376.73252639455905,30.96029048502636,4610.237649941496,0.010363832093989164,0.013509068649518768,69612792187.35194,0.5060240963855421,0.932
2023-05-26,AAPL,lstm,0.014006240077885338,0.002085149521008134,-0.025122743099927902,0.028251003473997116,281.33878840797047,377.51890078911515,281.33878840797047,377.51890078911515,30.192172559430308,4742.338754554542,0.010363832093989164,0.013509068649518768,69612792187.35194,0.5060240963855421,0.932
2023-05-30,AAPL,lstm,0.010603169101558126,0.003450495656579733,-0.021249715238809586,0.025281354784965515,284.3377422667892,378.8237848090122,284.3377422667892,378.8237848090122,29.557365874558453,4863.759945694296,0.010363832093989164,0.013509068649518768,69612792187.35194,0.5060240963855421,0.932
2023-05-31,AAPL,lstm,-0.00028206488032115034,0.005319821648299694,-0.01570349559187889,0.02445463091135025,284.25755188552273,380.84443832521885,284.25755188552273,380.84443832521885,29.096837494181923,4984.167546593324,0.010363832093989164,0.013509068649518768,69612792187.35194,0.5060240963855421,0.932
2023-06-01,AAPL,lstm,0.015895540184739647,0.0070074740797281265,-0.018408294767141342,0.031185805797576904,288.8120816817012,383.5225504234795,288.8120816817012,383.5225504234795,28.566113640726016,5142.0516543801705,0.010363832093989164,0.013509068649518768,69612792187.35194,0.5060240963855421,0.932
2023-06-02,AAPL,lstm,0.004764027547575428,0.004624761641025543,-0.023349903523921967,0.03173961490392685,290.1912730392109,385.3003512663866,290.1912730392109,385.3003512663866,27.906825011992964,5307.876317738648,0.010363832093989164,0.013509068649518768,69612792187.35194,0.5060240963855421,0.932
2023-06-05,AAPL,lstm,-0.007599931855572029,0.008114941418170929,-0.016635078936815262,0.035728469491004944,287.9941985223881,388.43976116717795,287.9941985223881,388.43976116717795,27.44643236755962,5500.947398030862,0.010363832093989164,0.013509068649518768,69612792187.35194,0.5060240963855421,0.932
2023-06-06,AAPL,lstm,-0.002062461269997269,0.0031310704071074724,-0.018295299261808395,0.02448684349656105,287.4008337482199,389.6578770163467,287.4008337482199,389.6578770163467,26.94885787463479,5637.310905257678,0.010363832093989164,0.013509068649518768,69612792187.35194,0.5060240963855421,0.932
2023-06-07,AAPL,lstm,-0.007786496137042584,0.004114003386348486,-0.02080737240612507,0.026640964671969414,285.1716781847568,391.26423991981994,285.1716781847568,391.26423991981994,26.39391644304671,5789.512643980764,0.010363832093989164,0.013509068649518768,69612792187.35194,0.5060240963855421,0.932
2023-06-08,AAPL,lstm,0.015346710907507015,0.0038673197850584984,-0.013685319572687149,0.022359803318977356,289.5818799770569,392.78030228134094,289.5818799770569,392.78030228134094,26.03516705829542,5920.422892535741,0.010363832093989164,0.013509068649518768,69612792187.35194,0.5060240963855421,0.932
2023-06-09,AAPL,lstm,0.002157494679750581,0.004677340853959322,-0.02365626022219658,0.03136061504483223,290.20732579786545,394.62175961587377,290.20732579786545,394.62175961587377,25.426499473631306,6109.032708824839,0.010363832093989164,0.013509068649518768,69612792187.35194,0.5060240963855421,0.932
2023-06-12,AAPL,lstm,0.015517715478083682,0.004792192485183477,-0.016182076185941696,0.027237921953201294,294.74580283538944,396.5173874036404,294.74580283538944,396.5173874036404,25.018357655540253,6277.716598724054,0.010363832093989164,0.013509068649518768,69612792187.35194,0.5060240963855421,0.932
2023-06-13,AAPL,lstm,-0.002615069534464595,0.005534035619348288,-0.026136774569749832,0.035563498735427856,293.97602901070246,398.7178332247366,293.97602901070246,398.7178332247366,24.372930513228408,6504.991185898243,0.010363832093989164,0.013509068649518768,69612792187.35194,0.5060240963855421,0.932
2023-06-14,AAPL,lstm,0.003485269547817915,0.007686988916248083,-0.016392560675740242,0.031501613557338715,295.00240226717466,401.79460147762234,295.00240226717466,401.79460147762234,23.97665213275107,6713.170712079158,0.010363832093989164,0.013509068649518768,69612792187.35194,0.5060240963855421,0.932
2023-06-15,AAPL,lstm,0.011136441216671795,0.004817266017198563,-0.021684521809220314,0.030570248141884804,298.30604042173604,403.73483944280747,298.30604042173604,403.73483944280747,23.462326195953466,6921.563222465486,0.010363832093989164,0.013509068649518768,69612792187.35194,0.5060240963855421,0.932
2023-06-16,AAPL,lstm,-0.005877116959156689,0.00439620204269886,-0.01992691308259964,0.029088012874126434,296.55800267520306,405.51363706107344,296.55800267520306,405.51363706107344,22.999422152052716,7125.854179894115,0.010363832093989164,0.013509068649518768,69612792187.35194,0.5060240963855421,0.932
2023-06-20,AAPL,lstm,0.00048655876218681567,0.0026598975528031588,-0.01959221437573433,0.023660462349653244,296.7023306790814,406.5937198582259,296.7023306790814,406.5937198582259,22.553197706460445,7296.465583211666,0.010363832093989164,0.013509068649518768,69612792187.35194,0.5060240963855421,0.932
2023-06-21,AAPL,lstm,-0.0056914688122717575,0.007800517603754997,-0.02164730429649353,0.034558847546577454,295.0184550258291,409.7777461056327,295.0184550258291,409.7777461056327,22.070227807355646,7553.030660534242,0.010363832093989164,0.013509068649518768,69612792187.35194,0.5060240963855421,0.932
2023-06-22,AAPL,lstm,0.016390237686521526,0.0027923083398491144,-0.0238400436937809,0.02793952077627182,299.89372187640475,410.9235556145111,299.89372187640475,410.9235556145111,21.550294295229484,7767.034792610162,0.010363832093989164,0.013509068649518768,69612792187.35194,0.5060240963855421,0.932
2023-06-23,AAPL,lstm,-0.0017127350070563138,0.006928832735866308,-0.012724380008876324,0.029532484710216522,299.3805230128343,413.7806585308968,299.3805230128343,413.7806585308968,21.277817665139956,7999.835434259023,0.010363832093989164,0.013509068649518768,69612792187.35194,0.5060240963855421,0.932
2023-06-26,AAPL,lstm,-0.007581638224881852,0.007022877223789692,-0.01624198630452156,0.02909916266798973,297.1193108733996,416.69684111236285,297.1193108733996,416.69684111236285,20.935015471499405,8236.044259256061,0.010363832093989164,0.013509068649518768,69612792187.35194,0.5060240963855421,0.932
2023-06-27,AAPL,lstm,0.014946804244221984,0.004758983384817839,-0.021087797358632088,0.031936876475811005,301.5936502883116,418.68460127399544,301.5936502883116,418.68460127399544,20.498164711133846,8503.323208123058,0.010363832093989164,0.013509068649518768,69612792187.35194,0.5060240963855421,0.932
2023-06-28,AAPL,lstm,0.00630784445068761,0.0028706977609544992,-0.024788513779640198,0.03200806304812431,303.50206879737755,419.88825721361303,303.50206879737755,419.88825721361303,19.996291747324328,8779.900409494674,0.010363832093989164,0.013509068649518768,69612792187.35194,0.5060240963855421,0.932
2023-06-29,AAPL,lstm,0.0017949341804471592,0.00507444329559803,-0.024683330208063126,0.03455846384167671,304.0473242369197,422.0243865052486,304.0473242369197,422.0243865052486,19.508758944107186,9088.624255487548,0.010363832093989164,0.013509068649518768,69612792187.35194,0.5060240963855421,0.932
2023-06-30,AAPL,lstm,0.022839687725452428,0.005818510428071022,-0.02360670454800129,0.029887808486819267,311.0715807403607,424.4870734902428,311.0715807403607,424.4870734902428,19.053614306306397,9364.362967040865,0.010363832093989164,0.013509068649518768,69612792187.35194,0.5060240963855421,0.932
2023-07-03,AAPL,lstm,-0.007815139410722646,0.004692258778959513,-0.021854359656572342,0.034505195915699005,308.649987838393,426.48355645827326,308.649987838393,426.48355645827326,18.64172673631966,9693.121161787773,0.010363832093989164,0.013509068649518768,69612792187.35194,0.5060240963855421,0.932
2023-07-05,AAPL,lstm,-0.005888679345684716,0.003768805181607604,-0.02152562141418457,0.02783466875553131,306.83778799857936,428.09393885435327,306.83778799857936,428.09393885435327,18.24473984826392,9966.715907180707,0.010363832093989164,0.013509068649518768,69612792187.35194,0.5060240963855421,0.932
2023-07-06,AAPL,lstm,0.0025055905382930246,0.005335075780749321,-0.02564174309372902,0.03334442526102066,307.6075618232663,430.3839325360477,307.6075618232663,430.3839325360477,17.78286036442861,10304.653147633891,0.010363832093989164,0.013509068649518768,69612792187.35194,0.5060240963855421,0.932
2023-07-07,AAPL,lstm,-0.005908694079767804,0.006405157502740622,-0.021237239241600037,0.03557417169213295,305.79536198345266,433.1494670699645,305.79536198345266,433.1494670699645,17.409183438103202,10677.830708805728,0.010363832093989164,0.013509068649518768,69612792187.35194,0.5060240963855421,0.932
2023-07-10,AAPL,lstm,-0.01091519762644529,0.004922493826597929,-0.016362104564905167,0.028155919164419174,302.4756955409054,435.2869161186459,302.4756955409054,435.2869161186459,17.126650255066373,10982.74672790459,0.010363832093989164,0.013509068649518768,69612792187.35194,0.5060240963855421,0.932
2023-07-11,AAPL,lstm,-0.0028139803318065135,0.0018879437120631337,-0.027088657021522522,0.026644721627235413,301.625731334952,436.1094802668708,301.625731334952,436.1094802668708,16.668939605804624,11279.311766802348,0.010363832093989164,0.013509068649518768,69612792187.35194,0.5060240963855421,0.932
2023-07-12,AAPL,lstm,0.008945421112453576,0.008323567919433117,-0.01877448707818985,0.03315361216664314,304.3360047153452,439.75464001314947,304.3360047153452,439.75464001314947,16.35890847434078,11659.529331569442,0.010363832093989164,0.013509068649518768,69612792187.35194,0.5060240963855421,0.932
2023-07-13,AAPL,lstm,0.004049275962856601,0.004697548691183329,-0.02094523049890995,0.03244948387145996,305.57084359830776,441.82528969971,305.57084359830776,441.82528969971,16.019830900079647,12044.081052152244,0.010363832093989164,0.013509068649518768,69612792187.35194,0.5060240963855421,0.932
2023-07-14,AAPL,lstm,0.0007869746069128465,0.004680201876908541,-0.02199852094054222,0.03455333411693573,305.81141474210716,443.8979469034157,305.81141474210716,443.8979469034157,15.671266325892327,12467.517262772735,0.010363832093989164,0.013509068649518768,69612792187.35194,0.5060240963855421,0.932
2023-07-17,AAPL,lstm,0.017157554010205783,0.008317703381180763,-0.019979195669293404,0.03222407400608063,311.103661787001,447.6055596145816,311.103661787001,447.6055596145816,15.361274043244983,12875.815207723124,0.010363832093989164,0.013509068649518768,69612792187.35194,0.5060240963855421,0.932
2023-07-18,AAPL,lstm,-0.001341224614586373,0.005011019296944141,-0.018682613968849182,0.030628550797700882,310.68668159268276,449.8541503089755,310.68668159268276,449.8541503089755,15.076949924678651,13276.284205986747,0.010363832093989164,0.013509068649518768,69612792187.35194,0.5060240963855421,0.932
2023-07-19,AAPL,lstm,0.007046863867935629,0.0035247216001152992,-0.023697199299931526,0.02830852009356022,312.88378058017423,451.44257593717884,312.88378058017423,451.44257593717884,14.72386878484852,13657.485993747288,0.010363832093989164,0.013509068649518768,69612792187.35194,0.5060240963855421,0.932
2023-07-20,AAPL,lstm,-0.010148716346077257,0.0068232156336307526,-0.017918940633535385,0.03011278435587883,309.7244704294913,454.5333988083632,309.7244704294913,454.5333988083632,14.462382841520188,14075.005521796818,0.010363832093989164,0.013509068649518768,69612792187.35194,0.5060240963855421,0.932
2023-07-21,AAPL,lstm,-0.006180726657910663,0.004165646620094776,-0.019670631736516953,0.026116758584976196,307.81605192042537,456.43078107084017,307.81605192042537,456.43078107084017,14.180678180966748,14447.440960509382,0.010363832093989164,0.013509068649518768,69612792187.35194,0.5060240963855421,0.932
2023-07-24,AAPL,lstm,0.004211176534324878,0.005800140090286732,-0.02907654456794262,0.03909628093242645,309.1150528966686,459.0858099377431,309.1150528966686,459.0858099377431,13.774289536425913,15023.469385751212,0.010363832093989164,0.013509068649518768,69612792187.35194,0.5060240963855421,0.932
2023-07-25,AAPL,lstm,0.004503437629952575,0.004757327493280172,-0.018255159258842468,0.033112864941358566,310.5102725421641,461.2750111221505,310.5102725421641,461.2750111221505,13.525119073341395,15529.267635877246,0.010363832093989164,0.013509068649518768,69612792187.35194,0.5060240963855421,0.932
2023-07-26,AAPL,lstm,0.004534712985109489,0.006327053997665644,-0.02121935784816742,0.03006540983915329,311.9215449463141,464.202751388137,311.9215449463141,464.202751388137,13.241148436097196,16003.251769798762,0.010363832093989164,0.013509068649518768,69612792187.35194,0.5060240963855421,0.932
2023-07-27,AAPL,lstm,-0.00660272065145234,0.00433351332321763,-0.02104361355304718,0.028266552835702896,309.86879843336976,466.21874384312133,309.86879843336976,466.21874384312133,12.965418506755602,16462.062343690952,0.010363832093989164,0.013509068649518768,69612792187.35194,0.5060240963855421,0.932
2023-07-28,AAPL,lstm,0.013417502871921925,0.005351605359464884,-0.023016899824142456,0.028130315244197845,314.05448184052494,468.7204585872851,314.05448184052494,468.7204585872851,12.670403198522374,16931.72108449799,0.010363832093989164,0.013509068649518768,69612792187.35194,0.5060240963855421,0.932
2023-07-31,AAPL,lstm,0.0031609851909711805,0.0046828743070364,-0.01768401265144348,0.025895193219184875,315.0487740503568,470.92056950638806,315.0487740503568,470.92056950638806,12.44830885086513,17375.89828353945,0.010363832093989164,0.013509068649518768,69612792187.35194,0.5060240963855421,0.932
2023-08-01,AAPL,lstm,-0.004285046311426489,0.006448531523346901,-0.01652345433831215,0.03129764646291733,313.70166373948746,473.9671284094316,313.70166373948746,473.9671284094316,12.24430968703146,17928.321902896623,0.010363832093989164,0.013509068649518768,69612792187.35194,0.5060240963855421,0.932
2023-08-02,AAPL,lstm,-0.015611222838356394,0.0015452257357537746,-0.020932916551828384,0.02473859116435051,308.8424251768976,474.7000630738869,308.8424251768976,474.7000630738869,11.990664454444062,18377.37586314122,0.010363832093989164,0.013509068649518768,69612792187.35194,0.5060240963855421,0.932
2023-08-03,AAPL,lstm,-0.007348586357380715,0.004726748913526535,-0.022488784044981003,0.029463808983564377,306.5811885667942,476.94917925703334,306.5811885667942,476.94917925703334,11.724018723711405,18926.900195039743,0.010363832093989164,0.013509068649518768,69612792187.35194,0.5060240963855421,0.932
2023-08-04,AAPL,lstm,-0.049211304266584405,0.00393875315785408,-0.022133156657218933,0.02856747806072235,291.8591448751462,478.83147957771627,291.8591448751462,478.83147957771627,11.467379435503045,19475.390797618093,0.010363832093989164,0.013509068649518768,69612792187.35194,0.5060240963855421,0.932
2023-08-07,AAPL,lstm,-0.0174042708647174,0.004757454618811607,-0.01962915062904358,0.029763218015432358,286.82349726203756,481.1148972409981,286.82349726203756,481.1148972409981,11.244479606646378,20063.754315484985,0.010363832093989164,0.013509068649518768,69612792187.35194,0.5060240963855421,0.932
2023-08-08,AAPL,lstm,0.005297639179112393,0.003568088635802269,-0.019323058426380157,0.02947258949279785,288.34701662342565,482.83463789329363,288.34701662342565,482.83463789329363,11.029287688648541,20663.884490427154,0.010363832093989164,0.013509068649518768,69612792187.35194,0.5060240963855421,0.932
2023-08-09,AAPL,lstm,-0.008994728570124953,0.008055620826780796,-0.012390781193971634,0.030932053923606873,285.76504295892505,486.7398584628785,285.76504295892505,486.7398584628785,10.893469514973315,21313.049978614377,0.010363832093989164,0.013509068649518768,69612792187.35194,0.5060240963855421,0.932
2023-08-10,AAPL,lstm,-0.0012354068195308636,0.005452632438391447,-0.02123868279159069,0.03374162316322327,285.41222485788757,489.40112521993757,285.41222485788757,489.40112521993757,10.664545976441975,22044.45789070106,0.010363832093989164,0.013509068649518768,69612792187.35194,0.5060240963855421,0.932
2023-08-11,AAPL,lstm,-0.0010119628553601626,0.008659888058900833,-0.01624857634305954,0.03190475329756737,285.12354437946203,493.6576962858458,285.12354437946203,493.6576962858458,10.49266255873621,22759.121683822865,0.010363832093989164,0.013509068649518768,69612792187.35194,0.5060240963855421,0.932
2023-08-14,AAPL,lstm,0.009349338515834794,0.00513479532673955,-0.019543398171663284,0.029665745794773102,287.8017611838836,496.19907235373506,287.8017611838836,496.19907235373506,10.289590843769663,23444.401586417353,0.010363832093989164,0.013509068649518768,69612792187.35194,0.5060240963855421,0.932
2023-08-15,AAPL,lstm,-0.011263517386748526,0.005505905952304602,-0.022824857383966446,0.030620340257883072,284.57828893991996,498.93861672593493,284.57828893991996,498.93861672593493,10.057392659431379,24173.380755284605,0.010363832093989164,0.013509068649518768,69612792187.35194,0.5060240963855421,0.932
2023-08-16,AAPL,lstm,-0.004971422099414284,0.005852445960044861,-0.020101696252822876,0.03035467118024826,283.16704100643864,501.867200301464,283.16704100643864,501.867200301464,9.85724071328555,24918.404642481266,0.010363832093989164,0.013509068649518768,69612792187.35194,0.5060240963855421,0.932
2023-08-17,AAPL,lstm,-0.014662140580715842,0.00877139437943697,-0.009464645758271217,0.02830340526998043,279.0454952218954,506.288612257283,279.0454952218954,506.288612257283,9.76438572592839,25633.755791228836,0.010363832093989164,0.013509068649518768,69612792187.35194,0.5060240963855421,0.932
2023-08-18,AAPL,lstm,0.002812165676863434,0.005277750547975302,-0.020522218197584152,0.03307128697633743,279.8313218052369,508.9677398906282,279.8313218052369,508.9677398906282,9.566040937243592,26495.66961035997,0.010363832093989164,0.013509068649518768,69612792187.35194,0.5060240963855421,0.932
2023-08-21,AAPL,lstm,0.007707004937545953,0.0029711383394896984,-0.02425561100244522,0.031732503324747086,281.99631527541936,510.48221568391955,281.99631527541936,510.48221568391955,9.336802159209439,27349.92562075144,0.010363832093989164,0.013509068649518768,69612792187.35194,0.5060240963855421,0.932
2023-08-22,AAPL,lstm,0.007873830131237547,0.00400106655433774,-0.021692654117941856,0.031220080330967903,284.2254708388825,512.5288040327453,284.2254708388825,512.5288040327453,9.13644331994999,28217.261013385687,0.010363832093989164,0.013509068649518768,69612792187.35194,0.5060240963855421,0.932
2023-08-23,AAPL,lstm,0.02171146809565055,0.002051976043730974,-0.0256662555038929,0.027772966772317886,290.463900758982,513.5815870239505,290.463900758982,513.5815870239505,8.904928924941485,29011.922317898217,0.010363832093989164,0.013509068649518768,69612792187.35194,0.5060240963855421,0.932
2023-08-24,AAPL,lstm,-0.026518981912310478,0.0039061307907104492,-0.020758889615535736,0.02501230686903,282.8623322400273,515.5916221911181,282.8623322400273,515.5916221911181,8.721978170095008,29746.727074938946,0.010363832093989164,0.013509068649518768,69612792187.35194,0.5060240963855421,0.932
2023-08-25,AAPL,lstm,0.012563875190106717,0.007688500918447971,-0.02018563821911812,0.037557873874902725,286.4385981143597,519.5710027971902,286.4385981143597,519.5710027971902,8.547684336766599,30885.19804979069,0.010363832093989164,0.013509068649518768,69612792187.35194,0.5060240963855421,0.932
2023-08-28,AAPL,lstm,0.008807201954166228,0.004446492996066809,-0.019248954951763153,0.029118098318576813,288.97246244423417,521.8864194667458,288.97246244423417,521.8864194667458,8.384723561795303,31797.736485469017,0.010363832093989164,0.013509068649518768,69612792187.35194,0.5060240963855421,0.932
2023-08-29,AAPL,lstm,0.021575829141522288,0.005684664938598871,-0.022021718323230743,0.02984727919101715,295.27502998694564,524.861603472452,295.27502998694564,524.861603472452,8.202095668849951,32761.117600132908,0.010363832093989164,0.013509068649518768,69612792187.35194,0.5060240963855421,0.932
2023-08-30,AAPL,lstm,0.018990800625655557,0.004508597310632467,-0.026155466213822365,0.03136468678712845,300.9361234208628,527.2333204416115,300.9361234208628,527.2333204416115,7.990347242247947,33804.945189608196,0.010363832093989164,0.013509068649518768,69612792187.35194,0.5060240963855421,0.932
2023-08-31,AAPL,lstm,0.0011717152338612251,0.003827465698122978,-0.022133540362119675,0.03345984220504761,301.28894152190026,529.2551777849617,301.28894152190026,529.2551777849617,7.815435330272326,34955.18912822946,0.010363832093989164,0.013509068649518768,69612792187.35194,0.5060240963855421,0.932
2023-09-01,AAPL,lstm,0.008427747595417956,0.0037100007757544518,-0.019393235445022583,0.024920377880334854,303.8388586104292,531.2223905148134,303.8388586104292,531.2223905148134,7.665328916522056,35837.23114324898,0.010363832093989164,0.013509068649518768,69612792187.35194,0.5060240963855421,0.932
2023-09-05,AAPL,lstm,0.001265904969438001,0.005509731825441122,-0.021634913980960846,0.033216606825590134,304.22373328743834,534.1573904734704,304.22373328743834,534.1573904734704,7.501271424462578,37047.61553178358,0.010363832093989164,0.013509068649518768,69612792187.35194,0.5060240963855421,0.932
2023-09-06,AAPL,lstm,-0.036449612244476896,0.003455123398452997,-0.022686246782541275,0.026944275945425034,293.33455490190795,536.0061746430259,293.33455490190795,536.0061746430259,7.333011626689591,38059.40850424105,0.010363832093989164,0.013509068649518768,69612792187.35194,0.5060240963855421,0.932
2023-09-07,AAPL,lstm,-0.02968568239312647,0.010820128954946995,-0.015549229457974434,0.0371280238032341,284.75469799043856,541.8373432340184,284.75469799043856,541.8373432340184,7.219870881250852,39499.03694734469,0.010363832093989164,0.013509068649518768,69612792187.35194,0.5060240963855421,0.932
2023-09-08,AAPL,lstm,0.003485667970687328,0.005185227375477552,-0.021789997816085815,0.03135829418897629,285.74899020027044,544.6542023050866,285.74899020027044,544.6542023050866,7.064251681501095,40757.282970173444,0.010363832093989164,0.013509068649518768,69612792187.35194,0.5060240963855421,0.932
2023-09-11,AAPL,lstm,0.006600728540023095,0.006051304750144482,-0.01534964982420206,0.027916423976421356,287.64138042135056,547.9600682323735,287.64138042135056,547.9600682323735,6.956645864706398,41911.10954097921,0.010363832093989164,0.013509068649518768,69612792187.35194,0.5060240963855421,0.932
2023-09-12,AAPL,lstm,-0.017207856012939438,0.005781324114650488,-0.017307205125689507,0.02772844396531582,282.7340325241346,551.1371962849283,282.7340325241346,551.1371962849283,6.83728185748486,43089.501769358016,0.010363832093989164,0.013509068649518768,69612792187.35194,0.5060240963855421,0.932
2023-09-13,AAPL,lstm,-0.011925600122853191,0.006715455092489719,-0.0194996427744627,0.03495857119560242,279.382285034947,554.8507954596201,279.382285034947,554.8507954596201,6.705248663570577,44622.48923379159,0.010363832093989164,0.013509068649518768,69612792187.35194,0.5060240963855421,0.932
2023-09-14,AAPL,lstm,0.008744154734033161,0.008964604698121548,-0.017450764775276184,0.032636646181344986,281.83595898355503,559.8471994205901,281.83595898355503,559.8471994205901,6.589252192769259,46102.84525905103,0.010363832093989164,0.013509068649518768,69612792187.35194,0.5060240963855421,0.932
2023-09-15,AAPL,lstm,-0.0041625775646815045,0.007723547052592039,-0.018132014200091362,0.03584817796945572,280.66523325253576,564.187969867548,280.66523325253576,564.187969867548,6.470852588580531,47785.52660925942,0.010363832093989164,0.013509068649518768,69612792187.35194,0.5060240963855421,0.932
2023-09-18,AAPL,lstm,0.016771919860582848,0.005598158109933138,-0.018449816852808,0.02966330200433731,285.4122248578875,567.355210472545,285.4122248578875,567.355210472545,6.35256097106395,49224.23496062846,0.010363832093989164,0.013509068649518768,69612792187.35194,0.5060240963855421,0.932
2023-09-19,AAPL,lstm,0.006161828129162566,0.003994066268205643,-0.016944466158747673,0.02624920941889286,287.176315363075,569.6258195087503,287.176315363075,569.6258195087503,6.245827052761334,50533.44133456628,0.010363832093989164,0.013509068649518768,69612792187.35194,0.5060240963855421,0.932
2023-09-20,AAPL,lstm,-0.020194739222717015,0.005621856078505516,-0.02187195047736168,0.03179081901907921,281.4350315478914,572.837168072923,281.4350315478914,572.837168072923,6.1107015880918905,52165.74957107236,0.010363832093989164,0.013509068649518768,69612792187.35194,0.5060240963855421,0.932
2023-09-21,AAPL,lstm,-0.00892921521746959,0.0056158509105443954,-0.016372960060834885,0.029802992939949036,278.9332237939886,576.0632067069968,278.9332237939886,576.0632067069968,6.011465975229473,53743.84190023495,0.010363832093989164,0.013509068649518768,69612792187.35194,0.5060240963855421,0.932
2023-09-22,AAPL,lstm,0.004932337626036867,0.007877466268837452,-0.01420198567211628,0.028387626633048058,280.31241515149827,580.6190502103951,280.31241515149827,580.6190502103951,5.926694539419405,55291.364003042974,0.010363832093989164,0.013509068649518768,69612792187.35194,0.5060240963855421,0.932
2023-09-25,AAPL,lstm,0.007353232681253352,0.005160536617040634,-0.022609272971749306,0.03207433968782425,282.3812144230971,583.6231276469891,282.3812144230971,583.6231276469891,5.79419963159755,57093.54858921937,0.010363832093989164,0.013509068649518768,69612792187.35194,0.5060240963855421,0.932
2023-09-26,AAPL,lstm,-0.02367651694592774,0.004168090410530567,-0.018009334802627563,0.024607285857200623,275.7739381139743,586.0607673034575,275.7739381139743,586.0607673034575,5.690783979913455,58515.897085092845,0.010363832093989164,0.013509068649518768,69612792187.35194,0.5060240963855421,0.932
2023-09-27,AAPL,lstm,-0.008937318409065484,0.005076385568827391,-0.019984152168035507,0.02991539239883423,273.3202396946976,589.0433963973095,273.3202396946976,589.0433963973095,5.578187144245591,60292.87124140776,0.010363832093989164,0.013509068649518768,69612792187.35194,0.5060240963855421,0.932
2023-09-28,AAPL,lstm,0.0015244478171947313,0.005841146223247051,-0.01655600406229496,0.027499420568346977,273.7372198890157,592.494120353627,273.7372198890157,592.494120353627,5.486594936102396,61973.89836826292,0.010363832093989164,0.013509068649518768,69612792187.35194,0.5060240963855421,0.932
2023-09-29,AAPL,lstm,0.0030418523515483935,0.003191721625626087,-0.02332473173737526,0.025838453322649002,274.5711558069833,594.3882266017105,274.5711558069833,594.3882266017105,5.360102377688374,63596.07391710423,0.010363832093989164,0.013509068649518768,69612792187.35194,0.5060240963855421,0.932
2023-10-02,AAPL,lstm,0.01472657201395238,0.005101941991597414,-0.02186967059969902,0.027036942541599274,278.6445677862317,597.4285415177283,278.6445677862317,597.4285415177283,5.244151280925236,65338.97130952578,0.010363832093989164,0.013509068649518768,69612792187.35194,0.5060240963855421,0.932
2023-10-03,AAPL,lstm,-0.00780016161853228,0.0038335516583174467,-0.021082064136862755,0.030363282188773155,276.4795498453805,599.7232187285005,276.4795498453805,599.7232187285005,5.134751010241548,67353.30337132902,0.010363832093989164,0.013509068649518768,69612792187.35194,0.5060240963855421,0.932
2023-10-04,AAPL,lstm,0.0072820628939414345,0.005528960842639208,-0.020608820021152496,0.031198855489492416,278.5002397823533,603.0482670773855,278.5002397823533,603.0482670773855,5.030012864727723,69487.76980106732,0.010363832093989164,0.013509068649518768,69612792187.35194,0.5060240963855421,0.932
2023-10-05,AAPL,lstm,0.007172191135768029,0.004978431388735771,-0.01765313930809498,0.03115007095038891,280.50487696067154,606.057970087642,280.50487696067154,606.057970087642,4.941996418094155,71686.38307338374,0.010363832093989164,0.013509068649518768,69612792187.35194,0.5060240963855421,0.932
2023-10-06,AAPL,lstm,0.01464272339332305,0.004554732237011194,-0.019354920834302902,0.025268733501434326,284.6424510332006,608.824697292502,284.6424510332006,608.824697292502,4.847264306040364,73520.88479933914,0.010363832093989164,0.013509068649518768,69612792187.35194,0.5060240963855421,0.932
2023-10-09,AAPL,lstm,0.008415668798788524,0.005070179235190153,-0.01797892153263092,0.028774239122867584,287.04801564718247,611.9194044349209,287.04801564718247,611.9194044349209,4.760894431627826,75667.12185218888,0.010363832093989164,0.013509068649518768,69612792187.35194,0.5060240963855421,0.932
2023-10-10,AAPL,lstm,-0.003357807706458779,0.0037318947724997997,-0.025614233687520027,0.030297810211777687,286.0857800133222,614.207297754134,286.0857800133222,614.207297754134,4.640496176723281,77994.75453278022,0.010363832093989164,0.013509068649518768,69612792187.35194,0.5060240963855421,0.932
2023-10-11,AAPL,lstm,0.007872977668857532,0.004498970229178667,-0.015904150903224945,0.02560131996870041,288.34701662342565,616.9768145842862,288.34701662342565,616.9768145842862,4.56727674470228,80017.30165180459,0.010363832093989164,0.013509068649518768,69612792187.35194,0.5060240963855421,0.932
2023-10-12,AAPL,lstm,0.005048434552198421,0.0019524383824318647,-0.02541210502386093,0.03137241303920746,289.8063983622018,618.1825829189485,289.8063983622018,618.1825829189485,4.452674882686106,82567.43457916255,0.010363832093989164,0.013509068649518768,69612792187.35194,0.5060240963855421,0.932
2023-10-13,AAPL,lstm,-0.010346073731310877,0.004043882712721825,-0.018600860610604286,0.026974936947226524,286.8234972620375,620.6874853027525,286.8234972620375,620.6874853027525,4.370616885919646,84825.0000691635,0.010363832093989164,0.013509068649518768,69612792187.35194,0.5060240963855421,0.932
2023-10-16,AAPL,lstm,-0.0007271576803311256,0.004801517818123102,-0.019583456218242645,0.026383738964796066,286.6150071648784,623.6749007618012,286.6150071648784,623.6749007618012,4.285857655901816,87092.78193660935,0.010363832093989164,0.013509068649518768,69612792187.35194,0.5060240963855421,0.932
2023-10-17,AAPL,lstm,-0.008823545293605795,0.0064879413694143295,-0.019076714292168617,0.029641738161444664,284.0971711229898,627.7344416214283,284.0971711229898,627.7344416214283,4.2048724149696115,89713.00698959213,0.010363832093989164,0.013509068649518768,69612792187.35194,0.5060240963855421,0.932
2023-10-18,AAPL,lstm,-0.007422327028601251,0.006274240557104349,-0.02276487462222576,0.029935764148831367,281.99631527541925,631.6854097735613,281.99631527541925,631.6854097735613,4.110230293969108,92439.23771699755,0.010363832093989164,0.013509068649518768,69612792187.35194,0.5060240963855421,0.932
2023-10-19,AAPL,lstm,-0.0021633348643265698,0.003970833029597998,-0.02567995712161064,0.027948495000600815,281.3869222132652,634.1987149889919,281.3869222132652,634.1987149889919,4.006023565854584,95059.21750418542,0.010363832093989164,0.013509068649518768,69612792187.35194,0.5060240963855421,0.932
2023-10-20,AAPL,lstm,-0.01481339452204075,0.006726506166160107,-0.016520772129297256,0.03148581087589264,277.2493481407362,638.4790192358726,277.2493481407362,638.4790192358726,3.9403845555349246,98099.84945141588,0.010363832093989164,0.013509068649518768,69612792187.35194,0.5060240963855421,0.932
2023-10-23,AAPL,lstm,0.0006938540552079055,0.005217412486672401,-0.019715838134288788,0.03025347739458084,277.44178547924076,641.8189175650219,277.44178547924076,641.8189175650219,3.8634575054113376,101113.0670805148,0.010363832093989164,0.013509068649518768,69612792187.35194,0.5060240963855421,0.932
2023-10-24,AAPL,lstm,0.002540137829876088,0.00315281399525702,-0.02313794195652008,0.027027755975723267,278.1474216813158,643.8456115418271,278.1474216813158,643.8456115418271,3.775091235204081,103883.19315354654,0.010363832093989164,0.013509068649518768,69612792187.35194,0.5060240963855421,0.932
2023-10-25,AAPL,lstm,-0.013583515757294929,0.005244020838290453,-0.024441774934530258,0.032343290746212006,274.3947467564646,647.2308519229086,274.3947467564646,647.2308519229086,3.683939830296749,107298.03748911335,0.010363832093989164,0.013509068649518768,69612792187.35194,0.5060240963855421,0.932
2023-10-26,AAPL,lstm,-0.024913307472257184,0.0068669747561216354,-0.017814982682466507,0.03167087212204933,267.64311797279464,651.6906961466105,267.64311797279464,651.6906961466105,3.6188916929068937,110750.6401220277,0.010363832093989164,0.013509068649518768,69612792187.35194,0.5060240963855421,0.932
2023-10-27,AAPL,lstm,0.007937744692775679,0.005509412847459316,-0.01877976953983307,0.03005072847008705,269.7760548670054,655.2910495809608,269.7760548670054,655.2910495809608,3.5515639609464533,114129.29320888408,0.010363832093989164,0.013509068649518768,69612792187.35194,0.5060240963855421,0.932
2023-10-30,AAPL,lstm,0.012230172821553692,0.004006279166787863,-0.024074431508779526,0.031229637563228607,273.09572130955263,657.9216321632723,273.09572130955263,657.9216321632723,3.4670830438520706,117749.75131444063,0.010363832093989164,0.013509068649518768,69612792187.35194,0.5060240963855421,0.932
2023-10-31,AAPL,lstm,0.002814820305517639,0.004173400811851025,-0.020337384194135666,0.029436524957418442,273.8655196049083,660.6731264159006,273.8655196049083,660.6731264159006,3.3972839165877264,121267.41755643232,0.010363832093989164,0.013509068649518768,69612792187.35194,0.5060240963855421,0.932
2023-11-01,AAPL,lstm,0.018565230655253766,0.005653082858771086,-0.020926425233483315,0.028978751972317696,278.99738588726916,664.4185596510493,278.99738588726916,664.4185596510493,3.326929638101038,124833.01103814691,0.010363832093989164,0.013509068649518768,69612792187.35194,0.5060240963855421,0.932
2023-11-02,AAPL,lstm,0.020482061044476387,0.004061589017510414,-0.02320351079106331,0.029498856514692307,284.77075074909305,667.1226137237259,284.77075074909305,667.1226137237259,3.2506218366691426,128570.28930792901,0.010363832093989164,0.013509068649518768,69612792187.35194,0.5060240963855421,0.932
2023-11-03,AAPL,lstm,-0.0051945993639879095,0.005234792362898588,-0.023253116756677628,0.03193147853016853,283.2953162516624,670.6240378499966,283.2953162516624,670.6240378499966,3.175906741274291,132741.97632140014,0.010363832093989164,0.013509068649518768,69612792187.35194,0.5060240963855421,0.932
2023-11-06,AAPL,lstm,0.014499534151946178,0.002080957405269146,-0.024909447878599167,0.029302436858415604,287.4328903241915,672.021069999005,287.4328903241915,672.021069999005,3.0977738536990094,136689.18148339354,0.010363832093989164,0.013509068649518768,69612792187.35194,0.5060240963855421,0.932
2023-11-07,AAPL,lstm,0.014347353570873111,0.0022579471115022898,-0.021488983184099197,0.02399926260113716,291.586517155375,673.5401377071779,291.586517155375,673.5401377071779,3.0319160331664783,140009.30811969962,0.010363832093989164,0.013509068649518768,69612792187.35194,0.5060240963855421,0.932
2023-11-08,AAPL,lstm,0.005867648902712359,0.004153573885560036,-0.021641600877046585,0.02623315528035164,293.30247385526775,676.3435413121676,293.30247385526775,676.3435413121676,2.9670054568007154,143730.78556157765,0.010363832093989164,0.013509068649518768,69612792187.35194,0.5060240963855421,0.932
2023-11-09,AAPL,lstm,-0.002627955104147737,0.003370194463059306,-0.01887114718556404,0.02606223151087761,292.5327000305807,678.6268012697695,292.5327000305807,678.6268012697695,2.911539598194937,147525.9764921694,0.010363832093989164,0.013509068649518768,69612792187.35194,0.5060240963855421,0.932
2023-11-10,AAPL,lstm,0.021637948732231772,0.006033490411937237,-0.017245415598154068,0.02805473282933235,298.9314862425446,682.7337005542827,298.9314862425446,682.7337005542827,2.8617592810229926,151723.3737076954,0.010363832093989164,0.013509068649518768,69612792187.35194,0.5060240963855421,0.932
2023-11-13,AAPL,lstm,-0.008620693785883315,0.002951833652332425,-0.021415377035737038,0.029077710583806038,296.36556533669847,684.7519651228911,296.36556533669847,684.7519651228911,2.801125118991311,156199.90168938224,0.010363832093989164,0.013509068649518768,69612792187.35194,0.5060240963855421,0.932
2023-11-14,AAPL,lstm,0.014184631503116924,0.007012775167822838,-0.017282819375395775,0.0319211408495903,300.59935807847984,689.5708394234979,300.59935807847984,689.5708394234979,2.7531297761730533,161266.42238629295,0.010363832093989164,0.013509068649518768,69612792187.35194,0.5060240963855421,0.932
2023-11-15,AAPL,lstm,0.0030363164627480827,0.005238025914877653,-0.02035786211490631,0.031124386936426163,301.51345990704516,693.1923035961952,301.51345990704516,693.1923035961952,2.697648615790113,166364.67112448113,0.010363832093989164,0.013509068649518768,69612792187.35194,0.5060240963855421,0.932
2023-11-16,AAPL,lstm,0.00900150206732359,0.0062982141971588135,-0.018961068242788315,0.03380654752254486,304.23978604609295,697.5719565839851,304.23978604609295,697.5719565839851,2.6469802010267856,172085.03533863954,0.010363832093989164,0.013509068649518768,69612792187.35194,0.5060240963855421,0.932
2023-11-17,AAPL,lstm,-0.00010545214547580637,0.0044844490475952625,-0.025630448013544083,0.031646449118852615,304.20770499945263,700.7072271174378,304.20770499945263,700.7072271174378,2.579998911493128,177618.00520758098,0.010363832093989164,0.013509068649518768,69612792187.35194,0.5060240963855421,0.932
2023-11-20,AAPL,lstm,0.009235488373932033,0.008171371184289455,-0.018407240509986877,0.032558947801589966,307.03022533708395,706.4564022273979,307.03022533708395,706.4564022273979,2.5329427177289086,183496.23112870203,0.010363832093989164,0.013509068649518768,69612792187.35194,0.5060240963855421,0.932
2023-11-21,AAPL,lstm,-0.004239832394175006,0.0033561664167791605,-0.017976928502321243,0.029400456696748734,305.7312243608407,708.831382319353,305.7312243608407,708.831382319353,2.4878150373157273,188971.1885577776,0.010363832093989164,0.013509068649518768,69612792187.35194,0.5060240963855421,0.932
2023-11-22,AAPL,lstm,0.003508306644876359,0.005980674643069506,-0.01902996562421322,0.029645046219229698,306.80570695193904,713.0833863655917,306.80570695193904,713.0833863655917,2.440919652922623,194657.10151324637,0.010363832093989164,0.013509068649518768,69612792187.35194,0.5060240963855421,0.932
2023-11-24,AAPL,lstm,-0.007028964851045005,0.006767185404896736,-0.0175204835832119,0.03142606467008591,304.6567417697424,717.9253374601456,304.6567417697424,717.9253374601456,2.3985260059035434,200871.54548117978,0.010363832093989164,0.013509068649518768,69612792187.35194,0.5060240963855421,0.932
2023-11-27,AAPL,lstm,-0.0009480090091400063,0.00826023519039154,-0.01863155886530876,0.03230558708310127,304.36806129131685,723.8801427216549,304.36806129131685,723.8801427216549,2.3542514185214487,207466.78089361155,0.010363832093989164,0.013509068649518768,69612792187.35194,0.5060240963855421,0.932
2023-11-28,AAPL,lstm,0.0032089279273993677,0.006060453597456217,-0.0188479945063591,0.027403488755226135,305.3463252131629,728.2804937832143,305.3463252131629,728.2804937832143,2.3102941238124255,213230.71432427628,0.010363832093989164,0.013509068649518768,69612792187.35194,0.5060240963855421,0.932
2023-11-29,AAPL,lstm,-0.005424342810680806,0.005231162533164024,-0.01881362870335579,0.031580451875925064,303.69450613588214,732.1002165411475,303.69450613588214,732.1002165411475,2.267235378572756,220072.08230158297,0.010363832093989164,0.013509068649518768,69612792187.35194,0.5060240963855421,0.932
2023-11-30,AAPL,lstm,0.0030581160772190498,0.007713843137025833,-0.02004951238632202,0.031676869839429855,304.624660723102,737.7693928772328,304.624660723102,737.7693928772328,2.222231126261217,227154.85701648402,0.010363832093989164,0.013509068649518768,69612792187.35194,0.5060240963855421,0.932
2023-12-01,AAPL,lstm,0.0067683489143075285,0.007660612463951111,-0.017813507467508316,0.036765068769454956,306.69345999470096,743.4428926718492,306.69345999470096,743.4428926718492,2.1829958804930594,235661.63392954963,0.010363832093989164,0.013509068649518768,69612792187.35194,0.5060240963855421,0.932
2023-12-04,AAPL,lstm,-0.009509688006157315,0.007329440675675869,-0.01784316450357437,0.035444680601358414,303.79072480513446,748.911959876656,303.79072480513446,748.911959876656,2.144389736915614,244164.39061714945,0.010363832093989164,0.013509068649518768,69612792187.35194,0.5060240963855421,0.932
2023-12-05,AAPL,lstm,0.020844456346414825,0.004302283748984337,-0.01773620955646038,0.02951941080391407,310.18953548776693,752.1409399130124,310.18953548776693,752.1409399130124,2.106691679419327,251479.4190844614,0.010363832093989164,0.013509068649518768,69612792187.35194,0.5060240963855421,0.932
2023-12-06,AAPL,lstm,-0.00570329139174604,0.00244516902603209,-0.026209518313407898,0.027363233268260956,308.4254694532481,753.9823322492609,308.4254694532481,753.9823322492609,2.052193647339107,258455.72840011018,0.010363832093989164,0.013509068649518768,69612792187.35194,0.5060240963855421,0.932
2023-12-07,AAPL,lstm,0.010088276612733567,0.007761706598103046,-0.017718777060508728,0.033956997096538544,311.55269855729085,759.8572696861764,311.55269855729085,759.8572696861764,2.0161514895125014,267382.8348484699,0.010363832093989164,0.013509068649518768,69612792187.35194,0.5060240963855421,0.932
2023-12-08,AAPL,lstm,0.00738503997898342,0.00555389653891325,-0.019622784107923508,0.03015930950641632,313.86204450202035,764.0891722595794,313.86204450202035,764.0891722595794,1.9769745784778279,275569.74099131976,0.010363832093989164,0.013509068649518768,69612792187.35194,0.5060240963855421,0.932
2023-12-11,AAPL,lstm,-0.013011647184869976,0.00471615232527256,-0.028620272874832153,0.03595321625471115,309.8046363400891,767.7012085027742,309.8046363400891,767.7012085027742,1.9211950832136897,285657.6285064259,0.010363832093989164,0.013509068649518768,69612792187.35194,0.5060240963855421,0.932
2023-12-12,AAPL,lstm,0.007888947771707804,0.004984608385711908,-0.0190440621227026,0.028589027002453804,312.2583347593657,771.5374229567121,312.2583347593657,771.5374229567121,1.8849539342935877,293942.15495419037,0.010363832093989164,0.013509068649518768,69612792187.35194,0.5060240963855421,0.932
2023-12-13,AAPL,lstm,0.016553717390059137,0.004783018957823515,-0.020685449242591858,0.028464213013648987,317.47039142299303,775.2365424785561,317.47039142299303,775.2365424785561,1.8463633783636153,302429.2071066851,0.010363832093989164,0.013509068649518768,69612792187.35194,0.5060240963855421,0.932
2023-12-14,AAPL,lstm,0.0007574110681509634,0.004487478639930487,-0.024459484964609146,0.029903210699558258,317.71093809612375,778.7231905940278,317.71093809612375,778.7231905940278,1.801750125975701,311609.4025755413,0.010363832093989164,0.013509068649518768,69612792187.35194,0.5060240963855421,0.932
2023-12-15,AAPL,lstm,-0.002729446070281669,0.005860590375959873,-0.023269526660442352,0.02805369719862938,316.8449456021845,783.3004105998523,316.8449456021845,783.3004105998523,1.7603082587515506,320474.99105652515,0.010363832093989164,0.013509068649518768,69612792187.35194,0.5060240963855421,0.932
2023-12-18,AAPL,lstm,-0.008539714917303858,0.006885914597660303,-0.022530226036906242,0.037754982709884644,314.1507005097771,788.7128034187323,314.1507005097771,788.7128034187323,1.7210915676594738,332805.8129239137,0.010363832093989164,0.013509068649518768,69612792187.35194,0.5060240963855421,0.932
2023-12-19,AAPL,lstm,0.005345852136834865,0.0043861218728125095,-0.018620198592543602,0.027388794347643852,315.83460063369813,792.1797666995606,315.83460063369813,792.1797666995606,1.6893409812899327,342046.93197472097,0.010363832093989164,0.013509068649518768,69612792187.35194,0.5060240963855421,0.932
2023-12-20,AAPL,lstm,-0.010771733360343535,0.00678548077121377,-0.01917560026049614,0.03296612203121185,312.45077209787024,797.5733379804309,312.45077209787024,797.5733379804309,1.6572554955331733,353510.83073811064,0.010363832093989164,0.013509068649518768,69612792187.35194,0.5060240963855421,0.932
2023-12-21,AAPL,lstm,-0.0007702455125948375,0.009096266701817513,-0.014625253155827522,0.03608661890029907,312.21020095407084,804.8613634879065,312.21020095407084,804.8613634879065,1.6331941387574456,366500.82216706633,0.010363832093989164,0.013509068649518768,69612792187.35194,0.5060240963855421,0.932
2023-12-22,AAPL,lstm,-0.005562940974518667,0.003760003484785557,-0.015444645658135414,0.02518479712307453,310.4782159661923,807.893383096831,310.4782159661923,807.893383096831,1.6081638650030703,375848.2750342166,0.010363832093989164,0.013509068649518768,69612792187.35194,0.5060240963855421,0.932
2023-12-26,AAPL,lstm,-0.0028449678505331312,0.00726631935685873,-0.019483210518956184,0.03341015800833702,309.5961707135986,813.7851455447046,309.5961707135986,813.7851455447046,1.5771349550373082,388617.54289563966,0.010363832093989164,0.013509068649518768,69612792187.35194,0.5060240963855421,0.932
2023-12-27,AAPL,lstm,0.0005178189940495606,0.005089485086500645,-0.020035386085510254,0.030283693224191666,309.7565270054629,817.9374966361789,309.7565270054629,817.9374966361789,1.5458508925866767,400566.34192568314,0.010363832093989164,0.013509068649518768,69612792187.35194,0.5060240963855421,0.932
2023-12-28,AAPL,lstm,0.0022238156674305263,0.005353929474949837,-0.02259596809744835,0.030132144689559937,310.446134919552,822.3283754743032,310.446134919552,822.3283754743032,1.5113126221321183,412819.9280630465,0.010363832093989164,0.013509068649518768,69612792187.35194,0.5060240963855421,0.932
2023-12-29,AAPL,lstm,-0.0054388937789295,0.005633620545268059,-0.021165963262319565,0.034266043454408646,308.76223479563095,826.9741744400528,308.76223479563095,826.9741744400528,1.4796604122965262,427210.7877007557,0.010363832093989164,0.013509068649518768,69612792187.35194,0.5060240963855421,0.932
2023-01-03,AAPL,gru,-0.03812220940337041,0.0020936336368322372,-0.017430391162633896,0.02103087678551674,200.5759770243939,208.80670081188146,200.5759770243939,208.80670081188146,204.76948943230673,212.7986046897713,0.009773459435482938,0.012801433529761075,44360716518.81135,0.5542168674698795,0.88
2023-01-04,AAPL,gru,0.010261402643368283,0.0030997160356491804,-0.016357246786355972,0.020781587809324265,202.6447640606584,209.45495531480302,202.6447640606584,209.45495531480302,201.44726715687048,217.267178332969,0.009773459435482938,0.012801433529761075,44360716518.81135,0.5542168674698795,0.88
2023-01-05,AAPL,gru,-0.010661283111650382,0.0011616639094427228,-0.019191797822713852,0.020532727241516113,200.4957866431274,209.6984028348587,200.4957866431274,209.6984028348587,197.61799326510362,221.77436851764344,0.009773459435482938,0.012801433529761075,44360716518.81135,0.5542168674698795,0.88
2023-01-06,AAPL,gru,0.036133357676866824,0.003481670282781124,-0.015344714745879173,0.019640186801552773,207.87284901227156,210.42976925128198,207.87284901227156,210.42976925128198,194.6087541608687,226.17310344275884,0.009773459435482938,0.012801433529761075,44360716518.81135,0.5542168674698795,0.88
2023-01-09,AAPL,gru,0.004080529215203643,0.0024246624670922756,-0.011984892189502716,0.019023343920707703,208.72281321822499,210.94060392385614,208.72281321822499,210.94060392385614,192.2903101758598,230.51685990108334,0.009773459435482938,0.012801433529761075,44360716518.81135,0.5542168674698795,0.88
2023-01-10,AAPL,gru,0.004446510347639705,0.0005950098857283592,-0.015051065012812614,0.016871986910700798,209.6529678054449,211.06615829895532,209.6529678054449,211.06615829895532,189.4178093570401,234.43912721459486,0.009773459435482938,0.012801433529761075,44360716518.81135,0.5542168674698795,0.88
2023-01-11,AAPL,gru,0.020892514925815384,0.004080081824213266,-0.013566208072006702,0.02111789584159851,214.07922235639947,211.92908155928896,214.07922235639947,211.92908155928896,186.86548324464408,239.44262007808433,0.009773459435482938,0.012801433529761075,44360716518.81135,0.5542168674698795,0.88
2023-01-12,AAPL,gru,-0.0005994891772679897,0.0013006735825911164,-0.017117341980338097,0.015518495813012123,213.95092264050686,212.2049129859648,213.95092264050686,212.2049129859648,183.6940680883613,243.18739335852896,0.009773459435482938,0.012801433529761075,44360716518.81135,0.5542168674698795,0.88
2023-01-13,AAPL,gru,0.010068257135029462,0.0025157372001558542,-0.014561665244400501,0.020901937037706375,216.11591611068934,212.739434304805,216.11591611068934,212.739434304805,181.03855855032216,248.3239633254942,0.009773459435482938,0.012801433529761075,44360716518.81135,0.5542168674698795,0.88
2023-01-17,AAPL,gru,0.008718252102151425,0.0025691634509712458,-0.015344930812716484,0.01972448267042637,218.00830633176943,213.2866888973266,218.00830633176943,213.2866888973266,178.2817405574897,253.2706633700717,0.009773459435482938,0.012801433529761075,44360716518.81135,0.5542168674698795,0.88
2023-01-18,AAPL,gru,-0.005384454852158148,0.0009734065970405936,-0.01753542385995388,0.01986386440694332,216.83760507141884,213.49441731285052,216.83760507141884,213.49441731285052,175.18274712016844,258.35189252782106,0.009773459435482938,0.012801433529761075,44360716518.81135,0.5542168674698795,0.88
2023-01-19,AAPL,gru,0.0004436376600177206,0.0025913927238434553,-0.01659078150987625,0.02215343341231346,216.9338237406711,214.04837328352306,216.9338237406711,214.04837328352306,172.30030389923897,264.1391344784406,0.009773459435482938,0.012801433529761075,44360716518.81135,0.5542168674698795,0.88
2023-01-20,AAPL,gru,0.019038364081683426,0.004158304072916508,-0.01339290477335453,0.020546449348330498,221.1034543891718,214.9403044463722,221.1034543891718,214.9403044463722,170.00808311423492,269.62239519809054,0.009773459435482938,0.012801433529761075,44360716518.81135,0.5542168674698795,0.88
2023-01-23,AAPL,gru,0.023228555627554673,0.0020949221216142178,-0.017778728157281876,0.020245935767889023,226.29948276481335,215.3910621687286,226.29948276481335,215.3910621687286,167.01226249011833,275.1367827883267,0.009773459435482938,0.012801433529761075,44360716518.81135,0.5542168674698795,0.88
2023-01-24,AAPL,gru,0.010012762907375555,0.0031409284565597773,-0.014927437528967857,0.019444158300757408,228.5767476629026,216.06864237507162,228.5767476629026,216.06864237507162,164.5377115740393,280.53895189027236,0.009773459435482938,0.012801433529761075,44360716518.81135,0.5542168674698795,0.88
2023-01-25,AAPL,gru,-0.004711835225971918,0.0006418025586754084,-0.017314337193965912,0.01976921036839485,227.50226507180426,216.20737167412005,227.50226507180426,216.20737167412005,161.71337186205363,286.14016092236614,0.009773459435482938,0.012801433529761075,44360716518.81135,0.5542168674698795,0.88
2023-01-26,AAPL,gru,0.014694869771428311,0.004432572517544031,-0.014510098844766617,0.021448124200105667,230.87006531964633,217.16786284414584,230.87006531964633,217.16786284414584,159.3838405843379,292.34361065870195,0.009773459435482938,0.012801433529761075,44360716518.81135,0.5542168674698795,0.88
2023-01-27,AAPL,gru,0.0135914746418463,0.003838591044768691,-0.014476468786597252,0.023245563730597496,234.02935099966064,218.00307526449947,234.02935099966064,218.00307526449947,157.09314893675474,299.2189029834798,0.009773459435482938,0.012801433529761075,44360716518.81135,0.5542168674698795,0.88
2023-01-30,AAPL,gru,-0.0202823742298003,0.0031883830670267344,-0.012617599219083786,0.017970053479075432,229.33049319960372,218.6992675747446,229.33049319960372,218.6992675747446,155.1234657292406,304.6444742412147,0.009773459435482938,0.012801433529761075,44360716518.81135,0.5542168674698795,0.88
2023-01-31,AAPL,gru,0.008980486518885233,0.003347475780174136,-0.013562154024839401,0.018108699470758438,231.39926800053388,219.43259222149678,231.39926800053388,219.43259222149678,153.0338611052468,310.2114593835542,0.009773459435482938,0.012801433529761075,44360716518.81135,0.5542168674698795,0.88
2023-02-01,AAPL,gru,0.007869704048322388,0.004922086372971535,-0.016530171036720276,0.02451227232813835,233.22749612833334,220.51531469757862,233.22749612833334,220.51531469757862,150.5249754515806,317.9094193362159,0.009773459435482938,0.012801433529761075,44360716518.81135,0.5542168674698795,0.88
2023-02-02,AAPL,gru,0.036392300510034066,0.0031112737488001585,-0.015793003141880035,0.02234474942088127,241.87151513308342,221.20246926794294,241.87151513308342,221.20246926794294,148.16641035522093,325.0929768876713,0.009773459435482938,0.012801433529761075,44360716518.81135,0.5542168674698795,0.88
2023-02-03,AAPL,gru,0.024106975000651183,0.0016537293558940291,-0.018789175897836685,0.02283361926674843,247.77315524013127,221.56858186771112,247.77315524013127,221.56858186771112,145.4084769894825,332.60142929122605,0.009773459435482938,0.012801433529761075,44360716518.81135,0.5542168674698795,0.88
2023-02-06,AAPL,gru,-0.018091498958964447,0.0019827017094939947,-0.017496170476078987,0.020568812265992165,243.33087240119087,222.00833245797776,243.33087240119087,222.00833245797776,142.88651266189038,339.5134708562079,0.009773459435482938,0.012801433529761075,44360716518.81135,0.5542168674698795,0.88
2023-02-07,AAPL,gru,0.0190618622856037,0.0036314185708761215,-0.016160225495696068,0.023304080590605736,248.01370191326197,222.81600523157172,248.01370191326197,222.81600523157172,140.59598882600176,347.518414265153,0.009773459435482938,0.012801433529761075,44360716518.81135,0.5542168674698795,0.88
2023-02-08,AAPL,gru,-0.017810405213165126,0.002353925723582506,-0.012291328981518745,0.020547902211546898,243.6355811676022,223.34110422385064,243.6355811676022,223.34110422385064,138.87845541033454,354.73304145510997,0.009773459435482938,0.012801433529761075,44360716518.81135,0.5542168674698795,0.88
2023-02-09,AAPL,gru,-0.0069355479636618615,0.002926082815974951,-0.016652414575219154,0.021564027294516563,241.95168104368116,223.99558361113762,241.95168104368116,223.99558361113762,136.58494164239886,362.4656020612745,0.009773459435482938,0.012801433529761075,44360716518.81135,0.5542168674698795,0.88
2023-02-10,AAPL,gru,0.0009275169239235722,0.005756720434874296,-0.009222950786352158,0.02325541153550148,242.17619942882604,225.2887786339933,242.17619942882604,225.2887786339933,135.33101732912013,370.99368544316906,0.009773459435482938,0.012801433529761075,44360716518.81135,0.5542168674698795,0.88
2023-02-13,AAPL,gru,0.01863211802837362,0.0027403386775404215,-0.016676316037774086,0.019626831635832787,246.7307536956732,225.90698875841156,246.7307536956732,225.90698875841156,133.09290972353335,378.3470363318105,0.009773459435482938,0.012801433529761075,44360716518.81135,0.5542168674698795,0.88
2023-02-14,AAPL,gru,-0.004233904053509201,0.0024937132839113474,-0.014339365065097809,0.019172634929418564,245.68832768054654,226.47104204109505,245.68832768054654,226.47104204109505,131.19805981334898,385.6709125697594,0.009773459435482938,0.012801433529761075,44360716518.81135,0.5542168674698795,0.88
2023-02-15,AAPL,gru,0.0138076604015739,0.003647932782769203,-0.015236681327223778,0.021473491564393044,249.10423726301474,227.29870292784216,249.10423726301474,227.29870292784216,129.2141927049975,394.0421876885413,0.009773459435482938,0.012801433529761075,44360716518.81135,0.5542168674698795,0.88
2023-02-16,AAPL,gru,-0.010484143872342174,-0.000331610586727038,-0.02000705525279045,0.01873602718114853,246.50623531052833,227.2233350787075,246.50623531052833,227.2233350787075,126.65468789686521,401.4945787311284,0.009773459435482938,0.012801433529761075,44360716518.81135,0.5542168674698795,0.88
2023-02-17,AAPL,gru,-0.007575322747986234,0.003244564635679126,-0.016801077872514725,0.020456116646528244,244.64592613608852,227.96178448067212,244.64592613608852,227.96178448067212,124.54452581659994,409.79215416220376,0.009773459435482938,0.012801433529761075,44360716518.81135,0.5542168674698795,0.88
2023-02-21,AAPL,gru,-0.027042190904412126,0.0038683523889631033,-0.013637581840157509,0.02096831239759922,238.11881573756347,228.8453305348947,238.11881573756347,228.8453305348947,122.85756569146531,418.47552272426316,0.009773459435482938,0.012801433529761075,44360716518.81135,0.5542168674698795,0.88
2023-02-22,AAPL,gru,0.0028918809316494888,0.006029212847352028,-0.01375969685614109,0.023814784362912178,238.80842365165265,230.22924247507652,238.80842365165265,230.22924247507652,121.1786632817359,428.5610595504788,0.009773459435482938,0.012801433529761075,44360716518.81135,0.5542168674698795,0.88
2023-02-23,AAPL,gru,0.0032851106503145153,0.003812474198639393,-0.013665987178683281,0.01965535245835781,239.59422576432544,231.10865004631913,239.59422576432544,231.10865004631913,119.53389916561613,437.06790110844275,0.009773459435482938,0.012801433529761075,44360716518.81135,0.5542168674698795,0.88
2023-02-24,AAPL,gru,-0.018169336930799952,0.0024948299396783113,-0.017575841397047043,0.024377837777137756,235.28026711194633,231.6859389902143,235.28026711194633,231.6859389902143,117.45134863253531,447.8535987045824,0.009773459435482938,0.012801433529761075,44360716518.81135,0.5542168674698795,0.88
2023-02-27,AAPL,gru,0.008213679785789116,0.0027891809586435556,-0.014981514774262905,0.02372656762599945,237.2207421969839,232.33305488245063,237.2207421969839,232.33305488245063,115.70486249323176,458.60669825052446,0.009773459435482938,0.012801433529761075,44360716518.81135,0.5542168674698795,0.88
2023-02-28,AAPL,gru,-0.0034537297979819336,0.0009198589832521975,-0.0161286573857069,0.02054908685386181,236.4028590376708,232.54686999738894,236.4028590376708,232.54686999738894,113.85367059673231,468.12816591008226,0.009773459435482938,0.012801433529761075,44360716518.81135,0.5542168674698795,0.88
2023-03-01,AAPL,gru,-0.014348470370965045,0.0018299910007044673,-0.015058891847729683,0.017365528270602226,233.03505878982872,232.9728146424969,233.03505878982872,232.9728146424969,112.15200868434218,476.3284648559451,0.009773459435482938,0.012801433529761075,44360716518.81135,0.5542168674698795,0.88
2023-03-02,AAPL,gru,0.004120643843103321,0.00335675198584795,-0.016895335167646408,0.02206508070230484,233.99729442368897,233.75616644649182,233.99729442368897,233.75616644649182,110.27307728160169,486.95547530329463,0.009773459435482938,0.012801433529761075,44360716518.81135,0.5542168674698795,0.88
2023-03-03,AAPL,gru,0.0344884661213861,0.00016354590479750186,-0.018946079537272453,0.0206324253231287,242.2082804754664,233.79439847025125,242.2082804754664,233.79439847025125,108.20350365009703,497.10690194567246,0.009773459435482938,0.012801433529761075,44360716518.81135,0.5542168674698795,0.88
2023-03-06,AAPL,gru,0.018369623975035526,0.001997891580685973,-0.018477585166692734,0.019169967621564865,246.69867264903291,234.26195337670737,246.69867264903291,234.26195337670737,106.22252209945424,506.72837593835413,0.009773459435482938,0.012801433529761075,44360716518.81135,0.5542168674698795,0.88
2023-03-07,AAPL,gru,-0.014602595001837332,0.001312500680796802,-0.015719950199127197,0.02061508595943451,243.12240677470044,234.56961633346387,243.12240677470044,234.56961633346387,104.56576459747211,517.2830625970442,0.009773459435482938,0.012801433529761075,44360716518.81135,0.5542168674698795,0.88
2023-03-08,AAPL,gru,0.008342341603068149,0.0033736051991581917,-0.014440324157476425,0.023031044751405716,245.1591005289903,235.3623079795416,245.1591005289903,235.3623079795416,103.06664852081786,529.3348597192803,0.009773459435482938,0.012801433529761075,44360716518.81135,0.5542168674698795,0.88
2023-03-09,AAPL,gru,-0.015026967291677991,0.002198586706072092,-0.014042112976312637,0.018603775650262833,241.50264427339138,235.88033126686489,241.50264427339138,235.88033126686489,101.62949024487932,539.2746288803831,0.009773459435482938,0.012801433529761075,44360716518.81135,0.5542168674698795,0.88
2023-03-10,AAPL,gru,-0.013975929537563428,0.0019799936562776566,-0.01771245151758194,0.021150656044483185,238.1508967842038,236.34783986753413,238.1508967842038,236.34783986753413,99.84523326671686,550.8021064789378,0.009773459435482938,0.012801433529761075,44360716518.81135,0.5542168674698795,0.88
2023-03-13,AAPL,gru,0.013178778640633647,0.0038893839810043573,-0.01175091415643692,0.01896871253848076,241.3102069348868,237.26887597808664,241.3102069348868,237.26887597808664,98.67882600052461,561.349845792156,0.009773459435482938,0.012801433529761075,44360716518.81135,0.5542168674698795,0.88
2023-03-14,AAPL,gru,0.013990825020587742,0.0032656206749379635,-0.015042312443256378,0.022070657461881638,244.71006375870053,238.0449786029754,244.71006375870053,238.0449786029754,97.20557956572962,573.8769171646998,0.009773459435482938,0.012801433529761075,44360716518.81135,0.5542168674698795,0.88
2023-03-15,AAPL,gru,0.002618033780690968,0.0028158777859061956,-0.017398236319422722,0.021850978955626488,245.35156233816355,238.71624062509557,245.35156233816355,238.71624062509557,95.52900334752061,586.5547236205755,0.009773459435482938,0.012801433529761075,44360716518.81135,0.5542168674698795,0.88
2023-03-16,AAPL,gru,0.018521449691435207,0.0011904899729415774,-0.018289387226104736,0.017235685139894485,249.93817318098237,239.00061335923294,249.93817318098237,239.00061335923294,93.79771690274731,596.7520509040359,0.009773459435482938,0.012801433529761075,44360716518.81135,0.5542168674698795,0.88
2023-03-17,AAPL,gru,-0.00546892845685537,-0.0003690269950311631,-0.016933292150497437,0.017164170742034912,248.5750101114585,238.9124334254052,248.5750101114585,238.9124334254052,92.22278310878902,607.0831944435348,0.009773459435482938,0.012801433529761075,44360716518.81135,0.5542168674698795,0.88
2023-03-20,AAPL,gru,0.015365180286954876,0.001432850956916809,-0.016371997073292732,0.020440733060240746,252.423903705562,239.2549978591278,252.423903705562,239.2549978591278,90.7252059761969,619.6201314545659,0.009773459435482938,0.012801433529761075,44360716518.81135,0.5542168674698795,0.88
2023-03-21,AAPL,gru,0.011873354885857336,0.0026091220788657665,-0.014883605763316154,0.022855283692479134,255.43888585236658,239.88004474152865,255.43888585236658,239.88004474152865,89.38488904563845,633.9448169486607,0.009773459435482938,0.012801433529761075,44360716518.81135,0.5542168674698795,0.88
2023-03-22,AAPL,gru,-0.009145136079797108,0.0011058495147153735,-0.018048875033855438,0.019561797380447388,253.11351161965118,240.1454721611066,253.11351161965118,240.1454721611066,87.78606186875392,646.4680226469358,0.009773459435482938,0.012801433529761075,44360716518.81135,0.5542168674698795,0.88
2023-03-23,AAPL,gru,0.006945291611907683,0.002409507753327489,-0.014854969456791878,0.02039937861263752,254.87757765416998,240.7248083179665,254.87757765416998,240.7248083179665,86.4916409503323,659.79101875728,0.009773459435482938,0.012801433529761075,44360716518.81135,0.5542168674698795,0.88
2023-03-24,AAPL,gru,0.008271288176609921,0.002748183673247695,-0.015396229922771454,0.019866149872541428,256.994486260395,241.3872700994707,256.994486260395,241.3872700994707,85.17019230584225,673.029613898828,0.009773459435482938,0.012801433529761075,44360716518.81135,0.5542168674698795,0.88
2023-03-27,AAPL,gru,-0.012369486995857677,0.003000027034431696,-0.019930992275476456,0.02380029484629631,253.835176109712,242.11253044726465,253.835176109712,242.11253044726465,83.48947206072833,689.2400437305477,0.009773459435482938,0.012801433529761075,44360716518.81135,0.5542168674698795,0.88
2023-03-28,AAPL,gru,-0.003988261529460803,0.002622077474370599,-0.015577971935272217,0.02114684507250786,252.82483114122564,242.7481885171817,252.82483114122564,242.7481885171817,82.19895253773306,703.9705369804527,0.009773459435482938,0.012801433529761075,44360716518.81135,0.5542168674698795,0.88
2023-03-29,AAPL,gru,0.019597451474395997,0.0024176842998713255,-0.01612638682126999,0.0201033353805542,257.8284221783626,243.33580027780155,257.8284221783626,243.33580027780155,80.88401160380266,718.2659439290754,0.009773459435482938,0.012801433529761075,44360716518.81135,0.5542168674698795,0.88
2023-03-30,AAPL,gru,0.009841296980088399,0.002292043762281537,-0.017322517931461334,0.020434658974409103,260.37831479622287,243.8941731114764,260.37831479622287,243.8941731114764,79.4949621746662,733.0944748011253,0.009773459435482938,0.012801433529761075,44360716518.81135,0.5542168674698795,0.88
2023-03-31,AAPL,gru,0.015523096822170946,0.004021217580884695,-0.013273172080516815,0.022482216358184814,264.45172677547123,244.87688955873057,264.45172677547123,244.87688955873057,78.44678126357637,749.7626883091136,0.009773459435482938,0.012801433529761075,44360716518.81135,0.5542168674698795,0.88
2023-04-03,AAPL,gru,0.007672157141840555,0.003486241213977337,-0.013740675523877144,0.020605454221367836,266.48844500042975,245.7320866732593,266.48844500042975,245.7320866732593,77.37623986043648,765.3721380458347,0.009773459435482938,0.012801433529761075,44360716518.81135,0.5542168674698795,0.88
2023-04-04,AAPL,gru,-0.003254935249652321,0.003012066474184394,-0.013651257380843163,0.02040913514792919,265.6224525064905,246.47335989204205,265.6224525064905,246.47335989204205,76.32713357331394,781.1531902910727,0.009773459435482938,0.012801433529761075,44360716518.81135,0.5542168674698795,0.88
2023-04-05,AAPL,gru,-0.0113545066352627,0.002350323833525181,-0.017625268548727036,0.022073403000831604,262.62349864767174,247.05332949497367,262.62349864767174,247.05332949497367,74.99363469150059,798.587623381647,0.009773459435482938,0.012801433529761075,44360716518.81135,0.5542168674698795,0.88
2023-04-06,AAPL,gru,0.005480856301668929,0.004851038102060556,-0.018093038350343704,0.026911374181509018,264.0668520984621,248.2546968036808,264.0668520984621,248.2546968036808,73.64897416012685,820.3705018349551,0.009773459435482938,0.012801433529761075,44360716518.81135,0.5542168674698795,0.88
2023-04-10,AAPL,gru,-0.016101268371610637,0.005238239653408527,-0.01047244481742382,0.02302362583577633,259.8490876446666,249.5585313823236,259.8490876446666,249.5585313823236,72.8817124760873,839.4775488607559,0.009773459435482938,0.012801433529761075,44360716518.81135,0.5542168674698795,0.88
2023-04-11,AAPL,gru,-0.007620120015640883,0.004051830153912306,-0.014895671978592873,0.021846050396561623,257.8765315129887,250.57174650237917,257.8765315129887,250.57174650237917,71.80413523860236,858.0185706116384,0.009773459435482938,0.012801433529761075,44360716518.81135,0.5542168674698795,0.88
2023-04-12,AAPL,gru,-0.004362717597645155,0.002471092389896512,-0.01440676860511303,0.019887534901499748,256.75393958726426,251.19170831233106,256.75393958726426,251.19170831233106,70.77708440098942,875.2532859695966,0.009773459435482938,0.012801433529761075,44360716518.81135,0.5542168674698795,0.88
2023-04-13,AAPL,gru,0.0335349940083643,0.0023867907002568245,-0.014765768311917782,0.020886294543743134,265.51018107858374,251.79197345582435,265.51018107858374,251.79197345582435,69.73968634454916,893.7262816117378,0.009773459435482938,0.012801433529761075,44360716518.81135,0.5542168674698795,0.88
2023-04-14,AAPL,gru,-0.0021162195532967317,0.0035320213064551353,-0.017366599291563034,0.022185981273651123,264.94889735105585,252.68287663834786,264.94889735105585,252.68287663834786,68.53900031170257,913.7760270772825,0.009773459435482938,0.012801433529761075,44360716518.81135,0.5542168674698795,0.88
2023-04-17,AAPL,gru,0.00012098422435876032,0.0016624921699985862,-0.01266573742032051,0.01873590424656868,264.9809539270275,253.1033215550871,264.9809539270275,253.1033215550871,67.67637679002782,931.0578653388643,0.009773459435482938,0.012801433529761075,44360716518.81135,0.5542168674698795,0.88
2023-04-18,AAPL,gru,0.007476703533550668,0.0037752205971628428,-0.013133499771356583,0.02149081602692604,266.9695628173599,254.06065741934745,266.9695628173599,254.06065741934745,66.79336008997058,951.2835981115527,0.009773459435482938,0.012801433529761075,44360716518.81135,0.5542168674698795,0.88
2023-04-19,AAPL,gru,0.006944078432907277,0.002209537895396352,-0.014813740737736225,0.02206900343298912,268.8298719917997,254.62262139458815,268.8298719917997,254.62262139458815,65.81119144405721,972.510835287984,0.009773459435482938,0.012801433529761075,44360716518.81135,0.5542168674698795,0.88
2023-04-20,AAPL,gru,-0.005863430642706429,0.004051468335092068,-0.016731787472963333,0.023684300482273102,267.2582188251167,255.65630581178738,267.2582188251167,255.65630581178738,64.71921515665517,995.8190293810504,0.009773459435482938,0.012801433529761075,44360716518.81135,0.5542168674698795,0.88
2023-04-21,AAPL,gru,-0.009829063562230548,0.004498087335377932,-0.01697014458477497,0.02549648843705654,264.6441885846445,256.8088701196189,264.6441885846445,256.8088701196189,63.63018574731363,1021.5353671017804,0.009773459435482938,0.012801433529761075,44360716518.81135,0.5542168674698795,0.88
2023-04-24,AAPL,gru,0.00187678307164327,0.005779902916401625,-0.0114815104752779,0.024278121069073677,265.14133468956044,258.29750662742055,265.14133468956044,258.29750662742055,62.903793778858315,1046.6398372354147,0.009773459435482938,0.012801433529761075,44360716518.81135,0.5542168674698795,0.88
2023-04-25,AAPL,gru,-0.00948045708845073,0.002386203035712242,-0.015117786824703217,0.017902739346027374,262.6395514063263,258.914598322529,262.6395514063263,258.914598322529,61.95997906629989,1065.5462375793238,0.009773459435482938,0.012801433529761075,44360716518.81135,0.5542168674698795,0.88
2023-04-26,AAPL,gru,-6.11227409118481e-05,0.0027038936968892813,-0.01643013209104538,0.022963546216487885,262.6234986476718,259.6156356426302,262.6234986476718,259.6156356426302,60.95028483117015,1090.2980683241797,0.009773459435482938,0.012801433529761075,44360716518.81135,0.5542168674698795,0.88
2023-04-27,AAPL,gru,0.02799959640412221,0.0018895043758675456,-0.015179107896983624,0.0200449600815773,270.0807636334168,260.10663510993993,270.0807636334168,260.10663510993993,60.032100611080836,1112.3735742618262,0.009773459435482938,0.012801433529761075,44360716518.81135,0.5542168674698795,0.88
2023-04-28,AAPL,gru,0.0075127628783707495,0.003288027597591281,-0.015990030020475388,0.021952688694000244,272.1174573877067,260.96326901251143,272.1174573877067,260.96326901251143,59.07981847463281,1137.063215668152,0.009773459435482938,0.012801433529761075,44360716518.81135,0.5542168674698795,0.88
2023-05-01,AAPL,gru,-0.0005305293301251952,0.003183143213391304,-0.017896855250000954,0.023236839100718498,271.9731293838282,261.79528579404894,271.9731293838282,261.79528579404894,58.031879168132406,1163.7943283357447,0.009773459435482938,0.012801433529761075,44360716518.81135,0.5542168674698795,0.88
2023-05-02,AAPL,gru,-0.006210667252655721,0.0017203454626724124,-0.01470928080379963,0.01726471073925495,270.2892292599072,262.2460603573626,270.2892292599072,262.2460603573626,57.184518104222086,1184.0613059630934,0.009773459435482938,0.012801433529761075,44360716518.81135,0.5542168674698795,0.88
2023-05-03,AAPL,gru,-0.006488289493430346,0.0008464284474030137,-0.01757171005010605,0.020511575043201447,268.5411915133742,262.46811552631533,268.5411915133742,262.46811552631533,56.188466402850494,1208.5990144158695,0.009773459435482938,0.012801433529761075,44360716518.81135,0.5542168674698795,0.88
2023-05-04,AAPL,gru,-0.00996289426016366,0.004297333303838968,-0.01371695101261139,0.024846244603395462,265.87902746760716,263.5984488475891,265.87902746760716,263.5984488475891,55.422994225017064,1239.0042856606658,0.009773459435482938,0.012801433529761075,44360716518.81135,0.5542168674698795,0.88
2023-05-05,AAPL,gru,0.045859131675121956,0.0029051739256829023,-0.014791222289204597,0.019172297790646553,278.35591177847493,264.36536795294893,278.35591177847493,264.36536795294893,54.609254284823514,1262.988092617656,0.009773459435482938,0.012801433529761075,44360716518.81135,0.5542168674698795,0.88
2023-05-08,AAPL,gru,-0.00040341904336783815,0.002135134069249034,-0.01763521507382393,0.02249545231461525,278.24364035056817,264.93042845492926,278.24364035056817,264.93042845492926,53.654651109920366,1291.7215486985128,0.009773459435482938,0.012801433529761075,44360716518.81135,0.5542168674698795,0.88
2023-05-09,AAPL,gru,-0.010021201864830388,0.0013030865229666233,-0.01922791823744774,0.01934792473912239,275.469229347563,265.275874210225,275.469229347563,265.275874210225,52.63284010614718,1316.9569525752715,0.009773459435482938,0.012801433529761075,44360716518.81135,0.5542168674698795,0.88
2023-05-10,AAPL,gru,0.01036694934142512,0.0017257384024560452,-0.016657598316669464,0.0210612490773201,278.33985901982044,265.7340649066352,278.33985901982044,265.7340649066352,51.763366318962284,1344.9878284927552,0.009773459435482938,0.012801433529761075,44360716518.81135,0.5542168674698795,0.88
2023-05-11,AAPL,gru,0.0010941375813929384,0.001413026126101613,-0.015186982229351997,0.020255880430340767,278.6445677862318,266.1098289759447,278.6445677862318,266.1098289759447,50.983177136139815,1372.5094990426974,0.009773459435482938,0.012801433529761075,44360716518.81135,0.5542168674698795,0.88
2023-05-12,AAPL,gru,-0.006814490743398574,0.0028388146311044693,-0.01583181694149971,0.025974292308092117,276.75220203582035,266.86635344358206,276.75220203582035,266.86635344358206,50.1823774799114,1408.6265597454005,0.009773459435482938,0.012801433529761075,44360716518.81135,0.5542168674698795,0.88
2023-05-15,AAPL,gru,-0.002901580371093546,0.002374605042859912,-0.016738200560212135,0.018506234511733055,275.95034716449305,267.50079907350363,275.95034716449305,267.50079907350363,49.34940620340532,1434.9376556705918,0.009773459435482938,0.012801433529761075,44360716518.81135,0.5542168674698795,0.88
2023-05-16,AAPL,gru,0.0,0.002462514443323016,-0.016796693205833435,0.01836160570383072,275.95034716449305,268.1603505780247,275.95034716449305,268.1603505780247,48.527422814461104,1461.5287770475413,0.009773459435482938,0.012801433529761075,44360716518.81135,0.5542168674698795,0.88
2023-05-17,AAPL,gru,0.0035966804036770515,0.003563001984730363,-0.016553418710827827,0.023875625804066658,276.9446393743249,269.1175126264846,276.9446393743249,269.1175126264846,47.73074104226014,1496.8435339662217,0.009773459435482938,0.012801433529761075,44360716518.81135,0.5542168674698795,0.88
2023-05-18,AAPL,gru,0.013573571100223046,0.002077393000945449,-0.020982762798666954,0.02088083140552044,280.7293953458164,269.6771710355757,280.7293953458164,269.6771710355757,46.739651721887384,1528.427534081929,0.009773459435482938,0.012801433529761075,44360716518.81135,0.5542168674698795,0.88
2023-05-19,AAPL,gru,0.0006281980061119212,0.0034578556660562754,-0.01535024493932724,0.02456193044781685,280.90580439633516,270.6112961679911,280.90580439633516,270.6112961679911,46.027664744354325,1566.43357229342,0.009773459435482938,0.012801433529761075,44360716518.81135,0.5542168674698795,0.88
2023-05-22,AAPL,gru,-0.0054958159407207455,0.0007304357714019716,-0.015093936584889889,0.018216978758573532,279.3662322762926,270.8090461696016,279.3662322762926,270.8090461696016,45.338142056967285,1595.2308554403737,0.009773459435482938,0.012801433529761075,44360716518.81135,0.5542168674698795,0.88
2023-05-23,AAPL,gru,-0.015271001481647386,0.002539320383220911,-0.01742907054722309,0.020995652303099632,275.13243953451126,271.4975770124667,275.13243953451126,271.4975770124667,44.55478622825353,1629.0778010881393,0.009773459435482938,0.012801433529761075,44360716518.81135,0.5542168674698795,0.88
2023-05-24,AAPL,gru,0.001630744591288417,0.0027166425716131926,-0.01793680712580681,0.022347062826156616,275.5814763048011,272.2361470716976,275.5814763048011,272.2361470716976,43.762739959777406,1665.8927181554382,0.009773459435482938,0.012801433529761075,44360716518.81135,0.5542168674698795,0.88
2023-05-25,AAPL,gru,0.006670031103772704,0.003388580633327365,-0.02001388743519783,0.023631248623132706,277.42575719125506,273.16021600562794,277.42575719125506,273.16021600562794,42.8955852715688,1705.7286580283792,0.009773459435482938,0.012801433529761075,44360716518.81135,0.5542168674698795,0.88
2023-05-26,AAPL,gru,0.014006240077885338,0.00393266323953867,-0.014496929943561554,0.023296814411878586,281.33878840797047,274.2365937479263,281.33878840797047,274.2365937479263,42.278215881914754,1745.933192764379,0.009773459435482938,0.012801433529761075,44360716518.81135,0.5542168674698795,0.88
2023-05-30,AAPL,gru,0.010603169101558126,0.0018255227478221059,-0.01969931460916996,0.021678851917386055,284.3377422667892,274.7376898188082,284.3377422667892,274.7376898188082,41.45351274887941,1784.1962876772652,0.009773459435482938,0.012801433529761075,44360716518.81135,0.5542168674698795,0.88
2023-05-31,AAPL,gru,-0.00028206488032115034,0.0006892186938785017,-0.021592576056718826,0.022010676562786102,284.25755188552273,274.92712325018465,284.25755188552273,274.92712325018465,40.568019595608725,1823.9030504871757,0.009773459435482938,0.012801433529761075,44360716518.81135,0.5542168674698795,0.88
2023-06-01,AAPL,gru,0.015895540184739647,0.002289587864652276,-0.017899874597787857,0.02456102892756462,288.8120816817012,275.55729916564695,288.8120816817012,275.55729916564695,39.8483182925798,1869.2546742467812,0.009773459435482938,0.012801433529761075,44360716518.81135,0.5542168674698795,0.88
2023-06-02,AAPL,gru,0.004764027547575428,0.003305720631033182,-0.012431255541741848,0.02149459719657898,290.1912730392109,276.46971270811133,290.1912730392109,276.46971270811133,39.35601964298136,1909.8685753180396,0.009773459435482938,0.012801433529761075,44360716518.81135,0.5542168674698795,0.88
2023-06-05,AAPL,gru,-0.007599931855572029,0.0020279185846447945,-0.021137256175279617,0.02505796030163765,287.9941985223881,277.0309503696765,287.9941985223881,277.0309503696765,38.532870834455494,1958.3305961129643,0.009773459435482938,0.012801433529761075,44360716518.81135,0.5542168674698795,0.88
2023-06-06,AAPL,gru,-0.002062461269997269,0.0019030377734452486,-0.016970772296190262,0.020850952714681625,287.4008337482199,277.5586514561925,287.4008337482199,277.5586514561925,37.884455740200075,1999.5923951946686,0.009773459435482938,0.012801433529761075,44360716518.81135,0.5542168674698795,0.88
2023-06-07,AAPL,gru,-0.007786496137042584,0.0034508442040532827,-0.017481354996562004,0.02225925214588642,285.1716781847568,278.5181248008674,285.1716781847568,278.5181248008674,37.22793879114811,2044.600939744118,0.009773459435482938,0.012801433529761075,44360716518.81135,0.5542168674698795,0.88
2023-06-08,AAPL,gru,0.015346710907507015,0.0016959584318101406,-0.020442942157387733,0.018569601699709892,289.5818799770569,278.99088733537127,289.5818799770569,278.99088733537127,36.47461584102563,2082.9229732154745,0.009773459435482938,0.012801433529761075,44360716518.81135,0.5542168674698795,0.88
2023-06-09,AAPL,gru,0.002157494679750581,0.0018690080614760518,-0.015998488292098045,0.020979737862944603,290.20732579786545,279.51280992311814,290.20732579786545,279.51280992311814,35.895721115079844,2127.083798323332,0.009773459435482938,0.012801433529761075,44360716518.81135,0.5542168674698795,0.88
2023-06-12,AAPL,gru,0.015517715478083682,0.002545675728470087,-0.01764056645333767,0.023712916299700737,294.74580283538944,280.22526935640866,294.74580283538944,280.22526935640866,35.26805366839475,2178.1260523262954,0.009773459435482938,0.012801433529761075,44360716518.81135,0.5542168674698795,0.88
2023-06-13,AAPL,gru,-0.002615069534464595,0.001993312733247876,-0.021624647080898285,0.025271471589803696,293.97602901070246,280.7844098667874,293.97602901070246,280.7844098667874,34.513580975311314,2233.871963290086,0.009773459435482938,0.012801433529761075,44360716518.81135,0.5542168674698795,0.88
2023-06-14,AAPL,gru,0.003485269547817915,0.0019131320295855403,-0.02112308144569397,0.021617364138364792,295.00240226717466,281.322105842103,295.00240226717466,281.322105842103,33.79219326470352,2282.6881679665426,0.009773459435482938,0.012801433529761075,44360716518.81135,0.5542168674698795,0.88
2023-06-15,AAPL,gru,0.011136441216671795,0.002864011563360691,-0.01497116219252348,0.021513786166906357,298.30604042173604,282.1289870155421,298.30604042173604,282.1289870155421,33.290052209258825,2332.329499606961,0.009773459435482938,0.012801433529761075,44360716518.81135,0.5542168674698795,0.88
2023-06-16,AAPL,gru,-0.005877116959156689,0.0003850245848298073,-0.01883835718035698,0.019194763153791428,296.55800267520306,282.2376196549574,296.55800267520306,282.2376196549574,32.66879207428993,2377.530539367026,0.009773459435482938,0.012801433529761075,44360716518.81135,0.5542168674698795,0.88
2023-06-20,AAPL,gru,0.00048655876218681567,0.005907605402171612,-0.015765493735671043,0.02750582806766033,296.7023306790814,283.9098942933373,296.7023306790814,283.9098942933373,32.157791137204796,2443.8341190930596,0.009773459435482938,0.012801433529761075,44360716518.81135,0.5542168674698795,0.88
2023-06-21,AAPL,gru,-0.0056914688122717575,0.0020582445431500673,-0.018426980823278427,0.021540623158216476,295.0184550258291,284.4948660327446,295.0184550258291,284.4948660327446,31.57064730495451,2497.0468767826624,0.009773459435482938,0.012801433529761075,44360716518.81135,0.5542168674698795,0.88
2023-06-22,AAPL,gru,0.016390237686521526,0.0027204961515963078,-0.015780135989189148,0.021854639053344727,299.89372187640475,285.2698786067712,299.89372187640475,285.2698786067712,31.076368018275176,2552.2196354236567,0.009773459435482938,0.012801433529761075,44360716518.81135,0.5542168674698795,0.88
2023-06-23,AAPL,gru,-0.0017127350070563138,0.0021553970873355865,-0.01710749976336956,0.019421158358454704,299.3805230128343,285.8854020407882,299.3805230128343,285.8854020407882,30.549250919180746,2602.2712172837114,0.009773459435482938,0.012801433529761075,44360716518.81135,0.5542168674698795,0.88
2023-06-26,AAPL,gru,-0.007581638224881852,0.0025763860903680325,-0.017232844606041908,0.02268913947045803,297.1193108733996,286.6228974750918,297.1193108733996,286.6228974750918,30.02731102271784,2661.989447406566,0.009773459435482938,0.012801433529761075,44360716518.81135,0.5542168674698795,0.88
2023-06-27,AAPL,gru,0.014946804244221984,0.0038812956772744656,-0.021118860691785812,0.024284739047288895,301.5936502883116,287.7375296240052,301.5936502883116,287.7375296240052,29.399816850152146,2727.4265475738716,0.009773459435482938,0.012801433529761075,44360716518.81135,0.5542168674698795,0.88
2023-06-28,AAPL,gru,0.00630784445068761,0.0027379172388464212,-0.016585636883974075,0.020618986338377,303.50206879737755,288.52641801214094,303.50206879737755,288.52641801214094,28.916223513994996,2784.247066956111,0.009773459435482938,0.012801433529761075,44360716518.81135,0.5542168674698795,0.88
2023-06-29,AAPL,gru,0.0017949341804471592,0.0007560498779639602,-0.019623469561338425,0.019652027636766434,304.0473242369197,288.7446544730993,304.0473242369197,288.7446544730993,28.354318049012868,2839.504457538091,0.009773459435482938,0.012801433529761075,44360716518.81135,0.5542168674698795,0.88
2023-06-30,AAPL,gru,0.022839687725452428,0.0011967906029894948,-0.018692919984459877,0.019453691318631172,311.0715807403607,289.09041387134295,311.0715807403607,289.09041387134295,27.829216427476588,2895.2840840320614,0.009773459435482938,0.012801433529761075,44360716518.81135,0.5542168674698795,0.88
2023-07-03,AAPL,gru,-0.007815139410722646,0.0005013031186535954,-0.01893775723874569,0.01849064789712429,308.649987838393,289.2353621489049,308.649987838393,289.2353621489049,27.307152887621765,2949.317876586387,0.009773459435482938,0.012801433529761075,44360716518.81135,0.5542168674698795,0.88
2023-07-05,AAPL,gru,-0.005888679345684716,0.0025555079337209463,-0.01940872147679329,0.023960750550031662,306.83778799857936,289.9754655186805,306.83778799857936,289.9754655186805,26.782265611987672,3020.839276685734,0.009773459435482938,0.012801433529761075,44360716518.81135,0.5542168674698795,0.88
2023-07-06,AAPL,gru,0.0025055905382930246,0.0016629856545478106,-0.02180112898349762,0.025222521275281906,307.6075618232663,290.4581007126926,307.6075618232663,290.4581007126926,26.204700727117643,3098.0015775505835,0.009773459435482938,0.012801433529761075,44360716518.81135,0.5542168674698795,0.88
2023-07-07,AAPL,gru,-0.005908694079767804,0.0031755936797708273,-0.018574120476841927,0.02482583560049534,305.79536198345266,291.38193844418697,305.79536198345266,291.38193844418697,25.72246359488458,3175.8747730371165,0.009773459435482938,0.012801433529761075,44360716518.81135,0.5542168674698795,0.88
2023-07-10,AAPL,gru,-0.01091519762644529,0.0005639266455546021,-0.021477513015270233,0.022813651710748672,302.4756955409054,291.54630651725915,302.4756955409054,291.54630651725915,25.175899327642387,3249.1606845156225,0.009773459435482938,0.012801433529761075,44360716518.81135,0.5542168674698795,0.88
2023-07-11,AAPL,gru,-0.0028139803318065135,0.003719659522175789,-0.015377652831375599,0.02363123744726181,301.625731334952,292.6327834497891,301.625731334952,292.6327834497891,24.791714077731893,3326.8567859843915,0.009773459435482938,0.012801433529761075,44360716518.81135,0.5542168674698795,0.88
2023-07-12,AAPL,gru,0.008945421112453576,0.003266243962571025,-0.014036322943866253,0.020525701344013214,304.3360047153452,293.5901549360948,304.3360047153452,293.5901549360948,24.44616101466665,3395.8483675848943,0.009773459435482938,0.012801433529761075,44360716518.81135,0.5542168674698795,0.88
2023-07-13,AAPL,gru,0.004049275962856601,0.0027685039676725864,-0.015801824629306793,0.02000381052494049,305.57084359830776,294.4040840937326,305.57084359830776,294.4040840937326,24.06290312532406,3464.4623644739413,0.009773459435482938,0.012801433529761075,44360716518.81135,0.5542168674698795,0.88
2023-07-14,AAPL,gru,0.0007869746069128465,0.0039427815936505795,-0.014166890643537045,0.02276208996772766,305.81141474210716,295.5671556482582,305.81141474210716,295.5671556482582,23.724410406860393,3544.2251267076253,0.009773459435482938,0.012801433529761075,44360716518.81135,0.5542168674698795,0.88
2023-07-17,AAPL,gru,0.017157554010205783,0.0025612779427319765,-0.020219989120960236,0.022622186690568924,311.103661787001,296.3251522335631,311.103661787001,296.3251522335631,23.249521051074836,3625.3168492906952,0.009773459435482938,0.012801433529761075,44360716518.81135,0.5542168674698795,0.88
2023-07-18,AAPL,gru,-0.001341224614586373,0.0033135421108454466,-0.01491214707493782,0.02089935541152954,310.68668159268276,297.30866283371114,310.68668159268276,297.30866283371114,22.90539321344246,3701.8807748355757,0.009773459435482938,0.012801433529761075,44360716518.81135,0.5542168674698795,0.88
2023-07-19,AAPL,gru,0.007046863867935629,0.0010495983297005296,-0.016915518790483475,0.019291207194328308,312.88378058017423,297.62087101066993,312.88378058017423,297.62087101066993,22.52119455981592,3773.987638449397,0.009773459435482938,0.012801433529761075,44360716518.81135,0.5542168674698795,0.88
2023-07-20,AAPL,gru,-0.010148716346077257,0.00029261477175168693,-0.021094081923365593,0.022981369867920876,309.7244704294913,297.7079723793751,309.7244704294913,297.7079723793751,22.051106752250853,3861.7233420756206,0.009773459435482938,0.012801433529761075,44360716518.81135,0.5542168674698795,0.88
2023-07-21,AAPL,gru,-0.006180726657910663,0.0031843301840126514,-0.01847095787525177,0.02338327467441559,307.81605192042537,298.6574954469699,307.81605192042537,298.6574954469699,21.64754002372102,3953.0868986229875,0.009773459435482938,0.012801433529761075,44360716518.81135,0.5542168674698795,0.88
2023-07-24,AAPL,gru,0.004211176534324878,0.003502395935356617,-0.015033449977636337,0.022664669901132584,309.1150528966686,299.7053555217279,309.1150528966686,299.7053555217279,21.32453687249747,4043.7053657462106,0.009773459435482938,0.012801433529761075,44360716518.81135,0.5542168674698795,0.88
2023-07-25,AAPL,gru,0.004503437629952575,4.1294431866845116e-05,-0.02110535092651844,0.02120574750006199,310.5102725421641,299.71771729295506,310.5102725421641,299.71771729295506,20.87919064193998,4130.370711520629,0.009773459435482938,0.012801433529761075,44360716518.81135,0.5542168674698795,0.88
2023-07-26,AAPL,gru,0.004534712985109489,0.002524258103221655,-0.014893515035510063,0.019474243745207787,311.9215449463141,300.47524643748596,311.9215449463141,300.47524643748596,20.57053056013535,4211.5949556007645,0.009773459435482938,0.012801433529761075,44360716518.81135,0.5542168674698795,0.88
2023-07-27,AAPL,gru,-0.00660272065145234,0.0016323589952662587,-0.019771981984376907,0.023969825357198715,309.86879843336976,300.9661160522277,309.86879843336976,300.9661160522277,20.167804801683374,4313.765924639922,0.009773459435482938,0.012801433529761075,44360716518.81135,0.5542168674698795,0.88
2023-07-28,AAPL,gru,0.013417502871921925,0.001386416843160987,-0.020943377166986465,0.0249408520758152,314.05448184052494,301.3836637143208,314.05448184052494,301.3836637143208,19.749814787724457,4422.707874381162,0.009773459435482938,0.012801433529761075,44360716518.81135,0.5542168674698795,0.88
2023-07-31,AAPL,gru,0.0031609851909711805,0.0006545116193592548,-0.021886371076107025,0.0219978466629982,315.0487740503568,301.5809788208461,315.0487740503568,301.5809788208461,19.32225922783026,4521.0759402593785,0.009773459435482938,0.012801433529761075,44360716518.81135,0.5542168674698795,0.88
2023-08-01,AAPL,gru,-0.004285046311426489,0.0006159841432236135,-0.017078150063753128,0.018437590450048447,313.70166373948746,301.7668108539468,313.70166373948746,301.7668108539468,18.995072646558757,4605.206698816041,0.009773459435482938,0.012801433529761075,44360716518.81135,0.5542168674698795,0.88
2023-08-02,AAPL,gru,-0.015611222838356394,0.0029974672943353653,-0.0156976617872715,0.02209502086043358,308.8424251768976,302.6726931923424,308.8424251768976,302.6726931923424,18.699222283300973,4708.091132349998,0.009773459435482938,0.012801433529761075,44360716518.81135,0.5542168674698795,0.88
2023-08-03,AAPL,gru,-0.007348586357380715,0.0004678276600316167,-0.015983637422323227,0.016435734927654266,306.5811885667942,302.8143126744758,306.5811885667942,302.8143126744758,18.40271686757501,4786.1113669932465,0.009773459435482938,0.012801433529761075,44360716518.81135,0.5542168674698795,0.88
2023-08-04,AAPL,gru,-0.049211304266584405,0.0008273657876998186,-0.021182313561439514,0.021001093089580536,291.8591448751462,303.06494302612634,291.8591448751462,303.06494302612634,18.017004090946,4887.68790567522,0.009773459435482938,0.012801433529761075,44360716518.81135,0.5542168674698795,0.88
2023-08-07,AAPL,gru,-0.0174042708647174,0.0035224747844040394,-0.017209675163030624,0.022838186472654343,286.82349726203756,304.1343725880413,286.82349726203756,304.1343725880413,17.709590298867848,5000.59824798723,0.009773459435482938,0.012801433529761075,44360716518.81135,0.5542168674698795,0.88
2023-08-08,AAPL,gru,0.005297639179112393,0.0031967454124242067,-0.016334407031536102,0.02071450650691986,288.34701662342565,305.10816288952424,288.34701662342565,305.10816288952424,17.42266421798302,5105.263412837597,0.009773459435482938,0.012801433529761075,44360716518.81135,0.5542168674698795,0.88
2023-08-09,AAPL,gru,-0.008994728570124953,0.0036277687177062035,-0.014017127454280853,0.021257121115922928,285.76504295892505,306.21702774076215,285.76504295892505,306.21702774076215,17.180151996080582,5214.948023662429,0.009773459435482938,0.012801433529761075,44360716518.81135,0.5542168674698795,0.88
2023-08-10,AAPL,gru,-0.0012354068195308636,-0.00021325018315110356,-0.018445132300257683,0.01835407130420208,285.41222485788757,306.1517404899913,285.41222485788757,306.1517404899913,16.866166923396875,5311.547498635253,0.009773459435482938,0.012801433529761075,44360716518.81135,0.5542168674698795,0.88
2023-08-11,AAPL,gru,-0.0010119628553601626,0.0008259048918262124,-0.01778414472937584,0.01910639926791191,285.12354437946203,306.4046951772691,285.12354437946203,306.4046951772691,16.56886799070011,5414.007725837032,0.009773459435482938,0.012801433529761075,44360716518.81135,0.5542168674698795,0.88
2023-08-14,AAPL,gru,0.009349338515834794,0.0021288455463945866,-0.01342775672674179,0.019298706203699112,287.8017611838836,307.05767559257566,287.8017611838836,307.05767559257566,16.34787194257038,5519.506103026761,0.009773459435482938,0.012801433529761075,44360716518.81135,0.5542168674698795,0.88
2023-08-15,AAPL,gru,-0.011263517386748526,0.0008610122604295611,-0.018691278994083405,0.020410016179084778,284.57828893991996,307.32217701686824,284.57828893991996,307.32217701686824,16.04514739543705,5633.3169391209785,0.009773459435482938,0.012801433529761075,44360716518.81135,0.5542168674698795,0.88
2023-08-16,AAPL,gru,-0.004971422099414284,-0.00046367256436496973,-0.01690463349223137,0.017776545137166977,283.16704100643864,307.17971925923666,283.16704100643864,307.17971925923666,15.776189735425318,5734.353376484425,0.009773459435482938,0.012801433529761075,44360716518.81135,0.5542168674698795,0.88
2023-08-17,AAPL,gru,-0.014662140580715842,0.0013793580001220107,-0.01657329499721527,0.02103530615568161,279.0454952218954,307.6037269097673,279.0454952218954,307.6037269097673,15.516881299876752,5856.254924418833,0.009773459435482938,0.012801433529761075,44360716518.81135,0.5542168674698795,0.88
2023-08-18,AAPL,gru,0.002812165676863434,0.0014201262965798378,-0.01918223686516285,0.01939213089644909,279.8313218052369,308.04086070222627,279.8313218052369,308.04086070222627,15.222068975270208,5970.928811926744,0.009773459435482938,0.012801433529761075,44360716518.81135,0.5542168674698795,0.88
2023-08-21,AAPL,gru,0.007707004937545953,-0.0010959533974528313,-0.02613605372607708,0.01988181658089161,281.99631527541936,307.70344674170235,281.99631527541936,307.70344674170235,14.829377859343305,6090.829868021993,0.009773459435482938,0.012801433529761075,44360716518.81135,0.5542168674698795,0.88
2023-08-22,AAPL,gru,0.007873830131237547,0.0002748269180301577,-0.018091797828674316,0.020088065415620804,284.2254708388825,307.78803337969833,284.2254708388825,307.78803337969833,14.563499915740008,6214.420171202851,0.009773459435482938,0.012801433529761075,44360716518.81135,0.5542168674698795,0.88
2023-08-23,AAPL,gru,0.02171146809565055,0.0026051735039800406,-0.01672576740384102,0.024746648967266083,290.463900758982,308.59091006036033,290.463900758982,308.59091006036033,14.321940074729897,6370.125007044913,0.009773459435482938,0.012801433529761075,44360716518.81135,0.5542168674698795,0.88
2023-08-24,AAPL,gru,-0.026518981912310478,0.00014259298040997237,-0.02264636568725109,0.02097807265818119,282.8623322400273,308.6349071965279,282.8623322400273,308.6349071965279,14.001245258993245,6505.169766646606,0.009773459435482938,0.012801433529761075,44360716518.81135,0.5542168674698795,0.88
2023-08-25,AAPL,gru,0.012563875190106717,-0.0007710428326390684,-0.018481891602277756,0.01920793205499649,286.4385981143597,308.3970275635209,286.4385981143597,308.3970275635209,13.744852268810327,6631.328188101858,0.009773459435482938,0.012801433529761075,44360716518.81135,0.5542168674698795,0.88
2023-08-28,AAPL,gru,0.008807201954166228,0.0001809966197470203,-0.02017909288406372,0.01964007318019867,288.97246244423417,308.45283499758403,288.97246244423417,308.45283499758403,13.470273357326718,6762.855017733732,0.009773459435482938,0.012801433529761075,44360716518.81135,0.5542168674698795,0.88
2023-08-29,AAPL,gru,0.021575829141522288,-0.0003870637738145888,-0.017664622515439987,0.015356894582509995,295.27502998694564,308.3334597533457,295.27502998694564,308.3334597533457,13.234415335845583,6867.512852482613,0.009773459435482938,0.012801433529761075,44360716518.81135,0.5542168674698795,0.88
2023-08-30,AAPL,gru,0.018990800625655557,0.0017003081738948822,-0.01864641346037388,0.024055199697613716,300.9361234208628,308.8581546893803,300.9361234208628,308.8581546893803,12.989927707413628,7034.715009853614,0.009773459435482938,0.012801433529761075,44360716518.81135,0.5542168674698795,0.88
2023-08-31,AAPL,gru,0.0011717152338612251,-0.0017586739268153906,-0.024781111627817154,0.01733533665537834,301.28894152190026,308.31544614940304,301.28894152190026,308.31544614940304,12.671978601726385,7157.727223638118,0.009773459435482938,0.012801433529761075,44360716518.81135,0.5542168674698795,0.88
2023-09-01,AAPL,gru,0.008427747595417956,0.002174518071115017,-0.018637916073203087,0.022331511601805687,303.8388586104292,308.9866121357186,303.8388586104292,308.9866121357186,12.437986961939401,7319.368526914127,0.009773459435482938,0.012801433529761075,44360716518.81135,0.5542168674698795,0.88
2023-09-05,AAPL,gru,0.001265904969438001,0.0035315202549099922,-0.013026917353272438,0.020447561517357826,304.22373328743834,310.0797369650528,304.22373328743834,310.0797369650528,12.277009144586296,7470.572160552271,0.009773459435482938,0.012801433529761075,44360716518.81135,0.5542168674698795,0.88
2023-09-06,AAPL,gru,-0.036449612244476896,0.002348278183490038,-0.017951805144548416,0.025403883308172226,293.33455490190795,310.8087485689357,293.33455490190795,310.8087485689357,12.058581154650174,7662.784742321318,0.009773459435482938,0.012801433529761075,44360716518.81135,0.5542168674698795,0.88
2023-09-07,AAPL,gru,-0.02968568239312647,0.0019375368719920516,-0.016297897323966026,0.02150491438806057,284.75469799043856,311.41153600762254,284.75469799043856,311.41153600762254,11.863644628529228,7829.356931385617,0.009773459435482938,0.012801433529761075,44360716518.81135,0.5542168674698795,0.88
2023-09-08,AAPL,gru,0.003485667970687328,0.004111886490136385,-0.012944478541612625,0.021729785948991776,285.74899020027044,312.69466049389814,285.74899020027044,312.69466049389814,11.711065428712546,8001.349499950255,0.009773459435482938,0.012801433529761075,44360716518.81135,0.5542168674698795,0.88
2023-09-11,AAPL,gru,0.006600728540023095,0.0037875929847359657,-0.014227843843400478,0.020246125757694244,287.64138042135056,313.8812708501697,287.64138042135056,313.8812708501697,11.545621623165733,8164.997095714352,0.009773459435482938,0.012801433529761075,44360716518.81135,0.5542168674698795,0.88
2023-09-12,AAPL,gru,-0.017207856012939438,0.0030041253194212914,-0.013152732513844967,0.01905316859483719,282.7340325241346,314.82561531276906,282.7340325241346,314.82561531276906,11.394759721056824,8322.057750039678,0.009773459435482938,0.012801433529761075,44360716518.81135,0.5542168674698795,0.88
2023-09-13,AAPL,gru,-0.011925600122853191,0.0038079756777733564,-0.018710937350988388,0.0233708918094635,279.382285034947,316.02676737734106,279.382285034947,316.02676737734106,11.183535231934853,8518.842095092203,0.009773459435482938,0.012801433529761075,44360716518.81135,0.5542168674698795,0.88
2023-09-14,AAPL,gru,0.008744154734033161,0.002652894239872694,-0.01875840127468109,0.02220354601740837,281.83595898355503,316.8662797832416,281.83595898355503,316.8662797832416,10.975705600688963,8710.106095053778,0.009773459435482938,0.012801433529761075,44360716518.81135,0.5542168674698795,0.88
2023-09-15,AAPL,gru,-0.0041625775646815045,0.002820390509441495,-0.015710651874542236,0.021509669721126556,280.66523325253576,317.7612450464777,280.66523325253576,317.7612450464777,10.804617769168061,8899.487332177143,0.009773459435482938,0.012801433529761075,44360716518.81135,0.5542168674698795,0.88
2023-09-18,AAPL,gru,0.016771919860582848,0.002211490413174033,-0.01524762250483036,0.021598415449261665,285.4122248578875,318.4647541200932,285.4122248578875,318.4647541200932,10.641122829227237,9093.792514202049,0.009773459435482938,0.012801433529761075,44360716518.81135,0.5542168674698795,0.88
2023-09-19,AAPL,gru,0.006161828129162566,0.0017380252247676253,-0.017294270917773247,0.017379680648446083,287.176315363075,319.01872418188657,287.176315363075,319.01872418188657,10.458674669327445,9253.221550568229,0.009773459435482938,0.012801433529761075,44360716518.81135,0.5542168674698795,0.88
2023-09-20,AAPL,gru,-0.020194739222717015,-0.0002759976196102798,-0.017557237297296524,0.015892375260591507,281.4350315478914,318.9306847423895,281.4350315478914,318.9306847423895,10.276651687959644,9401.452092747022,0.009773459435482938,0.012801433529761075,44360716518.81135,0.5542168674698795,0.88
2023-09-21,AAPL,gru,-0.00892921521746959,-0.0006350363837555051,-0.019176505506038666,0.019082628190517426,278.9332237939886,318.72821189330705,278.9332237939886,318.72821189330705,10.0814590733542,9582.579435748055,0.009773459435482938,0.012801433529761075,44360716518.81135,0.5542168674698795,0.88
2023-09-22,AAPL,gru,0.004932337626036867,0.0005708749522455037,-0.020707154646515846,0.02103365771472454,280.31241515149827,318.9102096854281,280.31241515149827,318.9102096854281,9.874847406558837,9786.271026098577,0.009773459435482938,0.012801433529761075,44360716518.81135,0.5542168674698795,0.88
2023-09-25,AAPL,gru,0.007353232681253352,0.001673458842560649,-0.01850677654147148,0.021539464592933655,282.3812144230971,319.4443493717837,282.3812144230971,319.4443493717837,9.693776337818258,9999.348482791367,0.009773459435482938,0.012801433529761075,44360716518.81135,0.5542168674698795,0.88
2023-09-26,AAPL,gru,-0.02367651694592774,0.0023407572880387306,-0.017319561913609505,0.02175864763557911,275.7739381139743,320.1929785203027,275.7739381139743,320.1929785203027,9.527330037240857,10219.305092849565,0.009773459435482938,0.012801433529761075,44360716518.81135,0.5542168674698795,0.88
2023-09-27,AAPL,gru,-0.008937318409065484,0.004901624750345945,-0.01612691953778267,0.027462191879749298,273.3202396946976,321.7663068224034,273.3202396946976,321.7663068224034,9.374915730520048,10503.838752796022,0.009773459435482938,0.012801433529761075,44360716518.81135,0.5542168674698795,0.88
2023-09-28,AAPL,gru,0.0015244478171947313,0.002702440833672881,-0.019080467522144318,0.02428937703371048,273.7372198890157,322.63702281781866,273.7372198890157,322.63702281781866,9.197733948413603,10762.094501416703,0.009773459435482938,0.012801433529761075,44360716518.81135,0.5542168674698795,0.88
2023-09-29,AAPL,gru,0.0030418523515483935,0.002767669502645731,-0.016885705292224884,0.01833125576376915,274.5711558069833,323.5312102853331,274.5711558069833,323.5312102853331,9.043727477519594,10961.196780348304,0.009773459435482938,0.012801433529761075,44360716518.81135,0.5542168674698795,0.88
2023-10-02,AAPL,gru,0.01472657201395238,0.0007473768782801926,-0.018998628482222557,0.01879754476249218,278.6445677862317,323.7731083154842,278.6445677862317,323.7731083154842,8.8735311055402,11169.189622534457,0.009773459435482938,0.012801433529761075,44360716518.81135,0.5542168674698795,0.88
2023-10-03,AAPL,gru,-0.00780016161853228,7.617018854944035e-05,-0.023181259632110596,0.020845599472522736,276.4795498453805,323.79777164654143,276.4795498453805,323.79777164654143,8.670197263242509,11404.46190793526,0.009773459435482938,0.012801433529761075,44360716518.81135,0.5542168674698795,0.88
2023-10-04,AAPL,gru,0.0072820628939414345,0.0019601869862526655,-0.016775306314229965,0.01885383576154709,278.5002397823533,324.4330841469623,278.5002397823533,324.4330841469623,8.525965424945579,11621.519801127686,0.009773459435482938,0.012801433529761075,44360716518.81135,0.5542168674698795,0.88
2023-10-05,AAPL,gru,0.007172191135768029,0.00023866836272645742,-0.01859457604587078,0.017734883353114128,280.50487696067154,324.5105123727731,280.50487696067154,324.5105123727731,8.368893418991881,11829.464537502263,0.009773459435482938,0.012801433529761075,44360716518.81135,0.5542168674698795,0.88
2023-10-06,AAPL,gru,0.01464272339332305,-0.0010715684620663524,-0.02227901481091976,0.018338317051529884,284.6424510332006,324.16296931876974,284.6424510332006,324.16296931876974,8.184504284009646,12048.39812319089,0.009773459435482938,0.012801433529761075,44360716518.81135,0.5542168674698795,0.88
2023-10-09,AAPL,gru,0.008415668798788524,0.0026316961739212275,-0.015318227931857109,0.02133670262992382,287.04801564718247,325.0171780786488,287.04801564718247,325.0171780786488,8.060087468484976,12308.232842809473,0.009773459435482938,0.012801433529761075,44360716518.81135,0.5542168674698795,0.88
2023-10-10,AAPL,gru,-0.003357807706458779,0.0010297242552042007,-0.016673214733600616,0.02146715670824051,286.0857800133222,325.35201294671697,286.0857800133222,325.35201294671697,7.926814050253973,12575.311527550164,0.009773459435482938,0.012801433529761075,44360716518.81135,0.5542168674698795,0.88
2023-10-11,AAPL,gru,0.007872977668857532,0.0006768574821762741,-0.02115638367831707,0.019621582701802254,288.34701662342565,325.5723116462792,288.34701662342565,325.5723116462792,7.76087282077418,12824.495421712816,0.009773459435482938,0.012801433529761075,44360716518.81135,0.5542168674698795,0.88
2023-10-12,AAPL,gru,0.005048434552198421,0.0021944495383650064,-0.015919949859380722,0.020628873258829117,289.8063983622018,326.28756406137944,289.8063983622018,326.28756406137944,7.638298219701922,13091.798280781852,0.009773459435482938,0.012801433529761075,44360716518.81135,0.5542168674698795,0.88
2023-10-13,AAPL,gru,-0.010346073731310877,0.000994387548416853,-0.015482202172279358,0.0183839350938797,286.8234972620375,326.6121943229981,286.8234972620375,326.6121943229981,7.520951212335996,13334.703142710965,0.009773459435482938,0.012801433529761075,44360716518.81135,0.5542168674698795,0.88
2023-10-16,AAPL,gru,-0.0007271576803311256,0.0022488862741738558,-0.018074385821819305,0.02404598519206047,286.6150071648784,327.3475246545602,286.6150071648784,327.3475246545602,7.386235706937249,13659.235292682264,0.009773459435482938,0.012801433529761075,44360716518.81135,0.5542168674698795,0.88
2023-10-17,AAPL,gru,-0.008823545293605795,0.0034793377853929996,-0.01675034500658512,0.021210068836808205,284.0971711229898,328.48847520629056,284.0971711229898,328.48847520629056,7.263543973591735,13952.04247452173,0.009773459435482938,0.012801433529761075,44360716518.81135,0.5542168674698795,0.88
2023-10-18,AAPL,gru,-0.007422327028601251,0.0028214931953698397,-0.014550039544701576,0.02240944840013981,281.99631527541925,329.4166189268387,281.99631527541925,329.4166189268387,7.158624195861736,14268.229258629584,0.009773459435482938,0.012801433529761075,44360716518.81135,0.5542168674698795,0.88
2023-10-19,AAPL,gru,-0.0021633348643265698,0.003212911542505026,-0.01480031292885542,0.021475177258253098,281.3869222132652,330.47669964916236,281.3869222132652,330.47669964916236,7.05345432192103,14577.955640748067,0.009773459435482938,0.012801433529761075,44360716518.81135,0.5542168674698795,0.88
2023-10-20,AAPL,gru,-0.01481339452204075,0.0028146235272288322,-0.01896115392446518,0.023710638284683228,277.2493481407362,331.40817613328284,277.2493481407362,331.40817613328284,6.9209728411428655,14927.73865594525,0.009773459435482938,0.012801433529761075,44360716518.81135,0.5542168674698795,0.88
2023-10-23,AAPL,gru,0.0006938540552079055,0.0018897089175879955,-0.017482809722423553,0.02107403799891472,277.44178547924076,332.0350326428142,277.44178547924076,332.0350326428142,6.8010262572053355,15245.665054794006,0.009773459435482938,0.012801433529761075,44360716518.81135,0.5542168674698795,0.88
2023-10-24,AAPL,gru,0.002540137829876088,0.0005142328445799649,-0.020419226959347725,0.022207168862223625,278.1474216813158,332.2058275072129,278.1474216813158,332.2058275072129,6.663562734775669,15588.015200615173,0.009773459435482938,0.012801433529761075,44360716518.81135,0.5542168674698795,0.88
2023-10-25,AAPL,gru,-0.013583515757294929,0.0035008310806006193,-0.015165514312684536,0.021572787314653397,274.3947467564646,333.37087935364974,274.3947467564646,333.37087935364974,6.563269006425752,15927.946068368075,0.009773459435482938,0.012801433529761075,44360716518.81135,0.5542168674698795,0.88
2023-10-26,AAPL,gru,-0.024913307472257184,0.002113448455929756,-0.015164397656917572,0.021258998662233353,267.64311797279464,334.0762009477412,267.64311797279464,334.0762009477412,6.4644918473121376,16270.184111104232,0.009773459435482938,0.012801433529761075,44360716518.81135,0.5542168674698795,0.88
2023-10-27,AAPL,gru,0.007937744692775679,0.0032100463286042213,-0.015319121070206165,0.020922087132930756,269.7760548670054,335.1503206605424,269.7760548670054,335.1503206605424,6.366216036615992,16614.176198135716,0.009773459435482938,0.012801433529761075,44360716518.81135,0.5542168674698795,0.88
2023-10-30,AAPL,gru,0.012230172821553692,0.002700377721339464,-0.015055084601044655,0.02026336081326008,273.09572130955263,336.05657527674845,273.09572130955263,336.05657527674845,6.271089821132129,16954.268769616334,0.009773459435482938,0.012801433529761075,44360716518.81135,0.5542168674698795,0.88
2023-10-31,AAPL,gru,0.002814820305517639,-0.0008025228744372725,-0.022225426509976387,0.020343726500868797,273.8655196049083,335.78698433587664,273.8655196049083,335.78698433587664,6.133249475561133,17302.713565068472,0.009773459435482938,0.012801433529761075,44360716518.81135,0.5542168674698795,0.88
2023-11-01,AAPL,gru,0.018565230655253766,-0.00024315841437783092,-0.017303671687841415,0.016205772757530212,278.99738588726916,335.7053453375407,278.99738588726916,335.7053453375407,6.028034728873646,17585.401014143004,0.009773459435482938,0.012801433529761075,44360716518.81135,0.5542168674698795,0.88
2023-11-02,AAPL,gru,0.020482061044476387,-1.3574324839282781e-05,-0.020557371899485588,0.017433876171708107,284.77075074909305,335.70078314922904,284.77075074909305,335.70078314922904,5.905379077568373,17894.670328052354,0.009773459435482938,0.012801433529761075,44360716518.81135,0.5542168674698795,0.88
2023-11-03,AAPL,gru,-0.0051945993639879095,-0.0005372364539653063,-0.02044915221631527,0.01946484111249447,283.2953162516624,335.5204791132699,283.2953162516624,335.5204791132699,5.785845353187289,18246.398413693016,0.009773459435482938,0.012801433529761075,44360716518.81135,0.5542168674698795,0.88
2023-11-06,AAPL,gru,0.014499534151946178,1.8019862181972712e-05,-0.020637044683098793,0.019248375669121742,287.4328903241915,335.5265186841196,287.4328903241915,335.5265186841196,5.667666232824791,18601.013694295325,0.009773459435482938,0.012801433529761075,44360716518.81135,0.5542168674698795,0.88
2023-11-07,AAPL,gru,0.014347353570873111,-5.313768997439183e-05,-0.017998019233345985,0.020744564011693,291.586517155375,335.50869962950725,291.586517155375,335.50869962950725,5.566571800579881,18990.914836886575,0.009773459435482938,0.012801433529761075,44360716518.81135,0.5542168674698795,0.88
2023-11-08,AAPL,gru,0.005867648902712359,0.0015098414150997996,-0.0150894895195961,0.017641965299844742,293.30247385526775,336.0156458079202,293.30247385526775,336.0156458079202,5.483205688822013,19328.92545077166,0.009773459435482938,0.012801433529761075,44360716518.81135,0.5542168674698795,0.88
2023-11-09,AAPL,gru,-0.002627955104147737,0.0024258731864392757,-0.016317784786224365,0.01979287713766098,292.5327000305807,336.8317505499335,292.5327000305807,336.8317505499335,5.394458122552902,19715.312343557027,0.009773459435482938,0.012801433529761075,44360716518.81135,0.5542168674698795,0.88
2023-11-10,AAPL,gru,0.021637948732231772,0.003705589799210429,-0.014643216505646706,0.021793952211737633,298.9314862425446,338.0822100273135,298.9314862425446,338.0822100273135,5.316041582177881,20149.704050719283,0.009773459435482938,0.012801433529761075,44360716518.81135,0.5542168674698795,0.88
2023-11-13,AAPL,gru,-0.008620693785883315,0.002352020237594843,-0.015396948903799057,0.02121131867170334,296.36556533669847,338.8783061012592,296.36556533669847,338.8783061012592,5.234817809226881,20581.671056241183,0.009773459435482938,0.012801433529761075,44360716518.81135,0.5542168674698795,0.88
2023-11-14,AAPL,gru,0.014184631503116924,0.0012601171620190144,-0.019828135147690773,0.023770468309521675,300.59935807847984,339.30558984650435,300.59935807847984,339.30558984650435,5.1320432807179674,21076.768145345704,0.009773459435482938,0.012801433529761075,44360716518.81135,0.5542168674698795,0.88
2023-11-15,AAPL,gru,0.0030363164627480827,0.002057216363027692,-0.018097765743732452,0.023232173174619675,301.51345990704516,340.00433558174416,301.51345990704516,340.00433558174416,5.0400001973408,21572.159412277404,0.009773459435482938,0.012801433529761075,44360716518.81135,0.5542168674698795,0.88
2023-11-16,AAPL,gru,0.00900150206732359,0.001143604633398354,-0.018887730315327644,0.022871611639857292,304.23978604609295,340.39339913284215,304.23978604609295,340.39339913284215,4.945699303679584,22071.235316343907,0.009773459435482938,0.012801433529761075,44360716518.81135,0.5542168674698795,0.88
2023-11-17,AAPL,gru,-0.00010545214547580637,0.00032999314134940505,-0.018604718148708344,0.018952112644910812,304.20770499945263,340.50575976790805,304.20770499945263,340.50575976790805,4.854536532117073,22493.521007343243,0.009773459435482938,0.012801433529761075,44360716518.81135,0.5542168674698795,0.88
2023-11-20,AAPL,gru,0.009235488373932033,0.0028086609672755003,-0.016941390931606293,0.022855058312416077,307.03022533708395,341.463474432363,307.03022533708395,341.463474432363,4.772986750345817,23013.532018580634,0.009773459435482938,0.012801433529761075,44360716518.81135,0.5542168674698795,0.88
2023-11-21,AAPL,gru,-0.004239832394175006,0.0016399782616645098,-0.01772683672606945,0.020314229652285576,305.7312243608407,342.0239093836666,305.7312243608407,342.0239093836666,4.689122438639545,23485.81568596987,0.009773459435482938,0.012801433529761075,44360716518.81135,0.5542168674698795,0.88
2023-11-22,AAPL,gru,0.003508306644876359,0.0005388773861341178,-0.017926853150129318,0.01865822821855545,306.80570695193904,342.20828229967753,306.80570695193904,342.20828229967753,4.605810184456432,23928.133419372552,0.009773459435482938,0.012801433529761075,44360716518.81135,0.5542168674698795,0.88
2023-11-24,AAPL,gru,-0.007028964851045005,0.0018629987025633454,-0.016354331746697426,0.021049639210104942,304.6567417697424,342.84642919604147,304.6567417697424,342.84642919604147,4.531097750886427,24437.151301785656,0.009773459435482938,0.012801433529761075,44360716518.81135,0.5542168674698795,0.88
2023-11-27,AAPL,gru,-0.0009480090091400063,0.0008205652702599764,-0.018486591055989265,0.020939743146300316,304.36806129131685,343.1278633161534,304.36806129131685,343.1278633161534,4.448102785378538,24954.253235279994,0.009773459435482938,0.012801433529761075,44360716518.81135,0.5542168674698795,0.88
2023-11-28,AAPL,gru,0.0032089279273993677,0.0006272636819630861,-0.0172877237200737,0.018376026302576065,305.3463252131629,343.34318212381453,305.3463252131629,343.34318212381453,4.3718661432784875,25417.051472225317,0.009773459435482938,0.012801433529761075,44360716518.81135,0.5542168674698795,0.88
2023-11-29,AAPL,gru,-0.005424342810680806,0.004564159549772739,-0.014421516098082066,0.025690067559480667,303.69450613588214,344.9138183093198,303.69450613588214,344.9138183093198,4.309269549818647,26078.477142393825,0.009773459435482938,0.012801433529761075,44360716518.81135,0.5542168674698795,0.88
2023-11-30,AAPL,gru,0.0030581160772190498,0.0016448615351691842,-0.019649304449558258,0.021485134959220886,304.624660723102,345.48160201277017,304.624660723102,345.48160201277017,4.22542185544245,26644.837731159125,0.009773459435482938,0.012801433529761075,44360716518.81135,0.5542168674698795,0.88
2023-12-01,AAPL,gru,0.0067683489143075285,0.003226868575438857,-0.01354852132499218,0.021477220579981804,306.69345999470096,346.5982405152931,306.69345999470096,346.5982405152931,4.1685595968895015,27223.285470490202,0.009773459435482938,0.012801433529761075,44360716518.81135,0.5542168674698795,0.88
2023-12-04,AAPL,gru,-0.009509688006157315,0.003709081094712019,-0.012260107323527336,0.01985757239162922,303.79072480513446,347.8861967952078,303.79072480513446,347.8861967952078,4.117764549535393,27769.275936861526,0.009773459435482938,0.012801433529761075,44360716518.81135,0.5542168674698795,0.88
2023-12-05,AAPL,gru,0.020844456346414825,0.001447490998543799,-0.018047163262963295,0.021851615980267525,310.18953548776693,348.3901141528026,310.18953548776693,348.3901141528026,4.044117228099206,28382.757667700665,0.009773459435482938,0.012801433529761075,44360716518.81135,0.5542168674698795,0.88
2023-12-06,AAPL,gru,-0.00570329139174604,0.0033688268158584833,-0.016923829913139343,0.02183903008699417,308.4254694532481,349.56574173741774,308.4254694532481,349.56574173741774,3.976251079800083,29009.427083969193,0.009773459435482938,0.012801433529761075,44360716518.81135,0.5542168674698795,0.88
2023-12-07,AAPL,gru,0.010088276612733567,0.004977087490260601,-0.013051377609372139,0.022101251408457756,311.55269855729085,351.30990168867777,311.55269855729085,351.30990168867777,3.9246927289596965,29657.710354500145,0.009773459435482938,0.012801433529761075,44360716518.81135,0.5542168674698795,0.88
2023-12-08,AAPL,gru,0.00738503997898342,0.003193906042724848,-0.012368972413241863,0.021153874695301056,313.86204450202035,352.4337354894485,313.86204450202035,352.4337354894485,3.8764472570215682,30291.76943681711,0.009773459435482938,0.012801433529761075,44360716518.81135,0.5542168674698795,0.88
2023-12-11,AAPL,gru,-0.013011647184869976,0.0024109091609716415,-0.015521437861025333,0.02053571492433548,309.8046363400891,353.2844643243071,309.8046363400891,353.2844643243071,3.816743760003628,30920.26365125289,0.009773459435482938,0.012801433529761075,44360716518.81135,0.5542168674698795,0.88
2023-12-12,AAPL,gru,0.007888947771707804,0.0023654974065721035,-0.018885675817728043,0.019777197390794754,312.2583347593657,354.1211588572655,312.2583347593657,354.1211588572655,3.74533833347667,31537.868476282943,0.009773459435482938,0.012801433529761075,44360716518.81135,0.5542168674698795,0.88
2023-12-13,AAPL,gru,0.016553717390059137,0.0038791997358202934,-0.017452135682106018,0.02438843622803688,317.47039142299303,355.4975214508427,317.47039142299303,355.4975214508427,3.6805412650000964,32316.483064238204,0.009773459435482938,0.012801433529761075,44360716518.81135,0.5542168674698795,0.88
2023-12-14,AAPL,gru,0.0007574110681509634,0.0018950678640976548,-0.018996521830558777,0.019025593996047974,317.71093809612375,356.17184984493696,317.71093809612375,356.17184984493696,3.611283614749793,32937.20889267225,0.009773459435482938,0.012801433529761075,44360716518.81135,0.5542168674698795,0.88
2023-12-15,AAPL,gru,-0.002729446070281669,0.002769166138023138,-0.017637407407164574,0.026939230039715767,316.8449456021845,357.15953094424367,316.8449456021845,357.15953094424367,3.548148418802534,33836.57139068171,0.009773459435482938,0.012801433529761075,44360716518.81135,0.5542168674698795,0.88
2023-12-18,AAPL,gru,-0.008539714917303858,0.0032674837857484818,-0.01668318174779415,0.024257207289338112,314.1507005097771,358.32843259783664,314.1507005097771,358.32843259783664,3.4894451573466934,34667.38697802129,0.009773459435482938,0.012801433529761075,44360716518.81135,0.5542168674698795,0.88
2023-12-19,AAPL,gru,0.005345852136834865,0.0030362699180841446,-0.01774175837635994,0.02111830934882164,315.83460063369813,359.4180770283713,315.83460063369813,359.4180770283713,3.4280822957335206,35407.288635409976,0.009773459435482938,0.012801433529761075,44360716518.81135,0.5542168674698795,0.88
2023-12-20,AAPL,gru,-0.010771733360343535,0.0039249081164598465,-0.01234341599047184,0.020410554483532906,312.45077209787024,360.8315228519321,312.45077209787024,360.8315228519321,3.386028193450019,36137.39495957127,0.009773459435482938,0.012801433529761075,44360716518.81135,0.5542168674698795,0.88
2023-12-21,AAPL,gru,-0.0007702455125948375,0.0009970907121896744,-0.01662397012114525,0.019076161086559296,312.21020095407084,361.1914679325969,312.21020095407084,361.1914679325969,3.3302043531744996,36833.37710491331,0.009773459435482938,0.012801433529761075,44360716518.81135,0.5542168674698795,0.88
2023-12-22,AAPL,gru,-0.005562940974518667,0.002968004671856761,-0.01799461990594864,0.020623181015253067,310.4782159661923,362.26506060273135,310.4782159661923,362.26506060273135,3.2708144554423724,37600.88549062288,0.009773459435482938,0.012801433529761075,44360716518.81135,0.5542168674698795,0.88
2023-12-26,AAPL,gru,-0.0028449678505331312,0.001464425353333354,-0.019604934379458427,0.022559506818652153,309.5961707135986,362.79593823940115,309.5961707135986,362.79593823940115,3.2073148385377857,38458.78514186326,0.009773459435482938,0.012801433529761075,44360716518.81135,0.5542168674698795,0.88
2023-12-27,AAPL,gru,0.0005178189940495606,0.0012023941380903125,-0.02190643735229969,0.021716514602303505,309.7565270054629,363.232403575332,309.7565270054629,363.232403575332,3.1378179216954347,39303.111603043246,0.009773459435482938,0.012801433529761075,44360716518.81135,0.5542168674698795,0.88
2023-12-28,AAPL,gru,0.0022238156674305263,0.0003531414258759469,-0.018885433673858643,0.018380679190158844,310.446134919552,363.3607034806075,310.446134919552,363.3607034806075,3.079114905252278,40032.20925655095,0.009773459435482938,0.012801433529761075,44360716518.81135,0.5542168674698795,0.88
2023-12-29,AAPL,gru,-0.0054388937789295,0.0027642773929983377,-0.015514818951487541,0.01908663846552372,308.76223479563095,364.3665436504573,308.76223479563095,364.3665436504573,3.0317116083326403,40803.62765658859,0.009773459435482938,0.012801433529761075,44360716518.81135,0.5542168674698795,0.88
2023-01-03,AAPL,transformer,-0.03812220940337041,0.00602040346711874,-0.010153417475521564,0.025699883699417114,200.5759770243939,209.62824703486694,200.5759770243939,209.62824703486694,206.26503442213289,213.7944754998316,0.010155137044440309,0.013268859929561304,94533572364.22528,0.5622489959839357,0.916
2023-01-04,AAPL,transformer,0.010261402643368283,0.007255436386913061,-0.013350972905755043,0.03200563043355942,202.6447640606584,211.15471386248336,202.6447640606584,211.15471386248336,203.52949145606138,220.74777189635432,0.010155137044440309,0.013268859929561304,94533572364.22528,0.5622489959839357,0.916
2023-01-05,AAPL,transformer,-0.010661283111650382,0.0025517866015434265,-0.021597841754555702,0.024518026039004326,200.4957866431274,211.69421683868808,200.4957866431274,211.69421683868808,199.18081964938142,226.22696183795458,0.010155137044440309,0.013268859929561304,94533572364.22528,0.5622489959839357,0.916
2023-01-06,AAPL,transformer,0.036133357676866824,0.005683936644345522,-0.01363663375377655,0.02541346102952957,207.87284901227156,212.90089745510963,207.87284901227156,212.90089745510963,196.48309816742827,232.04986126205495,0.010155137044440309,0.013268859929561304,94533572364.22528,0.5622489959839357,0.916
2023-01-09,AAPL,transformer,0.004080529215203643,0.00351888919249177,-0.019349422305822372,0.028355125337839127,208.72281321822499,213.65140247795074,208.72281321822499,213.65140247795074,192.71780812117078,238.72382644525678,0.010155137044440309,0.013268859929561304,94533572364.22528,0.5622489959839357,0.916
2023-01-10,AAPL,transformer,0.004446510347639705,0.002589237177744508,-0.021856674924492836,0.028518589213490486,209.6529678054449,214.20530733333206,209.6529678054449,214.20530733333206,188.55133422642695,245.62989531658832,0.010155137044440309,0.013268859929561304,94533572364.22528,0.5622489959839357,0.916
2023-01-11,AAPL,transformer,0.020892514925815384,0.0042989845387637615,-0.015797987580299377,0.02602057158946991,214.07922235639947,215.12815172027047,214.07922235639947,215.12815172027047,185.59600403019425,252.1052057232977,0.010155137044440309,0.013268859929561304,94533572364.22528,0.5622489959839357,0.916
2023-01-12,AAPL,transformer,-0.0005994891772679897,0.00585636030882597,-0.015628963708877563,0.02819741889834404,213.95092264050686,216.39172002187777,213.95092264050686,216.39172002187777,182.7178814882574,259.31510840009963,0.010155137044440309,0.013268859929561304,94533572364.22528,0.5622489959839357,0.916
2023-01-13,AAPL,transformer,0.010068257135029462,0.006020817905664444,-0.013038775883615017,0.02344823256134987,216.11591611068934,217.69851468251613,216.11591611068934,217.69851468251613,180.35093288037342,265.4674296796259,0.010155137044440309,0.013268859929561304,94533572364.22528,0.5622489959839357,0.916
2023-01-17,AAPL,transformer,0.008718252102151425,0.005335428286343813,-0.019726311787962914,0.02778214029967785,218.00830633176943,218.8631225107628,218.00830633176943,218.8631225107628,176.82813122995495,272.94608745566205,0.010155137044440309,0.013268859929561304,94533572364.22528,0.5622489959839357,0.916
2023-01-18,AAPL,transformer,-0.005384454852158148,0.005856215488165617,-0.01459275558590889,0.029315605759620667,216.83760507141884,220.14860230027082,216.83760507141884,220.14860230027082,174.26645927918682,281.0661005433129,0.010155137044440309,0.013268859929561304,94533572364.22528,0.5622489959839357,0.916
2023-01-19,AAPL,transformer,0.0004436376600177206,0.00808784645050764,-0.012356837280094624,0.02589986100792885,216.9338237406711,221.93635337140168,216.9338237406711,221.93635337140168,172.12632394702175,288.4407699594764,0.010155137044440309,0.013268859929561304,94533572364.22528,0.5622489959839357,0.916
2023-01-20,AAPL,transformer,0.019038364081683426,0.004793248604983091,-0.017641518265008926,0.028020642697811127,221.1034543891718,223.00269771871584,221.1034543891718,223.00269771871584,169.1163835063922,296.63735440607354,0.010155137044440309,0.013268859929561304,94533572364.22528,0.5622489959839357,0.916
2023-01-23,AAPL,transformer,0.023228555627554673,0.004167716018855572,-0.017181281000375748,0.024499446153640747,226.29948276481335,223.93404133518683,226.29948276481335,223.93404133518683,166.235565289886,303.9945450309783,0.010155137044440309,0.013268859929561304,94533572364.22528,0.5622489959839357,0.916
2023-01-24,AAPL,transformer,0.010012762907375555,0.0014582577859982848,-0.01876881718635559,0.026077359914779663,228.5767476629026,224.26084174522214,228.5767476629026,224.26084174522214,163.14461640639362,312.0261887810756,0.010155137044440309,0.013268859929561304,94533572364.22528,0.5622489959839357,0.916
2023-01-25,AAPL,transformer,-0.004711835225971918,0.0016651349142193794,-0.01750914193689823,0.01878448761999607,227.50226507180426,224.63458272436887,227.50226507180426,224.63458272436887,160.312955539161,317.94283737384114,0.010155137044440309,0.013268859929561304,94533572364.22528,0.5622489959839357,0.916
2023-01-26,AAPL,transformer,0.014694869771428311,0.005526316352188587,-0.015305616892874241,0.022892404347658157,230.87006531964633,225.8794094241652,230.87006531964633,225.8794094241652,157.87795378082134,325.3052503224339,0.010155137044440309,0.013268859929561304,94533572364.22528,0.5622489959839357,0.916
2023-01-27,AAPL,transformer,0.0135914746418463,0.004798721522092819,-0.01622823067009449,0.025865891948342323,234.02935099966064,226.96593773132588,234.02935099966064,226.96593773132588,155.3365532681424,333.8293131667251,0.010155137044440309,0.013268859929561304,94533572364.22528,0.5622489959839357,0.916
2023-01-30,AAPL,transformer,-0.0202823742298003,0.006208449602127075,-0.01575285755097866,0.028308415785431862,229.33049319960372,228.37942069762494,229.33049319960372,228.37942069762494,152.9087344736019,343.414510400718,0.010155137044440309,0.013268859929561304,94533572364.22528,0.5622489959839357,0.916
2023-01-31,AAPL,transformer,0.008980486518885233,0.0060278866440057755,-0.012173682451248169,0.029691848903894424,231.39926800053388,229.76021563510946,231.39926800053388,229.76021563510946,151.0585598727855,353.7640148173488,0.010155137044440309,0.013268859929561304,94533572364.22528,0.5622489959839357,0.916
2023-02-01,AAPL,transformer,0.007869704048322388,0.0009453445672988892,-0.02004067972302437,0.02360299974679947,233.22749612833334,229.97752434125582,233.22749612833334,229.97752434125582,148.06137765790237,362.2132085492136,0.010155137044440309,0.013268859929561304,94533572364.22528,0.5622489959839357,0.916
2023-02-02,AAPL,transformer,0.036392300510034066,0.004090941045433283,-0.015863720327615738,0.023399218916893005,241.87151513308342,230.92028708652262,241.87151513308342,230.92028708652262,145.73110672921007,370.7886367288451,0.010155137044440309,0.013268859929561304,94533572364.22528,0.5622489959839357,0.916
2023-02-03,AAPL,transformer,0.024106975000651183,0.003953584935516119,-0.020030101761221886,0.025859301909804344,247.77315524013127,231.83506484943302,247.77315524013127,231.83506484943302,142.8411389541365,380.50203796145416,0.010155137044440309,0.013268859929561304,94533572364.22528,0.5622489959839357,0.916
2023-02-06,AAPL,transformer,-0.018091498958964447,0.00466009508818388,-0.017119668424129486,0.025685206055641174,243.33087240119087,232.91796124249316,243.33087240119087,232.91796124249316,140.4165574152922,390.40190356409516,0.010155137044440309,0.013268859929561304,94533572364.22528,0.5622489959839357,0.916
2023-02-07,AAPL,transformer,0.0190618622856037,0.005522278603166342,-0.016192682087421417,0.027325231581926346,248.01370191326197,234.2077467630034,248.01370191326197,234.2077467630034,138.1611502075485,401.21680691303317,0.010155137044440309,0.013268859929561304,94533572364.22528,0.5622489959839357,0.916
2023-02-08,AAPL,transformer,-0.017810405213165126,0.0023786029778420925,-0.014305838383734226,0.023492705076932907,243.6355811676022,234.76549939098226,243.6355811676022,234.76549939098226,136.19870573886791,410.7540550673976,0.010155137044440309,0.013268859929561304,94533572364.22528,0.5622489959839357,0.916
2023-02-09,AAPL,transformer,-0.0069355479636618615,0.0056071532890200615,-0.015287339687347412,0.025407634675502777,241.95168104368116,236.0855538118437,241.95168104368116,236.0855538118437,134.1324282245114,421.3240357003135,0.010155137044440309,0.013268859929561304,94533572364.22528,0.5622489959839357,0.916
2023-02-10,AAPL,transformer,0.0009275169239235722,0.004607919603586197,-0.016418473795056343,0.023624362424016,242.17619942882604,237.1759209635013,242.17619942882604,237.1759209635013,131.94816128070295,431.39605426396105,0.010155137044440309,0.013268859929561304,94533572364.22528,0.5622489959839357,0.916
2023-02-13,AAPL,transformer,0.01863211802837362,0.005573159549385309,-0.014501838013529778,0.026447365060448647,246.7307536956732,238.50144261460372,246.7307536956732,238.50144261460372,130.04847669557586,442.95753566056544,0.010155137044440309,0.013268859929561304,94533572364.22528,0.5622489959839357,0.916
2023-02-14,AAPL,transformer,-0.004233904053509201,0.00513472268357873,-0.018549274653196335,0.029944371432065964,245.68832768054654,239.7292322905391,245.68832768054654,239.7292322905391,127.65840451918594,456.42219416148566,0.010155137044440309,0.013268859929561304,94533572364.22528,0.5622489959839357,0.916
2023-02-15,AAPL,transformer,0.0138076604015739,0.004178290255367756,-0.015583079308271408,0.025664694607257843,249.10423726301474,240.73297567987623,249.10423726301474,240.73297567987623,125.68451461099497,468.28776700245623,0.010155137044440309,0.013268859929561304,94533572364.22528,0.5622489959839357,0.916
2023-02-16,AAPL,transformer,-0.010484143872342174,0.004020656459033489,-0.015312877483665943,0.022575829178094864,246.50623531052833,241.70284000612406,246.50623531052833,241.70284000612406,123.77458706401261,478.9800092868792,0.010155137044440309,0.013268859929561304,94533572364.22528,0.5622489959839357,0.916
2023-02-17,AAPL,transformer,-0.007575322747986234,0.006293790880590677,-0.013960273005068302,0.026136834174394608,244.64592613608852,243.2288747803374,244.64592613608852,243.2288747803374,122.05866709961222,491.6640657147163,0.010155137044440309,0.013268859929561304,94533572364.22528,0.5622489959839357,0.916
2023-02-21,AAPL,transformer,-0.027042190904412126,0.0051106903702020645,-0.01472315564751625,0.025968000292778015,238.11881573756347,244.47511495116595,238.11881573756347,244.47511495116595,120.27474338977304,504.59879330413867,0.010155137044440309,0.013268859929561304,94533572364.22528,0.5622489959839357,0.916
2023-02-22,AAPL,transformer,0.0028918809316494888,0.0055708372965455055,-0.019250590354204178,0.02803218364715576,238.80842365165265,245.8408472439184,238.80842365165265,245.8408472439184,117.98153065024538,518.9439279235635,0.010155137044440309,0.013268859929561304,94533572364.22528,0.5622489959839357,0.916
2023-02-23,AAPL,transformer,0.0032851106503145153,0.004895748104900122,-0.014032363891601562,0.024144910275936127,239.59422576432544,247.0473670670148,239.59422576432544,247.0473670670148,116.33753189411001,531.6262630418365,0.010155137044440309,0.013268859929561304,94533572364.22528,0.5622489959839357,0.916
2023-02-24,AAPL,transformer,-0.018169336930799952,0.005162311717867851,-0.016761865466833115,0.028021827340126038,235.28026711194633,248.32601252713744,235.28026711194633,248.32601252713744,114.40374783426135,546.7341156462592,0.010155137044440309,0.013268859929561304,94533572364.22528,0.5622489959839357,0.916
2023-02-27,AAPL,transformer,0.008213679785789116,0.005992631893604994,-0.016841143369674683,0.0297919400036335,237.2207421969839,249.81861366878462,237.2207421969839,249.81861366878462,112.49318824703907,563.2674526812397,0.010155137044440309,0.013268859929561304,94533572364.22528,0.5622489959839357,0.916
2023-02-28,AAPL,transformer,-0.0034537297979819336,0.004188024904578924,-0.01842483878135681,0.027536094188690186,236.4028590376708,250.86704319299287,236.4028590376708,250.86704319299287,110.4394982219109,578.9931456866219,0.010155137044440309,0.013268859929561304,94533572364.22528,0.5622489959839357,0.916
2023-03-01,AAPL,transformer,-0.014348470370965045,0.002783964853733778,-0.019803009927272797,0.022306300699710846,233.03505878982872,251.56641747202835,233.03505878982872,251.56641747202835,108.27397849744885,592.0534367408669,0.010155137044440309,0.013268859929561304,94533572364.22528,0.5622489959839357,0.916
2023-03-02,AAPL,transformer,0.004120643843103321,0.004083636682480574,-0.018414637073874474,0.025101186707615852,233.99729442368897,252.59582173625728,233.99729442368897,252.59582173625728,106.29839911504949,607.1027705830036,0.010155137044440309,0.013268859929561304,94533572364.22528,0.5622489959839357,0.916
2023-03-03,AAPL,transformer,0.0344884661213861,0.003051580861210823,-0.018986161798238754,0.02439379319548607,242.2082804754664,253.36782725584695,242.2082804754664,253.36782725584695,104.29923942891494,622.0944009601993,0.010155137044440309,0.013268859929561304,94533572364.22528,0.5622489959839357,0.916
2023-03-06,AAPL,transformer,0.018369623975035526,0.004584109410643578,-0.013296370394527912,0.021811529994010925,246.69867264903291,254.53197226845478,246.69867264903291,254.53197226845478,102.92161447269768,635.8122642935218,0.010155137044440309,0.013268859929561304,94533572364.22528,0.5622489959839357,0.916
2023-03-07,AAPL,transformer,-0.014602595001837332,0.0013893995201215148,-0.016606708988547325,0.019628508016467094,243.12240677470044,254.8858577274686,243.12240677470044,254.8858577274686,101.22653687571085,648.4155633070477,0.010155137044440309,0.013268859929561304,94533572364.22528,0.5622489959839357,0.916
2023-03-08,AAPL,transformer,0.008342341603068149,0.003961974289268255,-0.020482001826167107,0.02793312259018421,245.1591005289903,255.89770068737116,245.1591005289903,255.89770068737116,99.17430190736111,666.7831460334918,0.010155137044440309,0.013268859929561304,94533572364.22528,0.5622489959839357,0.916
2023-03-09,AAPL,transformer,-0.015026967291677991,0.0029721450991928577,-0.020139271393418312,0.029684139415621758,241.50264427339138,256.65938959791066,241.50264427339138,256.65938959791066,97.19698319355817,686.872705482646,0.010155137044440309,0.013268859929561304,94533572364.22528,0.5622489959839357,0.916
2023-03-10,AAPL,transformer,-0.013975929537563428,0.003670199541375041,-0.01845054142177105,0.02594160847365856,238.1508967842038,257.6030982814918,238.1508967842038,257.6030982814918,95.42008624520396,704.9244064947102,0.010155137044440309,0.013268859929561304,94533572364.22528,0.5622489959839357,0.916
2023-03-13,AAPL,transformer,0.013178778640633647,0.005016686394810677,-0.017021479085087776,0.02458728291094303,241.3102069348868,258.8986668804057,241.3102069348868,258.8986668804057,93.80964206061178,722.4714494987653,0.010155137044440309,0.013268859929561304,94533572364.22528,0.5622489959839357,0.916
2023-03-14,AAPL,transformer,0.013990825020587742,0.004150250926613808,-0.01745338924229145,0.027610821649432182,244.71006375870053,259.9753887622074,244.71006375870053,259.9753887622074,92.18654982124905,742.6974613813194,0.010155137044440309,0.013268859929561304,94533572364.22528,0.5622489959839357,0.916
2023-03-15,AAPL,transformer,0.002618033780690968,0.0018593716667965055,-0.01906922087073326,0.023425940424203873,245.35156233816355,260.45922776974663,245.35156233816355,260.45922776974663,90.44528112215711,760.301249631278,0.010155137044440309,0.013268859929561304,94533572364.22528,0.5622489959839357,0.916
2023-03-16,AAPL,transformer,0.018521449691435207,0.006422053556889296,-0.017633982002735138,0.0253269262611866,249.93817318098237,262.13727959489046,249.93817318098237,262.13727959489046,88.8643500927921,779.803267151278,0.010155137044440309,0.013268859929561304,94533572364.22528,0.5622489959839357,0.916
2023-03-17,AAPL,transformer,-0.00546892845685537,0.004407668486237526,-0.019885754212737083,0.032805949449539185,248.5750101114585,263.2952499080423,248.5750101114585,263.2952499080423,87.11467133233194,805.809698971461,0.010155137044440309,0.013268859929561304,94533572364.22528,0.5622489959839357,0.916
2023-03-20,AAPL,transformer,0.015365180286954876,0.004774919711053371,-0.014574122615158558,0.02278894931077957,252.423903705562,264.55547896857985,252.423903705562,264.55547896857985,85.85425867988648,824.3840530254971,0.010155137044440309,0.013268859929561304,94533572364.22528,0.5622489959839357,0.916
2023-03-21,AAPL,transformer,0.011873354885857336,0.0050659459084272385,-0.016677016392350197,0.02895025722682476,255.43888585236658,265.8991013700531,255.43888585236658,265.8991013700531,84.43433748599217,848.5990216393111,0.010155137044440309,0.013268859929561304,94533572364.22528,0.5622489959839357,0.916
2023-03-22,AAPL,transformer,-0.009145136079797108,0.003064702730625868,-0.01894284039735794,0.023510050028562546,253.11351161965118,266.7152522811549,253.11351161965118,266.7152522811549,82.84996467799306,868.7859800196752,0.010155137044440309,0.013268859929561304,94533572364.22528,0.5622489959839357,0.916
2023-03-23,AAPL,transformer,0.006945291611907683,0.0015903033781796694,-0.02196231484413147,0.028559915721416473,254.87757765416998,267.13974646817684,254.87757765416998,267.13974646817684,81.05022212077174,893.956162521485,0.010155137044440309,0.013268859929561304,94533572364.22528,0.5622489959839357,0.916
2023-03-24,AAPL,transformer,0.008271288176609921,0.0037626507692039013,-0.017469007521867752,0.027767401188611984,256.994486260395,268.14679796021977,256.994486260395,268.14679796021977,79.64665150845558,919.1268561396156,0.010155137044440309,0.013268859929561304,94533572364.22528,0.5622489959839357,0.916
2023-03-27,AAPL,transformer,-0.012369486995857677,0.006952561903744936,-0.012976747006177902,0.02711295709013939,253.835176109712,270.0176160384301,253.835176109712,270.0176160384301,78.61977504409823,944.387974052128,0.010155137044440309,0.013268859929561304,94533572364.22528,0.5622489959839357,0.916
2023-03-28,AAPL,transformer,-0.003988261529460803,0.006046320777386427,-0.014003156684339046,0.030112840235233307,252.82483114122564,271.65517929068113,252.82483114122564,271.65517929068113,77.52652109430925,973.2587310098671,0.010155137044440309,0.013268859929561304,94533572364.22528,0.5622489959839357,0.916
2023-03-29,AAPL,transformer,0.019597451474395997,0.005967436358332634,-0.016024667769670486,0.030290983617305756,257.8284221783626,273.28110617173536,257.8284221783626,273.28110617173536,76.29408384956614,1003.1907650537803,0.010155137044440309,0.013268859929561304,94533572364.22528,0.5622489959839357,0.916
2023-03-30,AAPL,transformer,0.009841296980088399,0.005067458841949701,-0.015243368223309517,0.02338382788002491,260.37831479622287,274.6694677332389,260.37831479622287,274.6694677332389,75.13992388231128,1026.9256049639846,0.010155137044440309,0.013268859929561304,94533572364.22528,0.5622489959839357,0.916
2023-03-31,AAPL,transformer,0.015523096822170946,0.006026131566613913,-0.020588718354701996,0.03128531575202942,264.45172677547123,276.3296437746606,264.45172677547123,276.3296437746606,73.6087050808055,1059.5611828932124,0.010155137044440309,0.013268859929561304,94533572364.22528,0.5622489959839357,0.916
2023-04-03,AAPL,transformer,0.007672157141840555,0.005449175368994474,-0.017938964068889618,0.029092762619256973,266.48844500042975,277.83953022448105,266.48844500042975,277.83953022448105,72.3000164539849,1090.839465874395,0.010155137044440309,0.013268859929561304,94533572364.22528,0.5622489959839357,0.916
2023-04-04,AAPL,transformer,-0.003254935249652321,0.004470640327781439,-0.01606760546565056,0.024164892733097076,265.6224525064905,279.08441812280904,265.6224525064905,279.08441812280904,71.14760945153235,1117.520573248663,0.010155137044440309,0.013268859929561304,94533572364.22528,0.5622489959839357,0.916
2023-04-05,AAPL,transformer,-0.0113545066352627,0.0038980147801339626,-0.01432722806930542,0.024064473807811737,262.62349864767174,280.1744252838252,262.62349864767174,280.1744252838252,70.13553003210576,1144.7393124535315,0.010155137044440309,0.013268859929561304,94533572364.22528,0.5622489959839357,0.916
2023-04-06,AAPL,transformer,0.005480856301668929,0.005839652847498655,-0.016558652743697166,0.02495831809937954,264.0668520984621,281.8153375203005,264.0668520984621,281.8153375203005,68.9837411196917,1173.6695872071198,0.010155137044440309,0.013268859929561304,94533572364.22528,0.5622489959839357,0.916
2023-04-10,AAPL,transformer,-0.016101268371610637,0.005913445260375738,-0.01646646112203598,0.02759559452533722,259.8490876446666,283.48678986229186,259.8490876446666,283.48678986229186,67.8571253520307,1206.5086871093392,0.010155137044440309,0.013268859929561304,94533572364.22528,0.5622489959839357,0.916
2023-04-11,AAPL,transformer,-0.007620120015640883,0.004319867584854364,-0.012952959164977074,0.01969463936984539,257.8765315129887,284.71406216547246,257.8765315129887,284.71406216547246,66.98384366416705,1230.5059416510724,0.010155137044440309,0.013268859929561304,94533572364.22528,0.5622489959839357,0.916
2023-04-12,AAPL,transformer,-0.004362717597645155,0.0054746163077652454,-0.0165768563747406,0.02860269322991371,256.75393958726426,286.2770250030159,256.75393958726426,286.2770250030159,65.8826150250833,1266.2098840338626,0.010155137044440309,0.013268859929561304,94533572364.22528,0.5622489959839357,0.916
2023-04-13,AAPL,transformer,0.0335349940083643,0.006989917252212763,-0.01435999758541584,0.0284747127443552,265.51018107858374,288.2850847941282,265.51018107858374,288.2850847941282,64.94330211217898,1302.7831577250106,0.010155137044440309,0.013268859929561304,94533572364.22528,0.5622489959839357,0.916
2023-04-14,AAPL,transformer,-0.0021162195532967317,0.004494118504226208,-0.015073612332344055,0.02511226385831833,264.94889735105585,289.58357956749956,264.94889735105585,289.58357956749956,63.97171218925908,1335.913197218873,0.010155137044440309,0.013268859929561304,94533572364.22528,0.5622489959839357,0.916
2023-04-17,AAPL,transformer,0.00012098422435876032,0.0018997981678694487,-0.016774717718362808,0.022638831287622452,264.9809539270275,290.1342594015389,264.9809539270275,290.1342594015389,62.90755415087825,1366.5016084836045,0.010155137044440309,0.013268859929561304,94533572364.22528,0.5622489959839357,0.916
2023-04-18,AAPL,transformer,0.007476703533550668,0.006118874065577984,-0.016421757638454437,0.027321361005306244,266.9695628173599,291.9149901830401,266.9695628173599,291.9149901830401,61.88293575993798,1404.3510247071245,0.010155137044440309,0.013268859929561304,94533572364.22528,0.5622489959839357,0.916
2023-04-19,AAPL,transformer,0.006944078432907277,0.0039166780188679695,-0.017988163977861404,0.024092115461826324,268.8298719917997,293.06057255818814,268.8298719917997,293.06057255818814,60.77972811778525,1438.5955877093431,0.010155137044440309,0.013268859929561304,94533572364.22528,0.5622489959839357,0.916
2023-04-20,AAPL,transformer,-0.005863430642706429,0.005232857074588537,-0.01862059347331524,0.02962716482579708,267.2582188251167,294.5981207257576,267.2582188251167,294.5981207257576,59.658445872300426,1481.854767111229,0.010155137044440309,0.013268859929561304,94533572364.22528,0.5622489959839357,0.916
2023-04-21,AAPL,transformer,-0.009829063562230548,0.0028146477416157722,-0.018345382064580917,0.023456905037164688,264.6441885846445,295.4284704055185,264.6441885846445,295.4284704055185,58.5739683579594,1517.0254221910163,0.010155137044440309,0.013268859929561304,94533572364.22528,0.5622489959839357,0.916
2023-04-24,AAPL,transformer,0.00187678307164327,0.005211361218243837,-0.0184897743165493,0.027080006897449493,265.14133468956044,296.9720673715317,265.14133468956044,296.9720673715317,57.500898833635624,1558.6677176578755,0.010155137044440309,0.013268859929561304,94533572364.22528,0.5622489959839357,0.916
2023-04-25,AAPL,transformer,-0.00948045708845073,0.003584970021620393,-0.017099712044000626,0.023910216987133026,262.6395514063263,298.0386182788696,262.6395514063263,298.0386182788696,56.52600775691997,1596.3850026561838,0.010155137044440309,0.013268859929561304,94533572364.22528,0.5622489959839357,0.916
2023-04-26,AAPL,transformer,-6.11227409118481e-05,0.0030342983081936836,-0.01972297392785549,0.025745665654540062,262.6234986476718,298.9443228316589,262.6234986476718,298.9443228316589,55.422068398232945,1638.0185528913485,0.010155137044440309,0.013268859929561304,94533572364.22528,0.5622489959839357,0.916
2023-04-27,AAPL,transformer,0.02799959640412221,0.003142351284623146,-0.018091946840286255,0.025614716112613678,270.0807636334168,299.88517369357527,270.0807636334168,299.88517369357527,54.428391947956946,1680.5178357260147,0.010155137044440309,0.013268859929561304,94533572364.22528,0.5622489959839357,0.916
2023-04-28,AAPL,transformer,0.0075127628783707495,0.004728079307824373,-0.014530092477798462,0.027623087167739868,272.1174573877067,301.3064148536535,272.1174573877067,301.3064148536535,53.64326025554094,1727.5859529852776,0.010155137044440309,0.013268859929561304,94533572364.22528,0.5622489959839357,0.916
2023-05-01,AAPL,transformer,-0.0005305293301251952,0.007607321720570326,-0.016473883762955666,0.030891330912709236,271.9731293838282,303.6072836417403,271.9731293838282,303.6072836417403,52.76678600690699,1781.786166360454,0.010155137044440309,0.013268859929561304,94533572364.22528,0.5622489959839357,0.916
2023-05-02,AAPL,transformer,-0.006210667252655721,0.004247825592756271,-0.020015861839056015,0.028783239424228668,270.2892292599072,304.89969264351544,270.2892292599072,304.89969264351544,51.72111318030165,1833.8170085826268,0.010155137044440309,0.013268859929561304,94533572364.22528,0.5622489959839357,0.916
2023-05-03,AAPL,transformer,-0.006488289493430346,0.002773676998913288,-0.01959775947034359,0.024511346593499184,268.5411915133742,305.7465748483573,268.5411915133742,305.7465748483573,50.71736286523505,1879.321798776129,0.010155137044440309,0.013268859929561304,94533572364.22528,0.5622489959839357,0.916
2023-05-04,AAPL,transformer,-0.00996289426016366,0.004914362449198961,-0.018607517704367638,0.028905170038342476,265.87902746760716,307.25281795236015,265.87902746760716,307.25281795236015,49.78236402724156,1934.4367348516153,0.010155137044440309,0.013268859929561304,94533572364.22528,0.5622489959839357,0.916
2023-05-05,AAPL,transformer,0.045859131675121956,0.004566332325339317,-0.019460659474134445,0.031146127730607986,278.35591177847493,308.6590533420273,278.35591177847493,308.6590533420273,48.82293310603245,1995.6350359811781,0.010155137044440309,0.013268859929561304,94533572364.22528,0.5622489959839357,0.916
2023-05-08,AAPL,transformer,-0.00040341904336783815,0.003699603723362088,-0.017805911600589752,0.02488638460636139,278.24364035056817,309.80308430479374,278.24364035056817,309.80308430479374,47.961289418345224,2045.9222027603073,0.010155137044440309,0.013268859929561304,94533572364.22528,0.5622489959839357,0.916
2023-05-09,AAPL,transformer,-0.010021201864830388,0.006283527705818415,-0.01656237803399563,0.028743622824549675,275.469229347563,311.75586930627435,275.469229347563,311.75586930627435,47.173478850698814,2105.5828040656515,0.010155137044440309,0.013268859929561304,94533572364.22528,0.5622489959839357,0.916
2023-05-10,AAPL,transformer,0.01036694934142512,0.0033092431258410215,-0.02070428617298603,0.028882881626486778,278.33985901982044,312.78925693172187,278.33985901982044,312.78925693172187,46.20682722502964,2167.2848605803224,0.010155137044440309,0.013268859929561304,94533572364.22528,0.5622489959839357,0.916
2023-05-11,AAPL,transformer,0.0010941375813929384,0.002434829715639353,-0.018535248935222626,0.024459872394800186,278.6445677862318,313.5517839569749,278.6445677862318,313.5517839569749,45.35825969696092,2220.9499510852766,0.010155137044440309,0.013268859929561304,94533572364.22528,0.5622489959839357,0.916
2023-05-12,AAPL,transformer,-0.006814490743398574,0.0053012073040008545,-0.01538857351988554,0.03042243793606758,276.75220203582035,315.218406946519,276.75220203582035,315.218406946519,44.66560416384857,2289.5550683019856,0.010155137044440309,0.013268859929561304,94533572364.22528,0.5622489959839357,0.916
2023-05-15,AAPL,transformer,-0.002901580371093546,0.006029694806784391,-0.01383596658706665,0.02354869619011879,275.95034716449305,317.1248365541517,275.95034716449305,317.1248365541517,44.05186667644326,2344.1109272511153,0.010155137044440309,0.013268859929561304,94533572364.22528,0.5622489959839357,0.916
2023-05-16,AAPL,transformer,0.0,0.00524766743183136,-0.015395212918519974,0.02478606626391411,275.95034716449305,318.79336389339016,275.95034716449305,318.79336389339016,43.37887194360405,2402.938314142239,0.010155137044440309,0.013268859929561304,94533572364.22528,0.5622489959839357,0.916
2023-05-17,AAPL,transformer,0.0035966804036770515,0.004521251190453768,-0.017693612724542618,0.02726464718580246,276.9446393743249,320.23797689016857,276.9446393743249,320.23797689016857,42.61809280707662,2469.3549203990465,0.010155137044440309,0.013268859929561304,94533572364.22528,0.5622489959839357,0.916
2023-05-18,AAPL,transformer,0.013573571100223046,0.0016327607445418835,-0.02134208008646965,0.02512383460998535,280.7293953458164,320.7612844743602,280.7293953458164,320.7612844743602,41.71817091988839,2532.18055303455,0.010155137044440309,0.013268859929561304,94533572364.22528,0.5622489959839357,0.916
2023-05-19,AAPL,transformer,0.0006281980061119212,0.005171049386262894,-0.019459087401628494,0.02763919159770012,280.90580439633516,322.42424312754673,280.90580439633516,322.42424312754673,40.91422186215307,2603.1440861799524,0.010155137044440309,0.013268859929561304,94533572364.22528,0.5622489959839357,0.916
2023-05-22,AAPL,transformer,-0.0054958159407207455,0.006564344745129347,-0.011482764035463333,0.025252286344766617,279.3662322762926,324.54771488353623,279.3662322762926,324.54771488353623,40.44710047234502,2669.7165017301963,0.010155137044440309,0.013268859929561304,94533572364.22528,0.5622489959839357,0.916
2023-05-23,AAPL,transformer,-0.015271001481647386,0.006174931302666664,-0.01751154102385044,0.029060756787657738,275.13243953451126,326.55796196119604,275.13243953451126,326.55796196119604,39.744976103184825,2748.4387873587507,0.010155137044440309,0.013268859929561304,94533572364.22528,0.5622489959839357,0.916
2023-05-24,AAPL,transformer,0.001630744591288417,0.0033581415191292763,-0.01736760139465332,0.023468907922506332,275.5814763048011,327.65641429234074,275.5814763048011,327.65641429234074,39.060661567503196,2813.7045628535484,0.010155137044440309,0.013268859929561304,94533572364.22528,0.5622489959839357,0.916
2023-05-25,AAPL,transformer,0.006670031103772704,0.005303035490214825,-0.0175020694732666,0.02849263697862625,277.42575719125506,329.3985935724646,277.42575719125506,329.3985935724646,38.382967698047715,2895.0274098584873,0.010155137044440309,0.013268859929561304,94533572364.22528,0.5622489959839357,0.916
2023-05-26,AAPL,transformer,0.014006240077885338,0.006386092863976955,-0.01581442728638649,0.02777319774031639,281.33878840797047,331.50890069562155,281.33878840797047,331.50890069562155,37.78073783452354,2976.5585596529,0.010155137044440309,0.013268859929561304,94533572364.22528,0.5622489959839357,0.916
2023-05-30,AAPL,transformer,0.010603169101558126,0.003674662671983242,-0.02146546170115471,0.02634618431329727,284.3377422667892,332.72932461712105,284.3377422667892,332.72932461712105,36.97839897059785,3056.021732403548,0.010155137044440309,0.013268859929561304,94533572364.22528,0.5622489959839357,0.916
2023-05-31,AAPL,transformer,-0.00028206488032115034,0.005131002515554428,-0.017057649791240692,0.026451610028743744,284.25755188552273,334.440963609574,284.25755188552273,334.440963609574,36.35298342828713,3137.937069798755,0.010155137044440309,0.013268859929561304,94533572364.22528,0.5622489959839357,0.916
2023-06-01,AAPL,transformer,0.015895540184739647,0.004903226625174284,-0.01640738733112812,0.02639917843043804,288.8120816817012,336.08482035094875,288.8120816817012,336.08482035094875,35.76139320571834,3221.8790320885546,0.010155137044440309,0.013268859929561304,94533572364.22528,0.5622489959839357,0.916
2023-06-02,AAPL,transformer,0.004764027547575428,0.004933780990540981,-0.016880717128515244,0.025282584130764008,290.1912730392109,337.74709366212994,290.1912730392109,337.74709366212994,35.16278285823669,3304.3747423927275,0.010155137044440309,0.013268859929561304,94533572364.22528,0.5622489959839357,0.916
2023-06-05,AAPL,transformer,-0.007599931855572029,0.0046356660313904285,-0.018099306151270866,0.024895457550883293,287.9941985223881,339.3164086747839,287.9941985223881,339.3164086747839,34.53208462846991,3387.6714088988233,0.010155137044440309,0.013268859929561304,94533572364.22528,0.5622489959839357,0.916
2023-06-06,AAPL,transformer,-0.002062461269997269,0.0034091004636138678,-0.019555585458874702,0.024612126871943474,287.4008337482199,340.47512986462823,287.4008337482199,340.47512986462823,33.86334979023009,3472.0836547568083,0.010155137044440309,0.013268859929561304,94533572364.22528,0.5622489959839357,0.916
2023-06-07,AAPL,transformer,-0.007786496137042584,0.006243437062948942,-0.015543349087238312,0.026966217905282974,285.1716781847568,342.607531613861,285.1716781847568,342.607531613861,33.34106929595617,3566.9866046798734,0.010155137044440309,0.013268859929561304,94533572364.22528,0.5622489959839357,0.916
2023-06-08,AAPL,transformer,0.015346710907507015,0.005720861721783876,-0.014861016534268856,0.02771676331758499,289.5818799770569,344.573175410962,289.5818799770569,344.573175410962,32.84925063828548,3667.234710320227,0.010155137044440309,0.013268859929561304,94533572364.22528,0.5622489959839357,0.916
2023-06-09,AAPL,transformer,0.002157494679750581,0.0036375916097313166,-0.01975497044622898,0.025695500895380974,290.20732579786545,345.8288786184921,290.20732579786545,345.8288786184921,32.206682769830834,3762.6873799831137,0.010155137044440309,0.013268859929561304,94533572364.22528,0.5622489959839357,0.916
2023-06-12,AAPL,transformer,0.015517715478083682,0.0050555937923491,-0.017489757388830185,0.02909569814801216,294.74580283538944,347.58168509511165,294.74580283538944,347.58168509511165,31.64829361451908,3873.77370457378,0.010155137044440309,0.013268859929561304,94533572364.22528,0.5622489959839357,0.916
2023-06-13,AAPL,transformer,-0.002615069534464595,0.0039057370740920305,-0.01608375646173954,0.02196292020380497,293.97602901070246,348.9419121504589,293.97602901070246,348.9419121504589,31.143342225008347,3959.794063445381,0.010155137044440309,0.013268859929561304,94533572364.22528,0.5622489959839357,0.916
2023-06-14,AAPL,transformer,0.003485269547817915,0.004537664819508791,-0.013481726869940758,0.023828381672501564,295.00240226717466,350.52888377798666,295.00240226717466,350.52888377798666,30.726293746225682,4055.282476029707,0.010155137044440309,0.013268859929561304,94533572364.22528,0.5622489959839357,0.916
2023-06-15,AAPL,transformer,0.011136441216671795,0.00410363869741559,-0.017196837812662125,0.024862390011548996,298.30604042173604,351.9703021689666,298.30604042173604,351.9703021689666,30.202416907927816,4157.370245165608,0.010155137044440309,0.013268859929561304,94533572364.22528,0.5622489959839357,0.916
2023-06-16,AAPL,transformer,-0.005877116959156689,0.005577762145549059,-0.017461806535720825,0.0298762284219265,296.55800267520306,353.93897761282665,296.55800267520306,353.93897761282665,29.67960516648236,4283.4506565688325,0.010155137044440309,0.013268859929561304,94533572364.22528,0.5622489959839357,0.916
2023-06-20,AAPL,transformer,0.00048655876218681567,0.0033610535319894552,-0.016662009060382843,0.026129696518182755,296.7023306790814,355.13058706766606,296.7023306790814,355.13058706766606,29.189180639440256,4396.851235694888,0.010155137044440309,0.013268859929561304,94533572364.22528,0.5622489959839357,0.916
2023-06-21,AAPL,transformer,-0.0056914688122717575,0.004599705804139376,-0.014977870509028435,0.025332162156701088,295.0184550258291,356.76784563598335,295.0184550258291,356.76784563598335,28.75524748271119,4509.655736220042,0.010155137044440309,0.013268859929561304,94533572364.22528,0.5622489959839357,0.916
2023-06-22,AAPL,transformer,0.016390237686521526,0.00413387268781662,-0.02150474674999714,0.028287185356020927,299.89372187640475,358.2457220450377,299.89372187640475,358.2457220450377,28.143474914128657,4639.042509720719,0.010155137044440309,0.013268859929561304,94533572364.22528,0.5622489959839357,0.916
2023-06-23,AAPL,transformer,-0.0017127350070563138,0.005172095727175474,-0.01794152706861496,0.026531603187322617,299.3805230128343,360.1033998222371,299.3805230128343,360.1033998222371,27.643040148685007,4763.771061314432,0.010155137044440309,0.013268859929561304,94533572364.22528,0.5622489959839357,0.916
2023-06-26,AAPL,transformer,-0.007581638224881852,0.007085834629833698,-0.013566767796874046,0.026607444509863853,297.1193108733996,362.6640782927052,297.1193108733996,362.6640782927052,27.2705452159945,4892.223981657595,0.010155137044440309,0.013268859929561304,94533572364.22528,0.5622489959839357,0.916
2023-06-27,AAPL,transformer,0.014946804244221984,0.004016408231109381,-0.020292367786169052,0.026046227663755417,301.5936502883116,364.123621912238,301.5936502883116,364.123621912238,26.722738916808506,5021.321978014998,0.010155137044440309,0.013268859929561304,94533572364.22528,0.5622489959839357,0.916
2023-06-28,AAPL,transformer,0.00630784445068761,0.003296610666438937,-0.020803699269890785,0.022664280608296394,303.50206879737755,365.3259935485058,303.50206879737755,365.3259935485058,26.17254938328514,5136.42630368124,0.010155137044440309,0.013268859929561304,94533572364.22528,0.5622489959839357,0.916
2023-06-29,AAPL,transformer,0.0017949341804471592,0.003607026068493724,-0.020894387736916542,0.028261875733733177,304.0473242369197,366.6461323417878,304.0473242369197,366.6461323417878,25.631363192191003,5283.662301475295,0.010155137044440309,0.013268859929561304,94533572364.22528,0.5622489959839357,0.916
2023-06-30,AAPL,transformer,0.022839687725452428,0.006205738056451082,-0.013587512075901031,0.027536526322364807,311.0715807403607,368.9285008092088,311.0715807403607,368.9285008092088,25.285451950265482,5431.177784615336,0.010155137044440309,0.013268859929561304,94533572364.22528,0.5622489959839357,0.916
2023-07-03,AAPL,transformer,-0.007815139410722646,0.00488313240930438,-0.013907442800700665,0.026537392288446426,308.649987838393,370.73443941412734,308.649987838393,370.73443941412734,24.936230248181428,5577.2366133014475,0.010155137044440309,0.013268859929561304,94533572364.22528,0.5622489959839357,0.916
2023-07-05,AAPL,transformer,-0.005888679345684716,0.005960941314697266,-0.014059239998459816,0.02524135448038578,306.83778799857936,372.9509507041932,306.83778799857936,372.9509507041932,24.588098083114215,5719.80552737793,0.010155137044440309,0.013268859929561304,94533572364.22528,0.5622489959839357,0.916
2023-07-06,AAPL,transformer,0.0025055905382930246,0.0031280089169740677,-0.01718101091682911,0.022107692435383797,307.6075618232663,374.11938340905397,307.6075618232663,374.11938340905397,24.169258700770985,5847.665416990469,0.010155137044440309,0.013268859929561304,94533572364.22528,0.5622489959839357,0.916
2023-07-07,AAPL,transformer,-0.005908694079767804,0.004021756816655397,-0.014638682827353477,0.023229332640767097,305.79536198345266,375.6270359011174,305.79536198345266,375.6270359011174,23.81803031722637,5985.093021582524,0.010155137044440309,0.013268859929561304,94533572364.22528,0.5622489959839357,0.916
2023-07-10,AAPL,transformer,-0.01091519762644529,0.00483156880363822,-0.020143989473581314,0.03168904781341553,302.4756955409054,377.4462859143008,302.4756955409054,377.4462859143008,23.343040142127755,6177.792199281744,0.010155137044440309,0.013268859929561304,94533572364.22528,0.5622489959839357,0.916
2023-07-11,AAPL,transformer,-0.0028139803318065135,0.004731577821075916,-0.019021857529878616,0.029926598072052002,301.625731334952,379.2364161105265,301.625731334952,379.2364161105265,22.90320821985596,6365.466963758563,0.010155137044440309,0.013268859929561304,94533572364.22528,0.5622489959839357,0.916
2023-07-12,AAPL,transformer,0.008945421112453576,0.0037429227959364653,-0.01948433741927147,0.028399299830198288,304.3360047153452,380.6585400125599,304.3360047153452,380.6585400125599,22.461273592930624,6548.83345673623,0.010155137044440309,0.013268859929561304,94533572364.22528,0.5622489959839357,0.916
2023-07-13,AAPL,transformer,0.004049275962856601,0.002902301261201501,-0.022333156317472458,0.023712988942861557,305.57084359830776,381.7649472403844,305.57084359830776,381.7649472403844,21.965202730473077,6705.981577080771,0.010155137044440309,0.013268859929561304,94533572364.22528,0.5622489959839357,0.916
2023-07-14,AAPL,transformer,0.0007869746069128465,0.005012137815356255,-0.016065360978245735,0.02514416165649891,305.81141474210716,383.68319071131333,305.81141474210716,383.68319071131333,21.615142628673638,6876.735885648161,0.010155137044440309,0.013268859929561304,94533572364.22528,0.5622489959839357,0.916
2023-07-17,AAPL,transformer,0.017157554010205783,0.00440108310431242,-0.019931258633732796,0.0256336722522974,311.103661787001,385.37551893267243,311.103661787001,385.37551893267243,21.18859015199074,7055.290983226795,0.010155137044440309,0.013268859929561304,94533572364.22528,0.5622489959839357,0.916
2023-07-18,AAPL,transformer,-0.001341224614586373,0.003288079285994172,-0.01579081267118454,0.024014074355363846,310.68668159268276,386.64475869653694,310.68668159268276,386.64475869653694,20.856633111054986,7226.7680496880275,0.010155137044440309,0.013268859929561304,94533572364.22528,0.5622489959839357,0.916
2023-07-19,AAPL,transformer,0.007046863867935629,0.006494524423032999,-0.014796421863138676,0.028719834983348846,312.88378058017423,389.1639898462195,312.88378058017423,389.1639898462195,20.55030175977116,7437.3284707448165,0.010155137044440309,0.013268859929561304,94533572364.22528,0.5622489959839357,0.916
2023-07-20,AAPL,transformer,-0.010148716346077257,0.003270430024713278,-0.015327997505664825,0.024475328624248505,309.7244704294913,390.43879459058047,309.7244704294913,390.43879459058047,20.237708954797224,7621.605338928298,0.010155137044440309,0.013268859929561304,94533572364.22528,0.5622489959839357,0.916
2023-07-21,AAPL,transformer,-0.006180726657910663,0.006208027713000774,-0.015494190156459808,0.02778002619743347,307.81605192042537,392.8702030186078,307.81605192042537,392.8702030186078,19.92655863795955,7836.302247688937,0.010155137044440309,0.013268859929561304,94533572364.22528,0.5622489959839357,0.916
2023-07-24,AAPL,transformer,0.004211176534324878,0.0052177272737026215,-0.013065806590020657,0.023559611290693283,309.1150528966686,394.92545652303534,309.1150528966686,394.92545652303534,19.667895591999354,8023.114635058878,0.010155137044440309,0.013268859929561304,94533572364.22528,0.5622489959839357,0.916
2023-07-25,AAPL,transformer,0.004503437629952575,0.0063199992291629314,-0.016278596594929695,0.028672797605395317,310.5102725421641,397.42929452329963,310.5102725421641,397.42929452329963,19.35032125499511,8256.489243771333,0.010155137044440309,0.013268859929561304,94533572364.22528,0.5622489959839357,0.916
2023-07-26,AAPL,transformer,0.004534712985109489,0.00644849194213748,-0.014297990128397942,0.026522336527705193,311.9215449463141,400.0004112550011,311.9215449463141,400.0004112550011,19.075618740907718,8478.400266181627,0.010155137044440309,0.013268859929561304,94533572364.22528,0.5622489959839357,0.916
2023-07-27,AAPL,transformer,-0.00660272065145234,0.004964251536875963,-0.014454217627644539,0.026620035991072655,309.86879843336976,401.99106538601575,309.86879843336976,401.99106538601575,18.80187912038875,8707.126640550052,0.010155137044440309,0.013268859929561304,94533572364.22528,0.5622489959839357,0.916
2023-07-28,AAPL,transformer,0.013417502871921925,0.0041878013871610165,-0.018341558054089546,0.02728802151978016,314.05448184052494,403.67803078895076,314.05448184052494,403.67803078895076,18.460167183676884,8947.99804712979,0.010155137044440309,0.013268859929561304,94533572364.22528,0.5622489959839357,0.916
2023-07-31,AAPL,transformer,0.0031609851909711805,0.0053515867330133915,-0.013410991057753563,0.02319353260099888,315.0487740503568,405.8441540837695,315.0487740503568,405.8441540837695,18.21425081799081,9157.958888738647,0.010155137044440309,0.013268859929561304,94533572364.22528,0.5622489959839357,0.916
2023-08-01,AAPL,transformer,-0.004285046311426489,0.0044975969940423965,-0.018865086138248444,0.027979735285043716,313.70166373948746,407.6736102751333,313.70166373948746,407.6736102751333,17.87385813551474,9417.814059524077,0.010155137044440309,0.013268859929561304,94533572364.22528,0.5622489959839357,0.916
2023-08-02,AAPL,transformer,-0.015611222838356394,0.005430340301245451,-0.011672696098685265,0.0233196672052145,308.8424251768976,409.8934431123021,308.8424251768976,409.8934431123021,17.666434772937166,9640.014801653508,0.010155137044440309,0.013268859929561304,94533572364.22528,0.5622489959839357,0.916
2023-08-03,AAPL,transformer,-0.007348586357380715,0.004373091273009777,-0.01741461269557476,0.028458671644330025,306.5811885667942,411.68984634661473,306.5811885667942,411.68984634661473,17.361444451467932,9918.297766400317,0.010155137044440309,0.013268859929561304,94533572364.22528,0.5622489959839357,0.916
2023-08-04,AAPL,transformer,-0.049211304266584405,0.004362545441836119,-0.020186645910143852,0.028157873079180717,291.8591448751462,413.48980371792214,291.8591448751462,413.48980371792214,17.014489086782387,10201.544670954016,0.010155137044440309,0.013268859929561304,94533572364.22528,0.5622489959839357,0.916
2023-08-07,AAPL,transformer,-0.0174042708647174,0.006126527674496174,-0.018113499507308006,0.028863904997706413,286.82349726203756,416.0308466265266,286.82349726203756,416.0308466265266,16.709071936261275,10500.291573621047,0.010155137044440309,0.013268859929561304,94533572364.22528,0.5622489959839357,0.916
2023-08-08,AAPL,transformer,0.005297639179112393,0.005486676003783941,-0.016600575298070908,0.02948445826768875,288.34701662342565,418.31974314350623,288.34701662342565,418.31974314350623,16.433981827290953,10814.496408278246,0.010155137044440309,0.013268859929561304,94533572364.22528,0.5622489959839357,0.916
2023-08-09,AAPL,transformer,-0.008994728570124953,0.003414731938391924,-0.019250907003879547,0.02531549707055092,285.76504295892505,419.75064404026523,285.76504295892505,419.75064404026523,16.12063820825616,11091.766032275174,0.010155137044440309,0.013268859929561304,94533572364.22528,0.5622489959839357,0.916
2023-08-10,AAPL,transformer,-0.0012354068195308636,0.005600666627287865,-0.0183172058314085,0.029055839404463768,285.41222485788757,422.1081426673692,285.41222485788757,422.1081426673692,15.828041389847854,11418.774878618466,0.010155137044440309,0.013268859929561304,94533572364.22528,0.5622489959839357,0.916
2023-08-11,AAPL,transformer,-0.0010119628553601626,0.0023864214308559895,-0.020676586776971817,0.024407558143138885,285.12354437946203,423.11669062949613,285.12354437946203,423.11669062949613,15.504131584875324,11700.90897943911,0.010155137044440309,0.013268859929561304,94533572364.22528,0.5622489959839357,0.916
2023-08-14,AAPL,transformer,0.009349338515834794,0.00272349058650434,-0.023181140422821045,0.028020426630973816,287.8017611838836,424.2705937003669,287.8017611838836,424.2705937003669,15.148861714430035,12033.409422764484,0.010155137044440309,0.013268859929561304,94533572364.22528,0.5622489959839357,0.916
2023-08-15,AAPL,transformer,-0.011263517386748526,0.004968796856701374,-0.018335072323679924,0.026408320292830467,284.57828893991996,426.38395348041263,284.57828893991996,426.38395348041263,14.873636707473356,12355.424678122961,0.010155137044440309,0.013268859929561304,94533572364.22528,0.5622489959839357,0.916
2023-08-16,AAPL,transformer,-0.004971422099414284,0.0059691909700632095,-0.012874940410256386,0.02468111552298069,283.16704100643864,428.93673473990725,283.16704100643864,428.93673473990725,14.683367071331421,12664.164185241356,0.010155137044440309,0.013268859929561304,94533572364.22528,0.5622489959839357,0.916
2023-08-17,AAPL,transformer,-0.014662140580715842,0.0045638056471943855,-0.017497284337878227,0.028009997680783272,279.0454952218954,430.8987684228145,279.0454952218954,430.8987684228145,14.428683029325192,13023.902736763683,0.010155137044440309,0.013268859929561304,94533572364.22528,0.5622489959839357,0.916
2023-08-18,AAPL,transformer,0.002812165676863434,0.0076120998710393906,-0.01239168643951416,0.026133503764867783,279.8313218052369,434.19135047661103,279.8313218052369,434.19135047661103,14.250990714694206,13368.748759914459,0.010155137044440309,0.013268859929561304,94533572364.22528,0.5622489959839357,0.916
2023-08-21,AAPL,transformer,0.007707004937545953,0.0049081118777394295,-0.020875606685876846,0.03133038803935051,281.99631527541936,436.3276261981874,281.99631527541936,436.3276261981874,13.956576529070329,13794.227596829141,0.010155137044440309,0.013268859929561304,94533572364.22528,0.5622489959839357,0.916
2023-08-22,AAPL,transformer,0.007873830131237547,0.0034920331090688705,-0.015019388869404793,0.022425664588809013,284.2254708388825,437.85393400314854,284.2254708388825,437.85393400314854,13.748523312940966,14107.06648847347,0.010155137044440309,0.013268859929561304,94533572364.22528,0.5622489959839357,0.916
2023-08-23,AAPL,transformer,0.02171146809565055,0.007589307613670826,-0.01797737553715706,0.030917998403310776,290.463900758982,441.1895879646169,290.463900758982,441.1895879646169,13.503569689760115,14550.041340049416,0.010155137044440309,0.013268859929561304,94533572364.22528,0.5622489959839357,0.916
2023-08-24,AAPL,transformer,-0.026518981912310478,0.0049293325282633305,-0.01704861782491207,0.022537006065249443,282.8623322400273,443.3697101970909,282.8623322400273,443.3697101970909,13.2753037856736,14881.679491964345,0.010155137044440309,0.013268859929561304,94533572364.22528,0.5622489959839357,0.916
2023-08-25,AAPL,transformer,0.012563875190106717,0.006374092306941748,-0.018192235380411148,0.03112579882144928,286.4385981143597,446.2048402478314,286.4385981143597,446.2048402478314,13.035979497198104,15352.167617611041,0.010155137044440309,0.013268859929561304,94533572364.22528,0.5622489959839357,0.916
2023-08-28,AAPL,transformer,0.008807201954166228,0.00487079843878746,-0.017282888293266296,0.02816794440150261,288.97246244423417,448.383521627592,288.97246244423417,448.383521627592,12.812616221782145,15790.754283884262,0.010155137044440309,0.013268859929561304,94533572364.22528,0.5622489959839357,0.916
2023-08-29,AAPL,transformer,0.021575829141522288,0.004561778623610735,-0.019207922741770744,0.026462888345122337,295.27502998694564,450.4335997321482,295.27502998694564,450.4335997321482,12.568861188428075,16214.201198576158,0.010155137044440309,0.013268859929561304,94533572364.22528,0.5622489959839357,0.916
2023-08-30,AAPL,transformer,0.018990800625655557,0.0032543593551963568,-0.021394828334450722,0.025668134912848473,300.9361234208628,451.90185958540104,300.9361234208628,451.90185958540104,12.302808860054284,16635.77659950297,0.010155137044440309,0.013268859929561304,94533572364.22528,0.5622489959839357,0.916
2023-08-31,AAPL,transformer,0.0011717152338612251,0.002756028203293681,-0.01731860637664795,0.024728741496801376,301.28894152190026,453.14902478268544,301.28894152190026,453.14902478268544,12.09157608406858,17052.287374125794,0.010155137044440309,0.013268859929561304,94533572364.22528,0.5622489959839357,0.916
2023-09-01,AAPL,transformer,0.008427747595417956,0.004845044109970331,-0.020864522084593773,0.03199111670255661,303.8388586104292,455.34989023827666,303.8388586104292,455.34989023827666,11.841904865065665,17606.629497029153,0.010155137044440309,0.013268859929561304,94533572364.22528,0.5622489959839357,0.916
2023-09-05,AAPL,transformer,0.001265904969438001,0.0051817214116454124,-0.020864121615886688,0.03089739754796028,304.22373328743834,457.71549704891606,304.22373328743834,457.71549704891606,11.597393888165104,18159.120243498885,0.010155137044440309,0.013268859929561304,94533572364.22528,0.5622489959839357,0.916
2023-09-06,AAPL,transformer,-0.036449612244476896,0.005038548726588488,-0.020375408232212067,0.029971279203891754,293.33455490190795,460.02753484546747,293.33455490190795,460.02753484546747,11.363483057342346,18711.610614476587,0.010155137044440309,0.013268859929561304,94533572364.22528,0.5622489959839357,0.916
2023-09-07,AAPL,transformer,-0.02968568239312647,0.006147654727101326,-0.01566256582736969,0.030347276479005814,284.75469799043856,462.8643302172409,284.75469799043856,462.8643302172409,11.186888391869141,19288.16215222471,0.010155137044440309,0.013268859929561304,94533572364.22528,0.5622489959839357,0.916
2023-09-08,AAPL,transformer,0.003485667970687328,0.005864907521754503,-0.014665213413536549,0.027349945157766342,285.74899020027044,465.58696484814857,285.74899020027044,465.58696484814857,11.024027477271602,19822.972073922632,0.010155137044440309,0.013268859929561304,94533572364.22528,0.5622489959839357,0.916
2023-09-11,AAPL,transformer,0.006600728540023095,0.007015746086835861,-0.014983485452830791,0.028657112270593643,287.64138042135056,468.86487467025097,287.64138042135056,468.86487467025097,10.860080608865568,20399.259346213767,0.010155137044440309,0.013268859929561304,94533572364.22528,0.5622489959839357,0.916
2023-09-12,AAPL,transformer,-0.017207856012939438,0.005549530498683453,-0.014171903021633625,0.025568582117557526,282.7340325241346,471.4740739652182,282.7340325241346,471.4740739652182,10.707258191201882,20927.56381496054,0.010155137044440309,0.013268859929561304,94533572364.22528,0.5622489959839357,0.916
2023-09-13,AAPL,transformer,-0.011925600122853191,0.00701851537451148,-0.019555483013391495,0.0340108647942543,279.382285034947,474.7947801791797,279.382285034947,474.7947801791797,10.499906895309685,21651.570613502507,0.010155137044440309,0.013268859929561304,94533572364.22528,0.5622489959839357,0.916
2023-09-14,AAPL,transformer,0.008744154734033161,0.004939776845276356,-0.018479637801647186,0.025882039219141006,281.83595898355503,477.14594203686136,281.83595898355503,477.14594203686136,10.307654116352188,22219.271435057006,0.010155137044440309,0.013268859929561304,94533572364.22528,0.5622489959839357,0.916
2023-09-15,AAPL,transformer,-0.0041625775646815045,0.006095181219279766,-0.016730211675167084,0.03085365891456604,280.66523325253576,480.0631014491622,280.66523325253576,480.0631014491622,10.136639698290171,22915.501626588073,0.010155137044440309,0.013268859929561304,94533572364.22528,0.5622489959839357,0.916
2023-09-18,AAPL,transformer,0.016771919860582848,0.005919128656387329,-0.014779496937990189,0.027060382068157196,285.4122248578875,482.91305491607454,285.4122248578875,482.91305491607454,9.987927193656587,23544.069690952823,0.010155137044440309,0.013268859929561304,94533572364.22528,0.5622489959839357,0.916
2023-09-19,AAPL,transformer,0.006161828129162566,0.006017875857651234,-0.015357211232185364,0.02726001664996147,287.176315363075,485.827938961511,287.176315363075,485.827938961511,9.83571223804919,24194.709545823498,0.010155137044440309,0.013268859929561304,94533572364.22528,0.5622489959839357,0.916
2023-09-20,AAPL,transformer,-0.020194739222717015,0.00555224996060133,-0.01499728299677372,0.027338450774550438,281.4350315478914,488.5328685385275,281.4350315478914,488.5328685385275,9.689304061879245,24865.27956123681,0.010155137044440309,0.013268859929561304,94533572364.22528,0.5622489959839357,0.916
2023-09-21,AAPL,transformer,-0.00892921521746959,0.008318167179822922,-0.009074971079826355,0.02927575260400772,278.9332237939886,492.6135228694518,278.9332237939886,492.6135228694518,9.601771679818082,25603.98983537222,0.010155137044440309,0.013268859929561304,94533572364.22528,0.5622489959839357,0.916
2023-09-22,AAPL,transformer,0.004932337626036867,0.0015381134580820799,-0.018310237675905228,0.02271999418735504,280.31241515149827,493.3718272771453,280.31241515149827,493.3718272771453,9.427560457924258,26192.37192743738,0.010155137044440309,0.013268859929561304,94533572364.22528,0.5622489959839357,0.916
2023-09-25,AAPL,transformer,0.007353232681253352,0.006956014782190323,-0.015202920883893967,0.030526433140039444,282.3812144230971,496.81571061824474,282.3812144230971,496.81571061824474,9.285317782562851,27004.260994811615,0.010155137044440309,0.013268859929561304,94533572364.22528,0.5622489959839357,0.916
2023-09-26,AAPL,transformer,-0.02367651694592774,0.005379769951105118,-0.011794560588896275,0.022937912493944168,275.7739381139743,499.4956440357409,275.7739381139743,499.4956440357409,9.176444585510957,27630.841276580788,0.010155137044440309,0.013268859929561304,94533572364.22528,0.5622489959839357,0.916
2023-09-27,AAPL,transformer,-0.008937318409065484,0.0038772928528487682,-0.019544973969459534,0.02528039738535881,273.3202396946976,501.43608088150086,273.3202396946976,501.43608088150086,8.998832321299826,28338.265370281737,0.010155137044440309,0.013268859929561304,94533572364.22528,0.5622489959839357,0.916
2023-09-28,AAPL,transformer,0.0015244478171947313,0.006348221097141504,-0.01446694415062666,0.027952484786510468,273.7372198890157,504.6294257502623,273.7372198890157,504.6294257502623,8.869583784069395,29141.563858231024,0.010155137044440309,0.013268859929561304,94533572364.22528,0.5622489959839357,0.916
2023-09-29,AAPL,transformer,0.0030418523515483935,0.00687355687841773,-0.013066054321825504,0.029656879603862762,274.5711558069833,508.1099614142317,274.5711558069833,508.1099614142317,8.754447209920421,30018.755845696225,0.010155137044440309,0.013268859929561304,94533572364.22528,0.5622489959839357,0.916
2023-10-02,AAPL,transformer,0.01472657201395238,0.003486779285594821,-0.01806052215397358,0.026526285335421562,278.6445677862317,509.884704240388,278.6445677862317,509.884704240388,8.597756780445653,30825.696564368634,0.010155137044440309,0.013268859929561304,94533572364.22528,0.5622489959839357,0.916
2023-10-03,AAPL,transformer,-0.00780016161853228,0.0033536439295858145,-0.01486855000257492,0.026371411979198456,276.4795498453805,511.5975689928587,276.4795498453805,511.5975689928587,8.470866039997858,31649.426770054964,0.010155137044440309,0.013268859929561304,94533572364.22528,0.5622489959839357,0.916
2023-10-04,AAPL,transformer,0.0072820628939414345,0.00710646528750658,-0.01663152500987053,0.030361942946910858,278.5002397823533,515.2461881871955,278.5002397823533,515.2461881871955,8.33114777785077,32625.100178889446,0.010155137044440309,0.013268859929561304,94533572364.22528,0.5622489959839357,0.916
2023-10-05,AAPL,transformer,0.007172191135768029,0.0023194889072328806,-0.019810456782579422,0.028402768075466156,280.50487696067154,516.4426913192868,280.50487696067154,516.4426913192868,8.16772789061775,33565.03010657629,0.010155137044440309,0.013268859929561304,94533572364.22528,0.5622489959839357,0.916
2023-10-06,AAPL,transformer,0.01464272339332305,0.006735228467732668,-0.011474654078483582,0.02536056935787201,284.6424510332006,519.9327979223002,284.6424510332006,519.9327979223002,8.074541921563114,34427.1423171794,0.010155137044440309,0.013268859929561304,94533572364.22528,0.5622489959839357,0.916
2023-10-09,AAPL,transformer,0.008415668798788524,0.0035432190634310246,-0.01882930099964142,0.022249411791563034,287.04801564718247,521.778276821557,287.04801564718247,521.778276821557,7.923926244607573,35201.70918822025,0.010155137044440309,0.013268859929561304,94533572364.22528,0.5622489959839357,0.916
2023-10-10,AAPL,transformer,-0.003357807706458779,0.0076727550476789474,-0.016245225444436073,0.03336452692747116,286.0857800133222,525.7971338528687,286.0857800133222,525.7971338528687,7.796240124790247,36396.00889087593,0.010155137044440309,0.013268859929561304,94533572364.22528,0.5622489959839357,0.916
2023-10-11,AAPL,transformer,0.007872977668857532,0.005994097795337439,-0.01824202574789524,0.02841942198574543,288.34701662342565,528.9582693894919,288.34701662342565,528.9582693894919,7.655310156428041,37445.19923020073,0.010155137044440309,0.013268859929561304,94533572364.22528,0.5622489959839357,0.916
2023-10-12,AAPL,transformer,0.005048434552198421,0.0057613844983279705,-0.01727675460278988,0.027986561879515648,289.8063983622018,532.0145664961202,289.8063983622018,532.0145664961202,7.52418733733743,38507.96230287299,0.010155137044440309,0.013268859929561304,94533572364.22528,0.5622489959839357,0.916
2023-10-13,AAPL,transformer,-0.010346073731310877,0.004128138534724712,-0.015968427062034607,0.02347598597407341,286.8234972620375,534.2153413412414,286.8234972620375,534.2153413412414,7.404992146541599,39422.671283961725,0.010155137044440309,0.013268859929561304,94533572364.22528,0.5622489959839357,0.916
2023-10-16,AAPL,transformer,-0.0007271576803311256,0.006250526290386915,-0.01165922824293375,0.024833187460899353,286.6150071648784,537.5648987777702,286.6150071648784,537.5648987777702,7.319157223887306,40413.91888045191,0.010155137044440309,0.013268859929561304,94533572364.22528,0.5622489959839357,0.916
2023-10-17,AAPL,transformer,-0.008823545293605795,0.004224980250000954,-0.019254067912697792,0.02412954904139042,284.0971711229898,539.8409250874856,284.0971711229898,539.8409250874856,7.179581553990077,41400.948150461016,0.010155137044440309,0.013268859929561304,94533572364.22528,0.5622489959839357,0.916
2023-10-18,AAPL,transformer,-0.007422327028601251,0.007713338825851679,-0.013911467976868153,0.030578281730413437,281.99631527541925,544.0209782557982,281.99631527541925,544.0209782557982,7.080394453306399,42686.47089341178,0.010155137044440309,0.013268859929561304,94533572364.22528,0.5622489959839357,0.916
2023-10-19,AAPL,transformer,-0.0021633348643265698,0.007312129717320204,-0.014918679371476173,0.02912912331521511,281.3869222132652,548.0134837447139,281.3869222132652,548.0134837447139,6.975548400397404,43948.179915767905,0.010155137044440309,0.013268859929561304,94533572364.22528,0.5622489959839357,0.916
2023-10-20,AAPL,transformer,-0.01481339452204075,0.004877150524407625,-0.01517811045050621,0.022959236055612564,277.2493481407362,550.6927279048103,277.2493481407362,550.6927279048103,6.8704720579373655,44968.868950695934,0.010155137044440309,0.013268859929561304,94533572364.22528,0.5622489959839357,0.916
2023-10-23,AAPL,transformer,0.0006938540552079055,0.005252786446362734,-0.01938512548804283,0.03123188018798828,277.44178547924076,553.5929771507051,277.44178547924076,553.5929771507051,6.738569865823168,46395.49244035869,0.010155137044440309,0.013268859929561304,94533572364.22528,0.5622489959839357,0.916
2023-10-24,AAPL,transformer,0.002540137829876088,0.00481775775551796,-0.0136518944054842,0.022871365770697594,278.1474216813158,556.2665028048219,278.1474216813158,556.2665028048219,6.64720090285834,47468.84969079886,0.010155137044440309,0.013268859929561304,94533572364.22528,0.5622489959839357,0.916
2023-10-25,AAPL,transformer,-0.013583515757294929,0.0051020425744354725,-0.016746606677770615,0.02868988737463951,274.3947467564646,559.1118238762499,274.3947467564646,559.1118238762499,6.536809738438915,48850.450729661,0.010155137044440309,0.013268859929561304,94533572364.22528,0.5622489959839357,0.916
2023-10-26,AAPL,transformer,-0.024913307472257184,0.0077362642623484135,-0.01218839269131422,0.031488653272390366,267.64311797279464,563.4540242868412,267.64311797279464,563.4540242868412,6.457620173728134,50413.161682759994,0.010155137044440309,0.013268859929561304,94533572364.22528,0.5622489959839357,0.916
2023-10-27,AAPL,transformer,0.007937744692775679,0.004881580360233784,-0.019151639193296432,0.02811398357152939,269.7760548670054,566.211309845658,269.7760548670054,566.211309845658,6.335122886289641,51850.58987870493,0.010155137044440309,0.013268859929561304,94533572364.22528,0.5622489959839357,0.916
2023-10-30,AAPL,transformer,0.012230172821553692,0.0044760447926819324,-0.0182716716080904,0.026405060663819313,273.09572130955263,568.7513813345286,273.09572130955263,568.7513813345286,6.220420764767757,53237.94384726027,0.010155137044440309,0.013268859929561304,94533572364.22528,0.5622489959839357,0.916
2023-10-31,AAPL,transformer,0.002814820305517639,0.006995811592787504,-0.018536459654569626,0.03121742233633995,273.8655196049083,572.7442175235807,273.8655196049083,572.7442175235807,6.106178129483999,54926.10787892262,0.010155137044440309,0.013268859929561304,94533572364.22528,0.5622489959839357,0.916
2023-11-01,AAPL,transformer,0.018565230655253766,0.005712695885449648,-0.02011670358479023,0.032847873866558075,278.99738588726916,576.02551453376,278.99738588726916,576.02551453376,5.984569317962202,56760.26988975534,0.010155137044440309,0.013268859929561304,94533572364.22528,0.5622489959839357,0.916
2023-11-02,AAPL,transformer,0.020482061044476387,0.0044956388883292675,-0.018080659210681915,0.026178210973739624,284.77075074909305,578.6209435218391,284.77075074909305,578.6209435218391,5.87733679054777,58265.76955429215,0.010155137044440309,0.013268859929561304,94533572364.22528,0.5622489959839357,0.916
2023-11-03,AAPL,transformer,-0.0051945993639879095,0.0038136113435029984,-0.015727603808045387,0.023638585582375526,283.2953162516624,580.8317940564882,283.2953162516624,580.8317940564882,5.785623561779529,59659.497157424354,0.010155137044440309,0.013268859929561304,94533572364.22528,0.5622489959839357,0.916
2023-11-06,AAPL,transformer,0.014499534151946178,0.004576095379889011,-0.018530214205384254,0.027361629530787468,287.4328903241915,583.4958240452925,287.4328903241915,583.4958240452925,5.679401818769842,61314.41614887644,0.010155137044440309,0.013268859929561304,94533572364.22528,0.5622489959839357,0.916
2023-11-07,AAPL,transformer,0.014347353570873111,0.004517002496868372,-0.01374119333922863,0.024449972435832024,291.586517155375,586.1374328688026,291.586517155375,586.1374328688026,5.601893893782217,62832.0279994451,0.010155137044440309,0.013268859929561304,94533572364.22528,0.5622489959839357,0.916
2023-11-08,AAPL,transformer,0.005867648902712359,0.00573318637907505,-0.014653254300355911,0.025303572416305542,293.30247385526775,589.507548704723,293.30247385526775,589.507548704723,5.5204065361067975,64442.18799965499,0.010155137044440309,0.013268859929561304,94533572364.22528,0.5622489959839357,0.916
2023-11-09,AAPL,transformer,-0.002627955104147737,0.005333063658326864,-0.016751017421483994,0.024994995445013046,292.5327000305807,592.6597940599356,292.5327000305807,592.6597940599356,5.428704211979822,66073.22232469852,0.010155137044440309,0.013268859929561304,94533572364.22528,0.5622489959839357,0.916
2023-11-10,AAPL,transformer,0.021637948732231772,0.0037683898117393255,-0.01990867406129837,0.03147825226187706,298.9314862425446,594.8973677238465,298.9314862425446,594.8973677238465,5.321694721177556,68186.17557601284,0.010155137044440309,0.013268859929561304,94533572364.22528,0.5622489959839357,0.916
2023-11-13,AAPL,transformer,-0.008620693785883315,0.006572797894477844,-0.013816550374031067,0.023865479975938797,296.36556533669847,598.8203705137906,296.36556533669847,598.8203705137906,5.248672950457816,69833.04336251016,0.010155137044440309,0.013268859929561304,94533572364.22528,0.5622489959839357,0.916
2023-11-14,AAPL,transformer,0.014184631503116924,0.006628489587455988,-0.013597549870610237,0.028812939301133156,300.59935807847984,602.802865541642,300.59935807847984,602.802865541642,5.177786901158607,71874.40464213859,0.010155137044440309,0.013268859929561304,94533572364.22528,0.5622489959839357,0.916
2023-11-15,AAPL,transformer,0.0030363164627480827,0.002417730400338769,-0.020310774445533752,0.02513306587934494,301.51345990704516,604.26204863706,301.51345990704516,604.26204863706,5.073682843889169,73703.71899492638,0.010155137044440309,0.013268859929561304,94533572364.22528,0.5622489959839357,0.916
2023-11-16,AAPL,transformer,0.00900150206732359,0.005580731201916933,-0.016632530838251114,0.027533870190382004,304.23978604609295,607.6436683138011,304.23978604609295,607.6436683138011,4.989992499184905,75761.26381216326,0.010155137044440309,0.013268859929561304,94533572364.22528,0.5622489959839357,0.916
2023-11-17,AAPL,transformer,-0.00010545214547580637,0.0025554990861564875,-0.017462871968746185,0.02579519897699356,304.20770499945263,609.1984511450751,304.20770499945263,609.1984511450751,4.903609366756928,77740.96590205589,0.010155137044440309,0.013268859929561304,94533572364.22528,0.5622489959839357,0.916
2023-11-20,AAPL,transformer,0.009235488373932033,0.004539659712463617,-0.017973244190216064,0.02720801904797554,307.03022533708395,611.9702920134653,307.03022533708395,611.9702920134653,4.816262994842351,79885.18399184202,0.010155137044440309,0.013268859929561304,94533572364.22528,0.5622489959839357,0.916
2023-11-21,AAPL,transformer,-0.004239832394175006,0.004977002274245024,-0.014690525829792023,0.025032836943864822,305.7312243608407,615.0236477790382,305.7312243608407,615.0236477790382,4.746026610830063,81910.17614896859,0.010155137044440309,0.013268859929561304,94533572364.22528,0.5622489959839357,0.916
2023-11-22,AAPL,transformer,0.003508306644876359,0.002268981421366334,-0.017827942967414856,0.02480214089155197,306.80570695193904,616.420694298369,306.80570695193904,616.420694298369,4.662164435671777,83967.1267153812,0.010155137044440309,0.013268859929561304,94533572364.22528,0.5622489959839357,0.916
2023-11-24,AAPL,transformer,-0.007028964851045005,0.005980553571134806,-0.01665264181792736,0.02943638153374195,304.6567417697424,620.1182890502515,304.6567417697424,620.1182890502515,4.5851698243774806,86475.55790229578,0.010155137044440309,0.013268859929561304,94533572364.22528,0.5622489959839357,0.916
2023-11-27,AAPL,transformer,-0.0009480090091400063,0.005879120901226997,-0.01847761869430542,0.03052588552236557,304.36806129131685,623.7747849708253,304.36806129131685,623.7747849708253,4.501224609167382,89156.002812183,0.010155137044440309,0.013268859929561304,94533572364.22528,0.5622489959839357,0.916
2023-11-28,AAPL,transformer,0.0032089279273993677,0.005480008665472269,-0.014197982847690582,0.02882024273276329,305.3463252131629,627.202471958704,305.3463252131629,627.202471958704,4.437767737386017,91762.88290644529,0.010155137044440309,0.013268859929561304,94533572364.22528,0.5622489959839357,0.916
2023-11-29,AAPL,transformer,-0.005424342810680806,0.003171857912093401,-0.02044573239982128,0.026933589950203896,303.69450613588214,629.1950487816644,303.69450613588214,629.1950487816644,4.347955479049947,94267.96587134131,0.010155137044440309,0.013268859929561304,94533572364.22528,0.5622489959839357,0.916
2023-11-30,AAPL,transformer,0.0030581160772190498,0.00475722411647439,-0.020327534526586533,0.025258567184209824,304.624660723102,632.1954345836191,304.624660723102,632.1954345836191,4.260464400323845,96679.36749132046,0.010155137044440309,0.013268859929561304,94533572364.22528,0.5622489959839357,0.916
2023-12-01,AAPL,transformer,0.0067683489143075285,0.0025773150846362114,-0.020455511286854744,0.022146495059132576,306.69345999470096,633.8269051169741,306.69345999470096,633.8269051169741,4.174199804529763,98844.36505260978,0.010155137044440309,0.013268859929561304,94533572364.22528,0.5622489959839357,0.916
2023-12-04,AAPL,transformer,-0.009509688006157315,0.003370794467628002,-0.018500622361898422,0.02545357495546341,303.79072480513446,635.9670114684133,303.79072480513446,635.9670114684133,4.097684574774953,101392.60443042341,0.010155137044440309,0.013268859929561304,94533572364.22528,0.5622489959839357,0.916
2023-12-05,AAPL,transformer,0.020844456346414825,0.00852226186543703,-0.00839777011424303,0.024715382605791092,310.18953548776693,641.4100184116838,310.18953548776693,641.4100184116838,4.063417313536527,103929.78616410254,0.010155137044440309,0.013268859929561304,94533572364.22528,0.5622489959839357,0.916
2023-12-06,AAPL,transformer,-0.00570329139174604,0.0036470976192504168,-0.01655569113790989,0.025353508070111275,308.4254694532481,643.7535797110457,308.4254694532481,643.7535797110457,3.9966983957974613,106598.46205642552,0.010155137044440309,0.013268859929561304,94533572364.22528,0.5622489959839357,0.916
2023-12-07,AAPL,transformer,0.010088276612733567,0.005978180095553398,-0.01620398834347725,0.02955075353384018,311.55269855729085,647.6135957358601,311.55269855729085,647.6135957358601,3.9324578408508293,109795.53604895373,0.010155137044440309,0.013268859929561304,94533572364.22528,0.5622489959839357,0.916
2023-12-08,AAPL,transformer,0.00738503997898342,0.0016733580268919468,-0.01935853250324726,0.02138274721801281,313.86204450202035,648.6982004052514,313.86204450202035,648.6982004052514,3.857063302410707,112168.54716978372,0.010155137044440309,0.013268859929561304,94533572364.22528,0.5622489959839357,0.916
2023-12-11,AAPL,transformer,-0.013011647184869976,0.003449967596679926,-0.019376924261450768,0.02502520941197872,309.8046363400891,650.9400217932276,309.8046363400891,650.9400217932276,3.7830448265260634,115011.00075858139,0.010155137044440309,0.013268859929561304,94533572364.22528,0.5622489959839357,0.916
2023-12-12,AAPL,transformer,0.007888947771707804,0.004091847222298384,-0.020559797063469887,0.0318436473608017,312.2583347593657,653.6090083580519,312.2583347593657,653.6090083580519,3.7060603932086664,118732.29943505973,0.010155137044440309,0.013268859929561304,94533572364.22528,0.5622489959839357,0.916
2023-12-13,AAPL,transformer,0.016553717390059137,0.007860815152525902,-0.016793496906757355,0.030753668397665024,317.47039142299303,658.767143052427,317.47039142299303,658.767143052427,3.6443422601393345,122440.47576948762,0.010155137044440309,0.013268859929561304,94533572364.22528,0.5622489959839357,0.916
2023-12-14,AAPL,transformer,0.0007574110681509634,0.0039164237678050995,-0.0157120693475008,0.023192202672362328,317.71093809612375,661.3522318794409,317.71093809612375,661.3522318794409,3.587529526940445,125313.32716543479,0.010155137044440309,0.013268859929561304,94533572364.22528,0.5622489959839357,0.916
2023-12-15,AAPL,transformer,-0.002729446070281669,0.004500765353441238,-0.01826096512377262,0.02644330821931362,316.8449456021845,664.3355121154846,316.8449456021845,664.3355121154846,3.5226122656961008,128671.22098924604,0.010155137044440309,0.013268859929561304,94533572364.22528,0.5622489959839357,0.916
2023-12-18,AAPL,transformer,-0.008539714917303858,0.003528865519911051,-0.017540719360113144,0.024807162582874298,314.1507005097771,666.684038785438,314.1507005097771,666.684038785438,3.4613619721477353,131903.10716898338,0.010155137044440309,0.013268859929561304,94533572364.22528,0.5622489959839357,0.916
2023-12-19,AAPL,transformer,0.005345852136834865,0.003864734200760722,-0.01934901997447014,0.02705436944961548,315.83460063369813,669.2655434817867,315.83460063369813,669.2655434817867,3.395031849392599,135520.367886351,0.010155137044440309,0.013268859929561304,94533572364.22528,0.5622489959839357,0.916
2023-12-20,AAPL,transformer,-0.010771733360343535,0.0070452336221933365,-0.015317745506763458,0.03163190931081772,312.45077209787024,673.9972940717317,312.45077209787024,673.9972940717317,3.3434238610599434,139875.65549284228,0.010155137044440309,0.013268859929561304,94533572364.22528,0.5622489959839357,0.916
2023-12-21,AAPL,transformer,-0.0007702455125948375,0.004583468660712242,-0.015999434515833855,0.027285559102892876,312.21020095407084,677.0936163365989,312.21020095407084,677.0936163365989,3.290356633460224,143744.7845813518,0.010155137044440309,0.013268859929561304,94533572364.22528,0.5622489959839357,0.916
2023-12-22,AAPL,transformer,-0.005562940974518667,0.00853030476719141,-0.00769326277077198,0.025229571387171745,310.4782159661923,682.8940993906166,310.4782159661923,682.8940993906166,3.265140239124967,147417.53349436272,0.010155137044440309,0.013268859929561304,94533572364.22528,0.5622489959839357,0.916
2023-12-26,AAPL,transformer,-0.0028449678505331312,0.004465089179575443,-0.0192812941968441,0.027467001229524612,309.5961707135986,685.9501301994378,309.5961707135986,685.9501301994378,3.2027871198152575,151522.76502704175,0.010155137044440309,0.013268859929561304,94533572364.22528,0.5622489959839357,0.916
2023-12-27,AAPL,transformer,0.0005178189940495606,0.004616886842995882,-0.019043831154704094,0.027209142223000526,309.7565270054629,689.1244230146715,309.7565270054629,689.1244230146715,3.1423709658543135,155702.1637272739,0.010155137044440309,0.013268859929561304,94533572364.22528,0.5622489959839357,0.916
2023-12-28,AAPL,transformer,0.0022238156674305263,0.005679258611053228,-0.01565530337393284,0.028020786121487617,310.446134919552,693.0493051355635,310.446134919552,693.0493051355635,3.0935592994670897,160126.76931014386,0.010155137044440309,0.013268859929561304,94533572364.22528,0.5622489959839357,0.916
2023-12-29,AAPL,transformer,-0.0054388937789295,0.005954487714916468,-0.014729282818734646,0.02773190289735794,308.76223479563095,697.1883800736207,308.76223479563095,697.1883800736207,3.048327387095229,164629.5406112979,0.010155137044440309,0.013268859929561304,94533572364.22528,0.5622489959839357,0.916
2023-01-03,AAPL,ensemble,,0.004029134256156801,-0.03317663986256704,0.04123490837488064,200.5759770243939,209.21123940750573,200.5759770243939,209.21123940750573,201.57039642528633,217.14172056335732,0.009974762639487373,0.013049304333893497,68956036684.93098,0.5461847389558233,0.984
2023-01-04,AAPL,ensemble,,0.005204337715905366,-0.032001436402818474,0.042410111834629206,202.6447640606584,210.3028835297418,202.6447640606584,210.3028835297418,195.22197527260607,226.54879277379288,0.009974762639487373,0.013049304333893497,68956036684.93098,0.5461847389558233,0.984
2023-01-05,AAPL,ensemble,,0.0033083770127571525,-0.03389739710596669,0.04051415113148099,200.4957866431274,210.99979694582714,200.4957866431274,210.99979694582714,188.71536012634377,235.91568954097764,0.009974762639487373,0.013049304333893497,68956036684.93098,0.5461847389558233,0.984
2023-01-06,AAPL,ensemble,,0.004680759552084638,-0.0325250145666392,0.04188653367080848,207.87284901227156,211.98975132262126,207.87284901227156,211.98975132262126,182.6761356087796,246.00725494910785,0.009974762639487373,0.013049304333893497,68956036684.93098,0.5461847389558233,0.984
2023-01-09,AAPL,ensemble,,0.003507990306441002,-0.03369778381228284,0.04071376442516484,208.72281321822499,212.73471521442133,208.72281321822499,212.73471521442133,176.62291749645115,256.22982395968126,0.009974762639487373,0.013049304333893497,68956036684.93098,0.5461847389558233,0.984
2023-01-10,AAPL,ensemble,,0.002319812865882485,-0.03488596125284135,0.03952558698460633,209.6529678054449,213.22879280599793,209.6529678054449,213.22879280599793,170.5674959642733,266.5602717825356,0.009974762639487373,0.013049304333893497,68956036684.93098,0.5461847389558233,0.984
2023-01-11,AAPL,ensemble,,0.0031584712524445864,-0.03404730286627925,0.04036424537116843,214.07922235639947,213.90333451780623,214.07922235639947,213.90333451780623,164.85788278161246,277.53987704942074,0.009974762639487373,0.013049304333893497,68956036684.93098,0.5461847389558233,0.984
2023-01-12,AAPL,ensemble,,0.0040450266830513604,-0.03316074743567248,0.0412508008017752,213.95092264050686,214.77033154441028,213.95092264050686,214.77033154441028,159.4807202660164,289.22803480418526,0.009974762639487373,0.013049304333893497,68956036684.93098,0.5461847389558233,0.984
2023-01-13,AAPL,ensemble,,0.005361932788333645,-0.0318438413303902,0.04256770690705748,216.11591611068934,215.92500851077915,216.11591611068934,215.92500851077915,154.48224915140625,301.80560910065986,0.009974762639487373,0.013049304333893497,68956036684.93098,0.5461847389558233,0.984
2023-01-17,AAPL,ensemble,,0.003880534701273146,-0.03332523941745069,0.04108630881999699,218.00830633176943,216.76454086287913,218.00830633176943,216.76454086287913,149.418927997253,314.46394914812026,0.009974762639487373,0.013049304333893497,68956036684.93098,0.5461847389558233,0.984
2023-01-18,AAPL,ensemble,,0.004515787414873386,-0.032689986703850454,0.041721561533597226,216.83760507141884,217.74561694681276,216.83760507141884,217.74561694681276,144.61339949789334,327.861414392923,0.009974762639487373,0.013049304333893497,68956036684.93098,0.5461847389558233,0.984
2023-01-19,AAPL,ensemble,,0.004706186024583017,-0.03249958809414082,0.04191196014330686,216.9338237406711,218.77278344869782,216.9338237406711,218.77278344869782,139.98907492269237,341.89475717531474,0.009974762639487373,0.013049304333893497,68956036684.93098,0.5461847389558233,0.984
2023-01-20,AAPL,ensemble,,0.005052646631830783,-0.03215312748689306,0.04225842075055462,221.1034543891718,219.8809622765581,221.1034543891718,219.8809622765581,135.55958099446005,356.65230902152916,0.009974762639487373,0.013049304333893497,68956036684.93098,0.5461847389558233,0.984
2023-01-23,AAPL,ensemble,,0.0036425624443953497,-0.03356321167432849,0.04084833656311919,226.29948276481335,220.6833529037726,226.29948276481335,220.6833529037726,131.08527218373393,371.5226084330033,0.009974762639487373,0.013049304333893497,68956036684.93098,0.5461847389558233,0.984
2023-01-24,AAPL,ensemble,,0.0034211723242443515,-0.03378460179447949,0.040626946442968194,228.5767476629026,221.43964164253958,228.5767476629026,221.43964164253958,126.73058337098196,386.9272403428723,0.009974762639487373,0.013049304333893497,68956036684.93098,0.5461847389558233,0.984
2023-01-25,AAPL,ensemble,,0.0024384506781889295,-0.03476732344053491,0.03964422479691277,227.50226507180426,221.9802701669935,227.50226507180426,221.9802701669935,122.40021405616788,402.57478896891195,0.009974762639487373,0.013049304333893497,68956036684.93098,0.5461847389558233,0.984
2023-01-26,AAPL,ensemble,,0.005173100109704835,-0.032032674009019005,0.042378874228428676,230.87006531964633,223.13157165838865,230.87006531964633,223.13157165838865,118.54153967068737,420.0021225391087,0.009974762639487373,0.013049304333893497,68956036684.93098,0.5461847389558233,0.984
2023-01-27,AAPL,ensemble,,0.004512503422120744,-0.0326932706966031,0.04171827754084458,234.02935099966064,224.14072883926764,234.02935099966064,224.14072883926764,114.72869580093514,437.89451256177045,0.009974762639487373,0.013049304333893497,68956036684.93098,0.5461847389558233,0.984
2023-01-30,AAPL,ensemble,,0.0052886452583159535,-0.03191712886040789,0.042494419377039794,229.33049319960372,225.3292697574179,229.33049319960372,225.3292697574179,111.12470568599382,456.9036155909541,0.009974762639487373,0.013049304333893497,68956036684.93098,0.5461847389558233,0.984
2023-01-31,AAPL,ensemble,,0.005405438829378726,-0.031800335289345116,0.042611212948102564,231.39926800053388,226.55057120294597,231.39926800053388,226.55057120294597,107.64649995018951,476.7935913952653,0.009974762639487373,0.013049304333893497,68956036684.93098,0.5461847389558233,0.984
2023-02-01,AAPL,ensemble,,0.004095995331519854,-0.03310977878720399,0.04130176945024369,233.22749612833334,227.48042432193802,233.22749612833334,227.48042432193802,104.14070643861308,496.8983332198928,0.009974762639487373,0.013049304333893497,68956036684.93098,0.5461847389558233,0.984
2023-02-02,AAPL,ensemble,,0.005215608014192084,-0.03199016610453176,0.04242138213291592,241.87151513308342,228.6699724579367,241.87151513308342,228.6699724579367,100.86195150918516,518.4309397300494,0.009974762639487373,0.013049304333893497,68956036684.93098,0.5461847389558233,0.984
2023-02-03,AAPL,ensemble,,0.004311648091800719,-0.03289412602692312,0.04151742221052456,247.77315524013127,229.65804548922225,247.77315524013127,229.65804548922225,97.59815983849876,540.4079128664539,0.009974762639487373,0.013049304333893497,68956036684.93098,0.5461847389558233,0.984
2023-02-06,AAPL,ensemble,,0.0038179291374555993,-0.03338784498126824,0.04102370325617944,243.33087240119087,230.53653957971932,243.33087240119087,230.53653957971932,94.3933658950348,563.0384675602197,0.009974762639487373,0.013049304333893497,68956036684.93098,0.5461847389558233,0.984
2023-02-07,AAPL,ensemble,,0.006075214505001164,-0.031130559613722675,0.043280988623725,248.01370191326197,231.94136148532743,248.01370191326197,231.94136148532743,91.50011549604827,587.9423744551528,0.009974762639487373,0.013049304333893497,68956036684.93098,0.5461847389558233,0.984
2023-02-08,AAPL,ensemble,,0.003021627778027596,-0.03418414634069625,0.04022740189675143,243.6355811676022,232.64326185284614,243.6355811676022,232.64326185284614,88.42511964797781,612.0759293399462,0.009974762639487373,0.013049304333893497,68956036684.93098,0.5461847389558233,0.984
2023-02-09,AAPL,ensemble,,0.003923146455255754,-0.03328262766346809,0.04112892057397959,241.95168104368116,233.5577480997518,241.95168104368116,233.5577480997518,85.5305361837526,637.7748127316113,0.009974762639487373,0.013049304333893497,68956036684.93098,0.5461847389558233,0.984
2023-02-10,AAPL,ensemble,,0.0061960921923348835,-0.031009681926388956,0.043401866311058725,242.17619942882604,235.00938603623692,242.17619942882604,235.00938603623692,82.91896276306319,666.0649106639735,0.009974762639487373,0.013049304333893497,68956036684.93098,0.5461847389558233,0.984
2023-02-13,AAPL,ensemble,,0.005378175148796389,-0.03182759896992745,0.04258394926752023,246.7307536956732,236.27671257323524,246.7307536956732,236.27671257323524,80.32140751500658,695.041168121774,0.009974762639487373,0.013049304333893497,68956036684.93098,0.5461847389558233,0.984
2023-02-14,AAPL,ensemble,,0.005422869424429839,-0.031782904694294,0.04262864354315368,245.68832768054654,237.5614907772639,245.68832768054654,237.5614907772639,77.80870193063778,725.3104151592864,0.009974762639487373,0.013049304333893497,68956036684.93098,0.5461847389558233,0.984
2023-02-15,AAPL,ensemble,,0.0047177637893781755,-0.032488010329345667,0.041923537908102014,249.10423726301474,238.6848976767333,249.10423726301474,238.6848976767333,75.32147333533456,756.364391935319,0.009974762639487373,0.013049304333893497,68956036684.93098,0.5461847389558233,0.984
2023-02-16,AAPL,ensemble,,0.0032327347686303106,-0.03397303935009353,0.04043850888735415,246.50623531052833,239.45775118634216,246.50623531052833,239.45775118634216,72.8055526718049,787.5774923610462,0.009974762639487373,0.013049304333893497,68956036684.93098,0.5461847389558233,0.984
2023-02-17,AAPL,ensemble,,0.005548023638117566,-0.031657750480606275,0.042753797756841405,244.64592613608852,240.78996059772885,244.64592613608852,240.78996059772885,70.5367940277293,821.979591273498,0.009974762639487373,0.013049304333893497,68956036684.93098,0.5461847389558233,0.984
2023-02-21,AAPL,ensemble,,0.005656198661826478,-0.031549575456897364,0.04286197278055032,238.11881573756347,242.15577546944093,238.11881573756347,242.15577546944093,68.34612713564051,857.9772117420763,0.009974762639487373,0.013049304333893497,68956036684.93098,0.5461847389558233,0.984
2023-02-22,AAPL,ensemble,,0.005904465242582621,-0.03130130887614122,0.04311023936130646,238.80842365165265,243.5898052523179,238.80842365165265,243.5898052523179,66.2399390835851,895.7736683300515,0.009974762639487373,0.013049304333893497,68956036684.93098,0.5461847389558233,0.984
2023-02-23,AAPL,ensemble,,0.004055084658354687,-0.03315068946036916,0.041260858777078524,239.59422576432544,244.5795880046471,239.59422576432544,244.5795880046471,64.08003833422083,933.5071642205546,0.009974762639487373,0.013049304333893497,68956036684.93098,0.5461847389558233,0.984
2023-02-24,AAPL,ensemble,,0.0048758210475138295,-0.03232995307121001,0.04208159516623767,235.28026711194633,245.775026310935,235.28026711194633,245.775026310935,62.04146475717269,973.6289076114577,0.009974762639487373,0.013049304333893497,68956036684.93098,0.5461847389558233,0.984
2023-02-27,AAPL,ensemble,,0.00483046607721742,-0.03237530804150642,0.04203624019594126,237.2207421969839,246.96510624448103,237.2207421969839,246.96510624448103,60.065019863396074,1015.4290107796415,0.009974762639487373,0.013049304333893497,68956036684.93098,0.5461847389558233,0.984
2023-02-28,AAPL,ensemble,,0.00300977561124411,-0.03419599850747973,0.04021554972996795,236.4028590376708,247.7095355186544,236.4028590376708,247.7095355186544,58.045758628388974,1057.0972873263058,0.009974762639487373,0.013049304333893497,68956036684.93098,0.5461847389558233,0.984
2023-03-01,AAPL,ensemble,,0.003335638144231745,-0.033870135974492094,0.04054141226295559,233.03505878982872,248.5371844953671,233.03505878982872,248.5371844953671,56.11266279840028,1100.8340897813382,0.009974762639487373,0.013049304333893497,68956036684.93098,0.5461847389558233,0.984
2023-03-02,AAPL,ensemble,,0.0046707314859788,-0.03253504263274504,0.041876505604702643,233.99729442368897,249.70075018454062,233.99729442368897,249.70075018454062,54.31641388517133,1147.912024798536,0.009974762639487373,0.013049304333893497,68956036684.93098,0.5461847389558233,0.984
2023-03-03,AAPL,ensemble,,0.003079606337288272,-0.03412616778143557,0.04028538045601211,242.2082804754664,250.47091549152904,242.2082804754664,250.47091549152904,52.494074416769905,1195.100212817981,0.009974762639487373,0.013049304333893497,68956036684.93098,0.5461847389558233,0.984
2023-03-06,AAPL,ensemble,,0.003560162992096507,-0.03364561112662733,0.04076593711082035,246.69867264903291,251.3642219902903,246.69867264903291,251.3642219902903,50.7572611151895,1244.826271326835,0.009974762639487373,0.013049304333893497,68956036684.93098,0.5461847389558233,0.984
2023-03-07,AAPL,ensemble,,0.0030897913885155563,-0.034115982730208286,0.040295565507239395,243.12240677470044,252.1420860988455,243.12240677470044,252.1420860988455,49.054832404039985,1296.011594915605,0.009974762639487373,0.013049304333893497,68956036684.93098,0.5461847389558233,0.984
2023-03-08,AAPL,ensemble,,0.0045725388247860035,-0.032633235293937836,0.041778312943509845,245.1591005289903,253.2976555064885,245.1591005289903,253.2976555064885,47.479852626260715,1351.3037369791132,0.009974762639487373,0.013049304333893497,68956036684.93098,0.5461847389558233,0.984
2023-03-09,AAPL,ensemble,,0.004820932956043396,-0.03238484116268044,0.04202670707476724,241.50264427339138,254.52173475282316,241.50264427339138,254.52173475282316,45.96685644186098,1409.3048443180362,0.009974762639487373,0.013049304333893497,68956036684.93098,0.5461847389558233,0.984
2023-03-10,AAPL,ensemble,,0.0039681251698220526,-0.033237648948901785,0.041173899288545895,238.1508967842038,255.53371535973312,238.1508967842038,255.53371535973312,44.464137959243615,1468.5425757135226,0.009974762639487373,0.013049304333893497,68956036684.93098,0.5461847389558233,0.984
2023-03-13,AAPL,ensemble,,0.004211006874803351,-0.03299476724392049,0.04141678099352719,241.3102069348868,256.61203841129515,241.3102069348868,256.61203841129515,43.02099311222883,1530.6419841545212,0.009974762639487373,0.013049304333893497,68956036684.93098,0.5461847389558233,0.984
2023-03-14,AAPL,ensemble,,0.003676218034523701,-0.03352955608420014,0.04088199215324754,244.71006375870053,257.55713634342675,244.71006375870053,257.55713634342675,41.602433052047694,1594.514397714086,0.009974762639487373,0.013049304333893497,68956036684.93098,0.5461847389558233,0.984
2023-03-15,AAPL,ensemble,,0.004043456391226173,-0.03316231772749767,0.04124923050995001,245.35156233816355,258.60066570344225,245.35156233816355,258.60066570344225,40.24542507443441,1661.6622679119064,0.009974762639487373,0.013049304333893497,68956036684.93098,0.5461847389558233,0.984
2023-03-16,AAPL,ensemble,,0.003621554333445555,-0.033584219785278285,0.040827328452169395,249.93817318098237,259.5388999726813,249.93817318098237,259.5388999726813,38.9162583158882,1730.9074282593185,0.009974762639487373,0.013049304333893497,68956036684.93098,0.5461847389558233,0.984
2023-03-17,AAPL,ensemble,,0.003318217502710645,-0.0338875566160132,0.04052399162143448,248.5750101114585,260.40153691018713,248.5750101114585,260.40153691018713,37.619576189887965,1802.4913434142914,0.009974762639487373,0.013049304333893497,68956036684.93098,0.5461847389558233,0.984
2023-03-20,AAPL,ensemble,,0.0038406702178548453,-0.033365103900869,0.04104644433657868,252.423903705562,261.4035763574772,252.423903705562,261.4035763574772,36.3851037904087,1878.0166225743174,0.009974762639487373,0.013049304333893497,68956036684.93098,0.5461847389558233,0.984
2023-03-21,AAPL,ensemble,,0.003973237978585435,-0.03323253614013841,0.04117901209730927,255.43888585236658,262.4442610496961,255.43888585236658,262.4442610496961,35.19580566342527,1956.9658616877878,0.009974762639487373,0.013049304333893497,68956036684.93098,0.5461847389558233,0.984
2023-03-22,AAPL,ensemble,,0.0037609931670123742,-0.03344478095171147,0.040966767285736214,253.11351161965118,263.4331705975692,253.11351161965118,263.4331705975692,34.03815622426098,2038.8012474548962,0.009974762639487373,0.013049304333893497,68956036684.93098,0.5461847389558233,0.984
2023-03-23,AAPL,ensemble,,0.0034590035711707873,-0.033746770547553054,0.04066477768989463,254.87757765416998,264.34596464425545,254.87757765416998,264.34596464425545,32.90864425969019,2123.417436229558,0.009974762639487373,0.013049304333893497,68956036684.93098,0.5461847389558233,0.984
2023-03-24,AAPL,ensemble,,0.004677529457667328,-0.03252824466105651,0.04188330357639117,256.994486260395,265.5853470450066,256.994486260395,265.5853470450066,31.85540667902116,2214.2419111374516,0.009974762639487373,0.013049304333893497,68956036684.93098,0.5461847389558233,0.984
2023-03-27,AAPL,ensemble,,0.004903141295891866,-0.032302632822831974,0.04210891541461571,253.835176109712,266.8907471931367,253.835176109712,266.8907471931367,30.84283557650886,2309.4721871669576,0.009974762639487373,0.013049304333893497,68956036684.93098,0.5461847389558233,0.984
2023-03-28,AAPL,ensemble,,0.004225717700417972,-0.03298005641830587,0.04143149181914181,252.82483114122564,268.02093840033405,252.82483114122564,268.02093840033405,29.842227862311262,2407.1669096702635,0.009974762639487373,0.013049304333893497,68956036684.93098,0.5461847389558233,0.984
2023-03-29,AAPL,ensemble,,0.00549612292306503,-0.031709651195658814,0.04270189704178887,257.8284221783626,269.49806995368016,257.8284221783626,269.49806995368016,28.910787102516615,2512.1837551920703,0.009974762639487373,0.013049304333893497,68956036684.93098,0.5461847389558233,0.984
2023-03-30,AAPL,ensemble,,0.00478766189003247,-0.03241811222869137,0.04199343600875631,260.37831479622287,270.7914292055357,260.37831479622287,270.7914292055357,27.988582786358265,2619.925370673536,0.009974762639487373,0.013049304333893497,68956036684.93098,0.5461847389558233,0.984
2023-03-31,AAPL,ensemble,,0.004267942701635672,-0.03293783141708817,0.04147371682035951,264.45172677547123,271.94962130015676,264.45172677547123,271.94962130015676,27.08171665366521,2730.8681156033526,0.009974762639487373,0.013049304333893497,68956036684.93098,0.5461847389558233,0.984
2023-04-03,AAPL,ensemble,,0.003958291850085,-0.03324748226863884,0.04116406596880884,266.48844500042975,273.02821054701127,266.48844500042975,273.02821054701127,26.196121244481116,2845.627528549012,0.009974762639487373,0.013049304333893497,68956036684.93098,0.5461847389558233,0.984
2023-04-04,AAPL,ensemble,,0.004570520579531067,-0.03263525353919278,0.041776294698254904,265.6224525064905,274.27894768473413,265.6224525064905,274.27894768473413,25.3550038772233,2967.0254245405235,0.009974762639487373,0.013049304333893497,68956036684.93098,0.5461847389558233,0.984
2023-04-05,AAPL,ensemble,,0.0032944437223901587,-0.033911330396333685,0.040500217841113996,262.62349864767174,275.1840343019777,262.62349864767174,275.1840343019777,24.509597407637656,3089.6571443117323,0.009974762639487373,0.013049304333893497,68956036684.93098,0.5461847389558233,0.984
2023-04-06,AAPL,ensemble,,0.005544873808439603,-0.031660900310284235,0.042750647927163446,264.0668520984621,276.71413322869233,264.0668520984621,276.71413322869233,23.745757227224747,3224.6060125940035,0.009974762639487373,0.013049304333893497,68956036684.93098,0.5461847389558233,0.984
2023-04-10,AAPL,ensemble,,0.006272316254598991,-0.03093345786412485,0.04347809037332283,259.8490876446666,278.4552264198185,259.8490876446666,278.4552264198185,23.022463508913944,3367.898187372132,0.009974762639487373,0.013049304333893497,68956036684.93098,0.5461847389558233,0.984
2023-04-11,AAPL,ensemble,,0.005621877261616757,-0.03158389685710708,0.0428276513803406,257.8765315129887,280.02507614218007,257.8765315129887,280.02507614218007,22.306687395951812,3515.270639542122,0.009974762639487373,0.013049304333893497,68956036684.93098,0.5461847389558233,0.984
2023-04-12,AAPL,ensemble,,0.004427482926169963,-0.03277829119255388,0.041633257044893804,256.75393958726426,281.2676310512459,256.75393958726426,281.2676310512459,21.587365770880933,3664.712087469829,0.009974762639487373,0.013049304333893497,68956036684.93098,0.5461847389558233,0.984
2023-04-13,AAPL,ensemble,,0.005242294990793236,-0.03196347912793061,0.042448069109517074,265.51018107858374,282.7459905572488,265.51018107858374,282.7459905572488,20.9082694131385,3823.6208648604447,0.009974762639487373,0.013049304333893497,68956036684.93098,0.5461847389558233,0.984
2023-04-14,AAPL,ensemble,,0.0045649726766471,-0.03264080144207674,0.04177074679537094,264.94889735105585,284.03966883499254,264.94889735105585,284.03966883499254,20.23682460434454,3986.7190159157562,0.009974762639487373,0.013049304333893497,68956036684.93098,0.5461847389558233,0.984
2023-04-17,AAPL,ensemble,,0.0030103584817318964,-0.034195415636991945,0.040216132600455735,264.9809539270275,284.89601837406246,264.9809539270275,284.89601837406246,19.55651598444886,4150.317027324105,0.009974762639487373,0.013049304333893497,68956036684.93098,0.5461847389558233,0.984
2023-04-18,AAPL,ensemble,,0.005748814133144071,-0.03145695998557977,0.04295458825186791,266.9695628173599,286.53854941013867,266.9695628173599,286.53854941013867,18.950902758249462,4332.4764706697615,0.009974762639487373,0.013049304333893497,68956036684.93098,0.5461847389558233,0.984
2023-04-19,AAPL,ensemble,,0.0035911923000137825,-0.033614581818710056,0.040796966418737625,268.8298719917997,287.5694143516648,268.8298719917997,287.5694143516648,18.32446381394772,4512.883373297671,0.009974762639487373,0.013049304333893497,68956036684.93098,0.5461847389558233,0.984
2023-04-20,AAPL,ensemble,,0.004628926313050104,-0.032576847805673735,0.041834700431773945,267.2582188251167,288.9036376087955,267.2582188251167,288.9036376087955,17.73712924118625,4705.683241557759,0.009974762639487373,0.013049304333893497,68956036684.93098,0.5461847389558233,0.984
2023-04-21,AAPL,ensemble,,0.0037997768878301826,-0.03340599723089366,0.04100555100655402,264.6441885846445,290.00349525728814,264.6441885846445,290.00349525728814,17.15439042824769,4902.653207831583,0.009974762639487373,0.013049304333893497,68956036684.93098,0.5461847389558233,0.984
2023-04-24,AAPL,ensemble,,0.005916581825076661,-0.031289192293647176,0.043122355943800504,265.14133468956044,291.7244106146135,265.14133468956044,291.7244106146135,16.625953698211845,5118.691733009976,0.009974762639487373,0.013049304333893497,68956036684.93098,0.5461847389558233,0.984
2023-04-25,AAPL,ensemble,,0.004570876504168894,-0.032634897614554945,0.041776650622892736,262.6395514063263,293.0608990035448,262.6395514063263,293.0608990035448,16.092125493958903,5337.063183916109,0.009974762639487373,0.013049304333893497,68956036684.93098,0.5461847389558233,0.984
2023-04-26,AAPL,ensemble,,0.0042005362771407335,-0.03300523784158311,0.04140631039586457,262.6234986476718,294.294501022379,262.6234986476718,294.294501022379,15.569670369470463,5562.690235358956,0.009974762639487373,0.013049304333893497,68956036684.93098,0.5461847389558233,0.984
2023-04-27,AAPL,ensemble,,0.003837433725452591,-0.03336834039327125,0.04104320784417643,270.0807636334168,295.42600631556826,270.0807636334168,295.42600631556826,15.05870869020446,5795.750950699954,0.009974762639487373,0.013049304333893497,68956036684.93098,0.5461847389558233,0.984
2023-04-28,AAPL,ensemble,,0.005264714372139129,-0.03194105974658471,0.04247048849086297,272.1174573877067,296.98544124473204,272.1174573877067,296.98544124473204,14.58531812108857,6047.201136038394,0.009974762639487373,0.013049304333893497,68956036684.93098,0.5461847389558233,0.984
2023-05-01,AAPL,ensemble,,0.005081579332808115,-0.03212419478591572,0.04228735345153196,271.9731293838282,298.4984372740122,271.9731293838282,298.4984372740122,14.124222338290798,6308.405158241777,0.009974762639487373,0.013049304333893497,68956036684.93098,0.5461847389558233,0.984
2023-05-02,AAPL,ensemble,,0.0031656499680233954,-0.03404012415070044,0.04037142408674724,270.2892292599072,299.44487609905985,270.2892292599072,299.44487609905985,13.651523070598179,6568.295226713653,0.009974762639487373,0.013049304333893497,68956036684.93098,0.5461847389558233,0.984
2023-05-03,AAPL,ensemble,,0.0029727870166907297,-0.03423298710203311,0.04017856113541457,268.5411915133742,300.3363864175344,268.5411915133742,300.3363864175344,13.192099247887116,6837.573255885682,0.009974762639487373,0.013049304333893497,68956036684.93098,0.5461847389558233,0.984
2023-05-04,AAPL,ensemble,,0.004857719374686891,-0.03234805474403695,0.04206349349341073,265.87902746760716,301.79888563020376,265.87902746760716,301.79888563020376,12.772188758416924,7131.320174673196,0.009974762639487373,0.013049304333893497,68956036684.93098,0.5461847389558233,0.984
2023-05-05,AAPL,ensemble,,0.004450954937464738,-0.0327548191812591,0.04165672905618858,278.35591177847493,303.14517277943077,278.35591177847493,303.14517277943077,12.360615328413909,7434.661894883431,0.009974762639487373,0.013049304333893497,68956036684.93098,0.5461847389558233,0.984
2023-05-08,AAPL,ensemble,,0.0034482324347197653,-0.03375754168400408,0.0406540065534436,278.24364035056817,304.19229211451733,278.24364035056817,304.19229211451733,11.950315658413167,7743.1386104633575,0.009974762639487373,0.013049304333893497,68956036684.93098,0.5461847389558233,0.984
2023-05-09,AAPL,ensemble,,0.0034865130789852256,-0.033719261039738616,0.040692287197709065,275.469229347563,305.2547135163449,275.469229347563,305.2547135163449,11.554077811366072,8064.723264394288,0.009974762639487373,0.013049304333893497,68956036684.93098,0.5461847389558233,0.984
2023-05-10,AAPL,ensemble,,0.0038217327170246163,-0.033384041401699226,0.041027506835748455,278.33985901982044,306.42354750493337,278.33985901982044,306.42354750493337,11.17472342236882,8402.480036110297,0.009974762639487373,0.013049304333893497,68956036684.93098,0.5461847389558233,0.984
2023-05-11,AAPL,ensemble,,0.003572614184477302,-0.03363315993424654,0.040778388303201143,278.6445677862318,307.5202384775955,278.6445677862318,307.5202384775955,10.80513226075277,8752.201712219377,0.009974762639487373,0.013049304333893497,68956036684.93098,0.5461847389558233,0.984
2023-05-12,AAPL,ensemble,,0.004452089458834717,-0.03275368465988912,0.04165786357755856,276.75220203582035,308.8923983123924,276.75220203582035,308.8923983123924,10.456957495587485,9124.500484528473,0.009974762639487373,0.013049304333893497,68956036684.93098,0.5461847389558233,0.984
2023-05-15,AAPL,ensemble,,0.005143978747542185,-0.03206179537118166,0.04234975286626602,275.95034716449305,310.48542798728704,275.95034716449305,310.48542798728704,10.12700634154681,9519.219968980919,0.009974762639487373,0.013049304333893497,68956036684.93098,0.5461847389558233,0.984
2023-05-16,AAPL,ensemble,,0.0038278289806184824,-0.03337794513810536,0.04103360309934232,275.95034716449305,311.6761906706025,275.95034716449305,311.6761906706025,9.794566620186782,9917.952636181593,0.009974762639487373,0.013049304333893497,68956036684.93098,0.5461847389558233,0.984
2023-05-17,AAPL,ensemble,,0.005531976183970381,-0.03167379793475346,0.04273775030269422,276.9446393743249,313.40515381672503,276.9446393743249,313.40515381672503,9.48919713115847,10351.011690584797,0.009974762639487373,0.013049304333893497,68956036684.93098,0.5461847389558233,0.984
2023-05-18,AAPL,ensemble,,0.003542544931609124,-0.033663229187114715,0.040748319050332965,280.7293953458164,314.5173745386969,280.7293953458164,314.5173745386969,9.17507692674531,10781.509482319445,0.009974762639487373,0.013049304333893497,68956036684.93098,0.5461847389558233,0.984
2023-05-19,AAPL,ensemble,,0.005082121926122846,-0.03212365219260099,0.04228789604484669,280.90580439633516,316.1198587449733,280.90580439633516,316.1198587449733,8.885023674048997,11247.21427415195,0.009974762639487373,0.013049304333893497,68956036684.93098,0.5461847389558233,0.984
2023-05-22,AAPL,ensemble,,0.0038873948902408556,-0.033318379228482985,0.041093169008964696,279.3662322762926,317.3511331428957,279.3662322762926,317.3511331428957,8.59386646332324,11719.025672192578,0.009974762639487373,0.013049304333893497,68956036684.93098,0.5461847389558233,0.984
2023-05-23,AAPL,ensemble,,0.005234386110929373,-0.03197138800779447,0.04244016022965321,275.13243953451126,319.01662662176517,275.13243953451126,319.01662662176517,8.323454382443197,12227.087863399513,0.009974762639487373,0.013049304333893497,68956036684.93098,0.5461847389558233,0.984
2023-05-24,AAPL,ensemble,,0.0041414935046097485,-0.033064280614114094,0.041347267623333586,275.5814763048011,320.3405715711312,275.5814763048011,320.3405715711312,8.052745411936405,12743.241782164194,0.009974762639487373,0.013049304333893497,68956036684.93098,0.5461847389558233,0.984
2023-05-25,AAPL,ensemble,,0.005342940633595538,-0.031862833485128306,0.042548714752319375,277.42575719125506,322.05671276527033,277.42575719125506,322.05671276527033,7.800206789073267,13297.150837393985,0.009974762639487373,0.013049304333893497,68956036684.93098,0.5461847389558233,0.984
2023-05-26,AAPL,ensemble,,0.004146641368672198,-0.033059132750051644,0.04135241548739604,281.33878840797047,323.3949391083132,281.33878840797047,323.3949391083132,7.546554579476627,13858.54770404679,0.009974762639487373,0.013049304333893497,68956036684.93098,0.5461847389558233,0.984
2023-05-30,AAPL,ensemble,,0.002954703410439692,-0.03425107070828415,0.04016047752916353,284.3377422667892,324.3518882921218,284.3377422667892,324.3518882921218,7.292453463392996,14426.440698836659,0.009974762639487373,0.013049304333893497,68956036684.93098,0.5461847389558233,0.984
2023-05-31,AAPL,ensemble,,0.003634894502048111,-0.03357087961667573,0.04084066862077195,284.25755188552273,325.5330185290368,284.25755188552273,325.5330185290368,7.051703096974212,15027.823023078952,0.009974762639487373,0.013049304333893497,68956036684.93098,0.5461847389558233,0.984
2023-06-01,AAPL,ensemble,,0.0046622276116204085,-0.032543546507103435,0.041868001730344245,288.8120816817012,327.05427101364523,288.8120816817012,327.05427101364523,6.82590965642057,15670.365060817094,0.009974762639487373,0.013049304333893497,68956036684.93098,0.5461847389558233,0.984
2023-06-02,AAPL,ensemble,,0.004264083508669896,-0.03294169061005395,0.04146985762739373,290.1912730392109,328.4518352849056,290.1912730392109,328.4518352849056,6.60471590258532,16333.87562662528,0.009974762639487373,0.013049304333893497,68956036684.93098,0.5461847389558233,0.984
2023-06-05,AAPL,ensemble,,0.004837800829004765,-0.032367973289719076,0.042043574947728604,287.9941985223881,330.04466964703505,287.9941985223881,330.04466964703505,6.394357438709684,17035.251001608278,0.009974762639487373,0.013049304333893497,68956036684.93098,0.5461847389558233,0.984
2023-06-06,AAPL,ensemble,,0.0027920989766988644,-0.03441367514202497,0.03999787309542271,287.4008337482199,330.9674747134608,287.4008337482199,330.9674747134608,6.1780474573756425,17730.43507256195,0.009974762639487373,0.013049304333893497,68956036684.93098,0.5461847389558233,0.984
2023-06-07,AAPL,ensemble,,0.004581679196448593,-0.03262409492227525,0.04178745331517243,285.1716781847568,332.4873406173293,285.1716781847568,332.4873406173293,5.979746532637041,18487.04306569209,0.009974762639487373,0.013049304333893497,68956036684.93098,0.5461847389558233,0.984
2023-06-08,AAPL,ensemble,,0.0037157241551687157,-0.033490049963555125,0.040921498273892555,289.5818799770569,333.7250699664993,289.5818799770569,333.7250699664993,5.782800791097971,19259.252799368645,0.009974762639487373,0.013049304333893497,68956036684.93098,0.5461847389558233,0.984
2023-06-09,AAPL,ensemble,,0.003351292008238466,-0.033854482110485376,0.040557066126962305,290.20732579786545,334.8453562812043,290.20732579786545,334.8453562812043,5.59030389170885,20056.407450295737,0.009974762639487373,0.013049304333893497,68956036684.93098,0.5461847389558233,0.984
2023-06-12,AAPL,ensemble,,0.004091471785193979,-0.03311430233352986,0.04129724590391782,294.74580283538944,336.2181731144066,294.74580283538944,336.2181731144066,5.408216367967265,20902.022449016284,0.009974762639487373,0.013049304333893497,68956036684.93098,0.5461847389558233,0.984
2023-06-13,AAPL,ensemble,,0.003757816331446443,-0.033447957787277396,0.040963590450170284,293.97602901070246,337.4839961318927,293.97602901070246,337.4839961318927,5.230314389696131,21776.02322902972,0.009974762639487373,0.013049304333893497,68956036684.93098,0.5461847389558233,0.984
2023-06-14,AAPL,ensemble,,0.004628078178687083,-0.03257769594003676,0.04183385229741092,295.00240226717466,339.049518335281,295.00240226717466,339.049518335281,5.062668384841129,22706.321478133592,0.009974762639487373,0.013049304333893497,68956036684.93098,0.5461847389558233,0.984
2023-06-15,AAPL,ensemble,,0.0038981076663682553,-0.03330766645235558,0.0411038817850921,298.30604042173604,340.37374918235696,298.30604042173604,340.37374918235696,4.896820057704192,23659.086461668103,0.009974762639487373,0.013049304333893497,68956036684.93098,0.5461847389558233,0.984
2023-06-16,AAPL,ensemble,,0.003378895541168601,-0.03382687857755524,0.04058466965989244,296.55800267520306,341.52578172856033,296.55800267520306,341.52578172856033,4.733946207678992,24639.03358177187,0.009974762639487373,0.013049304333893497,68956036684.93098,0.5461847389558233,0.984
2023-06-20,AAPL,ensemble,,0.004028612252897419,-0.03317716186582642,0.04123438637162126,296.7023306790814,342.9044318362794,296.7023306790814,342.9044318362794,4.579464116671775,25676.246472789902,0.009974762639487373,0.013049304333893497,68956036684.93098,0.5461847389558233,0.984
2023-06-21,AAPL,ensemble,,0.0047357483276763415,-0.0324700257910475,0.04194152244640018,295.0184550258291,344.53219221545794,295.0184550258291,344.53219221545794,4.433156951516482,26776.049837843857,0.009974762639487373,0.013049304333893497,68956036684.93098,0.5461847389558233,0.984
2023-06-22,AAPL,ensemble,,0.0032082031672371475,-0.03399757095148669,0.04041397728596099,299.89372187640475,345.6392964438061,299.89372187640475,345.6392964438061,4.284973593317603,27880.340600576106,0.009974762639487373,0.013049304333893497,68956036684.93098,0.5461847389558233,0.984
2023-06-23,AAPL,ensemble,,0.004678368322751204,-0.03252740579597264,0.04188414244147504,299.3805230128343,347.2601128111112,299.3805230128343,347.2601128111112,4.147836958934648,29072.88476945307,0.009974762639487373,0.013049304333893497,68956036684.93098,0.5461847389558233,0.984
2023-06-26,AAPL,ensemble,,0.00548525009448243,-0.03172052402424141,0.04269102421320627,297.1193108733996,349.17015511848643,297.1193108733996,349.17015511848643,4.01833026597669,30340.910068484434,0.009974762639487373,0.013049304333893497,68956036684.93098,0.5461847389558233,0.984
2023-06-27,AAPL,ensemble,,0.004207253036457641,-0.0329985210822662,0.041413027155181484,301.5936502883116,350.64229697897684,301.5936502883116,350.64229697897684,3.8878952273690457,31623.799830093092,0.009974762639487373,0.013049304333893497,68956036684.93098,0.5461847389558233,0.984
2023-06-28,AAPL,ensemble,,0.0029641894182184797,-0.03424158470050536,0.04016996353694232,303.50206879737755,351.6832091335012,303.50206879737755,351.6832091335012,3.7570209913554384,32919.986305910126,0.009974762639487373,0.013049304333893497,68956036684.93098,0.5461847389558233,0.984
2023-06-29,AAPL,ensemble,,0.0030785726529721016,-0.03412720146575174,0.04028434677169594,304.0473242369197,352.7675597132488,304.0473242369197,352.7675597132488,3.6309675387999314,34273.22052765328,0.009974762639487373,0.013049304333893497,68956036684.93098,0.5461847389558233,0.984
2023-06-30,AAPL,ensemble,,0.004326081719401303,-0.032879692399322535,0.041531855838125145,311.0715807403607,354.2969667892838,311.0715807403607,354.2969667892838,3.5135237805947757,35726.62333164499,0.009974762639487373,0.013049304333893497,68956036684.93098,0.5461847389558233,0.984
2023-07-03,AAPL,ensemble,,0.0032862417310138563,-0.033919532387709984,0.040492015849737696,308.649987838393,355.4631874586954,308.649987838393,355.4631874586954,3.396345251986658,37202.954430026235,0.009974762639487373,0.013049304333893497,68956036684.93098,0.5461847389558233,0.984
2023-07-05,AAPL,ensemble,,0.004064293100721121,-0.03314148101800272,0.04127006721944496,306.83778799857936,356.91083387597473,306.83778799857936,356.91083387597473,3.2856301057964905,38770.44561812088,0.009974762639487373,0.013049304333893497,68956036684.93098,0.5461847389558233,0.984
2023-07-06,AAPL,ensemble,,0.003322537290081278,-0.03388323682864256,0.04052831140880512,307.6075618232663,358.098655629074,307.6075618232663,358.098655629074,3.1761672727550176,40374.02194252791,0.009974762639487373,0.013049304333893497,68956036684.93098,0.5461847389558233,0.984
2023-07-07,AAPL,ensemble,,0.004489734829150435,-0.0327160392895734,0.04169550894787428,305.79536198345266,359.7100382690892,305.79536198345266,359.7100382690892,3.073937061527305,42093.025667630514,0.009974762639487373,0.013049304333893497,68956036684.93098,0.5461847389558233,0.984
2023-07-10,AAPL,ensemble,,0.0033650892028724753,-0.03384068491585136,0.04057086332159632,302.4756955409054,360.9225335682797,302.4756955409054,360.9225335682797,2.971653362216701,43835.89179465229,0.009974762639487373,0.013049304333893497,68956036684.93098,0.5461847389558233,0.984
2023-07-11,AAPL,ensemble,,0.0034647836229920103,-0.03374099049573183,0.04067055774171585,301.625731334952,362.17522094392734,301.625731334952,362.17522094392734,2.8730595149369935,45655.472844828684,0.009974762639487373,0.013049304333893497,68956036684.93098,0.5461847389558233,0.984
2023-07-12,AAPL,ensemble,,0.0050452033249326275,-0.03216057079379121,0.04225097744365647,304.3360047153452,364.0070857523524,304.3360047153452,364.0070857523524,2.7821302861855375,47625.79205432799,0.009974762639487373,0.013049304333893497,68956036684.93098,0.5461847389558233,0.984
2023-07-13,AAPL,ensemble,,0.003431273788786754,-0.033774500329937084,0.0406370479075106,305.57084359830776,365.25823902178456,305.57084359830776,365.25823902178456,2.6897343226367525,49601.025666545946,0.009974762639487373,0.013049304333893497,68956036684.93098,0.5461847389558233,0.984
2023-07-14,AAPL,ensemble,,0.004530893834565742,-0.032674880284158096,0.041736667953289584,305.81141474210716,366.9169401868118,305.81141474210716,366.9169401868118,2.603267908352285,51715.01579384661,0.009974762639487373,0.013049304333893497,68956036684.93098,0.5461847389558233,0.984
2023-07-17,AAPL,ensemble,,0.005012639938868582,-0.03219313417985526,0.04221841405759242,311.103661787001,368.76078008742525,311.103661787001,368.76078008742525,2.520795205423271,53945.08551830297,0.009974762639487373,0.013049304333893497,68956036684.93098,0.5461847389558233,0.984
2023-07-18,AAPL,ensemble,,0.003849672281863319,-0.033356101836860524,0.041055446400587156,310.68668159268276,370.1831242640502,310.68668159268276,370.1831242640502,2.438098196223887,56205.91726048328,0.009974762639487373,0.013049304333893497,68956036684.93098,0.5461847389558233,0.984
2023-07-19,AAPL,ensemble,,0.0036336588970613433,-0.033572115221662494,0.04083943301578519,312.88378058017423,371.5306902819867,312.88378058017423,371.5306902819867,2.357604809398679,58548.851474652474,0.009974762639487373,0.013049304333893497,68956036684.93098,0.5461847389558233,0.984
2023-07-20,AAPL,ensemble,,0.003366450128711,-0.03383932399001284,0.04057222424743484,309.7244704294913,372.7835374626748,309.7244704294913,372.7835374626748,2.279159804845961,60973.15576894258,0.009974762639487373,0.013049304333893497,68956036684.93098,0.5461847389558233,0.984
2023-07-21,AAPL,ensemble,,0.004493200426282288,-0.03271257369244155,0.04169897454500613,307.81605192042537,374.4622972899473,307.81605192042537,374.4622972899473,2.205808911057875,63569.4286067674,0.009974762639487373,0.013049304333893497,68956036684.93098,0.5461847389558233,0.984
2023-07-24,AAPL,ensemble,,0.004803390261147733,-0.03240238385757611,0.04200916437987157,309.1150528966686,376.26531266849173,309.1150528966686,376.26531266849173,2.1354809931846708,66296.81367773937,0.009974762639487373,0.013049304333893497,68956036684.93098,0.5461847389558233,0.984
2023-07-25,AAPL,ensemble,,0.003618292978829576,-0.033587481139894265,0.040824067097553415,310.5102725421641,377.6292168218841,310.5102725421641,377.6292168218841,2.064946730505047,69059.32404495077,0.009974762639487373,0.013049304333893497,68956036684.93098,0.5461847389558233,0.984
2023-07-26,AAPL,ensemble,,0.005034243963587004,-0.03217153015513684,0.04224001808231084,311.9215449463141,379.5350877115185,311.9215449463141,379.5350877115185,1.9995714839122423,72038.87631081666,0.009974762639487373,0.013049304333893497,68956036684.93098,0.5461847389558233,0.984
2023-07-27,AAPL,ensemble,,0.00359422780449626,-0.03361154631422758,0.0408000019232201,309.86879843336976,380.9016777232742,309.86879843336976,380.9016777232742,1.9334797393078589,75038.84583985485,0.009974762639487373,0.013049304333893497,68956036684.93098,0.5461847389558233,0.984
2023-07-28,AAPL,ensemble,,0.0035793376137890015,-0.03362643650493484,0.04078511173251284,314.05448184052494,382.2674963302615,314.05448184052494,382.2674963302615,1.8695446840243322,78162.58150944777,0.009974762639487373,0.013049304333893497,68956036684.93098,0.5461847389558233,0.984
2023-07-31,AAPL,ensemble,,0.003490937580011925,-0.03371483653871191,0.04069671169873577,315.0487740503568,383.6043002908134,315.0487740503568,383.6043002908134,1.807563995943094,81409.15593133851,0.009974762639487373,0.013049304333893497,68956036684.93098,0.5461847389558233,0.984
2023-08-01,AAPL,ensemble,,0.0037630431049258707,-0.033442731013797966,0.040968817223649714,313.70166373948746,385.05053923115787,313.70166373948746,385.05053923115787,1.7481137494774055,84813.65575125118,0.009974762639487373,0.013049304333893497,68956036684.93098,0.5461847389558233,0.984
2023-08-02,AAPL,ensemble,,0.003331478942491352,-0.033874295176232486,0.040537253061215195,308.8424251768976,386.33546615948,308.8424251768976,386.33546615948,1.6898893510019384,88322.40544279973,0.009974762639487373,0.013049304333893497,68956036684.93098,0.5461847389558233,0.984
2023-08-03,AAPL,ensemble,,0.0031178885363780393,-0.0340878855823458,0.04032366265510188,306.5811885667942,387.54189686151057,306.5811885667942,387.54189686151057,1.6332553467638582,91956.66931114152,0.009974762639487373,0.013049304333893497,68956036684.93098,0.5461847389558233,0.984
2023-08-04,AAPL,ensemble,,0.002987659594055098,-0.03421811452466874,0.04019343371277894,291.8591448751462,388.70147147233195,291.8591448751462,388.70147147233195,1.5783137872712691,95728.0074109802,0.009974762639487373,0.013049304333893497,68956036684.93098,0.5461847389558233,0.984
2023-08-07,AAPL,ensemble,,0.004774747533969061,-0.03243102658475478,0.0419805216526929,286.82349726203756,390.56186077485035,286.82349726203756,390.56186077485035,1.5279485631531846,99832.265804239,0.009974762639487373,0.013049304333893497,68956036684.93098,0.5461847389558233,0.984
2023-08-08,AAPL,ensemble,,0.004068715467683811,-0.03313705865104003,0.04127448958640765,288.34701662342565,392.15418301526984,288.34701662342565,392.15418301526984,1.4781465452636497,104039.0100353305,0.009974762639487373,0.013049304333893497,68956036684.93098,0.5461847389558233,0.984
2023-08-09,AAPL,ensemble,,0.004978055923361914,-0.032227718195361924,0.04218383004208576,285.76504295892505,394.1112155361263,285.76504295892505,394.1112155361263,1.4312686953286444,108521.65684773687,0.009974762639487373,0.013049304333893497,68956036684.93098,0.5461847389558233,0.984
2023-08-10,AAPL,ensemble,,0.003515625576639505,-0.03369014854208434,0.04072139969536334,285.41222485788757,395.4992013952171,285.41222485788757,395.4992013952171,1.3838522586007043,113032.02154138908,0.009974762639487373,0.013049304333893497,68956036684.93098,0.5461847389558233,0.984
2023-08-11,AAPL,ensemble,,0.003851866308569112,-0.03335390781015473,0.04105764042729295,285.12354437946203,397.02554920079564,285.12354437946203,397.02554920079564,1.3384566468784396,117769.43772203464,0.009974762639487373,0.013049304333893497,68956036684.93098,0.5461847389558233,0.984
2023-08-14,AAPL,ensemble,,0.003288566905746773,-0.033917207212977064,0.040494341024470616,287.8017611838836,398.33334348852674,287.8017611838836,398.33334348852674,1.2938211696916928,122636.30882818108,0.009974762639487373,0.013049304333893497,68956036684.93098,0.5461847389558233,0.984
2023-08-15,AAPL,ensemble,,0.003701464156838455,-0.03350430996188539,0.040907238275562294,284.57828893991996,399.8104922019175,284.57828893991996,399.8104922019175,1.2511907238095579,127757.0450554828,0.009974762639487373,0.013049304333893497,68956036684.93098,0.5461847389558233,0.984
2023-08-16,AAPL,ensemble,,0.0036772693751854013,-0.03352850474353844,0.04088304349390924,283.16704100643864,401.2834095779789,283.16704100643864,401.2834095779789,1.209935644950396,133088.37992712413,0.009974762639487373,0.013049304333893497,68956036684.93098,0.5461847389558233,0.984
2023-08-17,AAPL,ensemble,,0.004797450856996138,-0.032408323261727705,0.042003224975719976,279.0454952218954,403.21317228482434,279.0454952218954,403.21317228482434,1.1713522479943301,138797.58422999902,0.009974762639487373,0.013049304333893497,68956036684.93098,0.5461847389558233,0.984
2023-08-18,AAPL,ensemble,,0.004693257787520809,-0.03251251633120303,0.04189903190624465,279.8313218052369,405.1100033224628,279.8313218052369,405.1100033224628,1.133881080598913,144736.61973903072,0.009974762639487373,0.013049304333893497,68956036684.93098,0.5461847389558233,0.984
2023-08-21,AAPL,ensemble,,0.0021825911232112357,-0.0350231829955126,0.03938836524193508,281.99631527541936,405.99515843409836,281.99631527541936,405.99515843409836,1.0948563304746781,150551.32265661337,0.009974762639487373,0.013049304333893497,68956036684.93098,0.5461847389558233,0.984
2023-08-22,AAPL,ensemble,,0.0025278082985538243,-0.03467796582017001,0.03973358241727767,284.2254708388825,407.02273457534096,284.2254708388825,407.02273457534096,1.0575397118332437,156653.69783041475,0.009974762639487373,0.013049304333893497,68956036684.93098,0.5461847389558233,0.984
2023-08-23,AAPL,ensemble,,0.004066343244205739,-0.0331394308745181,0.04127211736292958,290.463900758982,408.68119837861605,290.463900758982,408.68119837861605,1.0230677923131863,163254.40324002792,0.009974762639487373,0.013049304333893497,68956036684.93098,0.5461847389558233,0.984
2023-08-24,AAPL,ensemble,,0.0029235495101195006,-0.03428222460860434,0.04012932362884334,282.8623322400273,409.8777463272602,282.8623322400273,409.8777463272602,0.988589131806907,169938.91752304658,0.009974762639487373,0.013049304333893497,68956036684.93098,0.5461847389558233,0.984
2023-08-25,AAPL,ensemble,,0.004291619322080973,-0.032914154796642864,0.04149739344080482,286.4385981143597,411.64056555197993,286.4385981143597,411.64056555197993,0.9565802189126367,177139.30505542867,0.009974762639487373,0.013049304333893497,68956036684.93098,0.5461847389558233,0.984
2023-08-28,AAPL,ensemble,,0.0030910969785271996,-0.03411467714019664,0.04029687109725104,288.97246244423417,412.9149550764814,288.97246244423417,412.9149550764814,0.9244971567316164,184423.2390379425,0.009974762639487373,0.013049304333893497,68956036684.93098,0.5461847389558233,0.984
2023-08-29,AAPL,ensemble,,0.0031875876248485496,-0.034018186493875294,0.04039336174357239,295.27502998694564,414.23325766366327,295.27502998694564,414.23325766366327,0.8935763566464626,192025.21472100605,0.009974762639487373,0.013049304333893497,68956036684.93098,0.5461847389558233,0.984
2023-08-30,AAPL,ensemble,,0.0031120469268267085,-0.034093727191897134,0.040317821045550546,300.9361234208628,415.5243789731919,300.9361234208628,415.5243789731919,0.8636244946600377,199925.44281531105,0.009974762639487373,0.013049304333893497,68956036684.93098,0.5461847389558233,0.984
2023-08-31,AAPL,ensemble,,0.0015174835093322635,-0.035688290609391576,0.038723257628056104,301.28894152190026,416.15540903377234,301.28894152190026,416.15540903377234,0.8333467075015131,207819.054073304,0.009974762639487373,0.013049304333893497,68956036684.93098,0.5461847389558233,0.984
2023-09-01,AAPL,ensemble,,0.003545037623112656,-0.03366073649561119,0.04075081174183649,303.8388586104292,417.6333136818781,303.8388586104292,417.6333136818781,0.805762500397762,216462.77235637765,0.009974762639487373,0.013049304333893497,68956036684.93098,0.5461847389558233,0.984
2023-09-05,AAPL,ensemble,,0.004708605120648313,-0.032497168998075525,0.041914379239372156,304.22373328743834,419.60442098242083,304.22373328743834,419.60442098242083,0.7799983977910798,225728.50227206788,0.009974762639487373,0.013049304333893497,68956036684.93098,0.5461847389558233,0.984
2023-09-06,AAPL,ensemble,,0.003587794589022048,-0.03361797952970179,0.04079356870774589,293.33455490190795,421.11257931692245,293.33455490190795,421.11257931692245,0.7542122944754809,235127.17275747997,0.009974762639487373,0.013049304333893497,68956036684.93098,0.5461847389558233,0.984
2023-09-07,AAPL,ensemble,,0.006170963471439672,-0.031034810647284167,0.043376737590163514,284.75469799043856,423.71928432984845,284.75469799043856,423.71928432984845,0.7311649436396306,245550.65648974592,0.009974762639487373,0.013049304333893497,68956036684.93098,0.5461847389558233,0.984
2023-09-08,AAPL,ensemble,,0.005032518846319369,-0.03217325527240447,0.04223829296504321,285.74899020027044,425.8570342353684,285.74899020027044,425.8570342353684,0.7080153824755899,256144.4540564013,0.009974762639487373,0.013049304333893497,68956036684.93098,0.5461847389558233,0.984
2023-09-11,AAPL,ensemble,,0.00557503677353095,-0.031630737345192894,0.042780810892254786,287.64138042135056,428.23783321595954,287.64138042135056,428.23783321595954,0.6859708147831287,267340.29764149484,0.009974762639487373,0.013049304333893497,68956036684.93098,0.5461847389558233,0.984
2023-09-12,AAPL,ensemble,,0.004731815798982634,-0.0324739583197412,0.04193758991770648,282.7340325241346,430.26897747134285,282.7340325241346,430.26897747134285,0.6640524414553288,278790.3204880983,0.009974762639487373,0.013049304333893497,68956036684.93098,0.5461847389558233,0.984
2023-09-13,AAPL,ensemble,,0.005796130771874328,-0.03140964334684951,0.04300190489059817,279.382285034947,432.7701141874256,279.382285034947,432.7701141874256,0.6435189539732903,291040.33467454213,0.009974762639487373,0.013049304333893497,68956036684.93098,0.5461847389558233,0.984
2023-09-14,AAPL,ensemble,,0.005429359953123082,-0.03177641416560076,0.04263513407184692,281.83595898355503,435.126169061658,281.83595898355503,435.126169061658,0.6233917085904651,303717.1980204467,0.009974762639487373,0.013049304333893497,68956036684.93098,0.5461847389558233,0.984
2023-09-15,AAPL,ensemble,,0.005469824639089478,-0.03173594947963436,0.04267559875781332,280.66523325253576,437.5127540526512,280.66523325253576,437.5127540526512,0.6039184169041529,316959.0537410545,0.009974762639487373,0.013049304333893497,68956036684.93098,0.5461847389558233,0.984
2023-09-18,AAPL,ensemble,,0.00451678488949591,-0.03268898922922793,0.04172255900821975,285.4122248578875,439.49337470054894,285.4122248578875,439.49337470054894,0.5844961115213384,330463.1503927908,0.009974762639487373,0.013049304333893497,68956036684.93098,0.5461847389558233,0.984
2023-09-19,AAPL,ensemble,,0.0038687720457804818,-0.03333700207294336,0.04107454616450432,287.176315363075,441.196967664452,287.176315363075,441.196967664452,0.565331975672948,344319.39577555086,0.009974762639487373,0.013049304333893497,68956036684.93098,0.5461847389558233,0.984
2023-09-20,AAPL,ensemble,,0.0035319992281203734,-0.03367377489060347,0.04073777334684421,281.4350315478914,442.7580302267177,281.4350315478914,442.7580302267177,0.546612067844689,358635.831263688,0.009974762639487373,0.013049304333893497,68956036684.93098,0.5461847389558233,0.984
2023-09-21,AAPL,ensemble,,0.004313586221861301,-0.03289218789686254,0.04151936034058514,278.9332237939886,444.67203029987434,278.9332237939886,444.67203029987434,0.5289252742487942,373839.6029795385,0.009974762639487373,0.013049304333893497,68956036684.93098,0.5461847389558233,0.984
2023-09-22,AAPL,ensemble,,0.003232614024610599,-0.03397316009411324,0.04043838814333444,280.31241515149827,446.1118092123437,280.31241515149827,446.1118092123437,0.5112578200990897,389266.89919410634,0.009974762639487373,0.013049304333893497,68956036684.93098,0.5461847389558233,0.984
2023-09-25,AAPL,ensemble,,0.004528743132506823,-0.03267703098621702,0.04173451725123066,282.3812144230971,448.1367166867324,282.3812144230971,448.1367166867324,0.4948214410257257,405856.53771685297,0.009974762639487373,0.013049304333893497,68956036684.93098,0.5461847389558233,0.984
2023-09-26,AAPL,ensemble,,0.003926040289580861,-0.03327973382914298,0.0411318144083047,275.7739381139743,449.89957775911864,275.7739381139743,449.89957775911864,0.47862491799457674,422898.2287757257,0.009974762639487373,0.013049304333893497,68956036684.93098,0.5461847389558233,0.984
2023-09-27,AAPL,ensemble,,0.004620916301710397,-0.032584857817013445,0.041826690420434236,273.3202396946976,451.9833367822867,273.3202396946976,451.9833367822867,0.4632803510401105,440961.7983370139,0.009974762639487373,0.013049304333893497,68956036684.93098,0.5461847389558233,0.984
2023-09-28,AAPL,ensemble,,0.004907859314123634,-0.0322979148046002,0.04211363343284748,273.7372198890157,454.20705980784226,273.7372198890157,454.20705980784226,0.44855641782534716,459928.88515444857,0.009974762639487373,0.013049304333893497,68956036684.93098,0.5461847389558233,0.984
2023-09-29,AAPL,ensemble,,0.004253573944243716,-0.032952200174480126,0.041459348062967555,274.5711558069833,456.1431779143341,274.5711558069833,456.1431779143341,0.4340163758083713,479398.03739030915,0.009974762639487373,0.013049304333893497,68956036684.93098,0.5461847389558233,0.984
2023-10-02,AAPL,ensemble,,0.003044820693121404,-0.034160953425602436,0.040250594811845244,278.6445677862317,457.5341686855676,278.6445677862317,457.5341686855676,0.41944034560865007,499087.69556019665,0.009974762639487373,0.013049304333893497,68956036684.93098,0.5461847389558233,0.984
2023-10-03,AAPL,ensemble,,0.0023589549565447314,-0.03484681916217911,0.03956472907526857,276.4795498453805,458.6147451951461,276.4795498453805,458.6147451951461,0.4050759146324598,519229.79597848176,0.009974762639487373,0.013049304333893497,68956036684.93098,0.5461847389558233,0.984
2023-10-04,AAPL,ensemble,,0.004796873404904041,-0.0324089007138198,0.04200264752362788,278.5002397823533,460.81994687764956,278.5002397823533,460.81994687764956,0.3921583029644133,541503.3210697832,0.009974762639487373,0.013049304333893497,68956036684.93098,0.5461847389558233,0.984
2023-10-05,AAPL,ensemble,,0.0024431524418548406,-0.034762621676869,0.03964892656057868,280.50487696067154,461.94717669255425,280.50487696067154,461.94717669255425,0.37876008013507373,563404.6596941288,0.009974762639487373,0.013049304333893497,68956036684.93098,0.5461847389558233,0.984
2023-10-06,AAPL,ensemble,,0.0032998040385721615,-0.03390597008015168,0.040505578157296,284.6424510332006,463.47402962409205,284.6424510332006,463.47402962409205,0.36613312640275497,586694.1848351082,0.009974762639487373,0.013049304333893497,68956036684.93098,0.5461847389558233,0.984
2023-10-09,AAPL,ensemble,,0.0037135696682305897,-0.03349220445049325,0.04091934378695443,287.04801564718247,465.19837247452716,287.04801564718247,465.19837247452716,0.3540735982397977,611199.2727748792,0.009974762639487373,0.013049304333893497,68956036684.93098,0.5461847389558233,0.984
2023-10-10,AAPL,ensemble,,0.0040805124445509695,-0.03312526167417287,0.04128628656327481,286.0857800133222,467.1004984075735,286.0857800133222,467.1004984075735,0.34253694979024474,636961.5766889087,0.009974762639487373,0.013049304333893497,68956036684.93098,0.5461847389558233,0.984
2023-10-11,AAPL,ensemble,,0.0036510143683227032,-0.033554759750401134,0.04085678848704655,288.34701662342565,468.8090060338028,288.34701662342565,468.8090060338028,0.3312339007905159,663524.72864002,0.009974762639487373,0.013049304333893497,68956036684.93098,0.5461847389558233,0.984
2023-10-12,AAPL,ensemble,,0.0032895103354617762,-0.03391626378326206,0.04049528445418562,289.8063983622018,470.353697350625,289.8063983622018,470.353697350625,0.3201880600883274,690945.8165003846,0.009974762639487373,0.013049304333893497,68956036684.93098,0.5461847389558233,0.984
2023-10-13,AAPL,ensemble,,0.0030028515773882214,-0.03420292254133562,0.04020862569611206,286.8234972620375,471.76822243417246,286.8234972620375,471.76822243417246,0.30942185996532084,719293.8977344509,0.009974762639487373,0.013049304333893497,68956036684.93098,0.5461847389558233,0.984
2023-10-16,AAPL,ensemble,,0.0043833042308138274,-0.032822469887910016,0.041589078349537664,286.6150071648784,473.84066483408816,286.6150071648784,473.84066483408816,0.29943073394967584,749839.4459673131,0.009974762639487373,0.013049304333893497,68956036684.93098,0.5461847389558233,0.984
2023-10-17,AAPL,ensemble,,0.004689553397810626,-0.032516220720913216,0.041895327516534464,284.0971711229898,476.06798441902913,284.0971711229898,476.06798441902913,0.28985097100291235,781921.5681927798,0.009974762639487373,0.013049304333893497,68956036684.93098,0.5461847389558233,0.984
2023-10-18,AAPL,ensemble,,0.0055373125767927255,-0.03166846154193111,0.04274308669551657,281.99631527541925,478.71143370463597,281.99631527541925,478.71143370463597,0.2808156589973457,816067.8702098816,0.009974762639487373,0.013049304333893497,68956036684.93098,0.5461847389558233,0.984
2023-10-19,AAPL,ensemble,,0.004803718990936524,-0.032402055127787315,0.042009493109660366,281.3869222132652,481.0165610692467,281.3869222132652,481.0165610692467,0.27186248840631677,851080.7554923726,0.009974762639487373,0.013049304333893497,68956036684.93098,0.5461847389558233,0.984
2023-10-20,AAPL,ensemble,,0.0047475332421874,-0.03245824087653644,0.04195330736091124,277.2493481407362,483.30563260511,277.2493481407362,483.30563260511,0.2631799819802118,887545.9780424662,0.009974762639487373,0.013049304333893497,68956036684.93098,0.5461847389558233,0.984
2023-10-23,AAPL,ensemble,,0.0040628091729477496,-0.03314296494577609,0.04126858329167159,277.44178547924076,485.27320539251565,277.44178547924076,485.27320539251565,0.25460037914639283,924940.0360732467,0.009974762639487373,0.013049304333893497,68956036684.93098,0.5461847389558233,0.984
2023-10-24,AAPL,ensemble,,0.0027754707754604254,-0.03443030334326341,0.03998124489418427,278.1474216813158,486.62193781010063,278.1474216813158,486.62193781010063,0.24598360121027224,962669.499889283,0.009974762639487373,0.013049304333893497,68956036684.93098,0.5461847389558233,0.984
2023-10-25,AAPL,ensemble,,0.004586421565790843,-0.032619352552932995,0.041792195684514685,274.3947467564646,488.8589171038114,274.3947467564646,488.8589171038114,0.23808923000860557,1003754.1001887125,0.009974762639487373,0.013049304333893497,68956036684.93098,0.5461847389558233,0.984
2023-10-26,AAPL,ensemble,,0.0054868390074491935,-0.031718935111274646,0.042692613126173035,267.64311797279464,491.54857940355043,267.64311797279464,491.54857940355043,0.23065580652433784,1047534.8943281595,0.009974762639487373,0.013049304333893497,68956036684.93098,0.5461847389558233,0.984
2023-10-27,AAPL,ensemble,,0.004497161946966628,-0.03270861217175721,0.04170293606569047,269.7760548670054,493.7641310832545,269.7760548670054,493.7641310832545,0.22323342483215247,1092143.8728439307,0.009974762639487373,0.013049304333893497,68956036684.93098,0.5461847389558233,0.984
2023-10-30,AAPL,ensemble,,0.0037030540421325074,-0.03350272007659133,0.04090882816085635,273.09572130955263,495.5959559246564,273.09572130955263,495.5959559246564,0.2158783926283783,1137748.6581145998,0.009974762639487373,0.013049304333893497,68956036684.93098,0.5461847389558233,0.984
2023-10-31,AAPL,ensemble,,0.00335744534030848,-0.03384832877841536,0.040563219459032324,273.8655196049083,497.2626886739243,273.8655196049083,497.2626886739243,0.20869355318739827,1184848.2033615182,0.009974762639487373,0.013049304333893497,68956036684.93098,0.5461847389558233,0.984
2023-11-01,AAPL,ensemble,,0.0036062741089621687,-0.03359950000976167,0.04081204822768601,278.99738588726916,499.0591916274945,278.99738588726916,499.0591916274945,0.20179804564573497,1234204.6026804636,0.009974762639487373,0.013049304333893497,68956036684.93098,0.5461847389558233,0.984
2023-11-02,AAPL,ensemble,,0.002776101112521948,-0.034429673006201894,0.039981875231245786,284.77075074909305,500.44655524442226,284.77075074909305,500.44655524442226,0.19496844993270163,1284550.1656419635,0.009974762639487373,0.013049304333893497,68956036684.93098,0.5461847389558233,0.984
2023-11-03,AAPL,ensemble,,0.002744678931844718,-0.03446109518687912,0.03995045305056856,283.2953162516624,501.82200708448954,283.2953162516624,501.82200708448954,0.1883640742132879,1336907.4110658676,0.009974762639487373,0.013049304333893497,68956036684.93098,0.5461847389558233,0.984
2023-11-06,AAPL,ensemble,,0.0021782958704327266,-0.03502747824829111,0.03938406998915657,287.4328903241915,502.91631532106516,287.4328903241915,502.91631532106516,0.18188037246599373,1390610.8547441352,0.009974762639487373,0.013049304333893497,68956036684.93098,0.5461847389558233,0.984
2023-11-07,AAPL,ensemble,,0.002190703237370901,-0.03501507088135294,0.03939647735609474,291.586517155375,504.019263396021,291.586517155375,504.019263396021,0.17562202596544607,1446489.507667163,0.009974762639487373,0.013049304333893497,68956036684.93098,0.5461847389558233,0.984
2023-11-08,AAPL,ensemble,,0.0037463712091940484,-0.03345940290952979,0.04095214532791789,293.30247385526775,505.91104810452384,293.30247385526775,505.91104810452384,0.1698430377235025,1506956.0226006294,0.009974762639487373,0.013049304333893497,68956036684.93098,0.5461847389558233,0.984
2023-11-09,AAPL,ensemble,,0.003684572762529035,-0.0335212013561948,0.04089034688125288,292.5327000305807,507.77855253783525,292.5327000305807,507.77855253783525,0.16424406153520815,1569853.156378185,0.009974762639487373,0.013049304333893497,68956036684.93098,0.5461847389558233,0.984
2023-11-10,AAPL,ensemble,,0.0044729594637791595,-0.03273281465494468,0.041678733582503,298.9314862425446,510.05491265785474,298.9314862425446,510.05491265785474,0.1589549274727401,1636665.2991680761,0.009974762639487373,0.013049304333893497,68956036684.93098,0.5461847389558233,0.984
2023-11-13,AAPL,ensemble,,0.003932075958203615,-0.033273698160520226,0.041137850076927454,296.36556533669847,512.0644355264207,296.36556533669847,512.0644355264207,0.15375293391197362,1705398.2610901722,0.009974762639487373,0.013049304333893497,68956036684.93098,0.5461847389558233,0.984
2023-11-14,AAPL,ensemble,,0.004870347603237514,-0.03233542651548633,0.04207612172196135,300.59935807847984,514.5644503515422,300.59935807847984,514.5644503515422,0.14886078827705945,1778685.8220365136,0.009974762639487373,0.013049304333893497,68956036684.93098,0.5461847389558233,0.984
2023-11-15,AAPL,ensemble,,0.003196053094384252,-0.034009721024339586,0.040401827213108095,301.51345990704516,516.2116565324036,301.51345990704516,516.2116565324036,0.14388319740762023,1852019.4097786685,0.009974762639487373,0.013049304333893497,68956036684.93098,0.5461847389558233,0.984
2023-11-16,AAPL,ensemble,,0.0042558354313061856,-0.032949938687417656,0.041461609550030025,304.23978604609295,518.4132498768457,304.23978604609295,518.4132498768457,0.1392195109058377,1930421.2168195737,0.009974762639487373,0.013049304333893497,68956036684.93098,0.5461847389558233,0.984
2023-11-17,AAPL,ensemble,,0.002394295454570982,-0.03481147866415286,0.03960006957329482,304.20770499945263,519.6559714922987,304.20770499945263,519.6559714922987,0.13445645930156613,2008399.8203607292,0.009974762639487373,0.013049304333893497,68956036684.93098,0.5461847389558233,0.984
2023-11-20,AAPL,ensemble,,0.005097958551922192,-0.032107815566801645,0.042303732670646035,307.03022533708395,522.3119203025418,307.03022533708395,522.3119203025418,0.1302079266384095,2095185.363389806,0.009974762639487373,0.013049304333893497,68956036684.93098,0.5461847389558233,0.984
2023-11-21,AAPL,ensemble,,0.0032875855129337,-0.03391818860579014,0.04049335963165754,305.7312243608407,524.0318911313994,305.7312243608407,524.0318911313994,0.12586556838304577,2181767.630739444,0.009974762639487373,0.013049304333893497,68956036684.93098,0.5461847389558233,0.984
2023-11-22,AAPL,ensemble,,0.00285324965106664,-0.0343525244676572,0.04005902376979048,306.80570695193904,525.529220052712,306.80570695193904,525.529220052712,0.12161519192560208,2270941.2924181838,0.009974762639487373,0.013049304333893497,68956036684.93098,0.5461847389558233,0.984
2023-11-24,AAPL,ensemble,,0.004789836430213541,-0.032415937688510296,0.041995610548937384,304.6567417697424,528.0524571784968,304.6567417697424,528.0524571784968,0.11773613278001524,2368341.7396870647,0.009974762639487373,0.013049304333893497,68956036684.93098,0.5461847389558233,0.984
2023-11-27,AAPL,ensemble,,0.004870082688284741,-0.0323356914304391,0.04207585680700858,304.36806129131685,530.6303885830442,304.36806129131685,530.6303885830442,0.11398994767399445,2470117.892264195,0.009974762639487373,0.013049304333893497,68956036684.93098,0.5461847389558233,0.984
2023-11-28,AAPL,ensemble,,0.003965496660128241,-0.0332402774585956,0.04117127077885208,305.3463252131629,532.7387792619322,305.3463252131629,532.7387792619322,0.11026317284199756,2573938.329674068,0.009974762639487373,0.013049304333893497,68956036684.93098,0.5461847389558233,0.984
2023-11-29,AAPL,ensemble,,0.004320371773976581,-0.03288540234474726,0.04152614589270042,303.69450613588214,535.0453879624657,303.69450613588214,535.0453879624657,0.10669609784932792,2683074.3855709736,0.009974762639487373,0.013049304333893497,68956036684.93098,0.5461847389558233,0.984
2023-11-30,AAPL,ensemble,,0.004614857543976943,-0.0325909165747469,0.04182063166270078,304.624660723102,537.5202523886124,304.624660723102,537.5202523886124,0.1032748282070703,2797661.605871719,0.009974762639487373,0.013049304333893497,68956036684.93098,0.5461847389558233,0.984
2023-12-01,AAPL,ensemble,,0.004435533347334761,-0.03277024077138908,0.041641307466058604,306.69345999470096,539.9097367942825,306.69345999470096,539.9097367942825,0.09994533925150284,2916619.4848939762,0.009974762639487373,0.013049304333893497,68956036684.93098,0.5461847389558233,0.984
2023-12-04,AAPL,ensemble,,0.004759170054973477,-0.03244660406375036,0.04196494417369732,303.79072480513446,542.4853831540702,303.79072480513446,542.4853831540702,0.09675449831055725,3041619.7290509604,0.009974762639487373,0.013049304333893497,68956036684.93098,0.5461847389558233,0.984
2023-12-05,AAPL,ensemble,,0.004689177923989827,-0.032516596194734015,0.041894952042713665,310.18953548776693,545.0351671601443,310.18953548776693,545.0351671601443,0.09365897209134669,3171755.2179790894,0.009974762639487373,0.013049304333893497,68956036684.93098,0.5461847389558233,0.984
2023-12-06,AAPL,ensemble,,0.0031640304453604967,-0.034041743673363344,0.04036980456408434,308.4254694532481,546.7624061001659,308.4254694532481,546.7624061001659,0.09052431468083978,3302418.0274486863,0.009974762639487373,0.013049304333893497,68956036684.93098,0.5461847389558233,0.984
2023-12-07,AAPL,ensemble,,0.006199438980152129,-0.031006335138571713,0.04340521309887597,311.55269855729085,550.1625548910694,311.55269855729085,550.1625548910694,0.08776055587547796,3448916.58655553,0.009974762639487373,0.013049304333893497,68956036684.93098,0.5461847389558233,0.984
2023-12-08,AAPL,ensemble,,0.0034510164270891326,-0.033754757691634704,0.040656790545812976,313.86204450202035,552.0644547618579,313.86204450202035,552.0644547618579,0.08484765822462581,3592027.9780102544,0.009974762639487373,0.013049304333893497,68956036684.93098,0.5461847389558233,0.984
2023-12-11,AAPL,ensemble,,0.0034919726512175108,-0.03371380146750633,0.040697746769941354,309.8046363400891,553.9956185628212,309.8046363400891,553.9956185628212,0.08203480355613818,3741230.942020569,0.009974762639487373,0.013049304333893497,68956036684.93098,0.5461847389558233,0.984
2023-12-12,AAPL,ensemble,,0.003773199413777479,-0.03343257470494636,0.04097897353250132,312.2583347593657,556.0899030979083,312.2583347593657,556.0899030979083,0.07933750884547265,3897727.3779763733,0.009974762639487373,0.013049304333893497,68956036684.93098,0.5461847389558233,0.984
2023-12-13,AAPL,ensemble,,0.00547814303029185,-0.03172763108843199,0.04268391714901569,317.47039142299303,559.1446025256663,317.47039142299303,559.1446025256663,0.07685983090043477,4067699.380429124,0.009974762639487373,0.013049304333893497,68956036684.93098,0.5461847389558233,0.984
2023-12-14,AAPL,ensemble,,0.003391193524044474,-0.033814580594679365,0.040596967642768315,317.71093809612375,561.043988853788,317.71093809612375,561.043988853788,0.0743042985812481,4236233.48095782,0.009974762639487373,0.013049304333893497,68956036684.93098,0.5461847389558233,0.984
2023-12-15,AAPL,ensemble,,0.004330098387317011,-0.03287567573140683,0.04153587250604085,316.8449456021845,563.4786318429,316.8449456021845,563.4786318429,0.07190121253058458,4415894.494247764,0.009974762639487373,0.013049304333893497,68956036684.93098,0.5461847389558233,0.984
2023-12-18,AAPL,ensemble,,0.0045141052981663154,-0.032691668820557525,0.041719879416890156,314.1507005097771,566.0279834119768,314.1507005097771,566.0279834119768,0.06958864864716893,4604022.124784627,0.009974762639487373,0.013049304333893497,68956036684.93098,0.5461847389558233,0.984
2023-12-19,AAPL,ensemble,,0.0037416351478667806,-0.03346413897085706,0.04094740926659062,315.83460063369813,568.1498207044361,315.83460063369813,568.1498207044361,0.06729845778888444,4796457.888813594,0.009974762639487373,0.013049304333893497,68956036684.93098,0.5461847389558233,0.984
2023-12-20,AAPL,ensemble,,0.005868357420143642,-0.0313374166985802,0.04307413153886748,312.45077209787024,571.493728948551,312.45077209787024,571.493728948551,0.06522220015936728,5007575.356695676,0.009974762639487373,0.013049304333893497,68956036684.93098,0.5461847389558233,0.984
2023-12-21,AAPL,ensemble,,0.004774154943699791,-0.032431619175024046,0.041979929062423635,312.21020095407084,574.2286518380662,312.21020095407084,574.2286518380662,0.06314087145892056,5222267.874561904,0.009974762639487373,0.013049304333893497,68956036684.93098,0.5461847389558233,0.984
2023-12-22,AAPL,ensemble,,0.005050756381608677,-0.03215501773711516,0.04225653050033252,310.4782159661923,577.1362775392137,310.4782159661923,577.1362775392137,0.061142870642048645,5447671.647636927,0.009974762639487373,0.013049304333893497,68956036684.93098,0.5461847389558233,0.984
2023-12-26,AAPL,ensemble,,0.004312024518266682,-0.032893749600457156,0.041517798636990524,309.5961707135986,579.6302765464199,309.5961707135986,579.6302765464199,0.05916437089424665,5678607.7906551445,0.009974762639487373,0.013049304333893497,68956036684.93098,0.5461847389558233,0.984
2023-12-27,AAPL,ensemble,,0.0035718332809182526,-0.03363394083780559,0.04077760739964209,309.7565270054629,581.7043211244878,309.7565270054629,581.7043211244878,0.05720753250518624,5914953.895000195,0.009974762639487373,0.013049304333893497,68956036684.93098,0.5461847389558233,0.984
2023-12-28,AAPL,ensemble,,0.0037083016302141966,-0.03349747248850964,0.04091407574893804,310.446134919552,583.8654608091487,310.446134919552,583.8654608091487,0.05532296509782373,6161977.683645341,0.009974762639487373,0.013049304333893497,68956036684.93098,0.5461847389558233,0.984
2023-12-29,AAPL,ensemble,,0.0047335158486003105,-0.03247225827012353,0.04193928996732415,308.76223479563095,586.6357486494106,308.76223479563095,586.6357486494106,0.05355535790359156,6425902.375873692,0.009974762639487373,0.013049304333893497,68956036684.93098,0.5461847389558233,0.984
2023-01-03,MSFT,lstm,-0.001001274545815816,0.006637237034738064,-0.013180790469050407,0.024765172973275185,386.912388252756,389.8791227243055,386.912388252756,389.8791227243055,382.2285632420608,397.0112881818277,0.012783960366632362,0.016387064641201658,3.1348631671287,0.5582329317269076,0.776
2023-01-04,MSFT,lstm,-0.04472878184523187,0.006214000750333071,-0.00989057868719101,0.025997880846261978,369.9876026077497,392.30936972692274,369.9876026077497,392.30936972692274,378.46674626924465,407.4680953277358,0.012783960366632362,0.016387064641201658,3.1348631671287,0.5582329317269076,0.776
2023-01-05,MSFT,lstm,-0.030085822868812496,0.006889485288411379,-0.013449158519506454,0.028152693063020706,359.02200279852633,395.02152379093116,359.02200279852633,395.02152379093116,373.41076002131297,419.1024383864064,0.012783960366632362,0.016387064641201658,3.1348631671287,0.5582329317269076,0.776
2023-01-06,MSFT,lstm,0.011716416894083157,0.010732602328062057,-0.008062170818448067,0.030282428488135338,363.2531930491901,399.28394352105323,363.2531930491901,399.28394352105323,370.4123616363967,431.9880050014578,0.012783960366632362,0.016387064641201658,3.1348631671287,0.5582329317269076,0.776
2023-01-09,MSFT,lstm,0.009689280539900093,0.011270225048065186,-0.00871080718934536,0.032587386667728424,366.7899618462843,403.8094047434882,366.7899618462843,403.8094047434882,367.1997927622171,446.2972657271628,0.012783960366632362,0.016387064641201658,3.1348631671287,0.5582329317269076,0.776
2023-01-10,MSFT,lstm,0.0075883031041337826,0.00836984533816576,-0.011955536901950836,0.029335256665945053,369.5838623275763,407.20341074434606,369.5838623275763,407.20341074434606,362.83586862368975,459.5834363621773,0.012783960366632362,0.016387064641201658,3.1348631671287,0.5582329317269076,0.776
2023-01-11,MSFT,lstm,0.029789977897474562,0.008393321186304092,-0.007052700966596603,0.02790641039609909,380.759390325691,410.635603207825,380.759390325691,410.635603207825,360.2859073191633,472.58939524216385,0.012783960366632362,0.016387064641201658,3.1348631671287,0.5582329317269076,0.776
2023-01-12,MSFT,lstm,0.011554443471914831,0.0067445458844304085,-0.013836102560162544,0.02542739547789097,385.1843680252856,413.41453536897797,385.1843680252856,413.41453536897797,355.3352771864876,484.760168986883,0.012783960366632362,0.016387064641201658,3.1348631671287,0.5582329317269076,0.776
2023-01-13,MSFT,lstm,0.0030141992738542548,0.006543150171637535,-0.012713804841041565,0.02507002279162407,386.3471420035728,416.1284435208071,386.3471420035728,416.1284435208071,350.84621161862276,497.0667412271898,0.012783960366632362,0.016387064641201658,3.1348631671287,0.5582329317269076,0.776
2023-01-17,MSFT,lstm,0.004670805320980337,0.0034319856204092503,-0.01339537464082241,0.020936599001288414,388.15591521554796,417.55904180155835,388.15591521554796,417.55904180155835,346.1778234047779,507.58331384960843,0.012783960366632362,0.016387064641201658,3.1348631671287,0.5582329317269076,0.776
2023-01-18,MSFT,lstm,-0.0190698340624515,0.006596747785806656,-0.013879978097975254,0.026488520205020905,380.8239779278843,420.32265621777884,380.8239779278843,420.32265621777884,341.40607001835394,521.2081062302788,0.012783960366632362,0.016387064641201658,3.1348631671287,0.5582329317269076,0.776
2023-01-19,MSFT,lstm,-0.016590815250743796,0.00842305924743414,-0.010439549572765827,0.026217740029096603,374.55792089404235,423.8780034690259,374.55792089404235,423.8780034690259,337.860474133094,535.0537279572982,0.012783960366632362,0.016387064641201658,3.1348631671287,0.5582329317269076,0.776
2023-01-20,MSFT,lstm,0.03511960478689331,0.009536504745483398,-0.011925115250051022,0.02710084244608879,387.9459623843055,427.93967112554816,387.9459623843055,427.93967112554816,333.85537776808695,549.7524153255213,0.012783960366632362,0.016387064641201658,3.1348631671287,0.5582329317269076,0.776
2023-01-23,MSFT,lstm,0.009776385221036106,0.0060462490655481815,-0.016349270939826965,0.02803174778819084,391.7572716148354,430.5349258911982,391.7572716148354,430.5349258911982,328.44146622564307,565.3809507741128,0.012783960366632362,0.016387064641201658,3.1348631671287,0.5582329317269076,0.776
2023-01-24,MSFT,lstm,-0.0022285864135329573,0.004909980576485395,-0.015139049850404263,0.021888133138418198,390.8851788099445,432.65403272693567,390.8851788099445,432.65403272693567,323.5066267431433,577.8925012956,0.012783960366632362,0.016387064641201658,3.1348631671287,0.5582329317269076,0.776
2023-01-25,MSFT,lstm,-0.005925606042130097,0.007042125333100557,-0.011927830055356026,0.026757674291729927,388.57579623568176,435.7115836779538,388.57579623568176,435.7115836779538,319.67081734913336,593.564322546484,0.012783960366632362,0.016387064641201658,3.1348631671287,0.5582329317269076,0.776
2023-01-26,MSFT,lstm,0.030251378191659788,0.007926748134195805,-0.012632722966372967,0.02920037880539894,400.51035793191033,439.1791041074168,400.51035793191033,439.1791041074168,315.65790178727354,611.1521672926922,0.012783960366632362,0.016387064641201658,3.1348631671287,0.5582329317269076,0.776
2023-01-27,MSFT,lstm,0.000644968020295778,0.0051534706726670265,-0.012379799038171768,0.02491975575685501,400.7687576253855,441.4482411001364,400.7687576253855,441.4482411001364,311.7742137682884,626.5732427496106,0.012783960366632362,0.016387064641201658,3.1348631671287,0.5582329317269076,0.776
2023-01-30,MSFT,lstm,-0.02220637150801496,0.0045610833913087845,-0.01665615104138851,0.02360684610903263,391.9672244460778,443.466346916733,391.9672244460778,443.466346916733,306.62427255710105,641.5406699137337,0.012783960366632362,0.016387064641201658,3.1348631671287,0.5582329317269076,0.776
2023-01-31,MSFT,lstm,0.02079497097670574,0.005882574710994959,-0.013083690777420998,0.025505920872092247,400.20351137620236,446.0827567479712,400.20351137620236,446.0827567479712,302.6386286868244,658.1142087079741,0.012783960366632362,0.016387064641201658,3.1348631671287,0.5582329317269076,0.776
2023-02-01,MSFT,lstm,0.019738544246612016,0.005057805217802525,-0.014365110546350479,0.023594461381435394,408.1814232552029,448.34464931206224,408.1814232552029,448.34464931206224,298.32226406311696,673.8266841856237,0.012783960366632362,0.016387064641201658,3.1348631671287,0.5582329317269076,0.776
2023-02-02,MSFT,lstm,0.04581841684722669,0.004712274298071861,-0.015947828069329262,0.024993954226374626,427.3187223923576,450.462373735434,427.3187223923576,450.462373735434,293.6024067799786,690.8805412545673,0.012783960366632362,0.016387064641201658,3.1348631671287,0.5582329317269076,0.776
2023-02-03,MSFT,lstm,-0.02390399638962623,0.0028104442171752453,-0.01567276380956173,0.019777650013566017,417.22521538802516,451.7301604983296,417.22521538802516,451.7301604983296,289.0367092578588,704.6805139951618,0.012783960366632362,0.016387064641201658,3.1348631671287,0.5582329317269076,0.776
2023-02-06,MSFT,lstm,-0.006134578583204123,0.0047462573274970055,-0.013886695727705956,0.023087987676262856,414.6735492178967,453.8792773691296,414.6735492178967,453.8792773691296,285.05068300529155,721.1394245112521,0.012783960366632362,0.016387064641201658,3.1348631671287,0.5582329317269076,0.776
2023-02-07,MSFT,lstm,0.04116313135052451,0.004214508458971977,-0.01632101833820343,0.02372697740793228,432.0989935098928,455.7961669220368,432.0989935098928,455.7961669220368,280.43612237416215,738.4544567940048,0.012783960366632362,0.016387064641201658,3.1348631671287,0.5582329317269076,0.776
2023-02-08,MSFT,lstm,-0.003106879135397032,0.00396914454177022,-0.01397030334919691,0.02562962844967842,430.7585974649864,457.6088957705958,430.7585974649864,457.6088957705958,276.54558721082196,757.6254155255097,0.012783960366632362,0.016387064641201658,3.1348631671287,0.5582329317269076,0.776
2023-02-09,MSFT,lstm,-0.011728298227947615,0.005711588077247143,-0.016273843124508858,0.024813732132315636,425.73604275158544,460.23002788606493,425.73604275158544,460.23002788606493,272.0815524193265,776.6601421094566,0.012783960366632362,0.016387064641201658,3.1348631671287,0.5582329317269076,0.776
2023-02-10,MSFT,lstm,-0.0019744425174470525,0.004372105933725834,-0.014038707129657269,0.021773286163806915,424.8962807113178,462.24659784677596,424.8962807113178,462.24659784677596,268.28856352965647,793.7559815193457,0.012783960366632362,0.016387064641201658,3.1348631671287,0.5582329317269076,0.776
2023-02-13,MSFT,lstm,0.030764751827930373,0.007007656153291464,-0.010800106450915337,0.02603537030518055,438.17126309480386,465.49724313304745,438.17126309480386,465.49724313304745,265.4066054498488,814.6930426525901,0.012783960366632362,0.016387064641201658,3.1348631671287,0.5582329317269076,0.776
2023-02-14,MSFT,lstm,0.0031279573280335762,0.00655771978199482,-0.008937162347137928,0.021930623799562454,439.5439899043335,468.5598797881106,439.5439899043335,468.5598797881106,263.04518623611784,832.7570755934951,0.012783960366632362,0.016387064641201658,3.1348631671287,0.5582329317269076,0.776
2023-02-15,MSFT,lstm,-0.010526629528366202,0.004894029349088669,-0.011181635782122612,0.020960001274943352,434.9413408534175,470.8586618807629,434.9413408534175,470.8586618807629,260.12029061680175,850.3958912287623,0.012783960366632362,0.016387064641201658,3.1348631671287,0.5582329317269076,0.776
2023-02-16,MSFT,lstm,-0.026983455136297498,0.00572294183075428,-0.010203314013779163,0.023012734949588776,423.3620479327784,473.56107571107293,423.3620479327784,473.56107571107293,257.47969356805305,870.1927229351462,0.012783960366632362,0.016387064641201658,3.1348631671287,0.5582329317269076,0.776
2023-02-17,MSFT,lstm,-0.01572472917292497,0.008518566377460957,-0.008374431170523167,0.02638152241706848,416.7568628633075,477.61236014793417,416.7568628633075,477.61236014793417,255.33245076172648,893.4552055693906,0.012783960366632362,0.016387064641201658,3.1348631671287,0.5582329317269076,0.776
2023-02-21,MSFT,lstm,-0.021107824310530435,0.006949002854526043,-0.009661756455898285,0.02550714835524559,408.05222340846524,480.9428215316171,408.05222340846524,480.9428215316171,252.87736733432533,916.537867086225,0.012783960366632362,0.016387064641201658,3.1348631671287,0.5582329317269076,0.776
2023-02-22,MSFT,lstm,-0.004601553912552456,0.007847788743674755,-0.013709785416722298,0.026642249897122383,406.1788625942969,484.7320070577313,406.1788625942969,484.7320070577313,249.43412237485438,941.2846718249485,0.012783960366632362,0.016387064641201658,3.1348631671287,0.5582329317269076,0.776
2023-02-23,MSFT,lstm,0.012878465792599013,0.009226668626070023,-0.011460212990641594,0.031736820936203,411.44365161886134,489.225160948435,411.44365161886134,489.225160948435,246.5918707476018,971.6371069220031,0.012783960366632362,0.016387064641201658,3.1348631671287,0.5582329317269076,0.776
2023-02-24,MSFT,lstm,-0.022025148719785316,0.00667923130095005,-0.010619930922985077,0.023397866636514664,402.4806124705439,492.50374672488783,402.4806124705439,492.50374672488783,243.98694051051137,994.6394230468763,0.012783960366632362,0.016387064641201658,3.1348631671287,0.5582329317269076,0.776
2023-02-27,MSFT,lstm,0.003764682375838134,0.007269828114658594,-0.010335557162761688,0.023021213710308075,403.9986798667717,496.0972135220064,403.9986798667717,496.0972135220064,241.47818440219592,1017.8028345602938,0.012783960366632362,0.016387064641201658,3.1348631671287,0.5582329317269076,0.776
2023-02-28,MSFT,lstm,-0.0029625126373036058,0.006979914847761393,-0.010145224630832672,0.02538183331489563,402.80359976621236,499.5720670346408,402.80359976621236,499.5720670346408,239.04072114415936,1043.9671346030525,0.012783960366632362,0.016387064641201658,3.1348631671287,0.5582329317269076,0.776
2023-03-01,MSFT,lstm,-0.012709702774380093,0.009018735028803349,-0.008516374044120312,0.028803840279579163,397.7164820929693,504.09796434423396,397.7164820929693,504.09796434423396,237.01361011691478,1074.4747009885987,0.012783960366632362,0.016387064641201658,3.1348631671287,0.5582329317269076,0.776
2023-03-02,MSFT,lstm,0.019462580195205487,0.00780596723780036,-0.009367410093545914,0.026436887681484222,405.53288800295996,508.04830841587216,405.53288800295996,508.04830841587216,234.8037766163782,1103.2592623430407,0.012783960366632362,0.016387064641201658,3.1348631671287,0.5582329317269076,0.776
2023-03-03,MSFT,lstm,0.016509035004743464,0.005681040696799755,-0.015605159103870392,0.026153359562158585,412.28341365912894,510.9427868270473,412.28341365912894,510.9427868270473,231.16806671757104,1132.493776802491,0.012783960366632362,0.016387064641201658,3.1348631671287,0.5582329317269076,0.776
2023-03-06,MSFT,lstm,0.006169973755058706,0.0067063444294035435,-0.01230577938258648,0.02906723879277706,414.8350551869063,514.3808633881692,414.8350551869063,514.3808633881692,228.34078965647151,1165.8953316619215,0.012783960366632362,0.016387064641201658,3.1348631671287,0.5582329317269076,0.776
2023-03-07,MSFT,lstm,-0.010645481454473854,0.004648547153919935,-0.013854224234819412,0.02225762978196144,410.44235896723274,516.7775769342534,410.44235896723274,516.7775769342534,225.19911290278532,1192.1363602329427,0.012783960366632362,0.016387064641201658,3.1348631671287,0.5582329317269076,0.776
2023-03-08,MSFT,lstm,-0.0017721653012704168,0.006141563877463341,-0.01111099123954773,0.02572818100452423,409.715631391391,519.9611839904907,409.715631391391,519.9611839904907,222.7107732670604,1223.2058320236815,0.012783960366632362,0.016387064641201658,3.1348631671287,0.5582329317269076,0.776
2023-03-09,MSFT,lstm,-0.0054543023340065,0.006877480540424585,-0.010509415529668331,0.028024598956108093,407.48700180163314,523.5495115059013,407.48700180163314,523.5495115059013,220.3824754089905,1257.970473406904,0.012783960366632362,0.016387064641201658,3.1348631671287,0.5582329317269076,0.776
2023-03-10,MSFT,lstm,-0.014893213967662066,0.007102150470018387,-0.011058768257498741,0.02629617042839527,401.46317907895474,527.2810604998972,401.46317907895474,527.2810604998972,217.95874600804942,1291.4890276644244,0.012783960366632362,0.016387064641201658,3.1348631671287,0.5582329317269076,0.776
2023-03-13,MSFT,lstm,0.021214311292385334,0.006758345756679773,-0.013505177572369576,0.027608288452029228,410.07092480933153,530.8566696029255,410.07092480933153,530.8566696029255,215.0349639251587,1327.641633252171,0.012783960366632362,0.016387064641201658,3.1348631671287,0.5582329317269076,0.776
2023-03-14,MSFT,lstm,0.026696268957658514,0.007646085228770971,-0.012593556195497513,0.028478119522333145,421.16572446529244,534.9312118307962,421.16572446529244,534.9312118307962,212.34388925426418,1365.9938946070306,0.012783960366632362,0.016387064641201658,3.1348631671287,0.5582329317269076,0.776
2023-03-15,MSFT,lstm,0.01767331711510715,0.0049670385196805,-0.01341623067855835,0.022450651973485947,428.6752838195753,537.5948333420376,428.6752838195753,537.5948333420376,209.51405764602683,1397.0082413457094,0.012783960366632362,0.016387064641201658,3.1348631671287,0.5582329317269076,0.776
2023-03-16,MSFT,lstm,0.03973644953182184,0.004343310371041298,-0.018457580357789993,0.025719940662384033,446.05228124933865,539.9348804326456,446.05228124933865,539.9348804326456,205.68241118863486,1433.4052624212954,0.012783960366632362,0.016387064641201658,3.1348631671287,0.5582329317269076,0.776
2023-03-17,MSFT,lstm,0.011626502617996566,0.0023128234315663576,-0.01692206785082817,0.02273666113615036,451.2685741269682,541.1851111166309,451.2685741269682,541.1851111166309,202.23111775886733,1466.3694851856376,0.012783960366632362,0.016387064641201658,3.1348631671287,0.5582329317269076,0.776
2023-03-20,MSFT,lstm,-0.02610445020977979,0.003430887358263135,-0.015423444099724293,0.022564474493265152,439.6408836287986,543.0450581726254,439.6408836287986,543.0450581726254,199.13594989998248,1499.833429235234,0.012783960366632362,0.016387064641201658,3.1348631671287,0.5582329317269076,0.776
2023-03-21,MSFT,lstm,0.005677522128909795,0.007856698706746101,-0.01185319758951664,0.026076773181557655,442.1440536519921,547.3283813794137,442.1440536519921,547.3283813794137,196.78948276647668,1539.4586666708442,0.012783960366632362,0.016387064641201658,3.1348631671287,0.5582329317269076,0.776
2023-03-22,MSFT,lstm,-0.005457153522854962,0.005973010789602995,-0.013977359980344772,0.024400915950536728,439.737777353264,550.6073506441859,439.737777353264,550.6073506441859,194.05801844892665,1577.4848340570024,0.012783960366632362,0.016387064641201658,3.1348631671287,0.5582329317269076,0.776
2023-03-23,MSFT,lstm,0.01952965061003187,0.006925578229129314,-0.011082709766924381,0.02771596983075142,448.41011068583407,554.4338862658117,448.41011068583407,554.4338862658117,191.9192089949987,1621.817821082852,0.012783960366632362,0.016387064641201658,3.1348631671287,0.5582329317269076,0.776
2023-03-24,MSFT,lstm,0.010425917505380565,0.006185386795550585,-0.013699840754270554,0.026389572769403458,453.1096534612155,557.8739295855571,453.1096534612155,557.8739295855571,189.30787388487315,1665.1867032391626,0.012783960366632362,0.016387064641201658,3.1348631671287,0.5582329317269076,0.776
2023-03-27,MSFT,lstm,-0.01504652625885892,0.0040703932754695415,-0.01677256077528,0.021856702864170074,446.34296242273484,560.1493555562032,446.34296242273484,560.1493555562032,186.15917733071458,1701.9829152486677,0.012783960366632362,0.016387064641201658,3.1348631671287,0.5582329317269076,0.776
2023-03-28,MSFT,lstm,-0.004169596379705795,0.005642390344291925,-0.012815453112125397,0.025021981447935104,444.4857669908781,563.3188980250885,444.4857669908781,563.3188980250885,183.78868260690436,1745.107241080829,0.012783960366632362,0.016387064641201658,3.1348631671287,0.5582329317269076,0.776
2023-03-29,MSFT,lstm,0.019002258102331117,0.005510691553354263,-0.013369668275117874,0.02582510933279991,453.01275973675007,566.4317681839937,453.01275973675007,566.4317681839937,181.34784213982732,1790.761745965682,0.012783960366632362,0.016387064641201658,3.1348631671287,0.5582329317269076,0.776
2023-03-30,MSFT,lstm,0.012540826263207436,0.004699682351201773,-0.014156801626086235,0.024209043011069298,458.7296866190184,569.1001112730171,458.7296866190184,569.1001112730171,178.79862823004797,1834.6433295343995,0.012783960366632362,0.016387064641201658,3.1348631671287,0.5582329317269076,0.776
2023-03-31,MSFT,lstm,0.014851326274739398,0.006007615476846695,-0.0145858284085989,0.02657950483262539,465.5932713819644,572.5293218553351,465.5932713819644,572.5293218553351,176.20962502770269,1884.0611630444341,0.012783960366632362,0.016387064641201658,3.1348631671287,0.5582329317269076,0.776
2023-04-03,MSFT,lstm,-0.0037182355103531667,0.003699403489008546,-0.013435959815979004,0.02057170867919922,463.86530043919635,574.6512396534349,463.86530043919635,574.6512396534349,173.85791797809725,1923.2208763225624,0.012783960366632362,0.016387064641201658,3.1348631671287,0.5582329317269076,0.776
2023-04-04,MSFT,lstm,-0.0001741554302829208,0.00483284518122673,-0.010750792920589447,0.022039685398340225,463.7845228123404,577.4351642006633,463.7845228123404,577.4351642006633,171.99882179663862,1966.0786775829572,0.012783960366632362,0.016387064641201658,3.1348631671287,0.5582329317269076,0.776
2023-04-05,MSFT,lstm,-0.009938479034080546,0.005731867626309395,-0.011787104420363903,0.025524910539388657,459.198039143736,580.7544185534422,459.198039143736,580.7544185534422,169.98335413071072,2016.9087215188288,0.012783960366632362,0.016387064641201658,3.1348631671287,0.5582329317269076,0.776
2023-04-06,MSFT,lstm,0.02521232873740693,0.005695459898561239,-0.010531052947044373,0.020379196852445602,470.92267265107324,584.0714988671427,470.92267265107324,584.0714988671427,168.20264007152218,2058.433400532004,0.012783960366632362,0.016387064641201658,3.1348631671287,0.5582329317269076,0.776
2023-04-10,MSFT,lstm,-0.007607711097102339,0.0037332370411604643,-0.013084243051707745,0.020285923033952713,467.3536223740579,586.256038099034,467.3536223740579,586.256038099034,166.01617426186235,2100.6169390903265,0.012783960366632362,0.016387064641201658,3.1348631671287,0.5582329317269076,0.776
2023-04-11,MSFT,lstm,-0.022929347011977772,0.005745225585997105,-0.010319922119379044,0.0231487937271595,456.7594320803846,589.633894483483,456.7594320803846,589.633894483483,164.31171268728218,2149.8108337509466,0.012783960366632362,0.016387064641201658,3.1348631671287,0.5582329317269076,0.776
2023-04-12,MSFT,lstm,0.00233085177266923,0.0056376694701612,-0.010840542614459991,0.021621596068143845,457.8253123342064,592.9674603241772,457.8253123342064,592.9674603241772,162.5401032419828,2196.799299103987,0.012783960366632362,0.016387064641201658,3.1348631671287,0.5582329317269076,0.776
2023-04-13,MSFT,lstm,0.022152219222671833,0.006266785319894552,-0.011400517076253891,0.023814469575881958,468.0803253075485,596.6951513809288,468.0803253075485,596.6951513809288,160.69758273948284,2249.7428292702857,0.012783960366632362,0.016387064641201658,3.1348631671287,0.5582329317269076,0.776
2023-04-14,MSFT,lstm,-0.012847781220447387,0.0065832240507006645,-0.012355915270745754,0.024838943034410477,462.104998731805,600.6362690916875,462.104998731805,600.6362690916875,158.7242376152886,2306.3237296913853,0.012783960366632362,0.016387064641201658,3.1348631671287,0.5582329317269076,0.776
2023-04-17,MSFT,lstm,0.009253112019116544,0.007069272920489311,-0.010085752233862877,0.025623681023716927,466.40075194231093,604.8973413708923,466.40075194231093,604.8973413708923,157.13143386018942,2366.1839990050853,0.012783960366632362,0.016387064641201658,3.1348631671287,0.5582329317269076,0.776
2023-04-18,MSFT,lstm,-0.001490003874303387,0.006634118035435677,-0.009309431537985802,0.024361765012145042,465.7063304887414,608.9236408418874,465.7063304887414,608.9236408418874,155.67541356631153,2424.5363323192873,0.012783960366632362,0.016387064641201658,3.1348631671287,0.5582329317269076,0.776
2023-04-19,MSFT,lstm,0.0002774421460454476,0.00618046335875988,-0.010670948773622513,0.02543416991829872,465.83555497783004,612.6987228180178,465.83555497783004,612.6987228180178,154.02304104981965,2486.9933876729533,0.012783960366632362,0.016387064641201658,3.1348631671287,0.5582329317269076,0.776
2023-04-20,MSFT,lstm,-0.008145501961990443,0.006415939889848232,-0.01019405946135521,0.024273306131362915,462.05650258487003,616.6424110723547,462.05650258487003,616.6424110723547,152.46089828179447,2548.0996754058715,0.012783960366632362,0.016387064641201658,3.1348631671287,0.5582329317269076,0.776
2023-04-21,MSFT,lstm,-0.0012239691979550138,0.005073418840765953,-0.015234023332595825,0.02530202642083168,461.49130562038914,619.7788410680374,461.49130562038914,619.7788410680374,150.1559031069466,2613.394401530423,0.012783960366632362,0.016387064641201658,3.1348631671287,0.5582329317269076,0.776
2023-04-24,MSFT,lstm,-0.014061235536483854,0.006248468533158302,-0.016261117532849312,0.025731222704052925,455.0475772352259,623.6636299940853,455.0475772352259,623.6636299940853,147.73394651177784,2681.5128171119622,0.012783960366632362,0.016387064641201658,3.1348631671287,0.5582329317269076,0.776
2023-04-25,MSFT,lstm,-0.022793842273225902,0.005846500862389803,-0.013900100253522396,0.02395240217447281,444.79261354658587,627.3205855500189,444.79261354658587,627.3205855500189,145.69463318705485,2746.516888812317,0.012783960366632362,0.016387064641201658,3.1348631671287,0.5582329317269076,0.776
2023-04-26,MSFT,lstm,0.06993153714561844,0.008162261918187141,-0.010757725685834885,0.02792411670088768,477.0110583335936,632.4618783910438,477.0110583335936,632.4618783910438,144.13569376195355,2824.2919023628147,0.012783960366632362,0.016387064641201658,3.1348631671287,0.5582329317269076,0.776
2023-04-27,MSFT,lstm,0.03152540891772579,0.0059171090833842754,-0.012499652802944183,0.02491198107600212,492.2885767356345,636.2152841637228,492.2885767356345,636.2152841637228,142.34526231475957,2895.5344512009265,0.012783960366632362,0.016387064641201658,3.1348631671287,0.5582329317269076,0.776
2023-04-28,MSFT,lstm,0.007940126369461913,0.005164995789527893,-0.015732573345303535,0.024718133732676506,496.21296971529256,639.5098183377822,496.21296971529256,639.5098183377822,140.12333202961713,2967.998681859084,0.012783960366632362,0.016387064641201658,3.1348631671287,0.5582329317269076,0.776
2023-05-01,MSFT,lstm,-0.0055481758022313775,0.0047780838795006275,-0.011657722294330597,0.024029504507780075,493.4675160962333,642.5727324674397,493.4675160962333,642.5727324674397,138.49929370348323,3040.1818439617214,0.012783960366632362,0.016387064641201658,3.1348631671287,0.5582329317269076,0.776
2023-05-02,MSFT,lstm,-0.000491002501589629,0.0034107512328773737,-0.012933525256812572,0.019721727818250656,493.22528178506974,644.7681067789484,493.22528178506974,644.7681067789484,136.71954662096206,3100.734629655024,0.012783960366632362,0.016387064641201658,3.1348631671287,0.5582329317269076,0.776
2023-05-03,MSFT,lstm,-0.0033125422450693168,0.006211837753653526,-0.010769740678369999,0.0234675370156765,491.5941552820649,648.7857785678128,491.5941552820649,648.7857785678128,135.25501122008987,3174.361759378063,0.012783960366632362,0.016387064641201658,3.1348631671287,0.5582329317269076,0.776
2023-05-04,MSFT,lstm,0.0033125422450692053,0.006949909962713718,-0.01383303478360176,0.024017319083213806,493.2252817850697,653.3104761581106,493.2252817850697,653.3104761581106,133.39690523301616,3251.524416247539,0.012783960366632362,0.016387064641201658,3.1348631671287,0.5582329317269076,0.776
2023-05-05,MSFT,lstm,0.01701170868051051,0.0021866117604076862,-0.017575565725564957,0.020538996905088425,501.6876622863973,654.7405990430626,501.6876622863973,654.7405990430626,131.07286162403634,3318.997960458723,0.012783960366632362,0.016387064641201658,3.1348631671287,0.5582329317269076,0.776
2023-05-08,MSFT,lstm,-0.006458927797110895,0.0055452557280659676,-0.014838807284832,0.02459454908967018,498.45774004501095,658.3813735294807,498.45774004501095,658.3813735294807,129.14225518295066,3401.6392928462815,0.012783960366632362,0.016387064641201658,3.1348631671287,0.5582329317269076,0.776
2023-05-09,MSFT,lstm,-0.005360181477831121,0.00791909545660019,-0.009868714958429337,0.026195935904979706,495.7930640528076,663.6158638437468,495.7930640528076,663.6158638437468,127.87405715458488,3491.9258326621266,0.012783960366632362,0.016387064641201658,3.1348631671287,0.5582329317269076,0.776
2023-05-10,MSFT,lstm,0.0171485288650533,0.007323613855987787,-0.0097988685593009,0.027417156845331192,504.3685036609122,668.4937356151545,504.3685036609122,668.4937356151545,126.62715442768405,3588.989173100154,0.012783960366632362,0.016387064641201658,3.1348631671287,0.5582329317269076,0.776
2023-05-11,MSFT,lstm,-0.00706925044001154,0.006219219416379929,-0.013381501659750938,0.02235925756394863,500.8155694815063,672.6641870972059,500.8155694815063,672.6641870972059,124.94397915702153,3670.140314075742,0.012783960366632362,0.016387064641201658,3.1348631671287,0.5582329317269076,0.776
2023-05-12,MSFT,lstm,-0.003682837255539793,0.005404821131378412,-0.00981865543872118,0.020482029765844345,498.97453943196126,676.3096857632316,498.97453943196126,676.3096857632316,123.7231975422807,3746.087199029654,0.012783960366632362,0.016387064641201658,3.1348631671287,0.5582329317269076,0.776
2023-05-15,MSFT,lstm,0.001584626692463848,0.0036256653256714344,-0.017521526664495468,0.024599473923444748,499.7658546099962,678.7661695821823,499.7658546099962,678.7661695821823,121.57426012559515,3839.3815884084497,0.012783960366632362,0.016387064641201658,3.1348631671287,0.5582329317269076,0.776
2023-05-16,MSFT,lstm,0.007340660285556093,0.0038876126054674387,-0.017117533832788467,0.027543004602193832,503.4479639937886,681.410074815458,503.4479639937886,681.410074815458,119.51091562300174,3946.599578749514,0.012783960366632362,0.016387064641201658,3.1348631671287,0.5582329317269076,0.776
2023-05-17,MSFT,lstm,0.007223510173534132,0.004670805763453245,-0.013982569798827171,0.021288713440299034,507.0977918976599,684.6002367431851,507.0977918976599,684.6002367431851,117.85147553116099,4031.5182427478258,0.012783960366632362,0.016387064641201658,3.1348631671287,0.5582329317269076,0.776
2023-05-18,MSFT,lstm,0.014292246989190247,0.006086781620979309,-0.011985672637820244,0.024057643488049507,514.3973984207004,688.7799291456436,514.3973984207004,688.7799291456436,116.44737725657112,4129.6830183230995,0.012783960366632362,0.016387064641201658,3.1348631671287,0.5582329317269076,0.776
2023-05-19,MSFT,lstm,-0.0005652503995028339,0.006013781297951937,-0.01430201344192028,0.026720138266682625,514.1067172473041,692.9345607167982,514.1067172473041,692.9345607167982,114.79379997905347,4241.516062916479,0.012783960366632362,0.016387064641201658,3.1348631671287,0.5582329317269076,0.776
2023-05-22,MSFT,lstm,0.008881708331310564,0.005108366720378399,-0.016695234924554825,0.02372138202190399,518.6932009159085,696.483403933398,518.6932009159085,696.483403933398,112.89320258581603,4343.333385475522,0.012783960366632362,0.016387064641201658,3.1348631671287,0.5582329317269076,0.776
2023-05-23,MSFT,lstm,-0.018603964654439004,0.006740580312907696,-0.009428180754184723,0.02490198239684105,509.13265868083806,701.1939573317879,509.13265868083806,701.1939573317879,111.83382888823128,4452.849112561857,0.012783960366632362,0.016387064641201658,3.1348631671287,0.5582329317269076,0.776
2023-05-24,MSFT,lstm,-0.0044825419640336876,0.006703853141516447,-0.008160348981618881,0.021171189844608307,506.8555575864964,705.9104572615076,506.8555575864964,705.9104572615076,110.92493825925331,4548.126170115831,0.012783960366632362,0.016387064641201658,3.1348631671287,0.5582329317269076,0.776
2023-05-25,MSFT,lstm,0.03773680946719584,0.0063079530373215675,-0.012159310281276703,0.02374361827969551,526.3481501415916,710.3773651075239,526.3481501415916,710.3773651075239,109.58433537369713,4657.407204909968,0.012783960366632362,0.016387064641201658,3.1348631671287,0.5582329317269076,0.776
2023-05-26,MSFT,lstm,0.021160155404894247,0.004841701593250036,-0.014179109595716,0.02499273791909218,537.6044311242113,713.8251724246602,537.6044311242113,713.8251724246602,108.0414937541093,4775.275261204119,0.012783960366632362,0.016387064641201658,3.1348631671287,0.5582329317269076,0.776
2023-05-30,MSFT,lstm,-0.0050595595899617825,0.003375473665073514,-0.018274027854204178,0.023651089519262314,534.8912589850731,716.2387103281455,534.8912589850731,716.2387103281455,106.08507083346622,4889.562177199674,0.012783960366632362,0.016387064641201658,3.1348631671287,0.5582329317269076,0.776
2023-05-31,MSFT,lstm,-0.008550618441348575,0.006106274202466011,-0.014716899022459984,0.023505913093686104,530.337106081092,720.6256533032685,530.337106081092,720.6256533032685,104.53525726807173,5005.857475116864,0.012783960366632362,0.016387064641201658,3.1348631671287,0.5582329317269076,0.776
2023-06-01,MSFT,lstm,0.012678421233759899,0.00830145739018917,-0.014178762212395668,0.027127986773848534,537.1037478348704,726.6328371750373,537.1037478348704,726.6328371750373,103.06353294639446,5143.515142302818,0.012783960366632362,0.016387064641201658,3.1348631671287,0.5582329317269076,0.776
2023-06-02,MSFT,lstm,0.008443438906069122,0.006037821061909199,-0.014388530515134335,0.02602025866508484,541.6579500235537,731.0333767394281,541.6579500235537,731.0333767394281,101.59121834993249,5279.106965348854,0.012783960366632362,0.016387064641201658,3.1348631671287,0.5582329317269076,0.776
2023-06-05,MSFT,lstm,0.0016087486648573956,0.004956208635121584,-0.012594444677233696,0.022952163591980934,542.5300428284446,734.665533601344,542.5300428284446,734.665533601344,100.3197549514147,5401.674942049189,0.012783960366632362,0.016387064641201658,3.1348631671287,0.5582329317269076,0.776
2023-06-06,MSFT,lstm,-0.006750151917383558,0.006354500073939562,-0.013578267768025398,0.026968741789460182,538.8802149245734,739.3488182904524,538.8802149245734,739.3488182904524,98.96679211933119,5549.3332040172545,0.012783960366632362,0.016387064641201658,3.1348631671287,0.5582329317269076,0.776
2023-06-07,MSFT,lstm,-0.03135431052789001,0.006864999420940876,-0.011273162439465523,0.026926377788186073,522.2461350953145,744.4419172663173,522.2461350953145,744.4419172663173,97.85738966579643,5700.786340428841,0.012783960366632362,0.016387064641201658,3.1348631671287,0.5582329317269076,0.776
2023-06-08,MSFT,lstm,0.00579677511338792,0.00640887301415205,-0.0128448735922575,0.023071205243468285,525.28226988777,749.2282573081743,525.28226988777,749.2282573081743,96.6084626777068,5833.839220437164,0.012783960366632362,0.016387064641201658,3.1348631671287,0.5582329317269076,0.776
2023-06-09,MSFT,lstm,0.0046928963861562565,0.0057706986553967,-0.009613601490855217,0.021971726790070534,527.7531584310425,753.5643203875073,527.7531584310425,753.5643203875073,95.68415553380179,5963.437314233764,0.012783960366632362,0.016387064641201658,3.1348631671287,0.5582329317269076,0.776
2023-06-12,MSFT,lstm,0.015365289073811387,0.006059488281607628,-0.014783604070544243,0.02387268655002117,535.9248577589738,758.1443981399732,535.9248577589738,758.1443981399732,94.28000563521977,6107.5134128667105,0.012783960366632362,0.016387064641201658,3.1348631671287,0.5582329317269076,0.776
2023-06-13,MSFT,lstm,0.0073258273041494236,0.005105478223413229,-0.012020856142044067,0.024980060756206512,539.8653668362413,762.0249521035075,539.8653668362413,762.0249521035075,93.1534648283489,6262.000897385709,0.012783960366632362,0.016387064641201658,3.1348631671287,0.5582329317269076,0.776
2023-06-14,MSFT,lstm,0.009082407685551104,0.006324281916022301,-0.01681976579129696,0.028587831184267998,544.7909785404745,766.8594810206948,544.7909785404745,766.8594810206948,91.59974811459544,6443.601437583763,0.012783960366632362,0.016387064641201658,3.1348631671287,0.5582329317269076,0.776
2023-06-15,MSFT,lstm,0.031398499377165004,0.005114493425935507,-0.01317392848432064,0.02442275546491146,562.1679759702378,770.7915907172194,562.1679759702378,770.7915907172194,90.40093539781228,6602.909241709034,0.012783960366632362,0.016387064641201658,3.1348631671287,0.5582329317269076,0.776
2023-06-16,MSFT,lstm,-0.01671466746102836,0.0020125412847846746,-0.01914265751838684,0.023453623056411743,552.8496187616287,772.3443640845683,552.8496187616287,772.3443640845683,88.68687986227786,6759.602049364104,0.012783960366632362,0.016387064641201658,3.1348631671287,0.5582329317269076,0.776
2023-06-20,MSFT,lstm,-0.012581367463613363,0.005780945997685194,-0.01513439416885376,0.024727031588554382,545.9375871364499,776.8222188308209,545.9375871364499,776.8222188308209,87.35476478357982,6928.830458414688,0.012783960366632362,0.016387064641201658,3.1348631671287,0.5582329317269076,0.776
2023-06-21,MSFT,lstm,-0.013371025527008,0.007158993277698755,-0.009136904031038284,0.022907115519046783,538.6864274756422,782.403394909941,538.6864274756422,782.403394909941,86.56024601614037,7089.382158770131,0.012783960366632362,0.016387064641201658,3.1348631671287,0.5582329317269076,0.776
2023-06-22,MSFT,lstm,0.018269535419317123,0.003429655684158206,-0.017030375078320503,0.019999386742711067,548.6184285109648,785.0913359173059,548.6184285109648,785.0913359173059,85.0985745816717,7232.592849160784,0.012783960366632362,0.016387064641201658,3.1348631671287,0.5582329317269076,0.776
2023-06-23,MSFT,lstm,-0.013902088576371648,0.006054064258933067,-0.0088955732062459,0.022714227437973022,541.0442569121376,789.8587261160482,541.0442569121376,789.8587261160482,84.34493158691504,7398.755402767189,0.012783960366632362,0.016387064641201658,3.1348631671287,0.5582329317269076,0.776
2023-06-26,MSFT,lstm,-0.019348974565018984,0.008910504169762135,-0.01347811333835125,0.02919680066406727,530.6762341167206,796.9282402732861,530.6762341167206,796.9282402732861,83.21574862867728,7617.959837997102,0.012783960366632362,0.016387064641201658,3.1348631671287,0.5582329317269076,0.776
2023-06-27,MSFT,lstm,0.01800492295237786,0.005590650252997875,-0.01356608234345913,0.027407558634877205,540.317553978647,801.3960540287759,540.317553978647,801.3960540287759,82.09446098488743,7829.637136137459,0.012783960366632362,0.016387064641201658,3.1348631671287,0.5582329317269076,0.776
2023-06-28,MSFT,lstm,0.0038185027563641403,0.0057717133313417435,-0.01393827237188816,0.02195209078490734,542.3847022417461,806.0348913895723,542.3847022417461,806.0348913895723,80.95814480386589,8003.414854747581,0.012783960366632362,0.016387064641201658,3.1348631671287,0.5582329317269076,0.776
2023-06-29,MSFT,lstm,-0.0023849119004938587,0.006042428780347109,-0.01353074423968792,0.02347712405025959,541.0927037743703,810.9200427654785,541.0927037743703,810.9200427654785,79.87010006913572,8193.534655089372,0.012783960366632362,0.016387064641201658,3.1348631671287,0.5582329317269076,0.776
2023-06-30,MSFT,lstm,0.016252880099050727,0.006949428468942642,-0.011862936429679394,0.02588493376970291,549.9588738405735,816.5750944238391,549.9588738405735,816.5750944238391,78.92820487217463,8408.392280893793,0.012783960366632362,0.016387064641201658,3.1348631671287,0.5582329317269076,0.776
2023-07-03,MSFT,lstm,-0.0075163377314713346,0.008838701993227005,-0.00937575101852417,0.025297023355960846,545.8406934119845,823.8245447506426,545.8406934119845,823.8245447506426,78.19165147335046,8623.813149130336,0.012783960366632362,0.016387064641201658,3.1348631671287,0.5582329317269076,0.776
2023-07-05,MSFT,lstm,0.0004732856179234783,0.007973028346896172,-0.008728628046810627,0.024569958448410034,546.0990931054596,830.4191809739596,546.0990931054596,830.4191809739596,77.51211478841586,8838.324719525648,0.012783960366632362,0.016387064641201658,3.1348631671287,0.5582329317269076,0.776
2023-07-06,MSFT,lstm,0.009184354676689894,0.0051688398234546185,-0.011931472457945347,0.02236223593354225,551.1377639164699,834.7226342567092,551.1377639164699,834.7226342567092,76.59277851799993,9038.195668033282,0.012783960366632362,0.016387064641201658,3.1348631671287,0.5582329317269076,0.776
2023-07-07,MSFT,lstm,-0.011938380678174591,0.007682139053940773,-0.01011650264263153,0.027296774089336395,544.5971910915434,841.1598216819293,544.5971910915434,841.1598216819293,75.82183421465943,9288.307556632031,0.012783960366632362,0.016387064641201658,3.1348631671287,0.5582329317269076,0.776
2023-07-10,MSFT,lstm,-0.01611279085316757,0.006734518799930811,-0.011181668378412724,0.021375715732574463,535.8925269943502,846.8437567677288,535.8925269943502,846.8437567677288,74.97874351257792,9488.989329637358,0.012783960366632362,0.016387064641201658,3.1348631671287,0.5582329317269076,0.776
2023-07-11,MSFT,lstm,0.0019268850164786337,0.008813725784420967,-0.009559255093336105,0.027321703732013702,536.9261257682509,854.3406276508462,536.9261257682509,854.3406276508462,74.26541555834424,9751.81912925734,0.012783960366632362,0.016387064641201658,3.1348631671287,0.5582329317269076,0.776
2023-07-12,MSFT,lstm,0.014126628195813206,0.0076535106636583805,-0.015406263992190361,0.030928341671824455,544.5649096116225,860.9044579205964,544.5649096116225,860.9044579205964,73.13003295178983,10058.139837122018,0.012783960366632362,0.016387064641201658,3.1348631671287,0.5582329317269076,0.776
2023-07-13,MSFT,lstm,0.01606245026326407,0.00786564964801073,-0.010228544473648071,0.024558328092098236,553.3825835308908,867.7027292311137,553.3825835308908,867.7027292311137,72.38583100637022,10308.209419890698,0.012783960366632362,0.016387064641201658,3.1348631671287,0.5582329317269076,0.776
2023-07-14,MSFT,lstm,0.007501086472850522,0.004014028701931238,-0.013390395790338516,0.021828945726156235,557.5491615370103,871.1927349727407,557.5491615370103,871.1927349727407,71.4230173605271,10535.701060158728,0.012783960366632362,0.016387064641201658,3.1348631671287,0.5582329317269076,0.776
2023-07-17,MSFT,lstm,0.0014183563200623871,0.00851133931428194,-0.010808906517922878,0.028523694723844528,558.3405259997475,878.6393974792913,558.3405259997475,878.6393974792913,70.65516914469282,10840.544822749693,0.012783960366632362,0.016387064641201658,3.1348631671287,0.5582329317269076,0.776
2023-07-18,MSFT,lstm,0.0390281778122774,0.006638007238507271,-0.008122206665575504,0.02372376248240471,580.5623575068881,884.4912270674388,580.5623575068881,884.4912270674388,70.08361800440584,11100.798547957585,0.012783960366632362,0.016387064641201658,3.1348631671287,0.5582329317269076,0.776
2023-07-19,MSFT,lstm,-0.01234325481327844,0.004191949497908354,-0.015503672882914543,0.02231481485068798,573.440373050467,888.2067066630287,573.440373050467,888.2067066630287,69.00544197938528,11351.294763818081,0.012783960366632362,0.016387064641201658,3.1348631671287,0.5582329317269076,0.776
2023-07-20,MSFT,lstm,-0.023393022478419682,0.005801941733807325,-0.01298946887254715,0.02272062748670578,560.1815560492926,893.3750427881207,560.1815560492926,893.3750427881207,68.11489373309146,11612.155349911722,0.012783960366632362,0.016387064641201658,3.1348631671287,0.5582329317269076,0.776
2023-07-21,MSFT,lstm,-0.008977258757518182,0.006856696680188179,-0.009660979732871056,0.025077758356928825,555.1751667182033,899.521716225425,555.1751667182033,899.521716225425,67.46000529279705,11907.043681530704,0.012783960366632362,0.016387064641201658,3.1348631671287,0.5582329317269076,0.776
2023-07-24,MSFT,lstm,0.003890367198409248,0.008295017294585705,-0.012157130986452103,0.0281575545668602,557.3392087057679,907.014291975516,557.3392087057679,907.014291975516,66.6448502663017,12247.08238453691,0.012783960366632362,0.016387064641201658,3.1348631671287,0.5582329317269076,0.776
2023-07-25,MSFT,lstm,0.01686610874081638,0.007101353257894516,-0.013284381479024887,0.023484766483306885,566.8190718833866,913.4781925896442,566.8190718833866,913.4781925896442,65.76536963651131,12538.106165145571,0.012783960366632362,0.016387064641201658,3.1348631671287,0.5582329317269076,0.776
2023-07-26,MSFT,lstm,-0.038364115130237984,0.008172402158379555,-0.011238749139010906,0.025423206388950348,545.4853999940441,920.9740947542347,545.4853999940441,920.9740947542347,65.03038827598783,12860.950955790846,0.012783960366632362,0.016387064641201658,3.1348631671287,0.5582329317269076,0.776
2023-07-27,MSFT,lstm,-0.021093058332580527,0.007633124012500048,-0.011121639981865883,0.02639644406735897,534.099943807038,928.0308711484139,534.099943807038,928.0308711484139,64.31115221638538,13204.954925645969,0.012783960366632362,0.016387064641201658,3.1348631671287,0.5582329317269076,0.776
2023-07-28,MSFT,lstm,0.022867857265035388,0.007679190021008253,-0.010270334780216217,0.02676275372505188,546.4543865234004,935.1848643155381,546.4543865234004,935.1848643155381,63.65403463621916,13563.12674737098,0.012783960366632362,0.016387064641201658,3.1348631671287,0.5582329317269076,0.776
2023-07-31,MSFT,lstm,-0.0072668805405912,0.008336776867508888,-0.010644983500242233,0.029209446161985397,542.4977613485235,943.0138500401569,542.4977613485235,943.0138500401569,62.980032189270524,13965.140506324351,0.012783960366632362,0.016387064641201658,3.1348631671287,0.5582329317269076,0.776
2023-08-01,MSFT,lstm,0.001249465857537043,0.006458578165620565,-0.012908950448036194,0.028063848614692688,543.1760174197815,949.1241099074772,543.1760174197815,949.1241099074772,62.17225244520476,14362.607077777619,0.012783960366632362,0.016387064641201658,3.1348631671287,0.5582329317269076,0.776
2023-08-02,MSFT,lstm,-0.02663448713117992,0.005707877222448587,-0.011653921566903591,0.027182545512914658,528.899767027018,954.5570782270765,528.899767027018,954.5570782270765,61.45190925527616,14758.373692290465,0.012783960366632362,0.016387064641201658,3.1348631671287,0.5582329317269076,0.776
2023-08-03,MSFT,lstm,-0.0025681692395457733,0.01026285532861948,-0.0065440041944384575,0.027634792029857635,527.5432055998,964.4039613103369,527.5432055998,964.4039613103369,61.05107962218189,15171.905441106583,0.012783960366632362,0.016387064641201658,3.1348631671287,0.5582329317269076,0.776
2023-08-04,MSFT,lstm,0.0034227620757667264,0.008197781629860401,-0.01577943190932274,0.03172645717859268,529.3519541694241,972.342472435477,529.3519541694241,972.342472435477,60.0952897330654,15660.974021557446,0.012783960366632362,0.016387064641201658,3.1348631671287,0.5582329317269076,0.776
2023-08-07,MSFT,lstm,0.007083239964704634,0.007332031149417162,-0.01065373420715332,0.024279188364744186,533.1147918953702,979.4979677820693,533.1147918953702,979.4979677820693,59.45844976766641,16045.862916742237,0.012783960366632362,0.016387064641201658,3.1348631671287,0.5582329317269076,0.776
2023-08-08,MSFT,lstm,-0.012375181476160577,0.007526014000177383,-0.012029268778860569,0.02795226499438286,526.5580536881321,986.897498874274,526.5580536881321,986.897498874274,58.7474915163426,16500.707588378616,0.012783960366632362,0.016387064641201658,3.1348631671287,0.5582329317269076,0.776
2023-08-09,MSFT,lstm,-0.011785096027328853,0.007219035178422928,-0.010298779234290123,0.027291586622595787,520.3889396634577,994.0477518470058,520.3889396634577,994.0477518470058,58.14556946344203,16957.239318660253,0.012783960366632362,0.016387064641201658,3.1348631671287,0.5582329317269076,0.776
2023-08-10,MSFT,lstm,0.0021699484163475845,0.00981834251433611,-0.010517938062548637,0.029344430193305016,521.5193828771216,1003.8557371915198,521.5193828771216,1003.8557371915198,57.53720280553501,17462.212268312596,0.012783960366632362,0.016387064641201658,3.1348631671287,0.5582329317269076,0.776
2023-08-11,MSFT,lstm,-0.0059632530747735155,0.00847310945391655,-0.010075148195028305,0.028234247118234634,518.4186851248239,1012.3977053608193,518.4186851248239,1012.3977053608193,56.96041837856893,17962.2702151503,0.012783960366632362,0.016387064641201658,3.1348631671287,0.5582329317269076,0.776
2023-08-14,MSFT,lstm,0.00939468561793335,0.009520142339169979,-0.0073988428339362144,0.029411278665065765,523.3120153491362,1022.0818885618418,523.3120153491362,1022.0818885618418,56.54053210050282,18498.409830393997,0.012783960366632362,0.016387064641201658,3.1348631671287,0.5582329317269076,0.776
2023-08-15,MSFT,lstm,-0.00675036845373223,0.008280865848064423,-0.009244120679795742,0.024722672998905182,519.7913626496514,1030.580709578732,519.7913626496514,1030.580709578732,56.02027288803591,18961.440777331456,0.012783960366632362,0.016387064641201658,3.1348631671287,0.5582329317269076,0.776
2023-08-16,MSFT,lstm,-0.0045464267339883424,0.009632677771151066,-0.008627419359982014,0.02814481034874916,517.433533213156,1040.555904594907,517.433533213156,1040.555904594907,55.53904300168906,19502.688740537273,0.012783960366632362,0.016387064641201658,3.1348631671287,0.5582329317269076,0.776
2023-08-17,MSFT,lstm,-0.011047027421841545,0.007156486622989178,-0.012677431106567383,0.023916520178318024,511.7488878108088,1048.0293032970555,511.7488878108088,1048.0293032970555,54.83939645727049,19974.748399937544,0.012783960366632362,0.016387064641201658,3.1348631671287,0.5582329317269076,0.776
2023-08-18,MSFT,lstm,-0.0012630855742106484,0.007697262801229954,-0.010736043564975262,0.026118624955415726,511.102913219472,1056.1273290220756,511.102913219472,1056.1273290220756,54.25378906262914,20503.33365789216,0.012783960366632362,0.016387064641201658,3.1348631671287,0.5582329317269076,0.776
2023-08-21,MSFT,lstm,0.016918737299121685,0.007883348502218723,-0.010321899317204952,0.03132901340723038,519.8236934142748,1064.4860943414747,519.8236934142748,1064.4860943414747,53.69666735141747,21155.851152647723,0.012783960366632362,0.016387064641201658,3.1348631671287,0.5582329317269076,0.776
2023-08-22,MSFT,lstm,0.0018002505888257347,0.007702532224357128,-0.013185438700020313,0.027429528534412384,520.7603491790079,1072.7169905208254,520.7603491790079,1072.7169905208254,52.993300314410284,21744.177244043298,0.012783960366632362,0.016387064641201658,3.1348631671287,0.5582329317269076,0.776
2023-08-23,MSFT,lstm,0.013981099860828534,0.004413516726344824,-0.013020371086895466,0.022846020758152008,528.0922864666716,1077.4618974151845,528.0922864666716,1077.4618974151845,52.30777919056968,22246.66254876993,0.012783960366632362,0.016387064641201658,3.1348631671287,0.5582329317269076,0.776
2023-08-24,MSFT,lstm,-0.021732925683232186,0.005903009325265884,-0.009212405420839787,0.02137323096394539,516.7391117595865,1083.8409137756137,516.7391117595865,1083.8409137756137,51.82811084030883,22727.262242276964,0.012783960366632362,0.016387064641201658,3.1348631671287,0.5582329317269076,0.776
2023-08-25,MSFT,lstm,0.009363190602405124,0.0073323482647538185,-0.014229405671358109,0.02531455084681511,521.6001605039777,1091.8171876664694,521.6001605039777,1091.8171876664694,51.09585087742369,23309.935306374493,0.012783960366632362,0.016387064641201658,3.1348631671287,0.5582329317269076,0.776
2023-08-28,MSFT,lstm,0.0022267628267115774,0.008345374837517738,-0.013395576737821102,0.027263060212135315,522.7629344822649,1100.96693652537,522.7629344822649,1100.96693652537,50.41595619516069,23954.17711039089,0.012783960366632362,0.016387064641201658,3.1348631671287,0.5582329317269076,0.776
2023-08-29,MSFT,lstm,0.014445640292466616,0.00763380341231823,-0.011592013761401176,0.025411436334252357,530.3693875610132,1109.4036588771266,530.3693875610132,1109.4036588771266,49.834907535243566,24570.68689720882,0.012783960366632362,0.016387064641201658,3.1348631671287,0.5582329317269076,0.776
2023-08-30,MSFT,lstm,0.0011564361476078247,0.007809176575392485,-0.008213106542825699,0.021684924140572548,530.983080672429,1118.1011604919422,530.983080672429,1118.1011604919422,49.427283616820276,25109.319448114573,0.012783960366632362,0.016387064641201658,3.1348631671287,0.5582329317269076,0.776
2023-08-31,MSFT,lstm,-0.0031376120495489814,0.008707676082849503,-0.010863000527024269,0.025092219933867455,529.319672689503,1127.8797046244526,529.319672689503,1127.8797046244526,48.893259582987554,25747.33968448806,0.012783960366632362,0.016387064641201658,3.1348631671287,0.5582329317269076,0.776
2023-09-01,MSFT,lstm,0.0027421298620269405,0.005868325009942055,-0.01117062196135521,0.02477400377392769,530.7731278411864,1134.5179545911597,530.7731278411864,1134.5179545911597,48.35013086036624,26393.171088185973,0.012783960366632362,0.016387064641201658,3.1348631671287,0.5582329317269076,0.776
2023-09-05,MSFT,lstm,0.0147689496625278,0.008472193032503128,-0.013857871294021606,0.028817635029554367,538.6702620933308,1144.1706663944863,538.6702620933308,1144.1706663944863,47.68472208427714,27164.82592788944,0.012783960366632362,0.016387064641201658,3.1348631671287,0.5582329317269076,0.776
2023-09-06,MSFT,lstm,-0.002010663215146041,0.005497998092323542,-0.015269128605723381,0.02581634186208248,537.5882657418996,1150.4786980702318,537.5882657418996,1150.4786980702318,46.962147401681314,27875.253808956022,0.012783960366632362,0.016387064641201658,3.1348631671287,0.5582329317269076,0.776
2023-09-07,MSFT,lstm,-0.008962178251791018,0.006415058858692646,-0.013647397980093956,0.022601960226893425,532.7918292420527,1157.8827564067306,532.7918292420527,1157.8827564067306,46.325589945389616,28512.463572470755,0.012783960366632362,0.016387064641201658,3.1348631671287,0.5582329317269076,0.776
2023-09-08,MSFT,lstm,0.013129115686578024,0.0059140692465007305,-0.011649423278868198,0.023003187030553818,539.8330360716179,1164.7508720933006,539.8330360716179,1164.7508720933006,45.78905446132131,29175.942114060716,0.012783960366632362,0.016387064641201658,3.1348631671287,0.5582329317269076,0.776
2023-09-11,MSFT,lstm,0.010919355379022269,0.007242534775286913,-0.011372869834303856,0.02765423245728016,545.7599650698309,1173.217197427121,545.7599650698309,1173.217197427121,45.271252069755285,29994.040510384053,0.012783960366632362,0.016387064641201658,3.1348631671287,0.5582329317269076,0.776
2023-09-12,MSFT,lstm,-0.018426447515794156,0.005880679935216904,-0.014760111458599567,0.02548188716173172,535.795633269885,1180.1368310612,535.795633269885,1180.1368310612,44.60795055253533,30768.165340947144,0.012783960366632362,0.016387064641201658,3.1348631671287,0.5582329317269076,0.776
2023-09-13,MSFT,lstm,0.012847783543915864,0.0057844119146466255,-0.014495836570858955,0.025417855009436607,542.7238302773754,1186.9830418683757,542.7238302773754,1186.9830418683757,43.9659840171395,31560.248796256245,0.012783960366632362,0.016387064641201658,3.1348631671287,0.5582329317269076,0.776
2023-09-14,MSFT,lstm,0.007825087679558586,0.004166583064943552,-0.010613765567541122,0.021398939192295074,546.9873512926625,1191.9390585330523,546.9873512926625,1191.9390585330523,43.501806479162525,32242.883467239837,0.012783960366632362,0.016387064641201658,3.1348631671287,0.5582329317269076,0.776
2023-09-15,MSFT,lstm,-0.0253556931642393,0.006503432989120483,-0.01450156606733799,0.0262634065002203,533.2924632466916,1199.7160819069768,533.2924632466916,1199.7160819069768,42.875515064843434,33100.90941888269,0.012783960366632362,0.016387064641201658,3.1348631671287,0.5582329317269076,0.776
2023-09-18,MSFT,lstm,-0.003519005161153026,0.007229790557175875,-0.013024743646383286,0.024727344512939453,531.4191024325232,1208.4212590321345,531.4191024325232,1208.4212590321345,42.320693569333834,33929.611200000276,0.012783960366632362,0.016387064641201658,3.1348631671287,0.5582329317269076,0.776
2023-09-19,MSFT,lstm,-0.001246761401060461,0.0060868156142532825,-0.012077804654836655,0.025180615484714508,530.7569624588748,1215.7991819488554,530.7569624588748,1215.7991819488554,41.812627281465794,34794.8263812335,0.012783960366632362,0.016387064641201658,3.1348631671287,0.5582329317269076,0.776
2023-09-20,MSFT,lstm,-0.02426901497800144,0.006199706345796585,-0.01397915929555893,0.0258486308157444,518.0310609422602,1223.360127903644,518.0310609422602,1223.360127903644,41.23218766062206,35705.95089172775,0.012783960366632362,0.016387064641201658,3.1348631671287,0.5582329317269076,0.776
2023-09-21,MSFT,lstm,-0.0038731588572318396,0.008823731914162636,-0.013355930335819721,0.031445808708667755,516.0285249237053,1234.2024431088753,516.0285249237053,1234.2024431088753,40.68515365196251,36846.59416747307,0.012783960366632362,0.016387064641201658,3.1348631671287,0.5582329317269076,0.776
2023-09-22,MSFT,lstm,-0.007917812376410862,0.006096609402447939,-0.013715699315071106,0.023020494729280472,511.9588406420512,1241.7498355876512,511.9588406420512,1241.7498355876512,40.13093863705065,37704.660508231376,0.012783960366632362,0.016387064641201658,3.1348631671287,0.5582329317269076,0.776
2023-09-25,MSFT,lstm,0.0016704716326497466,0.006788165774196386,-0.013159360736608505,0.028260938823223114,512.8147680646305,1250.2077180344138,512.8147680646305,1250.2077180344138,39.60630100335725,38785.431123394854,0.012783960366632362,0.016387064641201658,3.1348631671287,0.5582329317269076,0.776
2023-09-26,MSFT,lstm,-0.01715196951564595,0.008042290806770325,-0.0126555897295475,0.027392864227294922,504.0939878698277,1260.3028458540448,504.0939878698277,1260.3028458540448,39.10821751703292,39862.559673951815,0.012783960366632362,0.016387064641201658,3.1348631671287,0.5582329317269076,0.776
2023-09-27,MSFT,lstm,0.002080214125593276,0.010337511077523232,-0.008905788883566856,0.030180735513567924,505.14370274133785,1273.3987990997514,505.14370274133785,1273.3987990997514,38.76147426333242,41083.98200805475,0.012783960366632362,0.016387064641201658,3.1348631671287,0.5582329317269076,0.776
2023-09-28,MSFT,lstm,0.0027138118982796616,0.007446967530995607,-0.012886404991149902,0.02533203735947609,506.5164295508675,1282.9171750805997,506.5164295508675,1282.9171750805997,38.26518268265654,42138.017336426696,0.012783960366632362,0.016387064641201658,3.1348631671287,0.5582329317269076,0.776
2023-09-29,MSFT,lstm,0.006704883163258845,0.007897003553807735,-0.010750999674201012,0.028688734397292137,509.92397385887307,1293.088466022206,509.92397385887307,1293.088466022206,37.85599659574172,43364.412002214456,0.012783960366632362,0.016387064641201658,3.1348631671287,0.5582329317269076,0.776
2023-10-02,MSFT,lstm,0.018979435394085486,0.005702057387679815,-0.010520930401980877,0.02267545461654663,519.694468925186,1300.482798982647,519.694468925186,1300.482798982647,37.45980327771706,44358.95553800657,0.012783960366632362,0.016387064641201658,3.1348631671287,0.5582329317269076,0.776
2023-10-03,MSFT,lstm,-0.026481728574620438,0.006253720726817846,-0.010342830792069435,0.02196967788040638,506.11268927069426,1308.64107826017,506.11268927069426,1308.64107826017,37.074358765359804,45344.289650796076,0.012783960366632362,0.016387064641201658,3.1348631671287,0.5582329317269076,0.776
2023-10-04,MSFT,lstm,0.017617208233085463,0.0072260028682649136,-0.008536005392670631,0.02265780419111252,515.1079852565816,1318.1316264699606,515.1079852565816,1318.1316264699606,36.75923850736831,46383.41917140308,0.012783960366632362,0.016387064641201658,3.1348631671287,0.5582329317269076,0.776
2023-10-05,MSFT,lstm,0.0012532709718437222,0.007599450182169676,-0.009520038962364197,0.02494494616985321,515.7539598479185,1328.1869156241403,515.7539598479185,1328.1869156241403,36.410949370981896,47555.00220056987,0.012783960366632362,0.016387064641201658,3.1348631671287,0.5582329317269076,0.776
2023-10-06,MSFT,lstm,0.02443604458632444,0.007790195289999247,-0.012145946733653545,0.028829090297222137,528.5121921291563,1338.5741424933187,528.5121921291563,1338.5741424933187,35.97137805483226,48945.92488046182,0.012783960366632362,0.016387064641201658,3.1348631671287,0.5582329317269076,0.776
2023-10-09,MSFT,lstm,0.007792081466019591,0.005841620732098818,-0.01510579138994217,0.027386222034692764,532.6464886553548,1346.4163929366553,532.6464886553548,1346.4163929366553,35.43208448248069,50304.89272424874,0.012783960366632362,0.016387064641201658,3.1348631671287,0.5582329317269076,0.776
2023-10-10,MSFT,lstm,-0.004345102255780579,0.007196328602731228,-0.012115934863686562,0.027090778574347496,530.3371060810921,1356.1406090600058,530.3371060810921,1356.1406090600058,35.00538225075984,51686.31799623164,0.012783960366632362,0.016387064641201658,3.1348631671287,0.5582329317269076,0.776
2023-10-11,MSFT,lstm,0.01219729898528735,0.004894758574664593,-0.011439476162195206,0.020874962210655212,536.8453974260975,1362.7948839539474,536.8453974260975,1362.7948839539474,34.60722071492873,52776.60584161304,0.012783960366632362,0.016387064641201658,3.1348631671287,0.5582329317269076,0.776
2023-10-12,MSFT,lstm,-0.0037976167078114537,0.004262490663677454,-0.0145543422549963,0.021221617236733437,534.8105306429194,1368.616234656796,534.8105306429194,1368.616234656796,34.10718303316031,53908.578211311884,0.012783960366632362,0.016387064641201658,3.1348631671287,0.5582329317269076,0.776
2023-10-13,MSFT,lstm,-0.010411521145171897,0.007078330963850021,-0.01104841660708189,0.025244373828172684,529.2712258272703,1378.3381222680337,529.2712258272703,1378.3381222680337,33.73242763706147,55286.791091419786,0.012783960366632362,0.016387064641201658,3.1348631671287,0.5582329317269076,0.776
2023-10-16,MSFT,lstm,0.01487073596274887,0.005635605659335852,-0.0170635636895895,0.027400529012084007,537.2006908440381,1386.1277643278943,537.2006908440381,1386.1277643278943,33.16171616831839,56822.62169979171,0.012783960366632362,0.016387064641201658,3.1348631671287,0.5582329317269076,0.776
2023-10-17,MSFT,lstm,-0.0017452000192754048,0.005780156701803207,-0.014859845861792564,0.027385881170630455,536.2639857946028,1394.1630213006526,536.2639857946028,1394.1630213006526,32.67258072833379,58400.263173128915,0.012783960366632362,0.016387064641201658,3.1348631671287,0.5582329317269076,0.776
2023-10-18,MSFT,lstm,-0.005889780251103495,0.0051023405976593494,-0.016217190772294998,0.023707982152700424,533.1147918953702,1401.2947086326906,533.1147918953702,1401.2947086326906,32.14699654023808,59801.35715253309,0.012783960366632362,0.016387064641201658,3.1348631671287,0.5582329317269076,0.776
2023-10-19,MSFT,lstm,0.0036588099600085374,0.00363125535659492,-0.015639089047908783,0.025742560625076294,535.0689303363946,1406.3924925109388,535.0689303363946,1406.3924925109388,31.64815829840528,61360.7848042248,0.012783960366632362,0.016387064641201658,3.1348631671287,0.5582329317269076,0.776
2023-10-20,MSFT,lstm,-0.01413416970527237,0.005838376935571432,-0.010580896399915218,0.022233616560697556,527.5593709821118,1414.6275409050997,527.5593709821118,1414.6275409050997,31.315058033817344,62740.33684581587,0.012783960366632362,0.016387064641201658,3.1348631671287,0.5582329317269076,0.776
2023-10-23,MSFT,lstm,0.008079416539687778,0.007520002778619528,-0.008987287990748882,0.02505885809659958,531.8390080950082,1425.305619543428,531.8390080950082,1425.305619543428,31.034881745854896,64332.403348707005,0.012783960366632362,0.016387064641201658,3.1348631671287,0.5582329317269076,0.776
2023-10-24,MSFT,lstm,0.0036674783666725027,0.00551192881539464,-0.013596862554550171,0.023537717759609222,533.7930972513304,1433.1834814068184,533.7930972513304,1433.1834814068184,30.615759926317892,65864.60454316519,0.012783960366632362,0.016387064641201658,3.1348631671287,0.5582329317269076,0.776
2023-10-25,MSFT,lstm,0.030216883161817015,0.004263686016201973,-0.01458368543535471,0.022425822913646698,550.1688266718164,1439.3072143937532,550.1688266718164,1439.3072143937532,30.172509576880728,67358.36172201102,0.012783960366632362,0.016387064641201658,3.1348631671287,0.5582329317269076,0.776
2023-10-26,MSFT,lstm,-0.03823607524151242,0.005776000674813986,-0.013136716559529305,0.02510976605117321,529.5296255207456,1447.644742559217,529.5296255207456,1447.644742559217,29.778734351782862,69071.12987500972,0.012783960366632362,0.016387064641201658,3.1348631671287,0.5582329317269076,0.776
2023-10-27,MSFT,lstm,0.005838492712631263,0.006233930587768555,-0.01120799221098423,0.02348012663424015,532.6303232730432,1456.6973887503884,532.6303232730432,1456.6973887503884,29.44683806114051,70712.11725927776,0.012783960366632362,0.016387064641201658,3.1348631671287,0.5582329317269076,0.776
2023-10-30,MSFT,lstm,0.022485657918339456,0.006686445325613022,-0.013792991638183594,0.02552606165409088,544.7425316782421,1466.4701681726829,544.7425316782421,1466.4701681726829,29.043467032456537,72540.34988615235,0.012783960366632362,0.016387064641201658,3.1348631671287,0.5582329317269076,0.776
2023-10-31,MSFT,lstm,0.0023688614115809858,0.0049596731550991535,-0.014172062277793884,0.02431897446513176,546.0344808609158,1473.7614300571513,546.0344808609158,1473.7614300571513,28.634763873651185,74326.08118657075,0.012783960366632362,0.016387064641201658,3.1348631671287,0.5582329317269076,0.776
2023-11-01,MSFT,lstm,0.023269844897906983,0.005768957547843456,-0.014468729496002197,0.028824612498283386,558.889606866619,1482.288001269558,558.889606866619,1482.288001269558,28.223438646077174,76499.67795714889,0.012783960366632362,0.016387064641201658,3.1348631671287,0.5582329317269076,0.776
2023-11-02,MSFT,lstm,0.006480530615415255,0.00506464671343565,-0.016173919662833214,0.02559368871152401,562.5232693881787,1489.8142908325074,562.5232693881787,1489.8142908325074,27.7706262602914,78482.85311167147,0.012783960366632362,0.016387064641201658,3.1348631671287,0.5582329317269076,0.776
2023-11-03,MSFT,lstm,0.012779671018699678,0.006650388240814209,-0.012628396041691303,0.028597883880138397,569.7582636666748,1499.7550790181954,569.7582636666748,1499.7550790181954,27.42213314075578,80759.7013245402,0.012783960366632362,0.016387064641201658,3.1348631671287,0.5582329317269076,0.776
2023-11-06,MSFT,lstm,0.010517094830413817,0.0055252378806471825,-0.011932140216231346,0.02431860752403736,575.7820863893531,1508.0644572615856,575.7820863893531,1508.0644572615856,27.096871960779477,82747.74014141156,0.012783960366632362,0.016387064641201658,3.1348631671287,0.5582329317269076,0.776
2023-11-07,MSFT,lstm,0.011156783267241299,0.003984531387686729,-0.013190273195505142,0.021346859633922577,582.2419308721259,1514.0853115842751,582.2419308721259,1514.0853115842751,26.741803657285402,84533.12899578344,0.012783960366632362,0.016387064641201658,3.1348631671287,0.5582329317269076,0.776
2023-11-08,MSFT,lstm,0.007378512706943085,0.0029925620183348656,-0.01570199616253376,0.02388804592192173,586.5538987496456,1518.6230869599442,586.5538987496456,1518.6230869599442,26.325183929892376,86576.77182190487,0.012783960366632362,0.016387064641201658,3.1348631671287,0.5582329317269076,0.776
2023-11-09,MSFT,lstm,-0.00693480991316717,0.0037381055299192667,-0.012876582331955433,0.023011911660432816,582.500330565601,1524.3104504533787,582.500330565601,1524.3104504533787,25.98837905832229,88592.1676652074,0.012783960366632362,0.016387064641201658,3.1348631671287,0.5582329317269076,0.776
2023-11-10,MSFT,lstm,0.024591881674087133,0.005016496870666742,-0.00979655236005783,0.020401082932949066,597.0026991719186,1531.9763331568352,597.0026991719186,1531.9763331568352,25.735026218061847,90418.1028187285,0.012783960366632362,0.016387064641201658,3.1348631671287,0.5582329317269076,0.776
2023-11-13,MSFT,lstm,-0.008121238978566207,0.005150291137397289,-0.01644182950258255,0.024630889296531677,592.1739319074485,1539.8867701292968,592.1739319074485,1539.8867701292968,25.31535450208238,92672.84053422739,0.012783960366632362,0.016387064641201658,3.1348631671287,0.5582329317269076,0.776
2023-11-14,MSFT,lstm,0.009742926454431833,0.0038327770307660103,-0.01304598432034254,0.024147961288690567,597.9716364165727,1545.8000721367544,597.9716364165727,1545.8000721367544,24.987235397107167,94937.93511407357,0.012783960366632362,0.016387064641201658,3.1348631671287,0.5582329317269076,0.776
2023-11-15,MSFT,lstm,-0.0016216874758658013,0.0046359156258404255,-0.014522047713398933,0.025307970121502876,597.0026991719185,1552.98287779555,597.0026991719185,1552.98287779555,24.626991628974427,97371.28467016282,0.012783960366632362,0.016387064641201658,3.1348631671287,0.5582329317269076,0.776
2023-11-16,MSFT,lstm,0.01743045246875087,0.00506334425881505,-0.014411608688533306,0.022933833301067352,607.4999464564243,1560.8660828400925,607.4999464564243,1560.8660828400925,24.2746218900672,99630.18581616007,0.012783960366632362,0.016387064641201658,3.1348631671287,0.5582329317269076,0.776
2023-11-17,MSFT,lstm,-0.0169436700299209,0.0037355723325163126,-0.014921966940164566,0.02107992395758629,597.2933803453149,1566.7077422275338,597.2933803453149,1566.7077422275338,23.915086625487973,101752.672794552,0.012783960366632362,0.016387064641201658,3.1348631671287,0.5582329317269076,0.776
2023-11-20,MSFT,lstm,0.020314087591139347,0.0040269154123961926,-0.013319337740540504,0.02616608701646328,609.5509293372119,1573.0294017518456,609.5509293372119,1573.0294017518456,23.598665180527984,104450.28173199091,0.012783960366632362,0.016387064641201658,3.1348631671287,0.5582329317269076,0.776
2023-11-21,MSFT,lstm,-0.011645532898620114,0.0038038762286305428,-0.01341044157743454,0.02041606232523918,602.493557125335,1579.0244071179334,602.493557125335,1579.0244071179334,23.284309182258315,106604.6679062065,0.012783960366632362,0.016387064641201658,3.1348631671287,0.5582329317269076,0.776
2023-11-22,MSFT,lstm,0.012731218390931361,0.00622064433991909,-0.015801770612597466,0.027005771175026894,610.2130693108603,1588.8775356215644,610.2130693108603,1588.8775356215644,22.919267764959244,109522.84177748126,0.012783960366632362,0.016387064641201658,3.1348631671287,0.5582329317269076,0.776
2023-11-24,MSFT,lstm,-0.0011122059943587817,0.006853905506432056,-0.013119552284479141,0.024243157356977463,609.5347639549002,1599.8049174690748,609.5347639549002,1599.8049174690748,22.62054107987042,112210.47434126039,0.012783960366632362,0.016387064641201658,3.1348631671287,0.5582329317269076,0.776
2023-11-27,MSFT,lstm,0.003121511211609481,0.006058498751372099,-0.011528005823493004,0.02386135794222355,611.4404062489897,1609.5268230912973,611.4404062489897,1609.5268230912973,22.36126908933064,114920.17158754767,0.012783960366632362,0.016387064641201658,3.1348631671287,0.5582329317269076,0.776
2023-11-28,MSFT,lstm,0.01074481149152895,0.006587003357708454,-0.01223628781735897,0.025520389899611473,618.0456406031627,1620.1637425919505,618.0456406031627,1620.1637425919505,22.089317333748127,117890.72764718921,0.012783960366632362,0.016387064641201658,3.1348631671287,0.5582329317269076,0.776
2023-11-29,MSFT,lstm,-0.010111059840763608,0.005415411200374365,-0.01460312306880951,0.026240967214107513,611.8280304315535,1628.9613975352743,611.8280304315535,1628.9613975352743,21.769087579186095,121025.2441252153,0.012783960366632362,0.016387064641201658,3.1348631671287,0.5582329317269076,0.776
2023-11-30,MSFT,lstm,0.00015835504103129536,0.005945064593106508,-0.013610717840492725,0.02372792735695839,611.924924156019,1638.6744536398528,611.924924156019,1638.6744536398528,21.474801902097468,123931.26974924273,0.012783960366632362,0.016387064641201658,3.1348631671287,0.5582329317269076,0.776
2023-12-01,MSFT,lstm,-0.011680188582846128,0.006478775292634964,-0.01050524227321148,0.028790445998311043,604.8191050819094,1649.3254562746474,604.8191050819094,1649.3254562746474,21.250384983444984,127551.16563381605,0.012783960366632362,0.016387064641201658,3.1348631671287,0.5582329317269076,0.776
2023-12-04,MSFT,lstm,-0.014442515384455228,0.006293322425335646,-0.011318986304104328,0.02537565305829048,596.1467717493392,1659.7379856047637,596.1467717493392,1659.7379856047637,21.01120881760055,130829.2727761446,0.012783960366632362,0.016387064641201658,3.1348631671287,0.5582329317269076,0.776
2023-12-05,MSFT,lstm,0.009114682599790454,0.00737360306084156,-0.012837761081755161,0.025826770812273026,601.6052989381324,1672.0214912066824,601.6052989381324,1672.0214912066824,20.74319630926719,134252.18787528845,0.012783960366632362,0.016387064641201658,3.1348631671287,0.5582329317269076,0.776
2023-12-06,MSFT,lstm,-0.010036239578429095,0.008201542310416698,-0.010184605605900288,0.02466919645667076,595.5976415977656,1685.7909495787437,595.5976415977656,1685.7909495787437,20.533007392407086,137605.2725456537,0.012783960366632362,0.016387064641201658,3.1348631671287,0.5582329317269076,0.776
2023-12-07,MSFT,lstm,0.005812856959905854,0.005094327498227358,-0.011944900266826153,0.021951943635940552,599.0698474350177,1694.400762035447,599.0698474350177,1694.400762035447,20.289201721511425,140659.36982294868,0.012783960366632362,0.016387064641201658,3.1348631671287,0.5582329317269076,0.776
2023-12-08,MSFT,lstm,0.008803295472133887,0.007484350353479385,-0.009535796009004116,0.02815121039748192,604.3669179395032,1707.1298634099196,604.3669179395032,1707.1298634099196,20.09664725628275,144675.3665615548,0.012783960366632362,0.016387064641201658,3.1348631671287,0.5582329317269076,0.776
2023-12-11,MSFT,lstm,-0.007860282708582978,0.004234119318425655,-0.014517792500555515,0.02669074386358261,599.6350443994985,1714.373446654984,599.6350443994985,1714.373446654984,19.80699549425057,148588.8551227776,0.012783960366632362,0.016387064641201658,3.1348631671287,0.5582329317269076,0.776
2023-12-12,MSFT,lstm,0.008261009109010353,0.006002585869282484,-0.01335485652089119,0.02512143924832344,604.6091522506667,1724.6951151515104,604.6091522506667,1724.6951151515104,19.544234177166476,152368.89913601152,0.012783960366632362,0.016387064641201658,3.1348631671287,0.5582329317269076,0.776
2023-12-13,MSFT,lstm,-2.6737270452321032e-05,0.007048071827739477,-0.011909250169992447,0.025519609451293945,604.5929868683552,1736.893755327827,604.5929868683552,1736.893755327827,19.31285751443324,156307.3351710202,0.012783960366632362,0.016387064641201658,3.1348631671287,0.5582329317269076,0.776
2023-12-14,MSFT,lstm,-0.02280256188163716,0.006373702082782984,-0.012707178480923176,0.02610079199075699,590.9627110669285,1747.9995037850822,590.9627110669285,1747.9995037850822,19.068998559433044,160440.79435467234,0.012783960366632362,0.016387064641201658,3.1348631671287,0.5582329317269076,0.776
2023-12-15,MSFT,lstm,0.013032026227118125,0.00623661745339632,-0.013358673080801964,0.026204349473118782,598.714554017077,1758.9351696260228,598.714554017077,1758.9351696260228,18.81595596772503,164700.6018270272,0.012783960366632362,0.016387064641201658,3.1348631671287,0.5582329317269076,0.776
2023-12-18,MSFT,lstm,0.00516556045841301,0.00935454573482275,-0.012593512423336506,0.029957488179206848,601.8152517693748,1775.466452143136,601.8152517693748,1775.466452143136,18.580483091949482,169709.2733883258,0.012783960366632362,0.016387064641201658,3.1348631671287,0.5582329317269076,0.776
2023-12-19,MSFT,lstm,0.0016356289690250363,0.008443024940788746,-0.009855130687355995,0.027828240767121315,602.8004036810427,1790.5202073560008,602.8004036810427,1790.5202073560008,18.39826889841949,174498.31699212885,0.012783960366632362,0.016387064641201658,3.1348631671287,0.5582329317269076,0.776
2023-12-20,MSFT,lstm,-0.007097988156897621,0.006578023545444012,-0.01074051670730114,0.024070752784609795,598.5368826657557,1802.3370403418362,598.5368826657557,1802.3370403418362,18.201719093541165,178749.58502654903,0.012783960366632362,0.016387064641201658,3.1348631671287,0.5582329317269076,0.776
2023-12-21,MSFT,lstm,0.00784785099983242,0.007206135429441929,-0.012130388990044594,0.025110328570008278,603.2525908234488,1815.3718827809464,603.2525908234488,1815.3718827809464,17.98225868086978,183294.8822299519,0.012783960366632362,0.016387064641201658,3.1348631671287,0.5582329317269076,0.776
2023-12-22,MSFT,lstm,0.002780245693285362,0.008323554880917072,-0.01101940032094717,0.02826441451907158,604.9321149039843,1830.5451968980565,604.9321149039843,1830.5451968980565,17.785192726597945,188549.52279349038,0.012783960366632362,0.016387064641201658,3.1348631671287,0.5582329317269076,0.776
2023-12-26,MSFT,lstm,0.00021359535313365236,0.00743849528953433,-0.011886334978044033,0.026731055229902267,605.0613393930729,1844.2124079808634,605.0613393930729,1844.2124079808634,17.57504350869862,193657.61278291992,0.012783960366632362,0.016387064641201658,3.1348631671287,0.5582329317269076,0.776
2023-12-27,MSFT,lstm,-0.0015759925509876759,0.005672478582710028,-0.012731045484542847,0.022128116339445114,604.1085182460282,1854.7032989482848,604.1085182460282,1854.7032989482848,17.35271269504043,197990.6532964431,0.012783960366632362,0.016387064641201658,3.1348631671287,0.5582329317269076,0.776
2023-12-28,MSFT,lstm,0.0032294455110106757,0.0065245055593550205,-0.011887829750776291,0.027105405926704407,606.0626074023503,1866.8437825833826,606.0626074023503,1866.8437825833826,17.147647788576243,203430.6588033978,0.012783960366632362,0.016387064641201658,3.1348631671287,0.5582329317269076,0.776
2023-12-29,MSFT,lstm,0.0020231326663655612,0.0060502588748931885,-0.01115473359823227,0.022184576839208603,607.2899936251819,1878.1728870593543,607.2899936251819,1878.1728870593543,16.957433691571534,207994.10616935493,0.012783960366632362,0.016387064641201658,3.1348631671287,0.5582329317269076,0.776
2023-01-03,MSFT,gru,-0.001001274545815816,0.0035625621676445007,-0.011992735788226128,0.01852927915751934,386.912388252756,388.6822179597075,386.912388252756,388.6822179597075,382.68294289955156,394.54328385411645,0.011980539680741102,0.015699543824361274,1.2130957484237903,0.6144578313253012,0.732
2023-01-04,MSFT,gru,-0.04472878184523187,0.0034403419122099876,-0.010927621275186539,0.01795812137424946,369.9876026077497,390.0217029182366,369.9876026077497,390.0217029182366,378.52389411818785,401.6925221209375,0.011980539680741102,0.015699543824361274,1.2130957484237903,0.6144578313253012,0.732
2023-01-05,MSFT,gru,-0.030085822868812496,0.0076401112601161,-0.005722338333725929,0.02393840067088604,359.02200279852633,393.01290792593807,359.02200279852633,393.01290792593807,376.36403214181297,411.4244319143388,0.011980539680741102,0.015699543824361274,1.2130957484237903,0.6144578313253012,0.732
2023-01-06,MSFT,gru,0.011716416894083157,0.00992261990904808,-0.00626238901168108,0.025710362941026688,363.2531930491901,396.9320233215928,363.2531930491901,396.9320233215928,374.0144623660864,422.1394763012928,0.011980539680741102,0.015699543824361274,1.2130957484237903,0.6144578313253012,0.732
2023-01-09,MSFT,gru,0.009689280539900093,0.005747233517467976,-0.006533228792250156,0.017638087272644043,366.7899618462843,399.21984787217366,366.7899618462843,399.21984787217366,371.57890762074487,429.6512832550146,0.011980539680741102,0.015699543824361274,1.2130957484237903,0.6144578313253012,0.732
2023-01-10,MSFT,gru,0.0075883031041337826,0.002512961393222213,-0.010253595188260078,0.015335790812969208,369.5838623275763,400.22434508184637,369.5838623275763,400.22434508184637,367.7883510181789,436.29108611710217,0.011980539680741102,0.015699543824361274,1.2130957484237903,0.6144578313253012,0.732
2023-01-11,MSFT,gru,0.029789977897474562,0.0026095097418874502,-0.013659262098371983,0.01935485377907753,380.759390325691,401.2701106510384,380.759390325691,401.2701106510384,362.79879640900873,444.817701407769,0.011980539680741102,0.015699543824361274,1.2130957484237903,0.6144578313253012,0.732
2023-01-12,MSFT,gru,0.011554443471914831,-0.0017208451172336936,-0.018480539321899414,0.013421383686363697,385.1843680252856,400.5801846459229,385.1843680252856,400.5801846459229,356.15564391870106,450.82803198749866,0.011980539680741102,0.015699543824361274,1.2130957484237903,0.6144578313253012,0.732
2023-01-13,MSFT,gru,0.0030141992738542548,-0.0007772567914798856,-0.015498464927077293,0.013858078047633171,386.3471420035728,400.2689552556081,386.3471420035728,400.2689552556081,350.67834335695545,457.1191208781018,0.011980539680741102,0.015699543824361274,1.2130957484237903,0.6144578313253012,0.732
2023-01-17,MSFT,gru,0.004670805320980337,0.0005372375017032027,-0.01193026453256607,0.015219993889331818,388.15591521554796,400.484057981864,388.15591521554796,400.484057981864,346.51952356571576,464.1296799625278,0.011980539680741102,0.015699543824361274,1.2130957484237903,0.6144578313253012,0.732
2023-01-18,MSFT,gru,-0.0190698340624515,0.0013949290150776505,-0.011898626573383808,0.01363466214388609,380.8239779278843,401.04311001039696,380.8239779278843,401.04311001039696,342.42084749127343,470.5012626869565,0.011980539680741102,0.015699543824361274,1.2130957484237903,0.6144578313253012,0.732
2023-01-19,MSFT,gru,-0.016590815250743796,0.00497434101998806,-0.012460869736969471,0.021780136972665787,374.55792089404235,403.04301695299756,374.55792089404235,403.04301695299756,338.18045146153395,480.8612434763372,0.011980539680741102,0.015699543824361274,1.2130957484237903,0.6144578313253012,0.732
2023-01-20,MSFT,gru,0.03511960478689331,0.005546565167605877,-0.007990673184394836,0.01723231002688408,387.9459623843055,405.28472118354165,387.9459623843055,405.28472118354165,335.4889309409479,489.21941400818207,0.011980539680741102,0.015699543824361274,1.2130957484237903,0.6144578313253012,0.732
2023-01-23,MSFT,gru,0.009776385221036106,0.0015202516224235296,-0.013055335730314255,0.016097279265522957,391.7572716148354,405.90134898358497,391.7572716148354,405.90134898358497,331.1374693651341,497.15821409888576,0.011980539680741102,0.015699543824361274,1.2130957484237903,0.6144578313253012,0.732
2023-01-24,MSFT,gru,-0.0022285864135329573,0.001468327478505671,-0.014494710601866245,0.016329724341630936,390.8851788099445,406.49776975179486,390.8851788099445,406.49776975179486,326.3723446974648,505.3433059082502,0.011980539680741102,0.015699543824361274,1.2130957484237903,0.6144578313253012,0.732
2023-01-25,MSFT,gru,-0.005925606042130097,0.00116349954623729,-0.016812462359666824,0.017160214483737946,388.57579623568176,406.9710136105371,388.57579623568176,406.9710136105371,320.93109891564745,514.0899669293323,0.011980539680741102,0.015699543824361274,1.2130957484237903,0.6144578313253012,0.732
2023-01-26,MSFT,gru,0.030251378191659788,0.0028994495514780283,-0.012289799749851227,0.020092006772756577,400.51035793191033,408.15273529183696,400.51035793191033,408.15273529183696,317.0110535811005,524.5235576728444,0.011980539680741102,0.015699543824361274,1.2130957484237903,0.6144578313253012,0.732
2023-01-27,MSFT,gru,0.000644968020295778,-0.0014096252853050828,-0.016130540519952774,0.011835622601211071,400.7687576253855,407.5777964227688,400.7687576253855,407.5777964227688,311.93850743344916,530.7684872009637,0.011980539680741102,0.015699543824361274,1.2130957484237903,0.6144578313253012,0.732
2023-01-30,MSFT,gru,-0.02220637150801496,-9.387068712385371e-05,-0.017579149454832077,0.017962928861379623,391.9672244460778,407.5395341133746,391.9672244460778,407.5395341133746,306.50281139632455,540.3887596748319,0.011980539680741102,0.015699543824361274,1.2130957484237903,0.6144578313253012,0.732
2023-01-31,MSFT,gru,0.02079497097670574,0.0007175342761911452,-0.014003060758113861,0.01535692811012268,400.20351137620236,407.83204933579253,400.20351137620236,407.83204933579253,302.24074709526855,548.751487747798,0.011980539680741102,0.015699543824361274,1.2130957484237903,0.6144578313253012,0.732
2023-02-01,MSFT,gru,0.019738544246612016,0.0016154502518475056,-0.012518757954239845,0.015754591673612595,408.1814232552029,408.491398092236,408.1814232552029,408.491398092236,298.48064822222125,557.4653280746953,0.011980539680741102,0.015699543824361274,1.2130957484237903,0.6144578313253012,0.732
2023-02-02,MSFT,gru,0.04581841684722669,-0.0006239375798031688,-0.014600548893213272,0.01584693044424057,427.3187223923576,408.23659643259026,427.3187223923576,408.23659643259026,294.1543268234424,566.3698390143784,0.011980539680741102,0.015699543824361274,1.2130957484237903,0.6144578313253012,0.732
2023-02-03,MSFT,gru,-0.02390399638962623,-0.0017177436966449022,-0.01758304052054882,0.01385732926428318,417.22521538802516,407.5359578667114,417.22521538802516,407.5359578667114,289.0274075757911,574.2728532887551,0.011980539680741102,0.015699543824361274,1.2130957484237903,0.6144578313253012,0.732
2023-02-06,MSFT,gru,-0.006134578583204123,0.0006451444351114333,-0.01899104379117489,0.017582545056939125,414.6735492178967,407.79898120453936,414.6735492178967,407.79898120453936,283.5902754494004,584.4592963494878,0.011980539680741102,0.015699543824361274,1.2130957484237903,0.6144578313253012,0.732
2023-02-07,MSFT,gru,0.04116313135052451,0.0022010758984833956,-0.012818651273846626,0.015435570850968361,432.0989935098928,408.6975517860452,432.0989935098928,408.6975517860452,279.9782266821611,593.5507141631174,0.011980539680741102,0.015699543824361274,1.2130957484237903,0.6144578313253012,0.732
2023-02-08,MSFT,gru,-0.003106879135397032,-0.0013075105380266905,-0.014454489573836327,0.011650856584310532,430.7585974649864,408.1635258946069,430.7585974649864,408.1635258946069,275.9603897649723,600.5065281082343,0.011980539680741102,0.015699543824361274,1.2130957484237903,0.6144578313253012,0.732
2023-02-09,MSFT,gru,-0.011728298227947615,0.0016013534041121602,-0.01021930854767561,0.01716434769332409,425.73604275158544,408.81766904232904,425.73604275158544,408.81766904232904,273.15463394914866,610.9028134113624,0.011980539680741102,0.015699543824361274,1.2130957484237903,0.6144578313253012,0.732
2023-02-10,MSFT,gru,-0.0019744425174470525,0.0017413246678188443,-0.013261118903756142,0.015112156048417091,424.8962807113178,409.5301727522889,424.8962807113178,409.5301727522889,269.55620948010056,620.2050062263651,0.011980539680741102,0.015699543824361274,1.2130957484237903,0.6144578313253012,0.732
2023-02-13,MSFT,gru,0.030764751827930373,0.003036309266462922,-0.013067623600363731,0.020322458818554878,438.17126309480386,410.7755170545543,438.17126309480386,410.7755170545543,266.0566671782503,632.9380277690705,0.011980539680741102,0.015699543824361274,1.2130957484237903,0.6144578313253012,0.732
2023-02-14,MSFT,gru,0.0031279573280335762,0.0003938968002330512,-0.0175656545907259,0.01685331203043461,439.5439899043335,410.9373571457667,439.5439899043335,410.9373571457667,261.4240073744555,643.6955344222777,0.011980539680741102,0.015699543824361274,1.2130957484237903,0.6144578313253012,0.732
2023-02-15,MSFT,gru,-0.010526629528366202,0.0006430926732718945,-0.01214679330587387,0.01422392949461937,434.9413408534175,411.2016939676993,434.9413408534175,411.2016939676993,258.2677469638041,652.9168712355599,0.011980539680741102,0.015699543824361274,1.2130957484237903,0.6144578313253012,0.732
2023-02-16,MSFT,gru,-0.026983455136297498,0.0025620097294449806,-0.013488133437931538,0.01825609803199768,423.3620479327784,412.25653515857283,423.3620479327784,412.25653515857283,254.80758560234565,664.946078280335,0.011980539680741102,0.015699543824361274,1.2130957484237903,0.6144578313253012,0.732
2023-02-17,MSFT,gru,-0.01572472917292497,0.003663324750959873,-0.013044710271060467,0.018111180514097214,416.7568628633075,413.7695563830629,416.7568628633075,413.7695563830629,251.50527503065874,677.098775504155,0.011980539680741102,0.015699543824361274,1.2130957484237903,0.6144578313253012,0.732
2023-02-21,MSFT,gru,-0.021107824310530435,0.003951403312385082,-0.009464562870562077,0.017000902444124222,408.05222340846524,415.40774409031945,408.05222340846524,415.40774409031945,249.13611594813602,688.7084666683015,0.011980539680741102,0.015699543824361274,1.2130957484237903,0.6144578313253012,0.732
2023-02-22,MSFT,gru,-0.004601553912552456,0.006825543474406004,-0.007920903153717518,0.02231685444712639,406.1788625942969,418.2528431963,406.1788625942969,418.2528431963,247.17052456971,704.2510664943882,0.011980539680741102,0.015699543824361274,1.2130957484237903,0.6144578313253012,0.732
2023-02-23,MSFT,gru,0.012878465792599013,0.004245056305080652,-0.011055255308747292,0.017569344490766525,411.44365161886134,420.0321337487138,411.44365161886134,420.0321337487138,244.45303919493116,716.7336583405822,0.011980539680741102,0.015699543824361274,1.2130957484237903,0.6144578313253012,0.732
2023-02-24,MSFT,gru,-0.022025148719785316,0.002424774691462517,-0.012521550059318542,0.017166374251246452,402.4806124705439,421.0518445760397,402.4806124705439,421.0518445760397,241.4111919877659,729.1435814417306,0.011980539680741102,0.015699543824361274,1.2130957484237903,0.6144578313253012,0.732
2023-02-27,MSFT,gru,0.003764682375838134,0.004226533696055412,-0.00916177500039339,0.017762795090675354,403.9986798667717,422.83521221436376,403.9986798667717,422.83521221436376,239.20953932665265,742.2108900416347,0.011980539680741102,0.015699543824361274,1.2130957484237903,0.6144578313253012,0.732
2023-02-28,MSFT,gru,-0.0029625126373036058,0.002546855481341481,-0.009527183137834072,0.014552478678524494,402.80359976621236,423.91349491152755,402.80359976621236,423.91349491152755,236.94136248935,753.090905978324,0.011980539680741102,0.015699543824361274,1.2130957484237903,0.6144578313253012,0.732
2023-03-01,MSFT,gru,-0.012709702774380093,0.003199248341843486,-0.0100353192538023,0.01650273986160755,397.7164820929693,425.271860297444,397.7164820929693,425.271860297444,234.57546770273564,765.6221198603029,0.011980539680741102,0.015699543824361274,1.2130957484237903,0.6144578313253012,0.732
2023-03-02,MSFT,gru,0.019462580195205487,0.004183969460427761,-0.007998176850378513,0.017171230167150497,405.53288800295996,427.05490184599665,405.53288800295996,427.05490184599665,232.70677384975036,778.88235814157,0.011980539680741102,0.015699543824361274,1.2130957484237903,0.6144578313253012,0.732
2023-03-03,MSFT,gru,0.016509035004743464,0.00392733421176672,-0.011605318635702133,0.019551245495676994,412.28341365912894,428.7354050129031,412.28341365912894,428.7354050129031,230.0217547992082,794.2603629214003,0.011980539680741102,0.015699543824361274,1.2130957484237903,0.6144578313253012,0.732
2023-03-06,MSFT,gru,0.006169973755058706,0.0020639365538954735,-0.012329934164881706,0.017729027196764946,414.8350551869063,429.6211793039748,414.8350551869063,429.6211793039748,227.20301344112596,808.4673897529831,0.011980539680741102,0.015699543824361274,1.2130957484237903,0.6144578313253012,0.732
2023-03-07,MSFT,gru,-0.010645481454473854,0.0008990736096166074,-0.01423695683479309,0.014217233285307884,410.44235896723274,430.00759523828106,410.44235896723274,430.00759523828106,223.99125438171163,820.0436918665375,0.011980539680741102,0.015699543824361274,1.2130957484237903,0.6144578313253012,0.732
2023-03-08,MSFT,gru,-0.0017721653012704168,0.002983247395604849,-0.011615289375185966,0.01820666901767254,409.715631391391,431.2923471732215,409.715631391391,431.2923471732215,221.404580550953,835.1106581732613,0.011980539680741102,0.015699543824361274,1.2130957484237903,0.6144578313253012,0.732
2023-03-09,MSFT,gru,-0.0054543023340065,0.002960486803203821,-0.011699412018060684,0.018362516537308693,407.48700180163314,432.57106611759764,407.48700180163314,432.57106611759764,218.82936843896059,850.5870599563649,0.011980539680741102,0.015699543824361274,1.2130957484237903,0.6144578313253012,0.732
2023-03-10,MSFT,gru,-0.014893213967662066,0.0036992826499044895,-0.010153114795684814,0.018731098622083664,401.46317907895474,434.1742167087958,401.46317907895474,434.1742167087958,216.61881201925027,866.6696761654689,0.011980539680741102,0.015699543824361274,1.2130957484237903,0.6144578313253012,0.732
2023-03-13,MSFT,gru,0.021214311292385334,0.004447930958122015,-0.007375890854746103,0.018946589902043343,410.07092480933153,436.10969215762185,410.07092480933153,436.10969215762185,215.02692892187122,883.2466834842547,0.011980539680741102,0.015699543824361274,1.2130957484237903,0.6144578313253012,0.732
2023-03-14,MSFT,gru,0.026696268957658514,0.002483190270140767,-0.011764022521674633,0.016883525997400284,421.16572446529244,437.1939606965307,421.16572446529244,437.1939606965307,212.5121702902431,898.2856375390185,0.011980539680741102,0.015699543824361274,1.2130957484237903,0.6144578313253012,0.732
2023-03-15,MSFT,gru,0.01767331711510715,-8.466243343718816e-06,-0.014978185296058655,0.0155307836830616,428.6752838195753,437.19026034824776,428.6752838195753,437.19026034824776,209.35283887829772,912.3456586919006,0.011980539680741102,0.015699543824361274,1.2130957484237903,0.6144578313253012,0.732
2023-03-16,MSFT,gru,0.03973644953182184,-0.0007120256195776165,-0.015600647777318954,0.014797868207097054,446.05228124933865,436.87906890330964,446.05228124933865,436.87906890330964,206.11214807071383,925.9468677410101,0.011980539680741102,0.015699543824361274,1.2130957484237903,0.6144578313253012,0.732
2023-03-17,MSFT,gru,0.011626502617996566,-0.002257517771795392,-0.01944965310394764,0.015344025567173958,451.2685741269682,435.8939228019094,451.2685741269682,435.8939228019094,202.14207404018126,940.2642272267497,0.011980539680741102,0.015699543824361274,1.2130957484237903,0.6144578313253012,0.732
2023-03-20,MSFT,gru,-0.02610445020977979,-0.002615757053717971,-0.01965419389307499,0.01194705255329609,439.6408836287986,434.75521427907927,439.6408836287986,434.75521427907927,198.20792689432452,951.5649626275457,0.011980539680741102,0.015699543824361274,1.2130957484237903,0.6144578313253012,0.732
2023-03-21,MSFT,gru,0.005677522128909795,0.0018674200400710106,-0.012850369326770306,0.01849864050745964,442.1440536519921,435.5678594473713,442.1440536519921,435.5678594473713,195.67717847624724,969.3314392082432,0.011980539680741102,0.015699543824361274,1.2130957484237903,0.6144578313253012,0.732
2023-03-22,MSFT,gru,-0.005457153522854962,0.0005643810727633536,-0.014032742939889431,0.01413752231746912,439.737777353264,435.81377025669065,439.737777353264,435.81377025669065,192.95046953673975,983.1326646050284,0.011980539680741102,0.015699543824361274,1.2130957484237903,0.6144578313253012,0.732
2023-03-23,MSFT,gru,0.01952965061003187,0.002443031407892704,-0.015342898666858673,0.019863776862621307,448.41011068583407,436.8797948881786,448.41011068583407,436.8797948881786,190.01265043485287,1002.8565939851715,0.011980539680741102,0.015699543824361274,1.2130957484237903,0.6144578313253012,0.732
2023-03-24,MSFT,gru,0.010425917505380565,-0.000262806483078748,-0.01504872739315033,0.015688704326748848,453.1096534612155,436.76498424166476,453.1096534612155,436.76498424166476,187.17460447884514,1018.7141605865157,0.011980539680741102,0.015699543824361274,1.2130957484237903,0.6144578313253012,0.732
2023-03-27,MSFT,gru,-0.01504652625885892,-0.0016996427439153194,-0.016577906906604767,0.013903417624533176,446.34296242273484,436.0232717211829,446.34296242273484,436.0232717211829,184.09722450410823,1032.9767038583057,0.011980539680741102,0.015699543824361274,1.2130957484237903,0.6144578313253012,0.732
2023-03-28,MSFT,gru,-0.004169596379705795,0.002098584081977606,-0.01415814459323883,0.020161960273981094,444.4857669908781,436.9392804460562,444.4857669908781,436.9392804460562,181.50911003572662,1054.0148750213973,0.011980539680741102,0.015699543824361274,1.2130957484237903,0.6144578313253012,0.732
2023-03-29,MSFT,gru,0.019002258102331117,0.001712585799396038,-0.01475997269153595,0.020124413073062897,453.01275973675007,437.6882425996738,453.01275973675007,437.6882425996738,178.84971178602822,1075.4411880137195,0.011980539680741102,0.015699543824361274,1.2130957484237903,0.6144578313253012,0.732
2023-03-30,MSFT,gru,0.012540826263207436,9.717296779854223e-05,-0.016474831849336624,0.017159320414066315,458.7296866190184,437.7307664507965,458.7296866190184,437.7307664507965,175.92733637881605,1094.0542795876459,0.011980539680741102,0.015699543824361274,1.2130957484237903,0.6144578313253012,0.732
2023-03-31,MSFT,gru,0.014851326274739398,0.0004876672464888543,-0.012236015871167183,0.011959617957472801,465.5932713819644,437.94429345030784,465.5932713819644,437.94429345030784,173.7878077419998,1107.2173235963708,0.011980539680741102,0.015699543824361274,1.2130957484237903,0.6144578313253012,0.732
2023-04-03,MSFT,gru,-0.0037182355103531667,-0.0006040469161234796,-0.014170480892062187,0.014876853674650192,463.86530043919635,437.67983874954314,463.86530043919635,437.67983874954314,171.3425141465299,1123.812368552393,0.011980539680741102,0.015699543824361274,1.2130957484237903,0.6144578313253012,0.732
2023-04-04,MSFT,gru,-0.0001741554302829208,0.0006961410981602967,-0.012158436700701714,0.015065182000398636,463.7845228123404,437.9846480358961,463.7845228123404,437.9846480358961,169.27186698175544,1140.8710271909756,0.011980539680741102,0.015699543824361274,1.2130957484237903,0.6144578313253012,0.732
2023-04-05,MSFT,gru,-0.009938479034080546,0.0009196591563522816,-0.016779892146587372,0.01873134821653366,459.198039143736,438.3876190071873,459.198039143736,438.3876190071873,166.45520202511642,1162.4425077624587,0.011980539680741102,0.015699543824361274,1.2130957484237903,0.6144578313253012,0.732
2023-04-06,MSFT,gru,0.02521232873740693,0.00041697410051710904,-0.014855778776109219,0.016048606485128403,470.92267265107324,438.5704763154447,470.92267265107324,438.5704763154447,164.0006618224865,1181.2486550533392,0.011980539680741102,0.015699543824361274,1.2130957484237903,0.6144578313253012,0.732
2023-04-10,MSFT,gru,-0.007607711097102339,0.0006956415018066764,-0.01357089914381504,0.01486145704984665,467.3536223740579,438.8756444518331,467.3536223740579,438.8756444518331,161.79005872438105,1198.9348395284499,0.011980539680741102,0.015699543824361274,1.2130957484237903,0.6144578313253012,0.732
2023-04-11,MSFT,gru,-0.022929347011977772,0.0006871536606922746,-0.016714466735720634,0.016582956537604332,456.7594320803846,439.177310349907,456.7594320803846,439.177310349907,159.10829549198417,1218.9825270674285,0.011980539680741102,0.015699543824361274,1.2130957484237903,0.6144578313253012,0.732
2023-04-12,MSFT,gru,0.00233085177266923,0.0019380566664040089,-0.012833462096750736,0.01705574244260788,457.8253123342064,440.0292672385021,457.8253123342064,440.0292672385021,157.07943241435663,1239.951488501597,0.011980539680741102,0.015699543824361274,1.2130957484237903,0.6144578313253012,0.732
2023-04-13,MSFT,gru,0.022152219222671833,0.0026067188009619713,-0.011305811814963818,0.019703160971403122,468.0803253075485,441.1777820822267,468.0803253075485,441.1777820822267,155.31352167526043,1264.6247051320765,0.011980539680741102,0.015699543824361274,1.2130957484237903,0.6144578313253012,0.732
2023-04-14,MSFT,gru,-0.012847781220447387,0.001313968445174396,-0.01313277892768383,0.01698419824242592,462.104998731805,441.7578772465695,462.104998731805,441.7578772465695,153.28715853652398,1286.2868436543597,0.011980539680741102,0.015699543824361274,1.2130957484237903,0.6144578313253012,0.732
2023-04-17,MSFT,gru,0.009253112019116544,0.0009363163844682276,-0.01293780468404293,0.015526298433542252,466.40075194231093,442.1716924349063,466.40075194231093,442.1716924349063,151.31673536355513,1306.4139030065278,0.011980539680741102,0.015699543824361274,1.2130957484237903,0.6144578313253012,0.732
2023-04-18,MSFT,gru,-0.001490003874303387,-0.00043169912532903254,-0.01746387593448162,0.015132272616028786,465.7063304887414,441.98085235602065,465.7063304887414,441.98085235602065,148.69709641870185,1326.333246460191,0.011980539680741102,0.015699543824361274,1.2130957484237903,0.6144578313253012,0.732
2023-04-19,MSFT,gru,0.0002774421460454476,0.0014353750739246607,-0.014828149229288101,0.01755577325820923,465.83555497783004,442.6156927598204,465.83555497783004,442.6156927598204,146.50845791099985,1349.8236758727162,0.011980539680741102,0.015699543824361274,1.2130957484237903,0.6144578313253012,0.732
2023-04-20,MSFT,gru,-0.008145501961990443,0.0024680092465132475,-0.01225527934730053,0.017736462876200676,462.05650258487003,443.70943569013946,462.05650258487003,443.70943569013946,144.72391058703369,1373.9784261760567,0.011980539680741102,0.015699543824361274,1.2130957484237903,0.6144578313253012,0.732
2023-04-21,MSFT,gru,-0.0012239691979550138,0.0011047556763514876,-0.014570867642760277,0.015218149870634079,461.49130562038914,444.1998715154539,461.49130562038914,444.1998715154539,142.63044841996586,1395.0476804374498,0.011980539680741102,0.015699543824361274,1.2130957484237903,0.6144578313253012,0.732
2023-04-24,MSFT,gru,-0.014061235536483854,0.002926215762272477,-0.014421328902244568,0.0176057331264019,455.0475772352259,445.501608995792,455.0475772352259,445.501608995792,140.58829268290523,1419.825942712523,0.011980539680741102,0.015699543824361274,1.2130957484237903,0.6144578313253012,0.732
2023-04-25,MSFT,gru,-0.022793842273225902,0.0031483182683587074,-0.012890402227640152,0.020595084875822067,444.79261354658587,446.90641996814367,444.79261354658587,446.90641996814367,138.78768461021758,1449.3705009312628,0.011980539680741102,0.015699543824361274,1.2130957484237903,0.6144578313253012,0.732
2023-04-26,MSFT,gru,0.06993153714561844,0.0027793855406343937,-0.013513858430087566,0.017953891307115555,477.0110583335936,448.150293933099,477.0110583335936,448.150293933099,136.92474223800153,1475.6272930337811,0.011980539680741102,0.015699543824361274,1.2130957484237903,0.6144578313253012,0.732
2023-04-27,MSFT,gru,0.03152540891772579,-0.002637478755787015,-0.01843656599521637,0.012197427451610565,492.2885767356345,446.9698710524973,492.2885767356345,446.9698710524973,134.42345149935318,1493.7363675439567,0.011980539680741102,0.015699543824361274,1.2130957484237903,0.6144578313253012,0.732
2023-04-28,MSFT,gru,0.007940126369461913,-0.00486581539735198,-0.021442528814077377,0.009937949478626251,496.21296971529256,444.8002688140268,496.21296971529256,444.8002688140268,131.57175923027566,1508.6550199126452,0.011980539680741102,0.015699543824361274,1.2130957484237903,0.6144578313253012,0.732
2023-05-01,MSFT,gru,-0.0055481758022313775,-0.002010923344641924,-0.02083479054272175,0.01467900536954403,493.4675160962333,443.90670290534996,493.4675160962333,443.90670290534996,128.8588451831795,1530.9639789133596,0.011980539680741102,0.015699543824361274,1.2130957484237903,0.6144578313253012,0.732
2023-05-02,MSFT,gru,-0.000491002501589629,-0.0009087375365197659,-0.017015930265188217,0.015218280255794525,493.22528178506974,443.50349570782834,493.22528178506974,443.50349570782834,126.68474019390258,1554.4408910965822,0.011980539680741102,0.015699543824361274,1.2130957484237903,0.6144578313253012,0.732
2023-05-03,MSFT,gru,-0.0033125422450693168,0.0009329062886536121,-0.014836073853075504,0.016824640333652496,491.5941552820649,443.9174128759564,491.5941552820649,443.9174128759564,124.81910733536111,1580.8149948321347,0.011980539680741102,0.015699543824361274,1.2130957484237903,0.6144578313253012,0.732
2023-05-04,MSFT,gru,0.0033125422450692053,0.0013174889609217644,-0.013674285262823105,0.0184139683842659,493.2252817850697,444.5026449751313,493.2252817850697,444.5026449751313,123.12391203586095,1610.193823462503,0.011980539680741102,0.015699543824361274,1.2130957484237903,0.6144578313253012,0.732
2023-05-05,MSFT,gru,0.01701170868051051,0.0005204941262491047,-0.01608164981007576,0.016664788126945496,501.6876622863973,444.7340472591105,501.6876622863973,444.7340472591105,121.15971573030811,1637.252255864901,0.011980539680741102,0.015699543824361274,1.2130957484237903,0.6144578313253012,0.732
2023-05-08,MSFT,gru,-0.006458927797110895,-0.0005534359370358288,-0.014749427326023579,0.012922125868499279,498.45774004501095,444.4879715001344,498.45774004501095,444.4879715001344,119.38579625209663,1658.5463127119217,0.011980539680741102,0.015699543824361274,1.2130957484237903,0.6144578313253012,0.732
2023-05-09,MSFT,gru,-0.005360181477831121,0.0003913698601536453,-0.016482247039675713,0.015704279765486717,495.7930640528076,444.66198112108776,495.7930640528076,444.66198112108776,117.43417635997031,1684.798201435647,0.011980539680741102,0.015699543824361274,1.2130957484237903,0.6144578313253012,0.732
2023-05-10,MSFT,gru,0.0171485288650533,0.0019871541298925877,-0.015312740579247475,0.02099880762398243,504.3685036609122,445.5464699203005,504.3685036609122,445.5464699203005,115.64963663689458,1720.550972602468,0.011980539680741102,0.015699543824361274,1.2130957484237903,0.6144578313253012,0.732
2023-05-11,MSFT,gru,-0.00706925044001154,-0.00010559261136222631,-0.01620420254766941,0.01861693523824215,500.8155694815063,445.4994381125066,500.8155694815063,445.4994381125066,113.79072553021824,1752.8823929602013,0.011980539680741102,0.015699543824361274,1.2130957484237903,0.6144578313253012,0.732
2023-05-12,MSFT,gru,-0.003682837255539793,0.0009305082494392991,-0.015587277710437775,0.021295439451932907,498.97453943196126,445.914155919349,498.97453943196126,445.914155919349,112.03078677616732,1790.6111413366816,0.011980539680741102,0.015699543824361274,1.2130957484237903,0.6144578313253012,0.732
2023-05-15,MSFT,gru,0.001584626692463848,0.0014740037731826305,-0.011821594089269638,0.0173846073448658,499.7658546099962,446.5719219951206,499.7658546099962,446.5719219951206,110.71419991780478,1822.0124446017473,0.011980539680741102,0.015699543824361274,1.2130957484237903,0.6144578313253012,0.732
2023-05-16,MSFT,gru,0.007340660285556093,-0.00013396072608884424,-0.014048065058887005,0.01448401901870966,503.4479639937886,446.5121118866543,503.4479639937886,446.5121118866543,109.16975110408247,1848.5945656202268,0.011980539680741102,0.015699543824361274,1.2130957484237903,0.6144578313253012,0.732
2023-05-17,MSFT,gru,0.007223510173534132,0.0021088598296046257,-0.016470061615109444,0.02147083543241024,507.0977918976599,447.45473347409774,507.0977918976599,447.45473347409774,107.38644254932382,1888.7146224196013,0.011980539680741102,0.015699543824361274,1.2130957484237903,0.6144578313253012,0.732
2023-05-18,MSFT,gru,0.014292246989190247,-0.000409632280934602,-0.01700563356280327,0.016347568482160568,514.3973984207004,447.2714812900822,514.3973984207004,447.2714812900822,105.57570782045158,1919.8441833307481,0.011980539680741102,0.015699543824361274,1.2130957484237903,0.6144578313253012,0.732
2023-05-19,MSFT,gru,-0.0005652503995028339,-0.003043605014681816,-0.021835166960954666,0.0141969695687294,514.1067172473041,445.9122221767075,514.1067172473041,445.9122221767075,103.2954290058412,1947.2945005987688,0.011980539680741102,0.015699543824361274,1.2130957484237903,0.6144578313253012,0.732
2023-05-22,MSFT,gru,0.008881708331310564,0.0015621306374669075,-0.01109385211020708,0.01704353466629982,518.6932009159085,446.60932149063717,518.6932009159085,446.60932149063717,102.15581994127196,1980.7677568413826,0.011980539680741102,0.015699543824361274,1.2130957484237903,0.6144578313253012,0.732
2023-05-23,MSFT,gru,-0.018603964654439004,8.894793427316472e-05,-0.016024727374315262,0.01592257246375084,509.13265868083806,446.64903851565873,509.13265868083806,446.64903851565873,100.53184523504557,2012.5590419363416,0.011980539680741102,0.015699543824361274,1.2130957484237903,0.6144578313253012,0.732
2023-05-24,MSFT,gru,-0.0044825419640336876,-0.00014662455942016095,-0.01951678656041622,0.01656332053244114,506.8555575864964,446.58354751674995,506.8555575864964,446.58354751674995,98.58880786034338,2046.171236209251,0.011980539680741102,0.015699543824361274,1.2130957484237903,0.6144578313253012,0.732
2023-05-25,MSFT,gru,0.03773680946719584,0.0013021427439525723,-0.01620473712682724,0.020013410598039627,526.3481501415916,447.16542691490014,526.3481501415916,447.16542691490014,97.00407943370993,2087.5346583111564,0.011980539680741102,0.015699543824361274,1.2130957484237903,0.6144578313253012,0.732
2023-05-26,MSFT,gru,0.021160155404894247,-0.0014701704494655132,-0.021263381466269493,0.015793638303875923,537.6044311242113,446.50850706138147,537.6044311242113,446.50850706138147,94.96322128811329,2120.7660601362927,0.011980539680741102,0.015699543824361274,1.2130957484237903,0.6144578313253012,0.732
2023-05-30,MSFT,gru,-0.0050595595899617825,-0.000654712610412389,-0.017590738832950592,0.01754365861415863,534.8912589850731,446.2162589365411,534.8912589850731,446.2162589365411,93.30735504395881,2158.300241387596,0.011980539680741102,0.015699543824361274,1.2130957484237903,0.6144578313253012,0.732
2023-05-31,MSFT,gru,-0.008550618441348575,-0.002643448766320944,-0.020886674523353577,0.012938142754137516,530.337106081092,445.0382706264092,530.337106081092,445.0382706264092,91.37868675797654,2186.406025060966,0.011980539680741102,0.015699543824361274,1.2130957484237903,0.6144578313253012,0.732
2023-06-01,MSFT,gru,0.012678421233759899,0.0013971535954624414,-0.01641300693154335,0.016275163739919662,537.1037478348704,445.6604726458511,537.1037478348704,445.6604726458511,89.89112929961883,2222.2812840440374,0.011980539680741102,0.015699543824361274,1.2130957484237903,0.6144578313253012,0.732
2023-06-02,MSFT,gru,0.008443438906069122,-0.0015444388845935464,-0.016960542649030685,0.016032375395298004,541.6579500235537,444.9727187719501,541.6579500235537,444.9727187719501,88.37938432220322,2258.1968186025365,0.011980539680741102,0.015699543824361274,1.2130957484237903,0.6144578313253012,0.732
2023-06-05,MSFT,gru,0.0016087486648573956,-0.00099473400041461,-0.016810839995741844,0.014721555635333061,542.5300428284446,444.53029793634573,542.5300428284446,444.53029793634573,86.90606938330022,2291.686938967189,0.011980539680741102,0.015699543824361274,1.2130957484237903,0.6144578313253012,0.732
2023-06-06,MSFT,gru,-0.006750151917383558,-0.0012337836669757962,-0.015968210995197296,0.013748930767178535,538.8802149245734,443.9821737259041,538.8802149245734,443.9821737259041,85.52935344959903,2323.412810042485,0.011980539680741102,0.015699543824361274,1.2130957484237903,0.6144578313253012,0.732
2023-06-07,MSFT,gru,-0.03135431052789001,0.0004100720107089728,-0.01561424694955349,0.015399888157844543,522.2461350953145,444.1642948429942,522.2461350953145,444.1642948429942,84.2042492539565,2359.469906744317,0.011980539680741102,0.015699543824361274,1.2130957484237903,0.6144578313253012,0.732
2023-06-08,MSFT,gru,0.00579677511338792,0.004294860176742077,-0.012963475659489632,0.02107812650501728,525.28226988777,446.0760007977016,525.28226988777,446.0760007977016,83.11971630113885,2409.731017532408,0.011980539680741102,0.015699543824361274,1.2130957484237903,0.6144578313253012,0.732
2023-06-09,MSFT,gru,0.0046928963861562565,0.0011402354575693607,-0.015439850278198719,0.016783729195594788,527.7531584310425,446.58489897575856,527.7531584310425,446.58489897575856,81.8462179545851,2450.5165220963654,0.011980539680741102,0.015699543824361274,1.2130957484237903,0.6144578313253012,0.732
2023-06-12,MSFT,gru,0.015365289073811387,0.0010946242837235332,-0.01695970445871353,0.017206214368343353,535.9248577589738,447.07398792435293,535.9248577589738,447.07398792435293,80.4698366530001,2493.045443208116,0.011980539680741102,0.015699543824361274,1.2130957484237903,0.6144578313253012,0.732
2023-06-13,MSFT,gru,0.0073258273041494236,-5.131039870320819e-05,-0.016566462814807892,0.016681447625160217,539.8653668362413,447.05104426650155,539.8653668362413,447.05104426650155,79.14771560065152,2534.981919009609,0.011980539680741102,0.015699543824361274,1.2130957484237903,0.6144578313253012,0.732
2023-06-14,MSFT,gru,0.009082407685551104,-0.001096920226700604,-0.016746070235967636,0.01296031940728426,544.7909785404745,446.5609385268369,544.7909785404745,446.5609385268369,77.83333885979987,2568.050035489896,0.011980539680741102,0.015699543824361274,1.2130957484237903,0.6144578313253012,0.732
2023-06-15,MSFT,gru,0.031398499377165004,0.0006359919789247215,-0.017391184344887733,0.015967031940817833,562.1679759702378,446.84504951747056,562.1679759702378,446.84504951747056,76.49142809431805,2609.3832153919375,0.011980539680741102,0.015699543824361274,1.2130957484237903,0.6144578313253012,0.732
2023-06-16,MSFT,gru,-0.01671466746102836,-0.002341405488550663,-0.019038081169128418,0.011309792287647724,552.8496187616287,445.8000363065262,552.8496187616287,445.8000363065262,75.04895155484805,2639.0623315631756,0.011980539680741102,0.015699543824361274,1.2130957484237903,0.6144578313253012,0.732
2023-06-20,MSFT,gru,-0.012581367463613363,-0.0016698631225153804,-0.017196353524923325,0.017230715602636337,545.9375871364499,445.05623980201125,545.9375871364499,445.05623980201125,73.76941852012115,2684.929232670954,0.011980539680741102,0.015699543824361274,1.2130957484237903,0.6144578313253012,0.732
2023-06-21,MSFT,gru,-0.013371025527008,0.0001730491203488782,-0.014776930212974548,0.015033584088087082,538.6864274756422,445.1332754270151,538.6864274756422,445.1332754270151,72.68734760252241,2725.598417358104,0.011980539680741102,0.015699543824361274,1.2130957484237903,0.6144578313253012,0.732
2023-06-22,MSFT,gru,0.018269535419317123,0.0011722728377208114,-0.012869250029325485,0.01552158035337925,548.6184285109648,445.65542539876276,548.6184285109648,445.65542539876276,71.75790861698832,2768.2339802936626,0.011980539680741102,0.015699543824361274,1.2130957484237903,0.6144578313253012,0.732
2023-06-23,MSFT,gru,-0.013902088576371648,0.0010998977813869715,-0.013523122295737267,0.01703941822052002,541.0442569121376,446.14588709244083,541.0442569121376,446.14588709244083,70.79405025213421,2815.807325843615,0.011980539680741102,0.015699543824361274,1.2130957484237903,0.6144578313253012,0.732
2023-06-26,MSFT,gru,-0.019348974565018984,0.0008179445285350084,-0.016193244606256485,0.019308604300022125,530.6762341167206,446.5109471082387,530.6762341167206,446.5109471082387,69.65689563706293,2870.7048755815954,0.011980539680741102,0.015699543824361274,1.2130957484237903,0.6144578313253012,0.732
2023-06-27,MSFT,gru,0.01800492295237786,0.0020800598431378603,-0.015545656904578209,0.01945132575929165,540.317553978647,447.4406849995718,540.317553978647,447.4406849995718,68.58240711862881,2927.090563199249,0.011980539680741102,0.015699543824361274,1.2130957484237903,0.6144578313253012,0.732
2023-06-28,MSFT,gru,0.0038185027563641403,0.0006736452924087644,-0.016319209709763527,0.018770987167954445,542.3847022417461,447.7422108537186,542.3847022417461,447.7422108537186,67.4722792095169,2982.5540018317993,0.011980539680741102,0.015699543824361274,1.2130957484237903,0.6144578313253012,0.732
2023-06-29,MSFT,gru,-0.0023849119004938587,0.0015866735484451056,-0.015680842101573944,0.016953330487012863,541.0927037743703,448.4532196397749,541.0927037743703,448.4532196397749,66.42250899914463,3033.5492054246633,0.011980539680741102,0.015699543824361274,1.2130957484237903,0.6144578313253012,0.732
2023-06-30,MSFT,gru,0.016252880099050727,0.000646895554382354,-0.01955404318869114,0.019341105595231056,549.9588738405735,448.7433993783209,549.9588738405735,448.7433993783209,65.13629565876646,3092.7924273071844,0.011980539680741102,0.015699543824361274,1.2130957484237903,0.6144578313253012,0.732
2023-07-03,MSFT,gru,-0.0075163377314713346,-0.0010836743749678135,-0.013888663612306118,0.014430784620344639,545.8406934119845,448.25737617219994,545.8406934119845,448.25737617219994,64.23789457195743,3137.747486149655,0.011980539680741102,0.015699543824361274,1.2130957484237903,0.6144578313253012,0.732
2023-07-05,MSFT,gru,0.0004732856179234783,0.0003620999923441559,-0.016075506806373596,0.016267169266939163,546.0990931054596,448.41971608709537,546.0990931054596,448.41971608709537,63.21349387632658,3189.207228982678,0.011980539680741102,0.015699543824361274,1.2130957484237903,0.6144578313253012,0.732
2023-07-06,MSFT,gru,0.009184354676689894,0.0003083092160522938,-0.01633431762456894,0.015412001870572567,551.1377639164699,448.55800623076607,551.1377639164699,448.55800623076607,62.18933316465217,3238.7401481800543,0.011980539680741102,0.015699543824361274,1.2130957484237903,0.6144578313253012,0.732
2023-07-07,MSFT,gru,-0.011938380678174591,0.0011093158973380923,-0.014754429459571838,0.01630551367998123,544.5971910915434,449.05588664143903,544.5971910915434,449.05588664143903,61.278501168774454,3291.982443435039,0.011980539680741102,0.015699543824361274,1.2130957484237903,0.6144578313253012,0.732
2023-07-10,MSFT,gru,-0.01611279085316757,0.002080373466014862,-0.013940133154392242,0.019143518060445786,535.8925269943502,449.9910842737072,535.8925269943502,449.9910842737072,60.43019731368595,3355.6094816139475,0.011980539680741102,0.015699543824361274,1.2130957484237903,0.6144578313253012,0.732
2023-07-11,MSFT,gru,0.0019268850164786337,0.0033955052495002747,-0.013002162799239159,0.01776067540049553,536.9261257682509,451.5216297010889,536.9261257682509,451.5216297010889,59.649560299571064,3415.739661264403,0.011980539680741102,0.015699543824361274,1.2130957484237903,0.6144578313253012,0.732
2023-07-12,MSFT,gru,0.014126628195813206,0.0028867307119071484,-0.016298381611704826,0.020635927096009254,544.5649096116225,452.8269536644784,544.5649096116225,452.8269536644784,58.68524941555722,3486.9588606182706,0.011980539680741102,0.015699543824361274,1.2130957484237903,0.6144578313253012,0.732
2023-07-13,MSFT,gru,0.01606245026326407,-0.00013050096458755434,-0.015429539605975151,0.015787886455655098,553.3825835308908,452.76787126358596,553.3825835308908,452.76787126358596,57.78671240564035,3542.4472862718562,0.011980539680741102,0.015699543824361274,1.2130957484237903,0.6144578313253012,0.732
2023-07-14,MSFT,gru,0.007501086472850522,-0.00046879227738827467,-0.016991641372442245,0.015134242363274097,557.5491615370103,452.5556719468611,557.5491615370103,452.5556719468611,56.81311682962655,3596.467381060787,0.011980539680741102,0.015699543824361274,1.2130957484237903,0.6144578313253012,0.732
2023-07-17,MSFT,gru,0.0014183563200623871,-0.0004951329901814461,-0.015791986137628555,0.018814802169799805,558.3405259997475,452.3316493882007,558.3405259997475,452.3316493882007,55.922970338372,3664.7747294337387,0.011980539680741102,0.015699543824361274,1.2130957484237903,0.6144578313253012,0.732
2023-07-18,MSFT,gru,0.0390281778122774,0.0007981254020705819,-0.015568497590720654,0.018911845982074738,580.5623575068881,452.6928198455164,580.5623575068881,452.6928198455164,55.05907706838567,3734.7420389107974,0.011980539680741102,0.015699543824361274,1.2130957484237903,0.6144578313253012,0.732
2023-07-19,MSFT,gru,-0.01234325481327844,-0.00158242741599679,-0.01681741513311863,0.012545552104711533,573.440373050467,451.9770255728038,573.440373050467,451.9770255728038,54.14086875700888,3781.8917431462046,0.011980539680741102,0.015699543824361274,1.2130957484237903,0.6144578313253012,0.732
2023-07-20,MSFT,gru,-0.023393022478419682,-0.0018178554018959403,-0.021610423922538757,0.016988035291433334,560.1815560492926,451.15613896407035,560.1815560492926,451.15613896407035,52.983414038676436,3846.687335811901,0.011980539680741102,0.015699543824361274,1.2130957484237903,0.6144578313253012,0.732
2023-07-21,MSFT,gru,-0.008977258757518182,0.0024237826000899076,-0.012558922171592712,0.017089203000068665,555.1751667182033,452.2509791951184,555.1751667182033,452.2509791951184,52.32216099574593,3912.989275516681,0.011980539680741102,0.015699543824361274,1.2130957484237903,0.6144578313253012,0.732
2023-07-24,MSFT,gru,0.003890367198409248,0.0022877040319144726,-0.012618618085980415,0.016176585108041763,557.3392087057679,453.2868004020786,557.3392087057679,453.2868004020786,51.66607630210665,3976.8030419793063,0.011980539680741102,0.015699543824361274,1.2130957484237903,0.6144578313253012,0.732
2023-07-25,MSFT,gru,0.01686610874081638,0.0007514409953728318,-0.01769685558974743,0.019009718671441078,566.8190718833866,453.6275514019269,566.8190718833866,453.6275514019269,50.75979286824614,4053.123871576809,0.011980539680741102,0.015699543824361274,1.2130957484237903,0.6144578313253012,0.732
2023-07-26,MSFT,gru,-0.038364115130237984,-0.0014510941691696644,-0.020910942927002907,0.016370145604014397,545.4853999940441,452.96976341907526,545.4853999940441,452.96976341907526,49.7093779074468,4120.0202099670905,0.011980539680741102,0.015699543824361274,1.2130957484237903,0.6144578313253012,0.732
2023-07-27,MSFT,gru,-0.021093058332580527,0.0018779565580189228,-0.013925967738032341,0.016255555674433708,534.099943807038,453.82120709478306,534.099943807038,453.82120709478306,49.021923572825024,4187.540816292411,0.011980539680741102,0.015699543824361274,1.2130957484237903,0.6144578313253012,0.732
2023-07-28,MSFT,gru,0.022867857265035388,0.005037491209805012,-0.008739994838833809,0.019970683380961418,546.4543865234004,456.1130869415185,546.4543865234004,456.1130869415185,48.59533869067944,4272.009393382298,0.011980539680741102,0.015699543824361274,1.2130957484237903,0.6144578313253012,0.732
2023-07-31,MSFT,gru,-0.0072668805405912,0.0012179093901067972,-0.013046680018305779,0.01795107126235962,542.4977613485235,456.6689412725116,542.4977613485235,456.6689412725116,47.96544960011944,4349.388881763217,0.011980539680741102,0.015699543824361274,1.2130957484237903,0.6144578313253012,0.732
2023-08-01,MSFT,gru,0.001249465857537043,-0.0025814909022301435,-0.021420594304800034,0.015407267957925797,543.1760174197815,455.49158512559177,543.1760174197815,455.49158512559177,46.94892794372424,4416.919812317384,0.011980539680741102,0.015699543824361274,1.2130957484237903,0.6144578313253012,0.732
2023-08-02,MSFT,gru,-0.02663448713117992,-3.218635902157985e-05,-0.01809423416852951,0.01711186394095421,528.899767027018,455.4769244419618,528.899767027018,455.4769244419618,46.1070622592437,4493.151965545584,0.011980539680741102,0.015699543824361274,1.2130957484237903,0.6144578313253012,0.732
2023-08-03,MSFT,gru,-0.0025681692395457733,0.0038184840232133865,-0.012383559718728065,0.02140120230615139,527.5432055998,457.21948064867877,527.5432055998,457.21948064867877,45.53961219349078,4590.347095991526,0.011980539680741102,0.015699543824361274,1.2130957484237903,0.6144578313253012,0.732
2023-08-04,MSFT,gru,0.0034227620757667264,0.0016428874805569649,-0.013743976131081581,0.017078321427106857,529.3519541694241,457.97126548551785,529.3519541694241,457.97126548551785,44.91799919707905,4669.41594904655,0.011980539680741102,0.015699543824361274,1.2130957484237903,0.6144578313253012,0.732
2023-08-07,MSFT,gru,0.007083239964704634,0.0038451463915407658,-0.01118507981300354,0.019781850278377533,533.1147918953702,459.73564824818374,533.1147918953702,459.73564824818374,44.41838693052853,4762.705097444533,0.011980539680741102,0.015699543824361274,1.2130957484237903,0.6144578313253012,0.732
2023-08-08,MSFT,gru,-0.012375181476160577,0.0003483948821667582,-0.019186880439519882,0.019795816391706467,526.5580536881321,459.89584256168956,526.5580536881321,459.89584256168956,43.57426046886718,4857.926178547955,0.011980539680741102,0.015699543824361274,1.2130957484237903,0.6144578313253012,0.732
2023-08-09,MSFT,gru,-0.011785096027328853,0.0031021186150610447,-0.016662675887346268,0.02088192105293274,520.3889396634577,461.3247167377966,520.3889396634577,461.3247167377966,42.85421268205873,4960.4355852000635,0.011980539680741102,0.015699543824361274,1.2130957484237903,0.6144578313253012,0.732
2023-08-10,MSFT,gru,0.0021699484163475845,0.002092052483931184,-0.014597980305552483,0.01985880546271801,521.5193828771216,462.2908546981888,521.5193828771216,462.2908546981888,42.233170490049496,5059.928632022214,0.011980539680741102,0.015699543824361274,1.2130957484237903,0.6144578313253012,0.732
2023-08-11,MSFT,gru,-0.0059632530747735155,0.0028018138837069273,-0.014323089271783829,0.022893711924552917,518.4186851248239,463.58790869763385,518.4186851248239,463.58790869763385,41.632572040697085,5177.105624428332,0.011980539680741102,0.015699543824361274,1.2130957484237903,0.6144578313253012,0.732
2023-08-14,MSFT,gru,0.00939468561793335,0.003079577349126339,-0.014417769387364388,0.01921195350587368,523.3120153491362,465.01775378775295,523.3120153491362,465.01775378775295,41.036628688806424,5277.52975048202,0.011980539680741102,0.015699543824361274,1.2130957484237903,0.6144578313253012,0.732
2023-08-15,MSFT,gru,-0.00675036845373223,0.0010545793920755386,-0.016719922423362732,0.018813319504261017,519.7913626496514,465.5084039812982,519.7913626496514,465.5084039812982,40.35620283973173,5377.757171059909,0.011980539680741102,0.015699543824361274,1.2130957484237903,0.6144578313253012,0.732
2023-08-16,MSFT,gru,-0.0045464267339883424,-0.0014064604183658957,-0.021743493154644966,0.01965131051838398,517.433533213156,464.85414238236075,517.433533213156,464.85414238236075,39.48818882332162,5484.4826561849395,0.011980539680741102,0.015699543824361274,1.2130957484237903,0.6144578313253012,0.732
2023-08-17,MSFT,gru,-0.011047027421841545,0.002002403372898698,-0.013705731369554996,0.01728884130716324,511.7488878108088,465.7858890499863,511.7488878108088,465.7858890499863,38.95066727489988,5580.127245582047,0.011980539680741102,0.015699543824361274,1.2130957484237903,0.6144578313253012,0.732
2023-08-18,MSFT,gru,-0.0012630855742106484,0.00021929858485236764,-0.01549757644534111,0.017352715134620667,511.102913219472,465.8880568990325,511.102913219472,465.8880568990325,38.35167933445381,5677.8023287549695,0.011980539680741102,0.015699543824361274,1.2130957484237903,0.6144578313253012,0.732
2023-08-21,MSFT,gru,0.016918737299121685,0.0014861490344628692,-0.01586908847093582,0.019190721213817596,519.8236934142748,466.58095128602406,519.8236934142748,466.58095128602406,37.747876184035775,5787.815650978535,0.011980539680741102,0.015699543824361274,1.2130957484237903,0.6144578313253012,0.732
2023-08-22,MSFT,gru,0.0018002505888257347,0.0015045922482386231,-0.018942970782518387,0.02059898152947426,520.7603491790079,467.28349740520065,520.7603491790079,467.28349740520065,37.03954956820262,5908.275320412211,0.011980539680741102,0.015699543824361274,1.2130957484237903,0.6144578313253012,0.732
2023-08-23,MSFT,gru,0.013981099860828534,-0.0007324594189412892,-0.0192379392683506,0.01696529984474182,528.0922864666716,466.9413601589421,528.0922864666716,466.9413601589421,36.33379594563105,6009.365852770315,0.011980539680741102,0.015699543824361274,1.2130957484237903,0.6144578313253012,0.732
2023-08-24,MSFT,gru,-0.021732925683232186,-0.0009798851097002625,-0.01808907650411129,0.016675686463713646,516.7391117595865,466.4840268069645,516.7391117595865,466.4840268069645,35.68245980419828,6110.416603720404,0.011980539680741102,0.015699543824361274,1.2130957484237903,0.6144578313253012,0.732
2023-08-25,MSFT,gru,0.009363190602405124,0.0009075967245735228,-0.014873063191771507,0.018602686002850533,521.6001605039777,466.90760230747526,521.6001605039777,466.90760230747526,35.15567973477416,6225.150517817785,0.011980539680741102,0.015699543824361274,1.2130957484237903,0.6144578313253012,0.732
2023-08-28,MSFT,gru,0.0022267628267115774,-0.00031547198886983097,-0.014987168833613396,0.016626937314867973,522.7629344822649,466.7603266789436,522.7629344822649,466.7603266789436,34.63272451502566,6329.521093278868,0.011980539680741102,0.015699543824361274,1.2130957484237903,0.6144578313253012,0.732
2023-08-29,MSFT,gru,0.014445640292466616,0.00029406510293483734,-0.014877723529934883,0.014254109933972359,530.3693875610132,466.8975959047695,530.3693875610132,466.8975959047695,34.121282736299186,6420.38856094709,0.011980539680741102,0.015699543824361274,1.2130957484237903,0.6144578313253012,0.732
2023-08-30,MSFT,gru,0.0011564361476078247,0.0012544688070192933,-0.0161210298538208,0.018321745097637177,530.983080672429,467.4836802330487,530.983080672429,467.4836802330487,33.57562176873558,6539.10586065606,0.011980539680741102,0.015699543824361274,1.2130957484237903,0.6144578313253012,0.732
2023-08-31,MSFT,gru,-0.0031376120495489814,0.0003971308469772339,-0.020108722150325775,0.01943083107471466,529.319672689503,467.66936725317606,529.319672689503,467.66936725317606,32.90720192511338,6667.408972664286,0.011980539680741102,0.015699543824361274,1.2130957484237903,0.6144578313253012,0.732
2023-09-01,MSFT,gru,0.0027421298620269405,-0.00047789845848456025,-0.01891699805855751,0.01556810736656189,530.7731278411864,467.4459191168523,530.7731278411864,467.4459191168523,32.2905465141298,6772.020413174459,0.011980539680741102,0.015699543824361274,1.2130957484237903,0.6144578313253012,0.732
2023-09-05,MSFT,gru,0.0147689496625278,0.0008199094445444643,-0.016519438475370407,0.017284654080867767,538.6702620933308,467.82935524468695,538.6702620933308,467.82935524468695,31.761505719606745,6890.090281921315,0.011980539680741102,0.015699543824361274,1.2130957484237903,0.6144578313253012,0.732
2023-09-06,MSFT,gru,-0.002010663215146041,-7.239144179038703e-05,-0.015704695135354996,0.014740058220922947,537.5882657418996,467.79550309440964,537.5882657418996,467.79550309440964,31.26659714182264,6992.40251368578,0.011980539680741102,0.015699543824361274,1.2130957484237903,0.6144578313253012,0.732
2023-09-07,MSFT,gru,-0.008962178251791018,0.0008634832338429987,-0.01687372475862503,0.017171397805213928,532.7918292420527,468.1996361771482,532.7918292420527,468.1996361771482,30.74343955220495,7113.508682481411,0.011980539680741102,0.015699543824361274,1.2130957484237903,0.6144578313253012,0.732
2023-09-08,MSFT,gru,0.013129115686578024,0.00024134147679433227,-0.014487652108073235,0.01409965194761753,539.8330360716179,468.31265901279136,539.8330360716179,468.31265901279136,30.30125060987134,7214.516915695443,0.011980539680741102,0.015699543824361274,1.2130957484237903,0.6144578313253012,0.732
2023-09-11,MSFT,gru,0.010919355379022269,0.000460315786767751,-0.013332616537809372,0.015100225806236267,545.7599650698309,468.52826373399273,545.7599650698309,468.52826373399273,29.89993623891054,7324.284353686004,0.011980539680741102,0.015699543824361274,1.2130957484237903,0.6144578313253012,0.732
2023-09-12,MSFT,gru,-0.018426447515794156,-0.001131874625571072,-0.018695197999477386,0.014973759651184082,535.795633269885,467.9982474358532,535.795633269885,467.9982474358532,29.346143155071182,7434.781528198912,0.011980539680741102,0.015699543824361274,1.2130957484237903,0.6144578313253012,0.732
2023-09-13,MSFT,gru,0.012847783543915864,0.0029487484134733677,-0.009620771743357182,0.016492340713739395,542.7238302773754,469.3802708401512,542.7238302773754,469.3802708401512,29.065164055090708,7558.415252563683,0.011980539680741102,0.015699543824361274,1.2130957484237903,0.6144578313253012,0.732
2023-09-14,MSFT,gru,0.007825087679558586,0.0011567012406885624,-0.015372950583696365,0.015611976385116577,546.9873512926625,469.92353297012403,546.9873512926625,469.92353297012403,28.621763595577516,7677.342639465763,0.011980539680741102,0.015699543824361274,1.2130957484237903,0.6144578313253012,0.732
2023-09-15,MSFT,gru,-0.0253556931642393,0.00047845058725215495,-0.017156120389699936,0.017884325236082077,533.2924632466916,470.1483942416654,533.2924632466916,470.1483942416654,28.13491327251944,7815.881723030818,0.011980539680741102,0.015699543824361274,1.2130957484237903,0.6144578313253012,0.732
2023-09-18,MSFT,gru,-0.003519005161153026,0.0017739790491759777,-0.01521171536296606,0.017093036323785782,531.4191024325232,470.9831442006378,531.4191024325232,470.9831442006378,27.71017160508484,7950.626963111531,0.011980539680741102,0.015699543824361274,1.2130957484237903,0.6144578313253012,0.732
2023-09-19,MSFT,gru,-0.001246761401060461,0.002891769167035818,-0.012763980776071548,0.01950787380337715,530.7569624588748,472.34708843573213,530.7569624588748,472.34708843573213,27.358727513011118,8107.2499756877705,0.011980539680741102,0.015699543824361274,1.2130957484237903,0.6144578313253012,0.732
2023-09-20,MSFT,gru,-0.02426901497800144,0.004215427208691835,-0.014009361155331135,0.021025672554969788,518.0310609422602,474.3424244230388,518.0310609422602,474.3424244230388,26.978122075088088,8279.514618095249,0.011980539680741102,0.015699543824361274,1.2130957484237903,0.6144578313253012,0.732
2023-09-21,MSFT,gru,-0.0038731588572318396,0.0034797789994627237,-0.009857689030468464,0.01808870956301689,516.0285249237053,475.9958866938415,516.0285249237053,475.9958866938415,26.713486780046203,8430.643300985514,0.011980539680741102,0.015699543824361274,1.2130957484237903,0.6144578313253012,0.732
2023-09-22,MSFT,gru,-0.007917812376410862,0.002450571395456791,-0.013750556856393814,0.018314044922590256,511.9588406420512,477.16377382600126,511.9588406420512,477.16377382600126,26.34867572017883,8586.465231227254,0.011980539680741102,0.015699543824361274,1.2130957484237903,0.6144578313253012,0.732
2023-09-25,MSFT,gru,0.0016704716326497466,0.0016564801335334778,-0.015226731076836586,0.019269296899437904,512.8147680646305,477.9548367297152,512.8147680646305,477.9548367297152,25.950510690336586,8753.524770830081,0.011980539680741102,0.015699543824361274,1.2130957484237903,0.6144578313253012,0.732
2023-09-26,MSFT,gru,-0.01715196951564595,0.002343769185245037,-0.012909251265227795,0.019205749034881592,504.0939878698277,479.0763652367319,504.0939878698277,479.0763652367319,25.617662591763924,8923.268024287225,0.011980539680741102,0.015699543824361274,1.2130957484237903,0.6144578313253012,0.732
2023-09-27,MSFT,gru,0.002080214125593276,0.0028364413883537054,-0.01121207233518362,0.018149491399526596,505.14370274133785,480.4371907313623,505.14370274133785,480.4371907313623,25.332039332730506,9086.699427445348,0.011980539680741102,0.015699543824361274,1.2130957484237903,0.6144578313253012,0.732
2023-09-28,MSFT,gru,0.0027138118982796616,0.0031986639369279146,-0.011757123284041882,0.02078111469745636,506.5164295508675,481.9763912162229,506.5164295508675,481.9763912162229,25.035951059382267,9277.507368100707,0.011980539680741102,0.015699543824361274,1.2130957484237903,0.6144578313253012,0.732
2023-09-29,MSFT,gru,0.006704883163258845,0.001564336707815528,-0.016751641407608986,0.01869005151093006,509.92397385887307,482.73096169392824,509.92397385887307,482.73096169392824,24.620051023285388,9452.535186906984,0.011980539680741102,0.015699543824361274,1.2130957484237903,0.6144578313253012,0.732
2023-10-02,MSFT,gru,0.018979435394085486,0.0022724466398358345,-0.014766384847462177,0.019330408424139023,519.694468925186,483.8291698439535,519.694468925186,483.8291698439535,24.259172416990083,9637.034443965824,0.011980539680741102,0.015699543824361274,1.2130957484237903,0.6144578313253012,0.732
2023-10-03,MSFT,gru,-0.026481728574620438,-0.0005516327219083905,-0.01742459461092949,0.015994403511285782,506.11268927069426,483.5623563583671,506.11268927069426,483.5623563583671,23.84012761223026,9792.412893947796,0.011980539680741102,0.015699543824361274,1.2130957484237903,0.6144578313253012,0.732
2023-10-04,MSFT,gru,0.017617208233085463,0.0029526250436902046,-0.012946500442922115,0.018038056790828705,515.1079852565816,484.9922436828754,515.1079852565816,484.9922436828754,23.533471097854754,9970.65154183052,0.011980539680741102,0.015699543824361274,1.2130957484237903,0.6144578313253012,0.732
2023-10-05,MSFT,gru,0.0012532709718437222,0.003512841649353504,-0.011560434475541115,0.01876622438430786,515.7539598479185,486.69895962830026,515.7539598479185,486.69895962830026,23.262980636317224,10159.529871329378,0.011980539680741102,0.015699543824361274,1.2130957484237903,0.6144578313253012,0.732
2023-10-06,MSFT,gru,0.02443604458632444,0.0017498403321951628,-0.01580187864601612,0.019486619159579277,528.5121921291563,487.55137532287785,528.5121921291563,487.55137532287785,22.898270825654404,10359.446643734344,0.011980539680741102,0.015699543824361274,1.2130957484237903,0.6144578313253012,0.732
2023-10-09,MSFT,gru,0.007792081466019591,0.0008975048549473286,-0.014849098399281502,0.015147630125284195,532.6464886553548,487.98914008181424,532.6464886553548,487.98914008181424,22.56076418573317,10517.562477854919,0.011980539680741102,0.015699543824361274,1.2130957484237903,0.6144578313253012,0.732
2023-10-10,MSFT,gru,-0.004345102255780579,0.001063117990270257,-0.015073069371283054,0.017536919564008713,530.3371060810921,488.5082163215134,530.3371060810921,488.5082163215134,22.223254012326045,10703.635114961515,0.011980539680741102,0.015699543824361274,1.2130957484237903,0.6144578313253012,0.732
2023-10-11,MSFT,gru,0.01219729898528735,3.1341704016085714e-05,-0.014690950512886047,0.013986693695187569,536.8453974260975,488.5235320521915,536.8453974260975,488.5235320521915,21.8991592396472,10854.39512183489,0.011980539680741102,0.015699543824361274,1.2130957484237903,0.6144578313253012,0.732
2023-10-12,MSFT,gru,-0.0037976167078114537,0.0011227005161345005,-0.01702987402677536,0.017242468893527985,534.8105306429194,489.0722949986217,534.8105306429194,489.0722949986217,21.529376653740467,11043.173894416108,0.011980539680741102,0.015699543824361274,1.2130957484237903,0.6144578313253012,0.732
2023-10-13,MSFT,gru,-0.010411521145171897,0.00036304842797107995,-0.014203730970621109,0.015845218673348427,529.2712258272703,489.24988277129694,529.2712258272703,489.24988277129694,21.22574025441624,11219.549087061429,0.011980539680741102,0.015699543824361274,1.2130957484237903,0.6144578313253012,0.732
2023-10-16,MSFT,gru,0.01487073596274887,0.0017372199799865484,-0.014071566984057426,0.015729814767837524,537.2006908440381,490.10058395915814,537.2006908440381,490.10058395915814,20.929153035394783,11397.425167489153,0.011980539680741102,0.015699543824361274,1.2130957484237903,0.6144578313253012,0.732
2023-10-17,MSFT,gru,-0.0017452000192754048,0.0015439275885000825,-0.01787036843597889,0.01803593523800373,536.2639857946028,490.8578244534922,536.2639857946028,490.8578244534922,20.558463423794525,11604.853325163871,0.011980539680741102,0.015699543824361274,1.2130957484237903,0.6144578313253012,0.732
2023-10-18,MSFT,gru,-0.005889780251103495,0.0009155789739452302,-0.016041729599237442,0.01625802367925644,533.1147918953702,491.3074522729231,533.1147918953702,491.3074522729231,20.2313016925161,11795.067543977058,0.011980539680741102,0.015699543824361274,1.2130957484237903,0.6144578313253012,0.732
2023-10-19,MSFT,gru,0.0036588099600085374,0.0027686217799782753,-0.013825145550072193,0.018255267292261124,535.0689303363946,492.66957783863216,535.0689303363946,492.66957783863216,19.953526132126775,12012.367616104502,0.011980539680741102,0.015699543824361274,1.2130957484237903,0.6144578313253012,0.732
2023-10-20,MSFT,gru,-0.01413416970527237,0.0015365786384791136,-0.01376400701701641,0.014200523495674133,527.5593709821118,493.42720503424295,527.5593709821118,493.42720503424295,19.68076683266124,12184.165817622476,0.011980539680741102,0.015699543824361274,1.2130957484237903,0.6144578313253012,0.732
2023-10-23,MSFT,gru,0.008079416539687778,0.0009537109872326255,-0.01608298346400261,0.01935860514640808,531.8390080950082,493.89800917112643,531.8390080950082,493.89800917112643,19.366773666135185,12422.332436658533,0.011980539680741102,0.015699543824361274,1.2130957484237903,0.6144578313253012,0.732
2023-10-24,MSFT,gru,0.0036674783666725027,0.001401278655976057,-0.01467934250831604,0.017932813614606857,533.7930972513304,494.5905820368367,533.7930972513304,494.5905820368367,19.08455826008112,12647.108823383902,0.011980539680741102,0.015699543824361274,1.2130957484237903,0.6144578313253012,0.732
2023-10-25,MSFT,gru,0.030216883161817015,0.000818285217974335,-0.016617286950349808,0.020057357847690582,550.1688266718164,494.9954589278354,550.1688266718164,494.9954589278354,18.7700453311057,12903.337441856924,0.011980539680741102,0.015699543824361274,1.2130957484237903,0.6144578313253012,0.732
2023-10-26,MSFT,gru,-0.03823607524151242,0.0003646502154879272,-0.014625401236116886,0.0166848823428154,529.5296255207456,495.1759645741667,529.5296255207456,495.1759645741667,18.4975234894537,13120.434049128518,0.011980539680741102,0.015699543824361274,1.2130957484237903,0.6144578313253012,0.732
2023-10-27,MSFT,gru,0.005838492712631263,0.0012322132242843509,-0.016113877296447754,0.018044598400592804,532.6303232730432,495.78650746776606,532.6303232730432,495.78650746776606,18.201845866189018,13359.335957283725,0.011980539680741102,0.015699543824361274,1.2130957484237903,0.6144578313253012,0.732
2023-10-30,MSFT,gru,0.022485657918339456,0.0007923718076199293,-0.016401495784521103,0.018314804881811142,544.7425316782421,496.1795381439713,544.7425316782421,496.1795381439713,17.90574339086049,13606.26350468048,0.011980539680741102,0.015699543824361274,1.2130957484237903,0.6144578313253012,0.732
2023-10-31,MSFT,gru,0.0023688614115809858,-8.719097968423739e-05,-0.019169827923178673,0.018672151491045952,546.0344808609158,496.13627049668673,546.0344808609158,496.13627049668673,17.56576277224124,13862.708708867814,0.011980539680741102,0.015699543824361274,1.2130957484237903,0.6144578313253012,0.732
2023-11-01,MSFT,gru,0.023269844897906983,0.000955397030338645,-0.016344763338565826,0.019623853266239166,558.889606866619,496.61048750823886,558.889606866619,496.61048750823886,17.280987909583175,14137.435848804298,0.011980539680741102,0.015699543824361274,1.2130957484237903,0.6144578313253012,0.732
2023-11-02,MSFT,gru,0.006480530615415255,-0.0007370290113613009,-0.013842001557350159,0.013593362644314766,562.5232693881787,496.2445983025393,562.5232693881787,496.2445983025393,17.04343274896611,14330.923342191702,0.011980539680741102,0.015699543824361274,1.2130957484237903,0.6144578313253012,0.732
2023-11-03,MSFT,gru,0.012779671018699678,-0.001609578263014555,-0.01632063463330269,0.0128526845946908,569.7582636666748,495.4464820956551,569.7582636666748,495.4464820956551,16.767530177848833,14516.302984881871,0.011980539680741102,0.015699543824361274,1.2130957484237903,0.6144578313253012,0.732
2023-11-06,MSFT,gru,0.010517094830413817,0.0006091047544032335,-0.016430534422397614,0.01685045287013054,575.7820863893531,495.748347073729,575.7820863893531,495.748347073729,16.49428202059766,14762.980916928753,0.011980539680741102,0.015699543824361274,1.2130957484237903,0.6144578313253012,0.732
2023-11-07,MSFT,gru,0.011156783267241299,-0.000846783397719264,-0.016436990350484848,0.013863411732017994,582.2419308721259,495.32872308624536,582.2419308721259,495.32872308624536,16.225381592880705,14969.072187408545,0.011980539680741102,0.015699543824361274,1.2130957484237903,0.6144578313253012,0.732
2023-11-08,MSFT,gru,0.007378512706943085,0.001833061221987009,-0.015168815851211548,0.020656228065490723,586.5538987496456,496.2375275478462,586.5538987496456,496.2375275478462,15.981119098500596,15281.492339774622,0.011980539680741102,0.015699543824361274,1.2130957484237903,0.6144578313253012,0.732
2023-11-09,MSFT,gru,-0.00693480991316717,-0.0004609720781445503,-0.016189049929380417,0.015555034391582012,582.500330565601,496.00882997591293,582.500330565601,496.00882997591293,15.724483366593823,15521.054451884529,0.011980539680741102,0.015699543824361274,1.2130957484237903,0.6144578313253012,0.732
2023-11-10,MSFT,gru,0.024591881674087133,0.00037712030461989343,-0.014184189960360527,0.015493741258978844,597.0026991719186,496.19591368968804,597.0026991719186,496.19591368968804,15.50301909628963,15763.406255100414,0.011980539680741102,0.015699543824361274,1.2130957484237903,0.6144578313253012,0.732
2023-11-13,MSFT,gru,-0.008121238978566207,0.0025174785405397415,-0.01319049671292305,0.0196378231048584,592.1739319074485,497.44666501755654,592.1739319074485,497.44666501755654,15.2998690480777,16076.024485849903,0.011980539680741102,0.015699543824361274,1.2130957484237903,0.6144578313253012,0.732
2023-11-14,MSFT,gru,0.009742926454431833,0.00031635919003747404,-0.014450686983764172,0.014422892592847347,597.9716364165727,497.6040479169549,597.9716364165727,497.6040479169549,15.080365217406195,16309.567968149719,0.011980539680741102,0.015699543824361274,1.2130957484237903,0.6144578313253012,0.732
2023-11-15,MSFT,gru,-0.0016216874758658013,0.0018527102656662464,-0.015721715986728668,0.018571265041828156,597.0026991719185,498.52681467031806,597.0026991719185,498.52681467031806,14.845130009201444,16615.287987015276,0.011980539680741102,0.015699543824361274,1.2130957484237903,0.6144578313253012,0.732
2023-11-16,MSFT,gru,0.01743045246875087,0.0003290592576377094,-0.014960488304495811,0.016548296436667442,607.4999464564243,498.6908982149663,607.4999464564243,498.6908982149663,14.624692798176545,16892.53006223425,0.011980539680741102,0.015699543824361274,1.2130957484237903,0.6144578313253012,0.732
2023-11-17,MSFT,gru,-0.0169436700299209,-0.00047474243910983205,-0.017188651487231255,0.012717131525278091,597.2933803453149,498.4542036631118,597.2933803453149,498.4542036631118,14.375462544956639,17108.725887272383,0.011980539680741102,0.015699543824361274,1.2130957484237903,0.6144578313253012,0.732
2023-11-20,MSFT,gru,0.020314087591139347,0.00038085042615421116,-0.014523959718644619,0.016338296234607697,609.5509293372119,498.64405175002963,609.5509293372119,498.64405175002963,14.168182474192037,17390.548670245338,0.011980539680741102,0.015699543824361274,1.2130957484237903,0.6144578313253012,0.732
2023-11-21,MSFT,gru,-0.011645532898620114,0.0008116342942230403,-0.013594911433756351,0.016539569944143295,602.493557125335,499.0489180444696,602.493557125335,499.0489180444696,13.976870982113379,17680.5733057832,0.011980539680741102,0.015699543824361274,1.2130957484237903,0.6144578313253012,0.732
2023-11-22,MSFT,gru,0.012731218390931361,-0.0008134485688060522,-0.014724606648087502,0.013679269701242447,610.2130693108603,498.64312811245924,610.2130693108603,498.64312811245924,13.772574863067067,17924.091429243443,0.011980539680741102,0.015699543824361274,1.2130957484237903,0.6144578313253012,0.732
2023-11-24,MSFT,gru,-0.0011122059943587817,-0.00023619878629688174,-0.01890096440911293,0.018751394003629684,609.5347639549002,498.5253717413437,609.5347639549002,498.5253717413437,13.514704224900072,18263.36381928934,0.011980539680741102,0.015699543824361274,1.2130957484237903,0.6144578313253012,0.732
2023-11-27,MSFT,gru,0.003121511211609481,-4.3040141463279724e-05,-0.01389292348176241,0.014221866615116596,611.4404062489897,498.5039179245485,611.4404062489897,498.5039179245485,13.328243662489104,18524.95861741829,0.011980539680741102,0.015699543824361274,1.2130957484237903,0.6144578313253012,0.732
2023-11-28,MSFT,gru,0.01074481149152895,-0.00032335493597202003,-0.018169937655329704,0.01942129246890545,618.0456406031627,498.34275380465976,618.0456406031627,498.34275380465976,13.088257333916234,18888.25380800909,0.011980539680741102,0.015699543824361274,1.2130957484237903,0.6144578313253012,0.732
2023-11-29,MSFT,gru,-0.010111059840763608,0.0013355420669540763,-0.014513076283037663,0.018090393394231796,611.8280304315535,499.0087666417007,611.8280304315535,499.0087666417007,12.899677921599858,19233.05879336967,0.011980539680741102,0.015699543824361274,1.2130957484237903,0.6144578313253012,0.732
2023-11-30,MSFT,gru,0.00015835504103129536,-0.000640045793261379,-0.016411395743489265,0.015315687283873558,611.924924156019,498.68947295734336,611.924924156019,498.68947295734336,12.689703516830459,19529.89316562099,0.011980539680741102,0.015699543824361274,1.2130957484237903,0.6144578313253012,0.732
2023-12-01,MSFT,gru,-0.011680188582846128,0.0013342765159904957,-0.01495208591222763,0.01611090824007988,604.8191050819094,499.35529523645357,604.8191050819094,499.35529523645357,12.501377640877704,19847.086582522064,0.011980539680741102,0.015699543824361274,1.2130957484237903,0.6144578313253012,0.732
2023-12-04,MSFT,gru,-0.014442515384455228,0.0005644754273816943,-0.015647592023015022,0.01796714775264263,596.1467717493392,499.637278377582,596.1467717493392,499.637278377582,12.307283528487673,20206.906068859145,0.011980539680741102,0.015699543824361274,1.2130957484237903,0.6144578313253012,0.732
2023-12-05,MSFT,gru,0.009114682599790454,0.002357246121391654,-0.01453481987118721,0.018300607800483704,601.6052989381324,500.81641551213886,601.6052989381324,500.81641551213886,12.129693261460558,20580.109341350642,0.011980539680741102,0.015699543824361274,1.2130957484237903,0.6144578313253012,0.732
2023-12-06,MSFT,gru,-0.010036239578429095,0.0009134449064731598,-0.01684480905532837,0.016171466559171677,595.5976415977656,501.27409080717183,595.5976415977656,501.27409080717183,11.927082202571036,20915.62569560319,0.011980539680741102,0.015699543824361274,1.2130957484237903,0.6144578313253012,0.732
2023-12-07,MSFT,gru,0.005812856959905854,0.000543143367394805,-0.016051163896918297,0.01657675765454769,599.0698474350177,501.5464013063403,599.0698474350177,501.5464013063403,11.737166995666408,21265.22892618793,0.011980539680741102,0.015699543824361274,1.2130957484237903,0.6144578313253012,0.732
2023-12-08,MSFT,gru,0.008803295472133887,0.0018071115482598543,-0.015021396800875664,0.01510278694331646,604.3669179395032,502.453579654288,604.3669179395032,502.453579654288,11.562175833289169,21588.830919285552,0.011980539680741102,0.015699543824361274,1.2130957484237903,0.6144578313253012,0.732
2023-12-11,MSFT,gru,-0.007860282708582978,-0.0005679293535649776,-0.020818905904889107,0.016391294077038765,599.6350443994985,502.1682896037941,599.6350443994985,502.1682896037941,11.323952041760196,21945.615310311252,0.011980539680741102,0.015699543824361274,1.2130957484237903,0.6144578313253012,0.732
2023-12-12,MSFT,gru,0.008261009109010353,0.0002616335405036807,-0.014182093553245068,0.015117877162992954,604.6091522506667,502.29968916325384,604.6091522506667,502.29968916325384,11.164487984223467,22279.905894633095,0.011980539680741102,0.015699543824361274,1.2130957484237903,0.6144578313253012,0.732
2023-12-13,MSFT,gru,-2.6737270452321032e-05,-0.00047029557754285634,-0.01851024478673935,0.01845831423997879,604.5929868683552,502.06352721909576,604.5929868683552,502.06352721909576,10.959731368714811,22694.97319227003,0.011980539680741102,0.015699543824361274,1.2130957484237903,0.6144578313253012,0.732
2023-12-14,MSFT,gru,-0.02280256188163716,0.00033092006924562156,-0.015079665929079056,0.01573818176984787,590.9627110669285,502.229672585712,590.9627110669285,502.229672585712,10.795702028716436,23054.976818950716,0.011980539680741102,0.015699543824361274,1.2130957484237903,0.6144578313253012,0.732
2023-12-15,MSFT,gru,0.013032026227118125,0.003316122805699706,-0.01603149250149727,0.020023584365844727,598.714554017077,503.8979025944248,598.714554017077,503.8979025944248,10.624010943640098,23521.273078357954,0.011980539680741102,0.015699543824361274,1.2130957484237903,0.6144578313253012,0.732
2023-12-18,MSFT,gru,0.00516556045841301,0.002547128824517131,-0.01504199206829071,0.02279314026236534,601.8152517693748,505.18302543341133,601.8152517693748,505.18302543341133,10.46540068809488,24063.552222979833,0.011980539680741102,0.015699543824361274,1.2130957484237903,0.6144578313253012,0.732
2023-12-19,MSFT,gru,0.0016356289690250363,-0.000615648168604821,-0.016663046553730965,0.016244182363152504,602.8004036810427,504.8720966165787,602.8004036810427,504.8720966165787,10.292460250124153,24457.637480133435,0.011980539680741102,0.015699543824361274,1.2130957484237903,0.6144578313253012,0.732
2023-12-20,MSFT,gru,-0.007097988156897621,-0.00173227209597826,-0.01926310546696186,0.016238318756222725,598.5368826657557,503.9982641558443,598.5368826657557,503.9982641558443,10.096093164158177,24858.030834729245,0.011980539680741102,0.015699543824361274,1.2130957484237903,0.6144578313253012,0.732
2023-12-21,MSFT,gru,0.00784785099983242,-0.0022481349296867847,-0.021360253915190697,0.015993891283869743,603.2525908234488,502.8664831379405,603.2525908234488,502.8664831379405,9.882725149301018,25258.803451621457,0.011980539680741102,0.015699543824361274,1.2130957484237903,0.6144578313253012,0.732
2023-12-22,MSFT,gru,0.002780245693285362,-0.0021421974524855614,-0.019066739827394485,0.015479504130780697,604.9321149039843,501.7903860979061,604.9321149039843,501.7903860979061,9.696078530301056,25652.839927910027,0.011980539680741102,0.015699543824361274,1.2130957484237903,0.6144578313253012,0.732
2023-12-26,MSFT,gru,0.00021359535313365236,-0.0028933354187756777,-0.027558261528611183,0.016995521262288094,605.0613393930729,500.34063522178116,605.0613393930729,500.34063522178116,9.432519888581153,26092.54874428509,0.011980539680741102,0.015699543824361274,1.2130957484237903,0.6144578313253012,0.732
2023-12-27,MSFT,gru,-0.0015759925509876759,-0.0024343631230294704,-0.018010232597589493,0.01575241982936859,604.1085182460282,499.124110668961,604.1085182460282,499.124110668961,9.264158575936978,26506.82347134411,0.011980539680741102,0.015699543824361274,1.2130957484237903,0.6144578313253012,0.732
2023-12-28,MSFT,gru,0.0032294455110106757,-0.0011468261945992708,-0.020548280328512192,0.015542862005531788,606.0626074023503,498.55201595144865,606.0626074023503,498.55201595144865,9.075738607446729,26922.03534174997,0.011980539680741102,0.015699543824361274,1.2130957484237903,0.6144578313253012,0.732
2023-12-29,MSFT,gru,0.0020231326663655612,0.0005022453260608017,-0.017932618036866188,0.01665276475250721,607.2899936251819,498.8024625327193,607.2899936251819,498.8024625327193,8.914437376867635,27374.114955476696,0.011980539680741102,0.015699543824361274,1.2130957484237903,0.6144578313253012,0.732
2023-01-03,MSFT,transformer,-0.001001274545815816,0.0021592918783426285,-0.014755782671272755,0.018295444548130035,386.912388252756,388.1371839855492,386.912388252756,388.1371839855492,381.627040570962,394.4510366808536,0.012029518918650017,0.01579534986124413,1.3574621646722858,0.6546184738955824,0.812
2023-01-04,MSFT,transformer,-0.04472878184523187,0.0021457350812852383,-0.018149401992559433,0.02115488052368164,369.9876026077497,388.97091515027114,369.9876026077497,388.97091515027114,374.7632105116549,402.884473244907,0.012029518918650017,0.01579534986124413,1.3574621646722858,0.6546184738955824,0.812
2023-01-05,MSFT,transformer,-0.030085822868812496,0.010143215768039227,-0.010372431017458439,0.030215684324502945,359.02200279852633,392.936387450759,359.02200279852633,392.936387450759,370.89609800818664,415.2436964684682,0.012029518918650017,0.01579534986124413,1.3574621646722858,0.6546184738955824,0.812
2023-01-06,MSFT,transformer,0.011716416894083157,0.008804457262158394,-0.009331140667200089,0.027185726910829544,363.2531930491901,396.4112428773399,363.2531930491901,396.4112428773399,367.45132077078136,426.68726642737965,0.012029518918650017,0.01579534986124413,1.3574621646722858,0.6546184738955824,0.812
2023-01-09,MSFT,transformer,0.009689280539900093,0.0007945329416543245,-0.017335906624794006,0.02021193876862526,366.7899618462843,396.72634523609906,366.7899618462843,396.72634523609906,361.1361103846429,435.3991840133903,0.012029518918650017,0.01579534986124413,1.3574621646722858,0.6546184738955824,0.812
2023-01-10,MSFT,transformer,0.0075883031041337826,0.0009193083387799561,-0.018022287636995316,0.019443076103925705,369.5838623275763,397.0912143244504,369.5838623275763,397.0912143244504,354.6859197715334,443.94750383120385,0.012029518918650017,0.01579534986124413,1.3574621646722858,0.6546184738955824,0.812
2023-01-11,MSFT,transformer,0.029789977897474562,-0.0002651057147886604,-0.020578326657414436,0.017588956281542778,380.759390325691,396.9859605904518,380.759390325691,396.9859605904518,347.4616629092263,451.825148589462,0.012029518918650017,0.01579534986124413,1.3574621646722858,0.6546184738955824,0.812
2023-01-12,MSFT,transformer,0.011554443471914831,-0.0014933922793716192,-0.02034899778664112,0.01992194913327694,385.1843680252856,396.3935535719487,385.1843680252856,396.3935535719487,340.46262793712424,460.9166357951892,0.012029518918650017,0.01579534986124413,1.3574621646722858,0.6546184738955824,0.812
2023-01-13,MSFT,transformer,0.0030141992738542548,-0.0006657220656052232,-0.01604253612458706,0.015548819676041603,386.3471420035728,396.1297592674806,386.3471420035728,396.1297592674806,335.0443152334869,468.13933753647325,0.012029518918650017,0.01579534986124413,1.3574621646722858,0.6546184738955824,0.812
2023-01-17,MSFT,transformer,0.004670805320980337,0.0022505030501633883,-0.01539938896894455,0.020111259073019028,388.15591521554796,397.02226162903514,388.15591521554796,397.02226162903514,329.9243560257398,477.64950047740496,0.012029518918650017,0.01579534986124413,1.3574621646722858,0.6546184738955824,0.812
2023-01-18,MSFT,transformer,-0.0190698340624515,-0.0002227109798695892,-0.019759895280003548,0.01854829676449299,380.8239779278843,396.93385153945616,380.8239779278843,396.93385153945616,323.46907590311866,486.59174017342775,0.012029518918650017,0.01579534986124413,1.3574621646722858,0.6546184738955824,0.812
2023-01-19,MSFT,transformer,-0.016590815250743796,0.004995714407414198,-0.011483579874038696,0.022097941488027573,374.55792089404235,398.92178386039376,374.55792089404235,398.92178386039376,319.7757301388943,497.46408469443367,0.012029518918650017,0.01579534986124413,1.3574621646722858,0.6546184738955824,0.812
2023-01-20,MSFT,transformer,0.03511960478689331,0.004289678763598204,-0.01715492084622383,0.023451492190361023,387.9459623843055,400.63671884955687,387.9459623843055,400.63671884955687,314.3367918177065,509.2682154940165,0.012029518918650017,0.01579534986124413,1.3574621646722858,0.6546184738955824,0.812
2023-01-23,MSFT,transformer,0.009776385221036106,-0.0023858656641095877,-0.02021685428917408,0.014871569350361824,391.7572716148354,399.68200407330283,391.7572716148354,399.68200407330283,308.04569650450475,516.8984285634733,0.012029518918650017,0.01579534986124413,1.3574621646722858,0.6546184738955824,0.812
2023-01-24,MSFT,transformer,-0.0022285864135329573,0.0015122949844226241,-0.016063984483480453,0.019710201770067215,390.8851788099445,400.28691524851985,390.8851788099445,400.28691524851985,303.13678520273345,527.1876465719864,0.012029518918650017,0.01579534986124413,1.3574621646722858,0.6546184738955824,0.812
2023-01-25,MSFT,transformer,-0.005925606042130097,0.0025876625441014767,-0.015964962542057037,0.019191592931747437,388.57579623568176,401.3240642132738,388.57579623568176,401.3240642132738,298.33564240878866,537.4029580038342,0.012029518918650017,0.01579534986124413,1.3574621646722858,0.6546184738955824,0.812
2023-01-26,MSFT,transformer,0.030251378191659788,0.0032322481274604797,-0.013854769989848137,0.022668225690722466,400.51035793191033,402.62334520672397,400.51035793191033,402.62334520672397,294.23076610720625,549.7240202469436,0.012029518918650017,0.01579534986124413,1.3574621646722858,0.6546184738955824,0.812
2023-01-27,MSFT,transformer,0.000644968020295778,-0.0001479924685554579,-0.01981974020600319,0.0176394023001194,400.7687576253855,402.5637576228156,400.7687576253855,402.5637576228156,288.45660769989166,559.506865137839,0.012029518918650017,0.01579534986124413,1.3574621646722858,0.6546184738955824,0.812
2023-01-30,MSFT,transformer,-0.02220637150801496,0.0003342714917380363,-0.017935065552592278,0.017177963629364967,391.9672244460778,402.6983677202396,391.9672244460778,402.6983677202396,283.3292401655495,569.2010796972264,0.012029518918650017,0.01579534986124413,1.3574621646722858,0.6546184738955824,0.812
2023-01-31,MSFT,transformer,0.02079497097670574,0.004462596029043198,-0.010322792455554008,0.02160121314227581,400.20351137620236,404.49948180954925,400.20351137620236,404.49948180954925,280.41953344824884,581.6302464640535,0.012029518918650017,0.01579534986124413,1.3574621646722858,0.6546184738955824,0.812
2023-02-01,MSFT,transformer,0.019738544246612016,-0.0002885443391278386,-0.01690187118947506,0.020240148529410362,408.1814232552029,404.3827891775918,408.1814232552029,404.3827891775918,275.71975455325344,593.522502602709,0.012029518918650017,0.01579534986124413,1.3574621646722858,0.6546184738955824,0.812
2023-02-02,MSFT,transformer,0.04581841684722669,-0.001209529465995729,-0.01930173486471176,0.01603427156805992,427.3187223923576,403.89397846164695,427.3187223923576,403.89397846164695,270.4489192394959,603.1158847950106,0.012029518918650017,0.01579534986124413,1.3574621646722858,0.6546184738955824,0.812
2023-02-03,MSFT,transformer,-0.02390399638962623,-0.0034902552142739296,-0.022274678573012352,0.01570226438343525,417.22521538802516,402.48673529859917,417.22521538802516,402.48673529859917,264.49134977285405,612.6609326581824,0.012029518918650017,0.01579534986124413,1.3574621646722858,0.6546184738955824,0.812
2023-02-06,MSFT,transformer,-0.006134578583204123,0.003965037874877453,-0.014262983575463295,0.020503131672739983,414.6735492178967,404.085770016552,414.6735492178967,404.085770016552,260.7456852806474,625.3520567333743,0.012029518918650017,0.01579534986124413,1.3574621646722858,0.6546184738955824,0.812
2023-02-07,MSFT,transformer,0.04116313135052451,0.0020682108588516712,-0.015529125928878784,0.019571587443351746,432.0989935098928,404.92235191045825,432.0989935098928,404.92235191045825,256.72781027708254,637.7117795381789,0.012029518918650017,0.01579534986124413,1.3574621646722858,0.6546184738955824,0.812
2023-02-08,MSFT,transformer,-0.003106879135397032,-0.0013502431102097034,-0.017969386652112007,0.015027528628706932,430.7585974649864,404.37597805423866,430.7585974649864,404.37597805423866,252.15576673506533,647.3673801506648,0.012029518918650017,0.01579534986124413,1.3574621646722858,0.6546184738955824,0.812
2023-02-09,MSFT,transformer,-0.011728298227947615,-0.0002697449817787856,-0.017368581146001816,0.016031760722398758,425.73604275158544,404.26691339770116,425.73604275158544,404.26691339770116,247.8140000263083,657.8294617012946,0.012029518918650017,0.01579534986124413,1.3574621646722858,0.6546184738955824,0.812
2023-02-10,MSFT,transformer,-0.0019744425174470525,0.0024977759458124638,-0.015373442322015762,0.020390231162309647,424.8962807113178,405.2779411601345,424.8962807113178,405.2779411601345,244.03338224557913,671.3804094641946,0.012029518918650017,0.01579534986124413,1.3574621646722858,0.6546184738955824,0.812
2023-02-13,MSFT,transformer,0.030764751827930373,0.0005633311811834574,-0.018745888024568558,0.01753559708595276,438.17126309480386,405.50631621686193,438.17126309480386,405.50631621686193,239.5013754430331,683.2573309538217,0.012029518918650017,0.01579534986124413,1.3574621646722858,0.6546184738955824,0.812
2023-02-14,MSFT,transformer,0.0031279573280335762,-0.0019065573578700423,-0.01830212026834488,0.014404352754354477,439.5439899043335,404.7339377816659,439.5439899043335,404.7339377816659,235.15785828854516,693.1704416842786,0.012029518918650017,0.01579534986124413,1.3574621646722858,0.6546184738955824,0.812
2023-02-15,MSFT,transformer,-0.010526629528366202,-0.00017896859208121896,-0.02154107205569744,0.01925136335194111,434.9413408534175,404.66151746585064,434.9413408534175,404.66151746585064,230.14646874315247,706.6442257387621,0.012029518918650017,0.01579534986124413,1.3574621646722858,0.6546184738955824,0.812
2023-02-16,MSFT,transformer,-0.026983455136297498,0.001591089996509254,-0.017345143482089043,0.022386131808161736,423.3620479327784,405.305899531422,423.3620479327784,405.305899531422,226.1889661781508,722.6416329764284,0.012029518918650017,0.01579534986124413,1.3574621646722858,0.6546184738955824,0.812
2023-02-17,MSFT,transformer,-0.01572472917292497,0.0035687193740159273,-0.0160941481590271,0.02078455686569214,416.7568628633075,406.7549032191551,416.7568628633075,406.7549032191551,222.57778185849475,737.8185917298379,0.012029518918650017,0.01579534986124413,1.3574621646722858,0.6546184738955824,0.812
2023-02-21,MSFT,transformer,-0.021107824310530435,0.003424367867410183,-0.013780070468783379,0.02063976414501667,408.05222340846524,408.15017313045996,408.05222340846524,408.15017313045996,219.53167491313494,753.2052338044269,0.012029518918650017,0.01579534986124413,1.3574621646722858,0.6546184738955824,0.812
2023-02-22,MSFT,transformer,-0.004601553912552456,0.0026774927973747253,-0.01423898246139288,0.02367851510643959,406.1788625942969,409.2444793066309,406.1788625942969,409.2444793066309,216.4279135843158,771.2528350267859,0.012029518918650017,0.01579534986124413,1.3574621646722858,0.6546184738955824,0.812
2023-02-23,MSFT,transformer,0.012878465792599013,0.003204696113243699,-0.01272839866578579,0.021067792549729347,411.44365161886134,410.55808423963174,411.44365161886134,410.55808423963174,213.69058787454904,787.6737765402198,0.012029518918650017,0.01579534986124413,1.3574621646722858,0.6546184738955824,0.812
2023-02-24,MSFT,transformer,-0.022025148719785316,0.0005229345988482237,-0.023168079555034637,0.01792319491505623,402.4806124705439,410.772843216764,402.4806124705439,410.772843216764,208.79669444205928,801.9186712764872,0.012029518918650017,0.01579534986124413,1.3574621646722858,0.6546184738955824,0.812
2023-02-27,MSFT,transformer,0.003764682375838134,0.004806028679013252,-0.012917246669530869,0.02217705547809601,403.9986798667717,412.7517845277561,403.9986798667717,412.7517845277561,206.11695771812052,819.9015507971221,0.012029518918650017,0.01579534986124413,1.3574621646722858,0.6546184738955824,0.812
2023-02-28,MSFT,transformer,-0.0029625126373036058,0.0012421635910868645,-0.01668475940823555,0.018517762422561646,402.80359976621236,413.2648330403664,402.80359976621236,413.2648330403664,202.7064705612248,835.2256980980482,0.012029518918650017,0.01579534986124413,1.3574621646722858,0.6546184738955824,0.812
2023-03-01,MSFT,transformer,-0.012709702774380093,0.0022043625358492136,-0.017971325665712357,0.024272248148918152,397.7164820929693,414.1768268525988,397.7164820929693,414.1768268525988,199.09610179043332,855.7465862870545,0.012029518918650017,0.01579534986124413,1.3574621646722858,0.6546184738955824,0.812
2023-03-02,MSFT,transformer,0.019462580195205487,0.0025881552137434483,-0.015855077654123306,0.022365208715200424,405.53288800295996,415.2501622664063,405.53288800295996,415.2501622664063,195.9643154535878,875.1011958452176,0.012029518918650017,0.01579534986124413,1.3574621646722858,0.6546184738955824,0.812
2023-03-03,MSFT,transformer,0.016509035004743464,6.657805352006108e-05,-0.019677594304084778,0.019532587379217148,412.28341365912894,415.277833703754,412.28341365912894,415.277833703754,192.1459046733784,892.3622234277368,0.012029518918650017,0.01579534986124413,1.3574621646722858,0.6546184738955824,0.812
2023-03-06,MSFT,transformer,0.006169973755058706,0.0026134317740797997,-0.019047223031520844,0.025609128177165985,414.8350551869063,416.36456692641326,414.8350551869063,416.36456692641326,188.52069629936761,915.5099408387366,0.012029518918650017,0.01579534986124413,1.3574621646722858,0.6546184738955824,0.812
2023-03-07,MSFT,transformer,-0.010645481454473854,0.0017993870424106717,-0.015389962121844292,0.018293866887688637,410.44235896723274,417.11444531829,410.44235896723274,417.11444531829,185.64158173777355,932.4122511573946,0.012029518918650017,0.01579534986124413,1.3574621646722858,0.6546184738955824,0.812
2023-03-08,MSFT,transformer,-0.0017721653012704168,0.0025935170706361532,-0.01764867641031742,0.021546801552176476,409.715631391391,418.1976311194162,409.715631391391,418.1976311194162,182.39399686094578,952.7207588378961,0.012029518918650017,0.01579534986124413,1.3574621646722858,0.6546184738955824,0.812
2023-03-09,MSFT,transformer,-0.0054543023340065,0.003019423456862569,-0.014029879122972488,0.019853956997394562,407.48700180163314,419.46225324845193,407.48700180163314,419.46225324845193,179.85289645237498,971.8250144622955,0.012029518918650017,0.01579534986124413,1.3574621646722858,0.6546184738955824,0.812
2023-03-10,MSFT,transformer,-0.014893213967662066,0.002275214996188879,-0.019938545301556587,0.018487190827727318,401.46317907895474,420.4177258054091,401.46317907895474,420.4177258054091,176.3024099291624,989.9584090092449,0.012029518918650017,0.01579534986124413,1.3574621646722858,0.6546184738955824,0.812
2023-03-13,MSFT,transformer,0.021214311292385334,0.004013760015368462,-0.014278395101428032,0.023654429242014885,410.07092480933153,422.10859671429205,410.07092480933153,422.10859671429205,173.80297687652416,1013.6544404390355,0.012029518918650017,0.01579534986124413,1.3574621646722858,0.6546184738955824,0.812
2023-03-14,MSFT,transformer,0.026696268957658514,0.00022603377874474972,-0.02100243791937828,0.019861623644828796,421.16572446529244,422.20400204249074,421.16572446529244,422.20400204249074,170.1907558500367,1033.9885326118679,0.012029518918650017,0.01579534986124413,1.3574621646722858,0.6546184738955824,0.812
2023-03-15,MSFT,transformer,0.01767331711510715,0.00038599318941123784,-0.0183766670525074,0.01863943040370941,428.6752838195753,422.3670229826295,428.6752838195753,422.3670229826295,167.09177597353926,1053.4422059936098,0.012029518918650017,0.01579534986124413,1.3574621646722858,0.6546184738955824,0.812
2023-03-16,MSFT,transformer,0.03973644953182184,-0.0011838278733193874,-0.018908020108938217,0.015402008779346943,446.05228124933865,421.8672985106906,446.05228124933865,421.8672985106906,163.96207983986434,1069.7929857779054,0.012029518918650017,0.01579534986124413,1.3574621646722858,0.6546184738955824,0.812
2023-03-17,MSFT,transformer,0.011626502617996566,-0.0032592860516160727,-0.021399518474936485,0.013597367331385612,451.2685741269682,420.49454385177734,451.2685741269682,420.49454385177734,160.49064748899528,1084.438701261655,0.012029518918650017,0.01579534986124413,1.3574621646722858,0.6546184738955824,0.812
2023-03-20,MSFT,transformer,-0.02610445020977979,8.588938362663612e-05,-0.0150188859552145,0.01781054399907589,439.6408836287986,420.5306853148326,439.6408836287986,420.5306853148326,158.0982704097577,1103.9261570568224,0.012029518918650017,0.01579534986124413,1.3574621646722858,0.6546184738955824,0.812
2023-03-21,MSFT,transformer,0.005677522128909795,0.0038067689165472984,-0.014056539162993431,0.023332202807068825,442.1440536519921,422.1345817832291,442.1440536519921,422.1345817832291,155.8915006474469,1129.9860326854528,0.012029518918650017,0.01579534986124413,1.3574621646722858,0.6546184738955824,0.812
2023-03-22,MSFT,transformer,-0.005457153522854962,0.001503847655840218,-0.015603961423039436,0.022414909675717354,439.737777353264,422.7699016235427,439.737777353264,422.7699016235427,153.47785703001477,1155.6005606349333,0.012029518918650017,0.01579534986124413,1.3574621646722858,0.6546184738955824,0.812
2023-03-23,MSFT,transformer,0.01952965061003187,0.0017370503628626466,-0.019203178584575653,0.020796146243810654,448.41011068583407,423.5049075083424,448.41011068583407,423.5049075083424,150.55871412013082,1179.8841843335308,0.012029518918650017,0.01579534986124413,1.3574621646722858,0.6546184738955824,0.812
2023-03-24,MSFT,transformer,0.010425917505380565,-0.0011088395258411765,-0.01871960423886776,0.01679825596511364,453.1096534612155,423.0355670203078,453.1096534612155,423.0355670203078,147.7665262250256,1199.8715603237465,0.012029518918650017,0.01579534986124413,1.3574621646722858,0.6546184738955824,0.812
2023-03-27,MSFT,transformer,-0.01504652625885892,-0.0003998097381554544,-0.019774502143263817,0.015618083998560905,446.34296242273484,422.8664760035123,446.34296242273484,422.8664760035123,144.87322143608006,1218.7582982149756,0.012029518918650017,0.01579534986124413,1.3574621646722858,0.6546184738955824,0.812
2023-03-28,MSFT,transformer,-0.004169596379705795,0.0035130910109728575,-0.01895444467663765,0.026394423097372055,444.4857669908781,424.35466857426724,444.4857669908781,424.35466857426724,142.15309053127817,1251.354959280496,0.012029518918650017,0.01579534986124413,1.3574621646722858,0.6546184738955824,0.812
2023-03-29,MSFT,transformer,0.019002258102331117,0.0014411003794521093,-0.015206307172775269,0.01833028718829155,453.01275973675007,424.9666703247855,453.01275973675007,424.9666703247855,140.00781559462513,1274.504243166569,0.012029518918650017,0.01579534986124413,1.3574621646722858,0.6546184738955824,0.812
2023-03-30,MSFT,transformer,0.012540826263207436,0.0016459014732390642,-0.017125872895121574,0.022227415814995766,458.7296866190184,425.6666898572929,458.7296866190184,425.6666898572929,137.6304756062167,1303.1504026399693,0.012029518918650017,0.01579534986124413,1.3574621646722858,0.6546184738955824,0.812
2023-03-31,MSFT,transformer,0.014851326274739398,-0.000618461228441447,-0.01855425536632538,0.016692910343408585,465.5932713819644,425.40350909035936,465.5932713819644,425.40350909035936,135.1003863675734,1325.0864206008969,0.012029518918650017,0.01579534986124413,1.3574621646722858,0.6546184738955824,0.812
2023-04-03,MSFT,transformer,-0.0037182355103531667,0.0012328029843047261,-0.01577184349298477,0.018777474761009216,463.86530043919635,425.92827738470174,463.86530043919635,425.92827738470174,132.98631841769114,1350.203265530073,0.012029518918650017,0.01579534986124413,1.3574621646722858,0.6546184738955824,0.812
2023-04-04,MSFT,transformer,-0.0001741554302829208,0.0024579009041190147,-0.013184737414121628,0.01822075992822647,463.7845228123404,426.97646837876533,463.7845228123404,426.97646837876533,131.244439642416,1375.0305257026168,0.012029518918650017,0.01579534986124413,1.3574621646722858,0.6546184738955824,0.812
2023-04-05,MSFT,transformer,-0.009938479034080546,0.0026106543373316526,-0.013381624594330788,0.01874205283820629,459.198039143736,428.09259396224826,459.198039143736,428.09259396224826,129.49987405244596,1401.044388132481,0.012029518918650017,0.01579534986124413,1.3574621646722858,0.6546184738955824,0.812
2023-04-06,MSFT,transformer,0.02521232873740693,0.00223057484254241,-0.014710569754242897,0.01781599037349224,470.92267265107324,429.04853688747505,470.92267265107324,429.04853688747505,127.60880039974023,1426.2291249005937,0.012029518918650017,0.01579534986124413,1.3574621646722858,0.6546184738955824,0.812
2023-04-10,MSFT,transformer,-0.007607711097102339,-0.0005464416462928057,-0.0184247475117445,0.019361840561032295,467.3536223740579,428.8141577246525,467.3536223740579,428.8141577246525,125.27916543293556,1454.1125356777836,0.012029518918650017,0.01579534986124413,1.3574621646722858,0.6546184738955824,0.812
2023-04-11,MSFT,transformer,-0.022929347011977772,0.001355038839392364,-0.016113977879285812,0.01860807090997696,456.7594320803846,429.39563215332026,456.7594320803846,429.39563215332026,123.27659886497993,1481.4240525329978,0.012029518918650017,0.01579534986124413,1.3574621646722858,0.6546184738955824,0.812
2023-04-12,MSFT,transformer,0.00233085177266923,0.003531773341819644,-0.016351088881492615,0.024994496256113052,457.8253123342064,430.91483926928976,457.8253123342064,430.91483926928976,121.27728347390631,1518.9180708513331,0.012029518918650017,0.01579534986124413,1.3574621646722858,0.6546184738955824,0.812
2023-04-13,MSFT,transformer,0.022152219222671833,0.0015958714066073298,-0.016037916764616966,0.01998252607882023,468.0803253075485,431.6030818259249,468.0803253075485,431.6030818259249,119.34776555560136,1549.5752497792294,0.012029518918650017,0.01579534986124413,1.3574621646722858,0.6546184738955824,0.812
2023-04-14,MSFT,transformer,-0.012847781220447387,2.226319156761747e-05,-0.020780332386493683,0.01976795122027397,462.104998731805,431.6127031810176,462.104998731805,431.6127031810176,116.89326811815171,1580.511862260916,0.012029518918650017,0.01579534986124413,1.3574621646722858,0.6546184738955824,0.812
2023-04-17,MSFT,transformer,0.009253112019116544,0.0018704462563619018,-0.013781252317130566,0.018289290368556976,466.40075194231093,432.4207606684408,466.40075194231093,432.4207606684408,115.29338309004987,1609.6842104227856,0.012029518918650017,0.01579534986124413,1.3574621646722858,0.6546184738955824,0.812
2023-04-18,MSFT,transformer,-0.001490003874303387,-0.0003623792144935578,-0.019491400569677353,0.01974499598145485,465.7063304887414,432.26407878486106,465.7063304887414,432.26407878486106,113.06791340265971,1641.7832624985665,0.012029518918650017,0.01579534986124413,1.3574621646722858,0.6546184738955824,0.812
2023-04-19,MSFT,transformer,0.0002774421460454476,0.0013279132544994354,-0.0167100690305233,0.02220303937792778,465.83555497783004,432.83848251027234,465.83555497783004,432.83848251027234,111.19423971232312,1678.6435964807874,0.012029518918650017,0.01579534986124413,1.3574621646722858,0.6546184738955824,0.812
2023-04-20,MSFT,transformer,-0.008145501961990443,0.0014159167185425758,-0.017999405041337013,0.020366990938782692,462.05650258487003,433.4517807122049,462.05650258487003,433.4517807122049,109.21071695904722,1713.182967260752,0.012029518918650017,0.01579534986124413,1.3574621646722858,0.6546184738955824,0.812
2023-04-21,MSFT,transformer,-0.0012239691979550138,0.0006914293044246733,-0.01375163346529007,0.015153083950281143,461.49130562038914,433.75157863239525,461.49130562038914,433.75157863239525,107.71917046942633,1739.340607196928,0.012029518918650017,0.01579534986124413,1.3574621646722858,0.6546184738955824,0.812
2023-04-24,MSFT,transformer,-0.014061235536483854,0.0009439639979973435,-0.02345667965710163,0.021668871864676476,455.0475772352259,434.16120320967025,455.0475772352259,434.16120320967025,105.22184116834043,1777.4413902202223,0.012029518918650017,0.01579534986124413,1.3574621646722858,0.6546184738955824,0.812
2023-04-25,MSFT,transformer,-0.022793842273225902,0.002501308685168624,-0.01520628109574318,0.021195698529481888,444.79261354658587,435.2485460343954,444.79261354658587,435.2485460343954,103.63391306730323,1815.5175785249535,0.012029518918650017,0.01579534986124413,1.3574621646722858,0.6546184738955824,0.812
2023-04-26,MSFT,transformer,0.06993153714561844,0.005403866991400719,-0.011720586568117142,0.02225344255566597,477.0110583335936,437.60695727633777,477.0110583335936,437.60695727633777,102.42635292744211,1856.3719875357212,0.012029518918650017,0.01579534986124413,1.3574621646722858,0.6546184738955824,0.812
2023-04-27,MSFT,transformer,0.03152540891772579,-0.007321275305002928,-0.02681942656636238,0.009737406857311726,492.2885767356345,434.41481773152935,492.2885767356345,434.41481773152935,99.7158472010474,1874.5364703057955,0.012029518918650017,0.01579534986124413,1.3574621646722858,0.6546184738955824,0.812
2023-04-28,MSFT,transformer,0.007940126369461913,-0.002870592987164855,-0.02045341581106186,0.01383945718407631,496.21296971529256,433.1695647995563,496.21296971529256,433.1695647995563,97.6970329379783,1900.6594203727457,0.012029518918650017,0.01579534986124413,1.3574621646722858,0.6546184738955824,0.812
2023-05-01,MSFT,transformer,-0.0055481758022313775,0.001108697964809835,-0.019749922677874565,0.018246928229928017,493.4675160962333,433.6501065020682,493.4675160962333,433.6501065020682,95.78645366708588,1935.6588817046375,0.012029518918650017,0.01579534986124413,1.3574621646722858,0.6546184738955824,0.812
2023-05-02,MSFT,transformer,-0.000491002501589629,0.00017002911772578955,-0.021039001643657684,0.022048000246286392,493.22528178506974,433.72382374477064,493.22528178506974,433.72382374477064,93.79225185106809,1978.8102394545833,0.012029518918650017,0.01579534986124413,1.3574621646722858,0.6546184738955824,0.812
2023-05-03,MSFT,transformer,-0.0033125422450693168,0.0008328296826221049,-0.019539546221494675,0.019001547247171402,491.5941552820649,434.08518236400187,491.5941552820649,434.08518236400187,91.97738368318045,2016.7703065531139,0.012029518918650017,0.01579534986124413,1.3574621646722858,0.6546184738955824,0.812
2023-05-04,MSFT,transformer,0.0033125422450692053,0.0017539993859827518,-0.01334543339908123,0.018880756571888924,493.2252817850697,434.8472602296829,493.2252817850697,434.8472602296829,90.75805898355546,2055.210220633515,0.012029518918650017,0.01579534986124413,1.3574621646722858,0.6546184738955824,0.812
2023-05-05,MSFT,transformer,0.01701170868051051,0.0009478944703005254,-0.017926115542650223,0.019780419766902924,501.6876622863973,435.2596301908406,501.6876622863973,435.2596301908406,89.14561354568976,2096.267835817608,0.012029518918650017,0.01579534986124413,1.3574621646722858,0.6546184738955824,0.812
2023-05-08,MSFT,transformer,-0.006458927797110895,-0.00037656165659427643,-0.020511537790298462,0.020530469715595245,498.45774004501095,435.09577107236197,498.45774004501095,435.09577107236197,87.33572637301782,2139.7499959051856,0.012029518918650017,0.01579534986124413,1.3574621646722858,0.6546184738955824,0.812
2023-05-09,MSFT,transformer,-0.005360181477831121,0.003518632147461176,-0.012905307114124298,0.02066139131784439,495.7930640528076,436.6293880632939,495.7930640528076,436.6293880632939,86.21587366323158,2184.420033953561,0.012029518918650017,0.01579534986124413,1.3574621646722858,0.6546184738955824,0.812
2023-05-10,MSFT,transformer,0.0171485288650533,0.00294206733815372,-0.01720157265663147,0.023252498358488083,504.3685036609122,437.9158627627163,504.3685036609122,437.9158627627163,84.74550520140576,2235.808514419028,0.012029518918650017,0.01579534986124413,1.3574621646722858,0.6546184738955824,0.812
2023-05-11,MSFT,transformer,-0.00706925044001154,-0.0005397175555117428,-0.015847867354750633,0.016858166083693504,500.8155694815063,437.6795629913126,500.8155694815063,437.6795629913126,83.41305751875309,2273.8195683726603,0.012029518918650017,0.01579534986124413,1.3574621646722858,0.6546184738955824,0.812
2023-05-12,MSFT,transformer,-0.003682837255539793,0.0030928668566048145,-0.014985996298491955,0.021893661469221115,498.97453943196126,439.0353425728986,498.97453943196126,439.0353425728986,82.17234838734849,2324.1508794691067,0.012029518918650017,0.01579534986124413,1.3574621646722858,0.6546184738955824,0.812
2023-05-15,MSFT,transformer,0.001584626692463848,-3.9788912545191124e-05,-0.01797489821910858,0.016669709235429764,499.7658546099962,439.0178619844125,499.7658546099962,439.0178619844125,80.70850238189271,2363.2186088483054,0.012029518918650017,0.01579534986124413,1.3574621646722858,0.6546184738955824,0.812
2023-05-16,MSFT,transformer,0.007340660285556093,0.0012985040666535497,-0.017023177817463875,0.02092135138809681,503.4479639937886,439.5883135653697,503.4479639937886,439.5883135653697,79.34621697419969,2413.181227232577,0.012029518918650017,0.01579534986124413,1.3574621646722858,0.6546184738955824,0.812
2023-05-17,MSFT,transformer,0.007223510173534132,-0.0028562911320477724,-0.022018233314156532,0.01477142982184887,507.0977918976599,438.33451913483185,507.0977918976599,438.33451913483185,77.6182444307557,2449.0918128478147,0.012029518918650017,0.01579534986124413,1.3574621646722858,0.6546184738955824,0.812
2023-05-18,MSFT,transformer,0.014292246989190247,0.0006799462717026472,-0.018404826521873474,0.019539959728717804,514.3973984207004,438.6326778717979,514.3973984207004,438.6326778717979,76.20275792634726,2497.417580641665,0.012029518918650017,0.01579534986124413,1.3574621646722858,0.6546184738955824,0.812
2023-05-19,MSFT,transformer,-0.0005652503995028339,0.00012922048335894942,-0.0161755234003067,0.0181596539914608,514.1067172473041,438.6893592452526,514.1067172473041,438.6893592452526,74.98005483749755,2543.1841744557664,0.012029518918650017,0.01579534986124413,1.3574621646722858,0.6546184738955824,0.812
2023-05-22,MSFT,transformer,0.008881708331310564,0.004717661067843437,-0.015578143298625946,0.023100264370441437,518.6932009159085,440.76383089806325,518.6932009159085,440.76383089806325,73.82105428811124,2602.616336459216,0.012029518918650017,0.01579534986124413,1.3574621646722858,0.6546184738955824,0.812
2023-05-23,MSFT,transformer,-0.018603964654439004,0.0014213446993380785,-0.01554105244576931,0.019520221278071404,509.13265868083806,441.39077568202214,509.13265868083806,441.39077568202214,72.68266618096521,2653.91903494406,0.012029518918650017,0.01579534986124413,1.3574621646722858,0.6546184738955824,0.812
2023-05-24,MSFT,transformer,-0.0044825419640336876,0.004723751917481422,-0.016987178474664688,0.026484031230211258,506.8555575864964,443.4807052888549,506.8555575864964,443.4807052888549,71.45841852755566,2725.1444516252336,0.012029518918650017,0.01579534986124413,1.3574621646722858,0.6546184738955824,0.812
2023-05-25,MSFT,transformer,0.03773680946719584,0.0028778689447790384,-0.012873442843556404,0.01853983663022518,526.3481501415916,444.7588183597081,526.3481501415916,444.7588183597081,70.54439973073387,2776.1394230375845,0.012029518918650017,0.01579534986124413,1.3574621646722858,0.6546184738955824,0.812
2023-05-26,MSFT,transformer,0.021160155404894247,-0.0035082497633993626,-0.01884876936674118,0.011714037507772446,537.6044311242113,443.20121493304043,537.6044311242113,443.20121493304043,69.22717862475017,2808.850353486579,0.012029518918650017,0.01579534986124413,1.3574621646722858,0.6546184738955824,0.812
2023-05-30,MSFT,transformer,-0.0050595595899617825,-0.000745560450013727,-0.01908191107213497,0.01780693419277668,534.8912589850731,442.8708986283852,534.8912589850731,442.8708986283852,67.9187163801811,2859.3152534229002,0.012029518918650017,0.01579534986124413,1.3574621646722858,0.6546184738955824,0.812
2023-05-31,MSFT,transformer,-0.008550618441348575,0.0014259140007197857,-0.012992818839848042,0.015428113751113415,530.337106081092,443.502846700888,530.337106081092,443.502846700888,67.04197019281574,2903.7711789605373,0.012029518918650017,0.01579534986124413,1.3574621646722858,0.6546184738955824,0.812
2023-06-01,MSFT,transformer,0.012678421233759899,0.003997661639004946,-0.013835476711392403,0.021174157038331032,537.1037478348704,445.2793729916437,537.1037478348704,445.2793729916437,66.12080132589597,2965.9118090820402,0.012029518918650017,0.01579534986124413,1.3574621646722858,0.6546184738955824,0.812
2023-06-02,MSFT,transformer,0.008443438906069122,0.002208633814007044,-0.01600792072713375,0.017291655763983727,541.6579500235537,446.26392749821366,541.6579500235537,446.26392749821366,65.07077222111133,3017.643207239402,0.012029518918650017,0.01579534986124413,1.3574621646722858,0.6546184738955824,0.812
2023-06-05,MSFT,transformer,0.0016087486648573956,0.0006204256205819547,-0.01862931251525879,0.01844175159931183,542.5300428284446,446.540880480944,542.5300428284446,446.540880480944,63.869769028917325,3073.8101827144187,0.012029518918650017,0.01579534986124413,1.3574621646722858,0.6546184738955824,0.812
2023-06-06,MSFT,transformer,-0.006750151917383558,0.00033964531030505896,-0.023215847089886665,0.020268196240067482,538.8802149245734,446.6925911711289,538.8802149245734,446.6925911711289,62.40405721811436,3136.7465382518903,0.012029518918650017,0.01579534986124413,1.3574621646722858,0.6546184738955824,0.812
2023-06-07,MSFT,transformer,-0.03135431052789001,0.0029330593533813953,-0.01697959005832672,0.02271292358636856,522.2461350953145,448.0046688658378,522.2461350953145,448.0046688658378,61.353408408316916,3208.8064587281506,0.012029518918650017,0.01579534986124413,1.3574621646722858,0.6546184738955824,0.812
2023-06-08,MSFT,transformer,0.00579677511338792,0.006580674089491367,-0.01286681741476059,0.02340836077928543,525.28226988777,450.96257780438094,525.28226988777,450.96257780438094,60.569040578202866,3284.8054405878474,0.012029518918650017,0.01579534986124413,1.3574621646722858,0.6546184738955824,0.812
2023-06-09,MSFT,transformer,0.0046928963861562565,-0.0005867676227353513,-0.018406536430120468,0.017289284616708755,527.7531584310425,450.69805699662754,527.7531584310425,450.69805699662754,59.46437109964564,3342.0911460499883,0.012029518918650017,0.01579534986124413,1.3574621646722858,0.6546184738955824,0.812
2023-06-12,MSFT,transformer,0.015365289073811387,0.0015250076539814472,-0.017094997689127922,0.020732948556542397,535.9248577589738,451.38587510967693,535.9248577589738,451.38587510967693,58.456467062096436,3412.1058290155343,0.012029518918650017,0.01579534986124413,1.3574621646722858,0.6546184738955824,0.812
2023-06-13,MSFT,transformer,0.0073258273041494236,-0.0005631818785332143,-0.022019248455762863,0.021301232278347015,539.8653668362413,451.1317333631389,539.8653668362413,451.1317333631389,57.18336801151396,3485.5673569762544,0.012029518918650017,0.01579534986124413,1.3574621646722858,0.6546184738955824,0.812
2023-06-14,MSFT,transformer,0.009082407685551104,0.00023917361977510154,-0.0192251093685627,0.020928572863340378,544.7909785404745,451.23966800364894,544.7909785404745,451.23966800364894,56.094512131309386,3559.284173393933,0.012029518918650017,0.01579534986124413,1.3574621646722858,0.6546184738955824,0.812
2023-06-15,MSFT,transformer,0.031398499377165004,0.0018491700757294893,-0.01835315115749836,0.02118871547281742,562.1679759702378,452.07484197833276,562.1679759702378,452.07484197833276,55.07439221282379,3635.5053782599234,0.012029518918650017,0.01579534986124413,1.3574621646722858,0.6546184738955824,0.812
2023-06-16,MSFT,transformer,-0.01671466746102836,-0.0020261979661881924,-0.02013406530022621,0.01417064294219017,552.8496187616287,451.15976395623517,552.8496187616287,451.15976395623517,53.97660829287881,3687.389485000222,0.012029518918650017,0.01579534986124413,1.3574621646722858,0.6546184738955824,0.812
2023-06-20,MSFT,transformer,-0.012581367463613363,0.004482966847717762,-0.014197120442986488,0.023587798699736595,545.9375871364499,453.1868239289399,545.9375871364499,453.1868239289399,53.215711029333576,3775.400846369859,0.012029518918650017,0.01579534986124413,1.3574621646722858,0.6546184738955824,0.812
2023-06-21,MSFT,transformer,-0.013371025527008,0.0013583716936409473,-0.017359010875225067,0.021520540118217468,538.6864274756422,453.8028605053613,538.6864274756422,453.8028605053613,52.29990951998171,3857.53011597561,0.012029518918650017,0.01579534986124413,1.3574621646722858,0.6546184738955824,0.812
2023-06-22,MSFT,transformer,0.018269535419317123,0.0031267376616597176,-0.016321543604135513,0.02355239912867546,548.6184285109648,455.22400226636336,548.6184285109648,455.22400226636336,51.45322114064015,3949.4626330506117,0.012029518918650017,0.01579534986124413,1.3574621646722858,0.6546184738955824,0.812
2023-06-23,MSFT,transformer,-0.013902088576371648,-0.001384666538797319,-0.019633639603853226,0.019388481974601746,541.0442569121376,454.5940988775881,541.0442569121376,454.5940988775881,50.452860357435135,4026.783721217238,0.012029518918650017,0.01579534986124413,1.3574621646722858,0.6546184738955824,0.812
2023-06-26,MSFT,transformer,-0.019348974565018984,0.0022787326015532017,-0.017660578712821007,0.019777050241827965,530.6762341167206,455.6311681112703,530.6762341167206,455.6311681112703,49.569656471294756,4107.214192260957,0.012029518918650017,0.01579534986124413,1.3574621646722858,0.6546184738955824,0.812
2023-06-27,MSFT,transformer,0.01800492295237786,0.00599737698212266,-0.013209693133831024,0.028815466910600662,540.317553978647,458.371980934335,540.317553978647,458.371980934335,48.91916097686931,4227.287152409017,0.012029518918650017,0.01579534986124413,1.3574621646722858,0.6546184738955824,0.812
2023-06-28,MSFT,transformer,0.0038185027563641403,0.00012569526734296232,-0.019459599629044533,0.018229728564620018,542.3847022417461,458.42957381123483,542.3847022417461,458.42957381123483,47.97641571058893,4305.05593866156,0.012029518918650017,0.01579534986124413,1.3574621646722858,0.6546184738955824,0.812
2023-06-29,MSFT,transformer,-0.0023849119004938587,0.0018472374649718404,-0.017202366143465042,0.019536979496479034,541.0927037743703,459.277180790821,541.0927037743703,459.277180790821,47.158164840395216,4389.990465676357,0.012029518918650017,0.01579534986124413,1.3574621646722858,0.6546184738955824,0.812
2023-06-30,MSFT,transformer,0.016252880099050727,0.0015182675560936332,-0.018119849264621735,0.02237888053059578,549.9588738405735,459.9750256473645,549.9588738405735,459.9750256473645,46.311361043250805,4489.341079027925,0.012029518918650017,0.01579534986124413,1.3574621646722858,0.6546184738955824,0.812
2023-07-03,MSFT,transformer,-0.0075163377314713346,-0.00046500132884830236,-0.020322903990745544,0.017367228865623474,545.8406934119845,459.76117579289223,545.8406934119845,459.76117579289223,45.37968021019018,4567.9892976159035,0.012029518918650017,0.01579534986124413,1.3574621646722858,0.6546184738955824,0.812
2023-07-05,MSFT,transformer,0.0004732856179234783,0.0023310997057706118,-0.019107066094875336,0.021158449351787567,546.0990931054596,460.8341481547546,546.0990931054596,460.8341481547546,44.52083950262943,4665.670639764165,0.012029518918650017,0.01579534986124413,1.3574621646722858,0.6546184738955824,0.812
2023-07-06,MSFT,transformer,0.009184354676689894,0.0021241353824734688,-0.015790652483701706,0.01868518441915512,551.1377639164699,461.81403643903684,551.1377639164699,461.81403643903684,43.823349138521934,4753.668999675717,0.012029518918650017,0.01579534986124413,1.3574621646722858,0.6546184738955824,0.812
2023-07-07,MSFT,transformer,-0.011938380678174591,0.002161907497793436,-0.01999402791261673,0.022469472140073776,544.5971910915434,462.8135149975236,544.5971910915434,462.8135149975236,42.95584502148357,4861.690394689906,0.012029518918650017,0.01579534986124413,1.3574621646722858,0.6546184738955824,0.812
2023-07-10,MSFT,transformer,-0.01611279085316757,0.0008013533079065382,-0.01613839901983738,0.01706722564995289,535.8925269943502,463.1845444804078,535.8925269943502,463.1845444804078,42.26817117385294,4945.378085341659,0.012029518918650017,0.01579534986124413,1.3574621646722858,0.6546184738955824,0.812
2023-07-11,MSFT,transformer,0.0019268850164786337,0.003910582512617111,-0.017648745328187943,0.02477118745446205,536.9261257682509,464.99943591323273,536.9261257682509,464.99943591323273,41.52873586042819,5069.410945233684,0.012029518918650017,0.01579534986124413,1.3574621646722858,0.6546184738955824,0.812
2023-07-12,MSFT,transformer,0.014126628195813206,0.002709343098104,-0.011206310242414474,0.01891486346721649,544.5649096116225,466.2609631132775,544.5649096116225,466.2609631132775,41.06595025969435,5166.210459026269,0.012029518918650017,0.01579534986124413,1.3574621646722858,0.6546184738955824,0.812
2023-07-13,MSFT,transformer,0.01606245026326407,-0.0011180439032614231,-0.018547721207141876,0.017506081610918045,553.3825835308908,465.7399592545035,553.3825835308908,465.7399592545035,40.31129083404729,5257.44707998322,0.012029518918650017,0.01579534986124413,1.3574621646722858,0.6546184738955824,0.812
2023-07-14,MSFT,transformer,0.007501086472850522,-0.0017660735175013542,-0.019813142716884613,0.017168495804071426,557.5491615370103,464.91814437450375,557.5491615370103,464.91814437450375,39.52045773977607,5348.488708723006,0.012029518918650017,0.01579534986124413,1.3574621646722858,0.6546184738955824,0.812
2023-07-17,MSFT,transformer,0.0014183563200623871,-0.00037514351424761117,-0.018193883821368217,0.01864498294889927,558.3405259997475,464.7437572841457,558.3405259997475,464.7437572841457,38.807927924430025,5449.14688203522,0.012029518918650017,0.01579534986124413,1.3574621646722858,0.6546184738955824,0.812
2023-07-18,MSFT,transformer,0.0390281778122774,0.00021683071099687368,-0.01628308743238449,0.019559018313884735,580.5623575068881,464.84453310946736,580.5623575068881,464.84453310946736,38.18113140148685,5556.7759724147745,0.012029518918650017,0.01579534986124413,1.3574621646722858,0.6546184738955824,0.812
2023-07-19,MSFT,transformer,-0.01234325481327844,-0.0007554571493528783,-0.0167497880756855,0.01386207714676857,573.440373050467,464.493486771714,573.440373050467,464.493486771714,37.546932699379305,5634.340637367287,0.012029518918650017,0.01579534986124413,1.3574621646722858,0.6546184738955824,0.812
2023-07-20,MSFT,transformer,-0.023393022478419682,0.0036497486289590597,-0.014103797264397144,0.02182307094335556,560.1815560492926,466.1918548711963,560.1815560492926,466.1918548711963,37.02109441960085,5758.650518356127,0.012029518918650017,0.01579534986124413,1.3574621646722858,0.6546184738955824,0.812
2023-07-21,MSFT,transformer,-0.008977258757518182,0.006855369079858065,-0.015523813664913177,0.029387246817350388,555.1751667182033,469.3987756124376,555.1751667182033,469.3987756124376,36.45082420693091,5930.392498918368,0.012029518918650017,0.01579534986124413,1.3574621646722858,0.6546184738955824,0.812
2023-07-24,MSFT,transformer,0.003890367198409248,0.002375924028456211,-0.01553703099489212,0.02198183909058571,557.3392087057679,470.5153354956233,557.3392087057679,470.5153354956233,35.88886258681352,6062.197018465096,0.012029518918650017,0.01579534986124413,1.3574621646722858,0.6546184738955824,0.812
2023-07-25,MSFT,transformer,0.01686610874081638,0.0025146889965981245,-0.014285032637417316,0.020628172904253006,566.8190718833866,471.700008137497,566.8190718833866,471.700008137497,35.37983428007326,6188.547953508362,0.012029518918650017,0.01579534986124413,1.3574621646722858,0.6546184738955824,0.812
2023-07-26,MSFT,transformer,-0.038364115130237984,0.00031840018345974386,-0.020650800317525864,0.022339746356010437,545.4853999940441,471.8502011995325,545.4853999940441,471.8502011995325,34.65670483040891,6328.354146094005,0.012029518918650017,0.01579534986124413,1.3574621646722858,0.6546184738955824,0.812
2023-07-27,MSFT,transformer,-0.021093058332580527,0.008385987021028996,-0.011347668245434761,0.029519734904170036,534.099943807038,475.8237941679175,534.099943807038,475.8237941679175,34.26565531631638,6517.950357092361,0.012029518918650017,0.01579534986124413,1.3574621646722858,0.6546184738955824,0.812
2023-07-28,MSFT,transformer,0.022867857265035388,0.0074969069100916386,-0.01304249931126833,0.024420298635959625,546.4543865234004,479.4044093315835,546.4543865234004,479.4044093315835,33.82164741875186,6679.080003077925,0.012029518918650017,0.01579534986124413,1.3574621646722858,0.6546184738955824,0.812
2023-07-31,MSFT,transformer,-0.0072668805405912,-0.0007403383497148752,-0.018630700185894966,0.01826920174062252,542.4977613485235,479.0496254898388,542.4977613485235,479.0496254898388,33.19735909050096,6802.223183857863,0.012029518918650017,0.01579534986124413,1.3574621646722858,0.6546184738955824,0.812
2023-08-01,MSFT,transformer,0.001249465857537043,0.0017802284564822912,-0.01709875836968422,0.022134337574243546,543.1760174197815,479.9032062927797,543.1760174197815,479.9032062927797,32.63455069347786,6954.464198562159,0.012029518918650017,0.01579534986124413,1.3574621646722858,0.6546184738955824,0.812
2023-08-02,MSFT,transformer,-0.02663448713117992,0.00016510114073753357,-0.02043106034398079,0.02076631784439087,528.899767027018,479.982440647361,528.899767027018,479.982440647361,31.974558130874172,7100.3929029621395,0.012029518918650017,0.01579534986124413,1.3574621646722858,0.6546184738955824,0.812
2023-08-03,MSFT,transformer,-0.0025681692395457733,0.004303356632590294,-0.013489860109984875,0.023900184780359268,527.5432055998,482.0524294649693,527.5432055998,482.0524294649693,31.546121339484294,7272.137502493149,0.012029518918650017,0.01579534986124413,1.3574621646722858,0.6546184738955824,0.812
2023-08-04,MSFT,transformer,0.0034227620757667264,0.0020533727947622538,-0.01817774400115013,0.021398790180683136,529.3519541694241,483.0433006609132,529.3519541694241,483.0433006609132,30.977864117734576,7429.428989764024,0.012029518918650017,0.01579534986124413,1.3574621646722858,0.6546184738955824,0.812
2023-08-07,MSFT,transformer,0.007083239964704634,0.0016033409629017115,-0.016195304691791534,0.021915968507528305,533.1147918953702,483.8184287715838,533.1147918953702,483.8184287715838,30.480208377445585,7594.049589992738,0.012029518918650017,0.01579534986124413,1.3574621646722858,0.6546184738955824,0.812
2023-08-08,MSFT,transformer,-0.012375181476160577,0.0037427395582199097,-0.017184074968099594,0.02635706216096878,526.5580536881321,485.63261637899257,526.5580536881321,485.63261637899257,29.960908762885442,7796.867897403501,0.012029518918650017,0.01579534986124413,1.3574621646722858,0.6546184738955824,0.812
2023-08-09,MSFT,transformer,-0.011785096027328853,0.0035754316486418247,-0.015834426507353783,0.02244541235268116,520.3889396634577,487.3720948746309,520.3889396634577,487.3720948746309,29.49023192841601,7973.8508486492965,0.012029518918650017,0.01579534986124413,1.3574621646722858,0.6546184738955824,0.812
2023-08-10,MSFT,transformer,0.0021699484163475845,0.004212234169244766,-0.014872567728161812,0.025145946070551872,521.5193828771216,489.42933232182304,521.5193828771216,489.42933232182304,29.054881766467894,8176.903151866156,0.012029518918650017,0.01579534986124413,1.3574621646722858,0.6546184738955824,0.812
2023-08-11,MSFT,transformer,-0.0059632530747735155,0.00016572745516896248,-0.018076030537486076,0.019970623776316643,518.4186851248239,489.5104312087811,518.4186851248239,489.5104312087811,28.53440308746799,8341.84276787006,0.012029518918650017,0.01579534986124413,1.3574621646722858,0.6546184738955824,0.812
2023-08-14,MSFT,transformer,0.00939468561793335,0.0028942457865923643,-0.014473237097263336,0.02103804051876068,523.3120153491362,490.92925500224123,523.3120153491362,490.92925500224123,28.124391937757448,8519.19749892995,0.012029518918650017,0.01579534986124413,1.3574621646722858,0.6546184738955824,0.812
2023-08-15,MSFT,transformer,-0.00675036845373223,0.001704897847957909,-0.01860039308667183,0.021608896553516388,519.7913626496514,491.76695791506086,519.7913626496514,491.76695791506086,27.60610313164492,8705.291099787379,0.012029518918650017,0.01579534986124413,1.3574621646722858,0.6546184738955824,0.812
2023-08-16,MSFT,transformer,-0.0045464267339883424,0.0027863802388310432,-0.012972304597496986,0.018734367564320564,517.433533213156,493.1390922926548,517.433533213156,493.1390922926548,27.250300470192144,8869.91689517524,0.012029518918650017,0.01579534986124413,1.3574621646722858,0.6546184738955824,0.812
2023-08-17,MSFT,transformer,-0.011047027421841545,0.0029084058478474617,-0.013232957571744919,0.024093925952911377,511.7488878108088,494.5754292203056,511.7488878108088,494.5754292203056,26.89207335022773,9086.22334665433,0.012029518918650017,0.01579534986124413,1.3574621646722858,0.6546184738955824,0.812
2023-08-18,MSFT,transformer,-0.0012630855742106484,0.006307673640549183,-0.015109511092305183,0.025509996339678764,511.102913219472,497.70491909312045,511.102913219472,497.70491909312045,26.488801631357102,9320.994427326348,0.012029518918650017,0.01579534986124413,1.3574621646722858,0.6546184738955824,0.812
2023-08-21,MSFT,transformer,0.016918737299121685,0.004930764436721802,-0.016785627231001854,0.026192480698227882,519.8236934142748,500.16502174248456,519.8236934142748,500.16502174248456,26.047880940082543,9568.359556368714,0.012029518918650017,0.01579534986124413,1.3574621646722858,0.6546184738955824,0.812
2023-08-22,MSFT,transformer,0.0018002505888257347,0.0028301484417170286,-0.014900455251336098,0.020127957686781883,520.7603491790079,501.5825898767838,520.7603491790079,501.5825898767838,25.66263281923416,9762.902099362262,0.012029518918650017,0.01579534986124413,1.3574621646722858,0.6546184738955824,0.812
2023-08-23,MSFT,transformer,0.013981099860828534,0.0032841917127370834,-0.016707047820091248,0.027283817529678345,528.0922864666716,503.2325861059138,528.0922864666716,503.2325861059138,25.237448069742367,10032.938271835981,0.012029518918650017,0.01579534986124413,1.3574621646722858,0.6546184738955824,0.812
2023-08-24,MSFT,transformer,-0.021732925683232186,0.00169784901663661,-0.01790662296116352,0.020344378426671028,516.7391117595865,504.0877435426351,516.7391117595865,504.0877435426351,24.789553441377464,10239.142788069064,0.012029518918650017,0.01579534986124413,1.3574621646722858,0.6546184738955824,0.812
2023-08-25,MSFT,transformer,0.009363190602405124,0.005309343338012695,-0.012366528622806072,0.02018425241112709,521.6001605039777,506.771209294717,521.6001605039777,506.771209294717,24.48488094145226,10447.911931195762,0.012029518918650017,0.01579534986124413,1.3574621646722858,0.6546184738955824,0.812
2023-08-28,MSFT,transformer,0.0022267628267115774,0.0003825576277449727,-0.018761547282338142,0.018560348078608513,522.7629344822649,506.96513128771466,522.7629344822649,506.96513128771466,24.029789381938755,10643.63914983269,0.012029518918650017,0.01579534986124413,1.3574621646722858,0.6546184738955824,0.812
2023-08-29,MSFT,transformer,0.014445640292466616,0.0032242480665445328,-0.016340039670467377,0.023984450846910477,530.3693875610132,508.6023746029006,530.3693875610132,508.6023746029006,23.640331910555474,10902.006563449124,0.012029518918650017,0.01579534986124413,1.3574621646722858,0.6546184738955824,0.812
2023-08-30,MSFT,transformer,0.0011564361476078247,0.0007481322973035276,-0.01588519848883152,0.019361143931746483,530.983080672429,508.9830105448539,530.983080672429,508.9830105448539,23.267767218148908,11115.13782031234,0.012029518918650017,0.01579534986124413,1.3574621646722858,0.6546184738955824,0.812
2023-08-31,MSFT,transformer,-0.0031376120495489814,0.0014835081528872252,-0.0149940624833107,0.017825942486524582,529.319672689503,509.7386632602181,529.319672689503,509.7386632602181,22.921491491916267,11315.052696985258,0.012029518918650017,0.01579534986124413,1.3574621646722858,0.6546184738955824,0.812
2023-09-01,MSFT,transformer,0.0027421298620269405,0.0014713507844135165,-0.016352590173482895,0.01871129497885704,530.7731278411864,510.48923975259805,530.7731278411864,510.48923975259805,22.54971370323069,11528.764630390377,0.012029518918650017,0.01579534986124413,1.3574621646722858,0.6546184738955824,0.812
2023-09-05,MSFT,transformer,0.0147689496625278,0.001409863936714828,-0.015739353373646736,0.02315305732190609,538.6702620933308,511.2094593828957,538.6702620933308,511.2094593828957,22.197574692701295,11798.805131114234,0.012029518918650017,0.01579534986124413,1.3574621646722858,0.6546184738955824,0.812
2023-09-06,MSFT,transformer,-0.002010663215146041,0.00041361694457009435,-0.016721870750188828,0.01944209635257721,537.5882657418996,511.4209243630281,537.5882657418996,511.4209243630281,21.82947571575809,12030.443278877598,0.012029518918650017,0.01579534986124413,1.3574621646722858,0.6546184738955824,0.812
2023-09-07,MSFT,transformer,-0.008962178251791018,0.001726995105855167,-0.016934849321842194,0.01972091570496559,532.7918292420527,512.3049331763216,532.7918292420527,512.3049331763216,21.462909969392697,12270.049450715871,0.012029518918650017,0.01579534986124413,1.3574621646722858,0.6546184738955824,0.812
2023-09-08,MSFT,transformer,0.013129115686578024,0.0031625062692910433,-0.011424297466874123,0.01934237591922283,539.8330360716179,513.9276641919356,539.8330360716179,513.9276641919356,21.21910688589917,12509.691540530777,0.012029518918650017,0.01579534986124413,1.3574621646722858,0.6546184738955824,0.812
2023-09-11,MSFT,transformer,0.010919355379022269,-0.0013431719271466136,-0.020171677693724632,0.018145279958844185,545.7599650698309,513.2378208354692,545.7599650698309,513.2378208354692,20.795370179141006,12738.75530768978,0.012029518918650017,0.01579534986124413,1.3574621646722858,0.6546184738955824,0.812
2023-09-12,MSFT,transformer,-0.018426447515794156,0.0012231614673510194,-0.020057955756783485,0.023518545553088188,535.795633269885,513.865983780563,535.795633269885,513.865983780563,20.382413183751346,13041.902953527193,0.012029518918650017,0.01579534986124413,1.3574621646722858,0.6546184738955824,0.812
2023-09-13,MSFT,transformer,0.012847783543915864,0.0030656044837087393,-0.016136467456817627,0.023913580924272537,542.7238302773754,515.4437344965642,542.7238302773754,515.4437344965642,20.05615298507936,13357.5398381834,0.012029518918650017,0.01579534986124413,1.3574621646722858,0.6546184738955824,0.812
2023-09-14,MSFT,transformer,0.007825087679558586,0.001915322500281036,-0.01692170836031437,0.018467998132109642,546.9873512926625,516.4319039447222,546.9873512926625,516.4319039447222,19.719623510643157,13606.518563747684,0.012029518918650017,0.01579534986124413,1.3574621646722858,0.6546184738955824,0.812
2023-09-15,MSFT,transformer,-0.0253556931642393,0.0005006637657061219,-0.017342720180749893,0.017618995159864426,533.2924632466916,516.6905321257591,533.2924632466916,516.6905321257591,19.38058011511561,13848.376852574847,0.012029518918650017,0.01579534986124413,1.3574621646722858,0.6546184738955824,0.812
2023-09-18,MSFT,transformer,-0.003519005161153026,0.004726000130176544,-0.014345291070640087,0.02456275373697281,531.4191024325232,519.138166866304,531.4191024325232,519.138166866304,19.104544692910427,14192.7435893529,0.012029518918650017,0.01579534986124413,1.3574621646722858,0.6546184738955824,0.812
2023-09-19,MSFT,transformer,-0.001246761401060461,0.0025240061804652214,-0.013907153159379959,0.021793991327285767,530.7569624588748,520.4501520177815,530.7569624588748,520.4501520177815,18.840694251829802,14505.455354181215,0.012029518918650017,0.01579534986124413,1.3574621646722858,0.6546184738955824,0.812
2023-09-20,MSFT,transformer,-0.02426901497800144,0.002070243703201413,-0.01678653061389923,0.019500479102134705,518.0310609422602,521.52869871381,518.0310609422602,521.52869871381,18.527063675019843,14791.09424129945,0.012029518918650017,0.01579534986124413,1.3574621646722858,0.6546184738955824,0.812
2023-09-21,MSFT,transformer,-0.0038731588572318396,0.004837167449295521,-0.013389073312282562,0.02251867577433586,516.0285249237053,524.057506809287,516.0285249237053,524.057506809287,18.28065701100229,15127.948105151541,0.012029518918650017,0.01579534986124413,1.3574621646722858,0.6546184738955824,0.812
2023-09-22,MSFT,transformer,-0.007917812376410862,0.001967840129509568,-0.02159285545349121,0.02226809412240982,511.9588406420512,525.0898027805038,511.9588406420512,525.0898027805038,17.890156390226586,15468.59802339477,0.012029518918650017,0.01579534986124413,1.3574621646722858,0.6546184738955824,0.812
2023-09-25,MSFT,transformer,0.0016704716326497466,0.002482703886926174,-0.0182621069252491,0.021336082369089127,512.8147680646305,526.3950458634538,512.8147680646305,526.3950458634538,17.566409189787162,15802.183260447948,0.012029518918650017,0.01579534986124413,1.3574621646722858,0.6546184738955824,0.812
2023-09-26,MSFT,transformer,-0.01715196951564595,0.0002142852172255516,-0.01685064472258091,0.01672305352985859,504.0939878698277,526.5078724840877,504.0939878698277,526.5078724840877,17.272884208083013,16068.666597203313,0.012029518918650017,0.01579534986124413,1.3574621646722858,0.6546184738955824,0.812
2023-09-27,MSFT,transformer,0.002080214125593276,0.006486404687166214,-0.012096567079424858,0.024926232174038887,505.14370274133785,529.93413083959,505.14370274133785,529.93413083959,17.06520044851341,16474.231187493653,0.012029518918650017,0.01579534986124413,1.3574621646722858,0.6546184738955824,0.812
2023-09-28,MSFT,transformer,0.0027138118982796616,0.0011848085559904575,-0.018460772931575775,0.020406045019626617,506.5164295508675,530.5623870331325,506.5164295508675,530.5623870331325,16.753053805802285,16813.858944431584,0.012029518918650017,0.01579534986124413,1.3574621646722858,0.6546184738955824,0.812
2023-09-29,MSFT,transformer,0.006704883163258845,0.0019729039631783962,-0.018858227878808975,0.021392811089754105,509.92397385887307,531.6101528249767,509.92397385887307,531.6101528249767,16.440081192465854,17177.429284119826,0.012029518918650017,0.01579534986124413,1.3574621646722858,0.6546184738955824,0.812
2023-10-02,MSFT,transformer,0.018979435394085486,0.004206435289233923,-0.01658869907259941,0.02378256618976593,519.694468925186,533.8510174599544,519.694468925186,533.8510174599544,16.16961167890534,17590.84947348713,0.012029518918650017,0.01579534986124413,1.3574621646722858,0.6546184738955824,0.812
2023-10-03,MSFT,transformer,-0.026481728574620438,0.0009644885431043804,-0.017556020990014076,0.019013578072190285,506.11268927069426,534.3661832641425,506.11268927069426,534.3661832641425,15.888214712239257,17928.513523919493,0.012029518918650017,0.01579534986124413,1.3574621646722858,0.6546184738955824,0.812
2023-10-04,MSFT,transformer,0.017617208233085463,0.006783055607229471,-0.010787957347929478,0.027539707720279694,515.1079852565816,538.003151741783,515.1079852565816,538.003151741783,15.717734668095902,18429.120504566064,0.012029518918650017,0.01579534986124413,1.3574621646722858,0.6546184738955824,0.812
2023-10-05,MSFT,transformer,0.0012532709718437222,0.003218064084649086,-0.012743748724460602,0.0189669132232666,515.7539598479185,539.7372972901202,515.7539598479185,539.7372972901202,15.518702761087752,18781.998962103407,0.012029518918650017,0.01579534986124413,1.3574621646722858,0.6546184738955824,0.812
2023-10-06,MSFT,transformer,0.02443604458632444,0.0013285056920722127,-0.016941912472248077,0.019030343741178513,528.5121921291563,540.4548359257769,528.5121921291563,540.4548359257769,15.2580007911664,19142.850062396246,0.012029518918650017,0.01579534986124413,1.3574621646722858,0.6546184738955824,0.812
2023-10-09,MSFT,transformer,0.007792081466019591,0.001211834722198546,-0.01730135828256607,0.01879587396979332,532.6464886553548,541.1101897807952,532.6464886553548,541.1101897807952,14.99628720270956,19506.05863068685,0.012029518918650017,0.01579534986124413,1.3574621646722858,0.6546184738955824,0.812
2023-10-10,MSFT,transformer,-0.004345102255780579,0.00027388829039409757,-0.019444255158305168,0.02049248479306698,530.3371060810921,541.2584231010452,530.3371060810921,541.2584231010452,14.707512503123397,19909.91034777767,0.012029518918650017,0.01579534986124413,1.3574621646722858,0.6546184738955824,0.812
2023-10-11,MSFT,transformer,0.01219729898528735,0.003939303569495678,-0.01631304807960987,0.02552722580730915,536.8453974260975,543.3947806932555,536.8453974260975,543.3947806932555,14.469534742290765,20424.696602537802,0.012029518918650017,0.01579534986124413,1.3574621646722858,0.6546184738955824,0.812
2023-10-12,MSFT,transformer,-0.0037976167078114537,0.0004003056092187762,-0.01665349304676056,0.0194343701004982,534.8105306429194,543.6123690068766,534.8105306429194,543.6123690068766,14.230561511952526,20825.520482268857,0.012029518918650017,0.01579534986124413,1.3574621646722858,0.6546184738955824,0.812
2023-10-13,MSFT,transformer,-0.010411521145171897,-0.0006349504692479968,-0.019448306411504745,0.01752178743481636,529.2712258272703,543.2673220027996,529.2712258272703,543.2673220027996,13.956475112592448,21193.63726059374,0.012029518918650017,0.01579534986124413,1.3574621646722858,0.6546184738955824,0.812
2023-10-16,MSFT,transformer,0.01487073596274887,0.0012392272474244237,-0.018801094964146614,0.020707229152321815,537.2006908440381,543.9409816473405,537.2006908440381,543.9409816473405,13.696529647706724,21637.074650614868,0.012029518918650017,0.01579534986124413,1.3574621646722858,0.6546184738955824,0.812
2023-10-17,MSFT,transformer,-0.0017452000192754048,8.423916733590886e-05,-0.019813932478427887,0.018254470080137253,536.2639857946028,543.9868255196523,536.2639857946028,543.9868255196523,13.427818412775236,22035.675582760872,0.012029518918650017,0.01579534986124413,1.3574621646722858,0.6546184738955824,0.812
2023-10-18,MSFT,transformer,-0.005889780251103495,-3.858432137349155e-06,-0.015564161352813244,0.014785540290176868,533.1147918953702,543.9847179504549,533.1147918953702,543.9847179504549,13.220443446249986,22363.90664748784,0.012029518918650017,0.01579534986124413,1.3574621646722858,0.6546184738955824,0.812
2023-10-19,MSFT,transformer,0.0036588099600085374,0.0027642794884741306,-0.01655920222401619,0.021644227206707,535.0689303363946,545.4905540957996,535.0689303363946,545.4905540957996,13.00332585160584,22853.23227597191,0.012029518918650017,0.01579534986124413,1.3574621646722858,0.6546184738955824,0.812
2023-10-20,MSFT,transformer,-0.01413416970527237,0.0014970679767429829,-0.018905960023403168,0.01964784413576126,527.5593709821118,546.3078202362458,527.5593709821118,546.3078202362458,12.759794683154944,23306.689489119904,0.012029518918650017,0.01579534986124413,1.3574621646722858,0.6546184738955824,0.812
2023-10-23,MSFT,transformer,0.008079416539687778,0.005351457744836807,-0.0170842744410038,0.029894065111875534,531.8390080950082,549.2392252565393,531.8390080950082,549.2392252565393,12.543654438516311,24013.938456159838,0.012029518918650017,0.01579534986124413,1.3574621646722858,0.6546184738955824,0.812
2023-10-24,MSFT,transformer,0.0036674783666725027,-0.00024999474408105016,-0.019824031740427017,0.01862781122326851,533.7930972513304,549.1019254023366,533.7930972513304,549.1019254023366,12.297437268234372,24465.458238337797,0.012029518918650017,0.01579534986124413,1.3574621646722858,0.6546184738955824,0.812
2023-10-25,MSFT,transformer,0.030216883161817015,0.0037816339172422886,-0.012670601718127728,0.023398227989673615,550.1688266718164,551.1823786187776,550.1688266718164,551.1823786187776,12.142604579736307,25044.656687940664,0.012029518918650017,0.01579534986124413,1.3574621646722858,0.6546184738955824,0.812
2023-10-26,MSFT,transformer,-0.03823607524151242,-0.001465194276534021,-0.02140948176383972,0.020481768995523453,529.5296255207456,550.3753767927064,529.5296255207456,550.3753767927064,11.885400645548465,25562.904379473774,0.012029518918650017,0.01579534986124413,1.3574621646722858,0.6546184738955824,0.812
2023-10-27,MSFT,transformer,0.005838492712631263,0.007157491520047188,-0.013699166476726532,0.028705626726150513,532.6303232730432,554.3288299853456,532.6303232730432,554.3288299853456,11.7236905770152,26307.338010281368,0.012029518918650017,0.01579534986124413,1.3574621646722858,0.6546184738955824,0.812
2023-10-30,MSFT,transformer,0.022485657918339456,0.0004490203282330185,-0.016539834439754486,0.01764547824859619,544.7425316782421,554.5778237434738,544.7425316782421,554.5778237434738,11.531377568486231,26775.664378823727,0.012029518918650017,0.01579534986124413,1.3574621646722858,0.6546184738955824,0.812
2023-10-31,MSFT,transformer,0.0023688614115809858,-0.0010233607608824968,-0.019237199798226357,0.018339009955525398,546.0344808609158,554.0105928360671,546.0344808609158,554.0105928360671,11.311666311487606,27271.23361988582,0.012029518918650017,0.01579534986124413,1.3574621646722858,0.6546184738955824,0.812
2023-11-01,MSFT,transformer,0.023269844897906983,0.0023795452434569597,-0.016791827976703644,0.020379316061735153,558.889606866619,555.3304663714414,558.889606866619,555.3304663714414,11.123308624842357,27832.704631050397,0.012029518918650017,0.01579534986124413,1.3574621646722858,0.6546184738955824,0.812
2023-11-02,MSFT,transformer,0.006480530615415255,-0.0001143249319284223,-0.014905947260558605,0.013904510997235775,562.5232693881787,555.2669800436441,562.5232693881787,555.2669800436441,10.958734573539083,28222.40724794886,0.012029518918650017,0.01579534986124413,1.3574621646722858,0.6546184738955824,0.812
2023-11-03,MSFT,transformer,0.012779671018699678,0.002610226161777973,-0.013799759559333324,0.018505025655031204,569.7582636666748,556.7182611784232,569.7582636666748,556.7182611784232,10.808545603019278,28749.52713487013,0.012029518918650017,0.01579534986124413,1.3574621646722858,0.6546184738955824,0.812
2023-11-06,MSFT,transformer,0.010517094830413817,-0.00020967975433450192,-0.019657842814922333,0.02145005390048027,575.7820863893531,556.6015565878305,575.7820863893531,556.6015565878305,10.598147927465071,29372.86821783529,0.012029518918650017,0.01579534986124413,1.3574621646722858,0.6546184738955824,0.812
2023-11-07,MSFT,transformer,0.011156783267241299,-0.0007214033394120634,-0.021341614425182343,0.01775282993912697,582.2419308721259,556.2001597033202,582.2419308721259,556.2001597033202,10.374362927222132,29898.97491188965,0.012029518918650017,0.01579534986124413,1.3574621646722858,0.6546184738955824,0.812
2023-11-08,MSFT,transformer,0.007378512706943085,0.0010409577516838908,-0.01574460044503212,0.02077348157763481,586.5538987496456,556.7794597248885,586.5538987496456,556.7794597248885,10.212301844817743,30526.576201568496,0.012029518918650017,0.01579534986124413,1.3574621646722858,0.6546184738955824,0.812
2023-11-09,MSFT,transformer,-0.00693480991316717,0.0023659721482545137,-0.013726109638810158,0.019391493871808052,582.500330565601,558.0983632478799,582.500330565601,558.0983632478799,10.073084099046705,31124.308599361866,0.012029518918650017,0.01579534986124413,1.3574621646722858,0.6546184738955824,0.812
2023-11-10,MSFT,transformer,0.024591881674087133,0.0007818583981133997,-0.01754380762577057,0.021625690162181854,597.0026991719186,558.5348699199367,597.0026991719186,558.5348699199367,9.89790523298843,31804.72319645521,0.012029518918650017,0.01579534986124413,1.3574621646722858,0.6546184738955824,0.812
2023-11-13,MSFT,transformer,-0.008121238978566207,0.000528273347299546,-0.01632198691368103,0.017521880567073822,592.1739319074485,558.8300303420657,592.1739319074485,558.8300303420657,9.737662941904013,32366.910933782685,0.012029518918650017,0.01579534986124413,1.3574621646722858,0.6546184738955824,0.812
2023-11-14,MSFT,transformer,0.009742926454431833,0.00494679668918252,-0.01551767997443676,0.02458062209188938,597.9716364165727,561.6013279473692,597.9716364165727,561.6013279473692,9.587723320310428,33172.36726113151,0.012029518918650017,0.01579534986124413,1.3574621646722858,0.6546184738955824,0.812
2023-11-15,MSFT,transformer,-0.0016216874758658013,0.0028515500016510487,-0.01714625395834446,0.0197839867323637,597.0026991719185,563.2050695706491,597.0026991719185,563.2050695706491,9.424731264949216,33835.18521540236,0.012029518918650017,0.01579534986124413,1.3574621646722858,0.6546184738955824,0.812
2023-11-16,MSFT,transformer,0.01743045246875087,-0.0009499041480012238,-0.020080238580703735,0.0181892067193985,607.4999464564243,562.6703388052355,607.4999464564243,562.6703388052355,9.237367637781885,34456.25061136522,0.012029518918650017,0.01579534986124413,1.3574621646722858,0.6546184738955824,0.812
2023-11-17,MSFT,transformer,-0.0169436700299209,0.0001595210051164031,-0.014691876247525215,0.018134599551558495,597.2933803453149,562.7600858661688,597.2933803453149,562.7600858661688,9.102645418363243,35086.80194286764,0.012029518918650017,0.01579534986124413,1.3574621646722858,0.6546184738955824,0.812
2023-11-20,MSFT,transformer,0.020314087591139347,0.0040682642720639706,-0.017386723309755325,0.025065332651138306,609.5509293372119,565.0542336742873,609.5509293372119,565.0542336742873,8.945747932982934,35977.380803684275,0.012029518918650017,0.01579534986124413,1.3574621646722858,0.6546184738955824,0.812
2023-11-21,MSFT,transformer,-0.011645532898620114,0.0005717676249332726,-0.020120777189731598,0.020059380680322647,602.493557125335,565.3774255808788,602.493557125335,565.3774255808788,8.767551376298018,36706.350310641974,0.012029518918650017,0.01579534986124413,1.3574621646722858,0.6546184738955824,0.812
2023-11-22,MSFT,transformer,0.012731218390931361,0.0031139873899519444,-0.01444944180548191,0.024731526151299477,610.2130693108603,567.1407657662197,610.2130693108603,567.1407657662197,8.641776233977346,37625.474065471186,0.012029518918650017,0.01579534986124413,1.3574621646722858,0.6546184738955824,0.812
2023-11-24,MSFT,transformer,-0.0011122059943587817,0.0004706491599790752,-0.018899155780673027,0.022040804848074913,609.5347639549002,567.407751526433,609.5347639549002,567.407751526433,8.479987494323531,38463.975116383976,0.012029518918650017,0.01579534986124413,1.3574621646722858,0.6546184738955824,0.812
2023-11-27,MSFT,transformer,0.003121511211609481,0.0020126437302678823,-0.019436288625001907,0.021206755191087723,611.4404062489897,568.5508721730047,611.4404062489897,568.5508721730047,8.316759566552806,39288.382503885005,0.012029518918650017,0.01579534986124413,1.3574621646722858,0.6546184738955824,0.812
2023-11-28,MSFT,transformer,0.01074481149152895,0.002529529621824622,-0.018808217719197273,0.027354633435606956,618.0456406031627,569.9908526596585,618.0456406031627,569.9908526596585,8.161797780445744,40377.937870376234,0.012029518918650017,0.01579534986124413,1.3574621646722858,0.6546184738955824,0.812
2023-11-29,MSFT,transformer,-0.010111059840763608,0.0016354045365005732,-0.01663932576775551,0.021634947508573532,611.8280304315535,570.9237815087615,611.8280304315535,570.9237815087615,8.027114526733568,41261.032940665435,0.012029518918650017,0.01579534986124413,1.3574621646722858,0.6546184738955824,0.812
2023-11-30,MSFT,transformer,0.00015835504103129536,0.0025805141776800156,-0.0158998966217041,0.021378710865974426,611.924924156019,572.3989694021764,611.924924156019,572.3989694021764,7.900493772071893,42152.635566403645,0.012029518918650017,0.01579534986124413,1.3574621646722858,0.6546184738955824,0.812
2023-12-01,MSFT,transformer,-0.011680188582846128,0.0032361275516450405,-0.016871022060513496,0.022309662774205208,604.8191050819094,574.2543547506173,604.8191050819094,574.2543547506173,7.768322666390086,43103.61411742688,0.012029518918650017,0.01579534986124413,1.3574621646722858,0.6546184738955824,0.812
2023-12-04,MSFT,transformer,-0.014442515384455228,0.0033462028950452805,-0.015981119126081467,0.023451577872037888,596.1467717493392,576.1791448579298,596.1467717493392,576.1791448579298,7.64516274466125,44126.40806532478,0.012029518918650017,0.01579534986124413,1.3574621646722858,0.6546184738955824,0.812
2023-12-05,MSFT,transformer,0.009114682599790454,0.00308806961402297,-0.012089981697499752,0.021444179117679596,601.6052989381324,577.9612007023964,601.6052989381324,577.9612007023964,7.5532893678885555,45082.87910940145,0.012029518918650017,0.01579534986124413,1.3574621646722858,0.6546184738955824,0.812
2023-12-06,MSFT,transformer,-0.010036239578429095,0.0019460752373561263,-0.01640651375055313,0.018974944949150085,595.5976415977656,579.0870685437209,595.5976415977656,579.0870685437209,7.430377227380425,45946.49117623388,0.012029518918650017,0.01579534986124413,1.3574621646722858,0.6546184738955824,0.812
2023-12-07,MSFT,transformer,0.005812856959905854,0.00410744734108448,-0.015680743381381035,0.02282520942389965,599.0698474350177,581.470555674793,599.0698474350177,581.470555674793,7.314772285742228,47007.2918158711,0.012029518918650017,0.01579534986124413,1.3574621646722858,0.6546184738955824,0.812
2023-12-08,MSFT,transformer,0.008803295472133887,0.0018971674144268036,-0.01656031608581543,0.022263530641794205,604.3669179395032,582.5747705757515,604.3669179395032,582.5747705757515,7.19463489979025,48065.57968626466,0.012029518918650017,0.01579534986124413,1.3574621646722858,0.6546184738955824,0.812
2023-12-11,MSFT,transformer,-0.007860282708582978,0.002906081033870578,-0.01549303438514471,0.02249641716480255,599.6350443994985,584.2702125220274,599.6350443994985,584.2702125220274,7.084027121014666,49159.13561524393,0.012029518918650017,0.01579534986124413,1.3574621646722858,0.6546184738955824,0.812
2023-12-12,MSFT,transformer,0.008261009109010353,0.0029459912329912186,-0.01744120940566063,0.024048440158367157,604.6091522506667,585.9939911858662,604.6091522506667,585.9939911858662,6.961544319385975,50355.664764257606,0.012029518918650017,0.01579534986124413,1.3574621646722858,0.6546184738955824,0.812
2023-12-13,MSFT,transformer,-2.6737270452321032e-05,0.0007832574774511158,-0.019048795104026794,0.023487046360969543,604.5929868683552,586.4531541964711,604.5929868683552,586.4531541964711,6.830190378941438,51552.371524752714,0.012029518918650017,0.01579534986124413,1.3574621646722858,0.6546184738955824,0.812
2023-12-14,MSFT,transformer,-0.02280256188163716,0.0023023313842713833,-0.017376085743308067,0.02005639113485813,590.9627110669285,587.8049467929952,590.9627110669285,587.8049467929952,6.712533650895761,52596.76604484503,0.012029518918650017,0.01579534986124413,1.3574621646722858,0.6546184738955824,0.812
2023-12-15,MSFT,transformer,0.013032026227118125,0.0034741780254989862,-0.014218555763363838,0.022198116406798363,598.714554017077,589.8506232171021,598.714554017077,589.8506232171021,6.617766395079828,53777.36750683754,0.012029518918650017,0.01579534986124413,1.3574621646722858,0.6546184738955824,0.812
2023-12-18,MSFT,transformer,0.00516556045841301,0.0011187035124748945,-0.0156350526958704,0.01863257773220539,601.8152517693748,590.5108873934719,601.8152517693748,590.5108873934719,6.515101810386717,54788.77415969952,0.012029518918650017,0.01579534986124413,1.3574621646722858,0.6546184738955824,0.812
2023-12-19,MSFT,transformer,0.0016356289690250363,0.00100449298042804,-0.01978183165192604,0.021811645478010178,602.8004036810427,591.1043824395647,602.8004036810427,591.1043824395647,6.387487532652276,55996.93320769497,0.012029518918650017,0.01579534986124413,1.3574621646722858,0.6546184738955824,0.812
2023-12-20,MSFT,transformer,-0.007097988156897621,0.001576805952936411,-0.01889578253030777,0.02298431470990181,598.5368826657557,592.0371998765859,598.5368826657557,592.0371998765859,6.267924229674644,57298.88769834415,0.012029518918650017,0.01579534986124413,1.3574621646722858,0.6546184738955824,0.812
2023-12-21,MSFT,transformer,0.00784785099983242,0.002752369036898017,-0.01738184504210949,0.021873516961932182,603.2525908234488,593.6689247183173,603.2525908234488,593.6689247183173,6.159917595744752,58566.024827283756,0.012029518918650017,0.01579534986124413,1.3574621646722858,0.6546184738955824,0.812
2023-12-22,MSFT,transformer,0.002780245693285362,0.002797234570607543,-0.0170182753354311,0.021641885861754417,604.9321149039843,595.3318981691009,604.9321149039843,595.3318981691009,6.055973583156005,59847.31859383029,0.012029518918650017,0.01579534986124413,1.3574621646722858,0.6546184738955824,0.812
2023-12-26,MSFT,transformer,0.00021359535313365236,0.0026597846299409866,-0.01809944584965706,0.024250779300928116,605.0613393930729,596.917489636588,605.0613393930729,596.917489636588,5.947349723127119,61316.4038464593,0.012029518918650017,0.01579534986124413,1.3574621646722858,0.6546184738955824,0.812
2023-12-27,MSFT,transformer,-0.0015759925509876759,0.0023143624421209097,-0.01722385548055172,0.021054724231362343,604.1085182460282,598.3005898179371,604.1085182460282,598.3005898179371,5.845790560297149,62621.0884324314,0.012029518918650017,0.01579534986124413,1.3574621646722858,0.6546184738955824,0.812
2023-12-28,MSFT,transformer,0.0032294455110106757,0.003236151300370693,-0.014923574402928352,0.021575691178441048,606.0626074023503,600.2399331914431,606.0626074023503,600.2399331914431,5.759198223840769,63986.8652664821,0.012029518918650017,0.01579534986124413,1.3574621646722858,0.6546184738955824,0.812
2023-12-29,MSFT,transformer,0.0020231326663655612,-0.00043278030352666974,-0.017840737476944923,0.017065269872546196,607.2899936251819,599.9802273096665,607.2899936251819,599.9802273096665,5.657360899824823,65088.186436920056,0.012029518918650017,0.01579534986124413,1.3574621646722858,0.6546184738955824,0.812
2023-01-03,MSFT,ensemble,,0.004059440836293178,-0.03410136166048041,0.042220243333066766,386.912388252756,388.87540467166866,386.912388252756,388.87540467166866,374.3151888150995,404.0019878361234,0.012015088438262744,0.015738228820324284,1.6658002025521392,0.6706827309236948,0.968
2023-01-04,MSFT,ensemble,,0.0038787519493194453,-0.034282050547454146,0.04203955444609303,369.9876026077497,390.3866849515155,369.9876026077497,390.3866849515155,361.70036308782096,421.34810838005876,0.012015088438262744,0.015738228820324284,1.6658002025521392,0.6706827309236948,0.968
2023-01-05,MSFT,ensemble,,0.008257810676678147,-0.02990299182009544,0.04641861317345174,359.02200279852633,393.6237715154243,359.02200279852633,393.6237715154243,351.0445543830214,441.36754599239197,0.012015088438262744,0.015738228820324284,1.6658002025521392,0.6706827309236948,0.968
2023-01-06,MSFT,ensemble,,0.009797496207699458,-0.02836330628907413,0.047958298704473046,363.2531930491901,397.4992529304674,363.2531930491901,397.4992529304674,341.2276482380717,463.05056725661456,0.012015088438262744,0.015738228820324284,1.6658002025521392,0.6706827309236948,0.968
2023-01-09,MSFT,ensemble,,0.005807897537687955,-0.03235290495908563,0.043968700034461544,366.7899618462843,399.81460501825165,366.7899618462843,399.81460501825165,330.36461542034897,483.8645270242051,0.012015088438262744,0.015738228820324284,1.6658002025521392,0.6706827309236948,0.968
2023-01-10,MSFT,ensemble,,0.0038286648839679282,-0.03433213761280566,0.04198946738074152,369.5838623275763,401.3482952761107,369.5838623275763,401.3482952761107,319.2149824944677,504.6143287583057,0.012015088438262744,0.015738228820324284,1.6658002025521392,0.6706827309236948,0.968
2023-01-11,MSFT,ensemble,,0.0034638457690745056,-0.03469695672769908,0.041624648265848094,380.759390325691,402.7409143871228,380.759390325691,402.7409143871228,308.3291389621312,526.0620020130407,0.012015088438262744,0.015738228820324284,1.6658002025521392,0.6706827309236948,0.968
2023-01-12,MSFT,ensemble,,0.0010465225574764355,-0.037114279939297154,0.03920732505425002,385.1843680252856,403.16261245863245,385.1843680252856,403.16261245863245,297.09547905712253,547.0971574536072,0.012015088438262744,0.015738228820324284,1.6658002025521392,0.6706827309236948,0.968
2023-01-13,MSFT,ensemble,,0.00158668454138247,-0.03657411795539112,0.03974748703815606,386.3471420035728,403.8028121066142,386.3471420035728,403.8028121066142,286.4257807129374,569.2808470639337,0.012015088438262744,0.015738228820324284,1.6658002025521392,0.6706827309236948,0.968
2023-01-17,MSFT,ensemble,,0.0020429576580561215,-0.03611784483871747,0.04020376015482971,388.15591521554796,404.6286073991437,388.15591521554796,404.6286073991437,276.26529081104223,592.634382137252,0.012015088438262744,0.015738228820324284,1.6658002025521392,0.6706827309236948,0.968
2023-01-18,MSFT,ensemble,,0.0024943048544271464,-0.035666497642346445,0.04065510735120073,380.8239779278843,405.63913425592085,380.8239779278843,405.63913425592085,266.58552328401316,617.2244659534383,0.012015088438262744,0.015738228820324284,1.6658002025521392,0.6706827309236948,0.968
2023-01-19,MSFT,ensemble,,0.006077355587233339,-0.03208344690954025,0.044238158084006926,374.55792089404235,408.11185370189656,374.55792089404235,408.11185370189656,258.16828974278576,645.1423034871475,0.012015088438262744,0.015738228820324284,1.6658002025521392,0.6706827309236948,0.968
2023-01-20,MSFT,ensemble,,0.006384306054400253,-0.031776496442373334,0.04454510855117384,387.9459623843055,410.7256995982301,387.9459623843055,410.7256995982301,250.09357845844048,674.5299153632152,0.012015088438262744,0.015738228820324284,1.6658002025521392,0.6706827309236948,0.968
2023-01-23,MSFT,ensemble,,0.0016221396230876053,-0.036538662873685984,0.03978294211986119,391.7572716148354,411.3924947009335,391.7572716148354,411.3924947009335,241.12042531343585,701.9056327403832,0.012015088438262744,0.015738228820324284,1.6658002025521392,0.6706827309236948,0.968
2023-01-24,MSFT,ensemble,,0.0025768256456393797,-0.03558397685113421,0.04073762814241297,390.8851788099445,412.4539484349638,390.8851788099445,412.4539484349638,232.6912626571741,731.0900187525663,0.012015088438262744,0.015738228820324284,1.6658002025521392,0.6706827309236948,0.968
2023-01-25,MSFT,ensemble,,0.0035183503674789114,-0.034642452129294676,0.0416791528642525,388.57579623568176,413.9076617728357,388.57579623568176,413.9076617728357,224.76829459718348,762.2051534505121,0.012015088438262744,0.015738228820324284,1.6658002025521392,0.6706827309236948,0.968
2023-01-26,MSFT,ensemble,,0.004610522715527022,-0.03355027978124657,0.04277132521230061,400.51035793191033,415.8203984192089,400.51035793191033,415.8203984192089,217.3523544757325,795.5129087907567,0.012015088438262744,0.015738228820324284,1.6658002025521392,0.6706827309236948,0.968
2023-01-27,MSFT,ensemble,,0.0011070976332602795,-0.03705370486351331,0.03926790013003387,400.7687576253855,416.28100712051577,400.7687576253855,416.28100712051577,209.44602839777414,827.372465426575,0.012015088438262744,0.015738228820324284,1.6658002025521392,0.6706827309236948,0.968
2023-01-30,MSFT,ensemble,,0.0015315157988584959,-0.03662928669791509,0.039692318295632086,391.9672244460778,416.91903651102103,391.9672244460778,416.91903651102103,201.91297716450396,860.8732605812702,0.012015088438262744,0.015738228820324284,1.6658002025521392,0.6706827309236948,0.968
2023-01-31,MSFT,ensemble,,0.003639529596708279,-0.034521272900065306,0.04180033209348187,400.20351137620236,418.43919032822026,400.20351137620236,418.43919032822026,195.06162329945656,897.6207264190463,0.012015088438262744,0.015738228820324284,1.6658002025521392,0.6706827309236948,0.968
2023-02-01,MSFT,ensemble,,0.0020578737674518204,-0.03610292872932177,0.04021867626422541,408.1814232552029,419.30117198179045,408.1814232552029,419.30117198179045,188.14493503112274,934.4576445612003,0.012015088438262744,0.015738228820324284,1.6658002025521392,0.6706827309236948,0.968
2023-02-02,MSFT,ensemble,,0.0008711473211660432,-0.03728965517560755,0.03903194981793963,427.3187223923576,419.6666042240731,427.3187223923576,419.6666042240731,181.2582738746119,971.6525206612004,0.012015088438262744,0.015738228820324284,1.6658002025521392,0.6706827309236948,0.968
2023-02-03,MSFT,ensemble,,-0.0008853629577989153,-0.039046165454572505,0.03727543953897467,417.22521538802516,419.2952113910567,417.22521538802516,419.2952113910567,174.31722581782506,1008.5547969837722,0.012015088438262744,0.015738228820324284,1.6658002025521392,0.6706827309236948,0.968
2023-02-06,MSFT,ensemble,,0.00308368755671042,-0.035077114940063166,0.04124449005348401,414.6735492178967,420.59018243388675,414.6735492178967,420.59018243388675,168.3086777826312,1051.0218717791217,0.012015088438262744,0.015738228820324284,1.6658002025521392,0.6706827309236948,0.968
2023-02-07,MSFT,ensemble,,0.0027953240113449997,-0.03536547848542859,0.040956126508118584,432.0989935098928,421.7675130133769,432.0989935098928,421.7675130133769,162.46038424327668,1094.961309257465,0.012015088438262744,0.015738228820324284,1.6658002025521392,0.6706827309236948,0.968
2023-02-08,MSFT,ensemble,,0.0003543366235380095,-0.03780646587323558,0.0385151391203116,430.7585974649864,421.91698717037616,430.7585974649864,421.91698717037616,156.43298648515014,1137.9565657005846,0.012015088438262744,0.015738228820324284,1.6658002025521392,0.6706827309236948,0.968
2023-02-09,MSFT,ensemble,,0.002267223320529843,-0.035893579176243744,0.04042802581730343,425.73604275158544,422.87465241327857,425.73604275158544,422.87465241327857,150.91762191655005,1184.9045153423594,0.012015088438262744,0.015738228820324284,1.6658002025521392,0.6706827309236948,0.968
2023-02-10,MSFT,ensemble,,0.0028359020799909066,-0.035324900416782684,0.04099670457676449,424.8962807113178,424.07558557920504,424.8962807113178,424.07558557920504,145.67953410016744,1234.4911960021088,0.012015088438262744,0.015738228820324284,1.6658002025521392,0.6706827309236948,0.968
2023-02-13,MSFT,ensemble,,0.0034521805897879876,-0.0347086219069856,0.04161298308656158,438.17126309480386,425.54210096588184,438.17126309480386,425.54210096588184,140.70994098663257,1286.945886159244,0.012015088438262744,0.015738228820324284,1.6658002025521392,0.6706827309236948,0.968
2023-02-14,MSFT,ensemble,,0.0015653586165943023,-0.03659544388017929,0.03972616111336789,439.5439899043335,426.2087485955316,439.5439899043335,426.2087485955316,135.65368056241184,1339.100396142907,0.012015088438262744,0.015738228820324284,1.6658002025521392,0.6706827309236948,0.968
2023-02-15,MSFT,ensemble,,0.001712487138801974,-0.03644831535797161,0.039873289635575564,434.9413408534175,426.93925090532815,434.9413408534175,426.93925090532815,130.79835417249114,1393.5735286334234,0.012015088438262744,0.015738228820324284,1.6658002025521392,0.6706827309236948,0.968
2023-02-16,MSFT,ensemble,,0.0032341783615420245,-0.034926624135231565,0.04139498085831561,423.3620479327784,428.322283874417,423.3620479327784,428.322283874417,126.30886690885401,1452.4711000359423,0.012015088438262744,0.015738228820324284,1.6658002025521392,0.6706827309236948,0.968
2023-02-17,MSFT,ensemble,,0.005173540212838863,-0.032987262283934726,0.04333434270961245,416.7568628633075,430.5439684660076,416.7568628633075,430.5439684660076,122.21025582194007,1516.7966676425197,0.012015088438262744,0.015738228820324284,1.6658002025521392,0.6706827309236948,0.968
2023-02-21,MSFT,ensemble,,0.0047235089942320434,-0.03343729350254154,0.04288431149100563,408.05222340846524,432.5824573937111,408.05222340846524,432.5824573937111,118.19143923427153,1583.2583447424604,0.012015088438262744,0.015738228820324284,1.6658002025521392,0.6706827309236948,0.968
2023-02-22,MSFT,ensemble,,0.0057314896551464364,-0.03242931284162715,0.043892292151920025,406.1788625942969,435.0689180282867,406.1788625942969,435.0689180282867,114.42005429929361,1654.2988429212148,0.012015088438262744,0.015738228820324284,1.6658002025521392,0.6706827309236948,0.968
2023-02-23,MSFT,ensemble,,0.005471927344561676,-0.032688875152211916,0.04363272984133526,411.44365161886134,437.45610884854386,411.44365161886134,437.45610884854386,110.74026321317425,1728.0783124068178,0.012015088438262744,0.015738228820324284,1.6658002025521392,0.6706827309236948,0.968
2023-02-24,MSFT,ensemble,,0.0031259506860770066,-0.035034851810696585,0.04128675318285059,402.4806124705439,438.8257146169071,402.4806124705439,438.8257146169071,106.92767126853178,1800.9183733688096,0.012015088438262744,0.015738228820324284,1.6658002025521392,0.6706827309236948,0.968
2023-02-27,MSFT,ensemble,,0.00539164439783193,-0.03276915809894166,0.043552446894605516,403.9986798667717,441.1980965956898,403.9986798667717,441.1980965956898,103.48052992469287,1881.085848529368,0.012015088438262744,0.015738228820324284,1.6658002025521392,0.6706827309236948,0.968
2023-02-28,MSFT,ensemble,,0.0035090296437403313,-0.03465177285303326,0.04166983214051392,402.80359976621236,442.7489932752311,402.80359976621236,442.7489932752311,99.9561615617031,1961.1264376656056,0.012015088438262744,0.015738228820324284,1.6658002025521392,0.6706827309236948,0.968
2023-03-01,MSFT,ensemble,,0.004707877703837504,-0.03345292479293609,0.04286868020061109,397.7164820929693,444.8383156672241,397.7164820929693,444.8383156672241,96.66764748849675,2047.0253722601483,0.012015088438262744,0.015738228820324284,1.6658002025521392,0.6706827309236948,0.968
2023-03-02,MSFT,ensemble,,0.0047888805411717235,-0.03337192195560187,0.04294968303794531,405.53288800295996,446.9737021956202,405.53288800295996,446.9737021956202,93.49489713771166,2136.8598348227333,0.012015088438262744,0.015738228820324284,1.6658002025521392,0.6706827309236948,0.968
2023-03-03,MSFT,ensemble,,0.0031639440663046377,-0.03499685843046895,0.041324746563078225,412.28341365912894,448.3901415743498,412.28341365912894,448.3901415743498,90.27946268738219,2227.015016219913,0.012015088438262744,0.015738228820324284,1.6658002025521392,0.6706827309236948,0.968
2023-03-06,MSFT,ensemble,,0.0037268455776018625,-0.034433956919171727,0.04188764807437545,414.8350551869063,450.064340192577,414.8350551869063,450.064340192577,87.22369654686571,2322.2807371405584,0.012015088438262744,0.015738228820324284,1.6658002025521392,0.6706827309236948,0.968
2023-03-07,MSFT,ensemble,,0.002398282340177834,-0.035762520156595756,0.04055908483695142,410.44235896723274,451.1450169175746,410.44235896723274,451.1450169175746,84.1594760418733,2418.4065284376534,0.012015088438262744,0.015738228820324284,1.6658002025521392,0.6706827309236948,0.968
2023-03-08,MSFT,ensemble,,0.0038533800147898946,-0.03430742248198369,0.04201418251156348,409.715631391391,452.88680383774243,409.715631391391,452.88680383774243,81.32114759509922,2522.1785864557382,0.012015088438262744,0.015738228820324284,1.6658002025521392,0.6706827309236948,0.968
2023-03-09,MSFT,ensemble,,0.004225127214062966,-0.033935675282710624,0.04238592971083655,407.48700180163314,454.80435629643597,407.48700180163314,454.80435629643597,78.60776024917561,2631.3814545859013,0.012015088438262744,0.015738228820324284,1.6658002025521392,0.6706827309236948,0.968
2023-03-10,MSFT,ensemble,,0.004293318893302065,-0.03386748360347153,0.04245412139007565,401.46317907895474,456.76117404762357,401.46317907895474,456.76117404762357,75.9900903659911,2745.4996975597096,0.012015088438262744,0.015738228820324284,1.6658002025521392,0.6706827309236948,0.968
2023-03-13,MSFT,ensemble,,0.005033473041069164,-0.03312732945570442,0.043194275537842754,410.07092480933153,459.0660650403742,410.07092480933153,459.0660650403742,73.51398148454363,2866.6880478506223,0.012015088438262744,0.015738228820324284,1.6658002025521392,0.6706827309236948,0.968
2023-03-14,MSFT,ensemble,,0.0033514537932849385,-0.034809348703488646,0.04151225629005853,421.16572446529244,460.6071847987333,421.16572446529244,460.6071847987333,70.99903345966244,2988.1953084438956,0.012015088438262744,0.015738228820324284,1.6658002025521392,0.6706827309236948,0.968
2023-03-15,MSFT,ensemble,,0.00170724234031548,-0.036453560156458106,0.03986804483708907,428.6752838195753,461.3942245294873,428.6752838195753,461.3942245294873,68.45747184941285,3109.735499690277,0.012015088438262744,0.015738228820324284,1.6658002025521392,0.6706827309236948,0.968
2023-03-16,MSFT,ensemble,,0.0007327428422986332,-0.03742805965447495,0.03889354533907222,446.05228124933865,461.732431739313,446.05228124933865,461.732431739313,65.94259849931962,3233.0669911665536,0.012015088438262744,0.015738228820324284,1.6658002025521392,0.6706827309236948,0.968
2023-03-17,MSFT,ensemble,,-0.001148112749767316,-0.039308915246540906,0.03701268974700627,451.2685741269682,461.20261505029856,451.2685741269682,461.20261505029856,63.40075238518585,3354.9736261321564,0.012015088438262744,0.015738228820324284,1.6658002025521392,0.6706827309236948,0.968
2023-03-20,MSFT,ensemble,,0.00022943690843035708,-0.03793136558834323,0.038390239405203946,439.6408836287986,461.3084440925356,439.6408836287986,461.3084440925356,61.04091414691757,3486.2761078394215,0.012015088438262744,0.015738228820324284,1.6658002025521392,0.6706827309236948,0.968
2023-03-21,MSFT,ensemble,,0.0044336453504099675,-0.03372715714636362,0.04259444784718355,442.1440536519921,463.35826285770105,442.1440536519921,463.35826285770105,59.01650826747257,3637.980051029901,0.012015088438262744,0.015738228820324284,1.6658002025521392,0.6706827309236948,0.968
2023-03-22,MSFT,ensemble,,0.0026041181525794646,-0.03555668434419412,0.040764920649353054,439.737777353264,464.56647500196107,439.737777353264,464.56647500196107,56.954945278585704,3789.346274324206,0.012015088438262744,0.015738228820324284,1.6658002025521392,0.6706827309236948,0.968
2023-03-23,MSFT,ensemble,,0.003625716582303776,-0.03453508591446981,0.041786519079077364,448.41011068583407,466.2539186215458,448.41011068583407,466.2539186215458,55.021578004877206,3951.0447448576824,0.012015088438262744,0.015738228820324284,1.6658002025521392,0.6706827309236948,0.968
2023-03-24,MSFT,ensemble,,0.0014964862324435273,-0.03666431626433006,0.039657288729217116,453.1096534612155,466.95218353318717,453.1096534612155,466.95218353318717,53.04078359284778,4110.8808531217355,0.012015088438262744,0.015738228820324284,1.6658002025521392,0.6706827309236948,0.968
2023-03-27,MSFT,ensemble,,0.0005781807625582861,-0.0375826217342153,0.03873898325933187,446.34296242273484,467.2222443672069,446.34296242273484,467.2222443672069,51.08436581490951,4273.257035674462,0.012015088438262744,0.015738228820324284,1.6658002025521392,0.6706827309236948,0.968
2023-03-28,MSFT,ensemble,,0.003708328719509246,-0.03445247377726434,0.041869131216282836,444.4857669908781,468.958074559647,444.4857669908781,468.958074559647,49.35435572442794,4455.972982863622,0.012015088438262744,0.015738228820324284,1.6658002025521392,0.6706827309236948,0.968
2023-03-29,MSFT,ensemble,,0.0028264335136189605,-0.035334368983154625,0.04098723601039255,453.01275973675007,470.2854283330039,453.01275973675007,470.2854283330039,47.64090090033408,4642.405578455508,0.012015088438262744,0.015738228820324284,1.6658002025521392,0.6706827309236948,0.968
2023-03-30,MSFT,ensemble,,0.0020891920214090075,-0.03607161047536458,0.0402499945181826,458.7296866190184,471.268971945655,458.7296866190184,471.268971945655,45.953041789303875,4833.073835177755,0.012015088438262744,0.015738228820324284,1.6658002025521392,0.6706827309236948,0.968
2023-03-31,MSFT,ensemble,,0.001863078845631279,-0.03629772365114231,0.040023881342404866,465.5932713819644,472.14780160815985,465.5932713819644,472.14780160815985,44.31496014212251,5030.435452237351,0.012015088438262744,0.015738228820324284,1.6658002025521392,0.6706827309236948,0.968
2023-04-03,MSFT,ensemble,,0.0013915086171915137,-0.036769293879582075,0.0395523111139651,463.86530043919635,472.80525666378765,463.86530043919635,472.80525666378765,42.71512303155024,5233.387963410415,0.012015088438262744,0.015738228820324284,1.6658002025521392,0.6706827309236948,0.968
2023-04-04,MSFT,ensemble,,0.002613034639204548,-0.03554776785756904,0.04077383713597814,463.7845228123404,474.0423287292385,463.7845228123404,474.0423287292385,41.22336713421902,5451.183274170371,0.012015088438262744,0.015738228820324284,1.6658002025521392,0.6706827309236948,0.968
2023-04-05,MSFT,ensemble,,0.003026964522358043,-0.03513383797441554,0.041187767019131634,459.198039143736,475.4794119430754,459.198039143736,475.4794119430754,39.80017944929885,5680.393262290065,0.012015088438262744,0.015738228820324284,1.6658002025521392,0.6706827309236948,0.968
2023-04-06,MSFT,ensemble,,0.0027143590562324297,-0.03544644344054116,0.040875161553006016,470.92267265107324,476.7717869823904,470.92267265107324,476.7717869823904,38.41411528571062,5917.390916638854,0.012015088438262744,0.015738228820324284,1.6658002025521392,0.6706827309236948,0.968
2023-04-10,MSFT,ensemble,,0.0012358734036339706,-0.036924929093139616,0.03939667590040756,467.3536223740579,477.3613808101457,467.3536223740579,477.3613808101457,37.02154529804805,6155.169538560116,0.012015088438262744,0.015738228820324284,1.6658002025521392,0.6706827309236948,0.968
2023-04-11,MSFT,ensemble,,0.0025226198189637864,-0.0356381826778098,0.04068342231573738,456.7594320803846,478.56710223917673,456.7594320803846,478.56710223917673,35.725398051209254,6410.746523168561,0.012015088438262744,0.015738228820324284,1.6658002025521392,0.6706827309236948,0.968
2023-04-12,MSFT,ensemble,,0.003658601559601959,-0.03450220093717163,0.04181940405637555,457.8253123342064,480.32119539317995,457.8253123342064,480.32119539317995,34.51381452511085,6684.524846596692,0.012015088438262744,0.015738228820324284,1.6658002025521392,0.6706827309236948,0.968
2023-04-13,MSFT,ensemble,,0.0034238119029669873,-0.0347369905938066,0.04158461439974057,468.0803253075485,481.96854331467443,468.0803253075485,481.96854331467443,33.33549263640684,6968.3588983824775,0.012015088438262744,0.015738228820324284,1.6658002025521392,0.6706827309236948,0.968
2023-04-14,MSFT,ensemble,,0.002546255378707676,-0.035614547118065915,0.04070705787548126,462.104998731805,483.1973220387848,462.104998731805,483.1973220387848,32.169156704907365,7257.87294230924,0.012015088438262744,0.015738228820324284,1.6658002025521392,0.6706827309236948,0.968
2023-04-17,MSFT,ensemble,,0.0032043563520719495,-0.03495644614470164,0.041365158848845535,466.40075194231093,484.74814180958407,466.40075194231093,484.74814180958407,31.06406488102089,7564.391907107109,0.012015088438262744,0.015738228820324284,1.6658002025521392,0.6706827309236948,0.968
2023-04-18,MSFT,ensemble,,0.0018369161108522409,-0.03632388638592135,0.039997718607625826,465.7063304887414,485.6394018152995,465.7063304887414,485.6394018152995,29.955944769523743,7873.082635519611,0.012015088438262744,0.015738228820324284,1.6658002025521392,0.6706827309236948,0.968
2023-04-19,MSFT,ensemble,,0.002906195820576413,-0.035254606676197175,0.04106699831735,465.83555497783004,487.0528178522459,465.83555497783004,487.0528178522459,28.918258799424066,8203.137298935075,0.012015088438262744,0.015738228820324284,1.6658002025521392,0.6706827309236948,0.968
2023-04-20,MSFT,ensemble,,0.003362452785755164,-0.034798349711018424,0.04152325528252875,462.05650258487003,488.69326637621,462.05650258487003,488.69326637621,27.929258700746647,8550.929015350655,0.012015088438262744,0.015738228820324284,1.6658002025521392,0.6706827309236948,0.968
2023-04-21,MSFT,ensemble,,0.0022242752628778323,-0.03593652723389575,0.040385077759651423,461.49130562038914,489.7814644971804,461.49130562038914,489.7814644971804,26.943398427607235,8903.326861662947,0.012015088438262744,0.015738228820324284,1.6658002025521392,0.6706827309236948,0.968
2023-04-24,MSFT,ensemble,,0.003303713452803351,-0.03485708904397024,0.04146451594957694,455.0475772352259,491.402237921693,455.0475772352259,491.402237921693,26.020409790020725,9280.259664744339,0.012015088438262744,0.015738228820324284,1.6658002025521392,0.6706827309236948,0.968
2023-04-25,MSFT,ensemble,,0.003784258205667324,-0.034376544291106266,0.04194506070244091,444.79261354658587,493.2653539053935,444.79261354658587,493.2653539053935,25.141118114978593,9677.79985960343,0.012015088438262744,0.015738228820324284,1.6658002025521392,0.6706827309236948,0.968
2023-04-26,MSFT,ensemble,,0.00538729736201944,-0.03277350513475415,0.04354809985879303,477.0110583335936,495.92989193020156,477.0110583335936,495.92989193020156,24.330511319277154,10108.560994977408,0.012015088438262744,0.015738228820324284,1.6658002025521392,0.6706827309236948,0.968
2023-04-27,MSFT,ensemble,,-0.0015216578711815655,-0.039682460367955155,0.03663914462559202,492.2885767356345,495.1758301641015,492.2885767356345,495.1758301641015,23.383922468081572,10485.798655610377,0.012015088438262744,0.015738228820324284,1.6658002025521392,0.6706827309236948,0.968
2023-04-28,MSFT,ensemble,,-0.0009964297776554256,-0.039157232274429014,0.03716437271911816,496.21296971529256,494.68266796330573,496.21296971529256,494.68266796330573,22.485968218411905,10882.828775988419,0.012015088438262744,0.015738228820324284,1.6658002025521392,0.6706827309236948,0.968
2023-05-01,MSFT,ensemble,,0.0012130969016710185,-0.03694770559510257,0.03937389939844461,493.4675160962333,495.28313011087084,493.4675160962333,495.28313011087084,21.67032415937622,11319.875843494667,0.012015088438262744,0.015738228820324284,1.6658002025521392,0.6706827309236948,0.968
2023-05-02,MSFT,ensemble,,0.0008326123110429105,-0.03732819018573068,0.0389934148078165,493.22528178506974,495.69568066595536,493.22528178506974,495.69568066595536,20.87632170936497,11769.995272714115,0.012015088438262744,0.015738228820324284,1.6658002025521392,0.6706827309236948,0.968
2023-05-03,MSFT,ensemble,,0.0025758622435733754,-0.03558494025320021,0.04073666474034696,491.5941552820649,496.9741703538379,491.5941552820649,496.9741703538379,20.146501367201193,12259.365608808783,0.012015088438262744,0.015738228820324284,1.6658002025521392,0.6706827309236948,0.968
2023-05-04,MSFT,ensemble,,0.0032562920869403295,-0.03490451040983326,0.04141709458371392,493.2252817850697,498.59510109185635,493.2252817850697,498.59510109185635,19.455428541010818,12777.774301335561,0.012015088438262744,0.015738228820324284,1.6658002025521392,0.6706827309236948,0.968
2023-05-05,MSFT,ensemble,,0.00119603362119486,-0.03696476887557873,0.03935683611796845,501.6876622863973,499.1917943575984,501.6876622863973,499.1917943575984,18.749392738513333,13290.694318973316,0.012015088438262744,0.015738228820324284,1.6658002025521392,0.6706827309236948,0.968
2023-05-08,MSFT,ensemble,,0.0014446994334262392,-0.03671610306334735,0.03960550193019983,498.45774004501095,499.9134976567259,498.45774004501095,499.9134976567259,18.073472609631516,13827.641789558473,0.012015088438262744,0.015738228820324284,1.6658002025521392,0.6706827309236948,0.968
2023-05-09,MSFT,ensemble,,0.0038527043827902806,-0.034308098113983304,0.04201350687956387,495.7930640528076,501.8432315402867,495.7930640528076,501.8432315402867,17.46392218386698,14420.966057410142,0.012015088438262744,0.015738228820324284,1.6658002025521392,0.6706827309236948,0.968
2023-05-10,MSFT,ensemble,,0.004009245335995634,-0.03415155716077795,0.042170047832769224,504.3685036609122,503.8592828974829,504.3685036609122,503.8592828974829,16.877571431480558,15042.103539163922,0.012015088438262744,0.015738228820324284,1.6658002025521392,0.6706827309236948,0.968
2023-05-11,MSFT,ensemble,,0.0017553928082568169,-0.03640540968851677,0.039916195305030405,500.8155694815063,504.74453061047194,500.8155694815063,504.74453061047194,16.27418640853393,15654.671440139684,0.012015088438262744,0.015738228820324284,1.6658002025521392,0.6706827309236948,0.968
2023-05-12,MSFT,ensemble,,0.0030916888598947097,-0.03506911363687888,0.041252491356668294,498.97453943196126,506.30745845120794,498.97453943196126,506.30745845120794,15.713356496520767,16313.971018227816,0.012015088438262744,0.015738228820324284,1.6658002025521392,0.6706827309236948,0.968
2023-05-15,MSFT,ensemble,,0.0016398247596745466,-0.036520977737099045,0.03980062725644813,499.7658546099962,507.1383950666012,499.7658546099962,507.1383950666012,15.14984203566208,16976.371842380613,0.012015088438262744,0.015738228820324284,1.6658002025521392,0.6706827309236948,0.968
2023-05-16,MSFT,ensemble,,0.0016337193504066486,-0.03652708314636694,0.039794521847180235,503.4479639937886,507.9675940307218,503.4479639937886,507.9675940307218,14.606447226029294,17665.56046055731,0.012015088438262744,0.015738228820324284,1.6658002025521392,0.6706827309236948,0.968
2023-05-17,MSFT,ensemble,,0.001224501489026677,-0.03693630100774691,0.039385303985800264,507.0977918976599,508.58998208577214,507.0977918976599,508.58998208577214,14.076781262182283,18375.20702072102,0.012015088438262744,0.015738228820324284,1.6658002025521392,0.6706827309236948,0.968
2023-05-18,MSFT,ensemble,,0.002027053943498911,-0.036133748553274676,0.0401878564402725,514.3973984207004,509.62196700576965,514.3973984207004,509.62196700576965,13.577214353827316,19128.706558397836,0.012015088438262744,0.015738228820324284,1.6658002025521392,0.6706827309236948,0.968
2023-05-19,MSFT,ensemble,,0.00091930797360165,-0.037241494523171936,0.03908011047037524,514.1067172473041,510.09068195724643,514.1067172473041,510.09068195724643,13.080878115412325,19891.05788800534,0.012015088438262744,0.015738228820324284,1.6658002025521392,0.6706827309236948,0.968
2023-05-22,MSFT,ensemble,,0.0037681618556946374,-0.03439264064107895,0.04192896435246823,518.6932009159085,512.016412160865,518.6932009159085,512.016412160865,12.638640623680967,20742.80091728182,0.012015088438262744,0.015738228820324284,1.6658002025521392,0.6706827309236948,0.968
2023-05-23,MSFT,ensemble,,0.002658004763023098,-0.035502797733750494,0.04081880725979668,509.13265868083806,513.3791645219487,509.13265868083806,513.3791645219487,12.197805269418112,21607.0154215396,0.012015088438262744,0.015738228820324284,1.6658002025521392,0.6706827309236948,0.968
2023-05-24,MSFT,ensemble,,0.0036957689748531573,-0.03446503352192043,0.04185657147162675,506.8555575864964,515.2800056818315,506.8555575864964,515.2800056818315,11.784569498238174,22530.60532208355,0.012015088438262744,0.015738228820324284,1.6658002025521392,0.6706827309236948,0.968
2023-05-25,MSFT,ensemble,,0.0034315304048580623,-0.03472927209191552,0.041592332901631654,526.3481501415916,517.0512419758583,526.3481501415916,517.0512419758583,11.38232523177347,23487.46687385978,0.012015088438262744,0.015738228820324284,1.6658002025521392,0.6706827309236948,0.968
2023-05-26,MSFT,ensemble,,-0.0001619265300402907,-0.03832272902681388,0.0379988759667333,537.6044311242113,516.96752444062,537.6044311242113,516.96752444062,10.954375932444165,24397.137999867107,0.012015088438262744,0.015738228820324284,1.6658002025521392,0.6706827309236948,0.968
2023-05-30,MSFT,ensemble,,0.0005946570099638342,-0.037566145486809754,0.03875545950673742,534.8912589850731,517.275034225315,534.8912589850731,517.275034225315,10.550495856980088,25361.221373853958,0.012015088438262744,0.015738228820324284,1.6658002025521392,0.6706827309236948,0.968
2023-05-31,MSFT,ensemble,,0.0015283747578479006,-0.03663242773892569,0.03968917725462149,530.337106081092,518.0662287973817,530.337106081092,518.0662287973817,10.170998963542747,26388.029178095112,0.012015088438262744,0.015738228820324284,1.6658002025521392,0.6706827309236948,0.968
2023-06-01,MSFT,ensemble,,0.004480243152915031,-0.03368055934385856,0.04264104564968862,537.1037478348704,520.392498707942,537.1037478348704,520.392498707942,9.834138693879188,27537.5771220359,0.012015088438262744,0.015738228820324284,1.6658002025521392,0.6706827309236948,0.968
2023-06-02,MSFT,ensemble,,0.002148279483810412,-0.03601252301296318,0.040309081980584,541.6579500235537,521.5116489297592,541.6579500235537,521.5116489297592,9.48628763817044,28670.26705737657,0.012015088438262744,0.015738228820324284,1.6658002025521392,0.6706827309236948,0.968
2023-06-05,MSFT,ensemble,,0.00144842297057617,-0.036712379526197415,0.03960922546734976,542.5300428284446,522.267565692939,542.5300428284446,522.267565692939,9.144338730801048,29828.664292156453,0.012015088438262744,0.015738228820324284,1.6658002025521392,0.6706827309236948,0.968
2023-06-06,MSFT,ensemble,,0.0017153045292897869,-0.0364454979674838,0.039876107026063375,538.8802149245734,523.1641823793642,538.8802149245734,523.1641823793642,8.817068735703211,31042.14903263307,0.012015088438262744,0.015738228820324284,1.6658002025521392,0.6706827309236948,0.968
2023-06-07,MSFT,ensemble,,0.003323872845734303,-0.03483692965103929,0.04148467534250789,522.2461350953145,524.906006796819,522.2461350953145,524.906006796819,8.515197789773667,32357.007173958522,0.012015088438262744,0.015738228820324284,1.6658002025521392,0.6706827309236948,0.968
2023-06-08,MSFT,ensemble,,0.005748369656975205,-0.03241243283979838,0.043909172153748795,525.28226988777,527.9320496328169,525.28226988777,527.9320496328169,8.243624464433783,33809.43057656018,0.012015088438262744,0.015738228820324284,1.6658002025521392,0.6706827309236948,0.968
2023-06-09,MSFT,ensemble,,0.0020206765155856483,-0.03614012598118794,0.04018147901235924,527.7531584310425,528.9999080622093,527.7531584310425,528.9999080622093,7.951018100459366,35195.60629772159,0.012015088438262744,0.015738228820324284,1.6658002025521392,0.6706827309236948,0.968
2023-06-12,MSFT,ensemble,,0.002819239885568271,-0.035341562611205316,0.04098004238234186,535.9248577589738,530.4933899551439,535.9248577589738,530.4933899551439,7.674924227656949,36667.8847163049,0.012015088438262744,0.015738228820324284,1.6658002025521392,0.6706827309236948,0.968
2023-06-13,MSFT,ensemble,,0.001411985297494955,-0.03674881719927863,0.039572787794268545,539.8653668362413,531.2429678941572,539.8653668362413,531.2429678941572,7.397999335637423,38148.02869439243,0.012015088438262744,0.015738228820324284,1.6658002025521392,0.6706827309236948,0.968
2023-06-14,MSFT,ensemble,,0.001717903773365036,-0.03644289872340855,0.03987870627013863,544.7909785404745,532.1563765427211,544.7909785404745,532.1563765427211,7.133248244046473,39700.063618483175,0.012015088438262744,0.015738228820324284,1.6658002025521392,0.6706827309236948,0.968
2023-06-15,MSFT,ensemble,,0.0024738375187735966,-0.03568696497799999,0.04063464001554719,562.1679759702378,533.4744746609402,562.1679759702378,533.4744746609402,6.883173016632595,41346.485759847514,0.012015088438262744,0.015738228820324284,1.6658002025521392,0.6706827309236948,0.968
2023-06-16,MSFT,ensemble,,-0.0008502821801219214,-0.039011084676895506,0.03731052031665167,552.8496187616287,533.0210636125707,552.8496187616287,533.0210636125707,6.619823150916111,42918.28463957657,0.012015088438262744,0.015738228820324284,1.6658002025521392,0.6706827309236948,0.968
2023-06-20,MSFT,ensemble,,0.002801925099724395,-0.035358877397049196,0.04096272759649798,545.9375871364499,534.5166429816192,545.9375871364499,534.5166429816192,6.389843507253651,44712.8386321212,0.012015088438262744,0.015738228820324284,1.6658002025521392,0.6706827309236948,0.968
2023-06-21,MSFT,ensemble,,0.002798014748595307,-0.03536278774817828,0.04095881724536889,538.6864274756422,536.0143227199527,538.6864274756422,536.0143227199527,6.1678294807355325,46582.24664905408,0.012015088438262744,0.015738228820324284,1.6658002025521392,0.6706827309236948,0.968
2023-06-22,MSFT,ensemble,,0.002557995403107441,-0.035602807093666144,0.04071879789988103,548.6184285109648,537.3872000518218,548.6184285109648,537.3872000518218,5.952100503102107,48518.16642360599,0.012015088438262744,0.015738228820324284,1.6658002025521392,0.6706827309236948,0.968
2023-06-23,MSFT,ensemble,,0.001824060956968337,-0.03633674153980525,0.03998486345374193,541.0442569121376,538.3683216029365,541.0442569121376,538.3683216029365,5.73970285431333,50497.46599473365,0.012015088438262744,0.015738228820324284,1.6658002025521392,0.6706827309236948,0.968
2023-06-26,MSFT,ensemble,,0.0038887192518746207,-0.03427208324489897,0.042049521748648205,530.6762341167206,540.4659607812831,530.6762341167206,540.4659607812831,5.546323956932525,52666.13653140948,0.012015088438262744,0.015738228820324284,1.6658002025521392,0.6706827309236948,0.968
2023-06-27,MSFT,ensemble,,0.004535334007321836,-0.03362546848945175,0.04269613650409543,540.317553978647,542.9227213367187,540.317553978647,542.9227213367187,5.362926901280363,54963.471770106626,0.012015088438262744,0.015738228820324284,1.6658002025521392,0.6706827309236948,0.968
2023-06-28,MSFT,ensemble,,0.0021059440605414124,-0.03605485843623218,0.040266746557315,542.3847022417461,544.0672909938725,542.3847022417461,544.0672909938725,5.1730115888691515,57221.83529732256,0.012015088438262744,0.015738228820324284,1.6658002025521392,0.6706827309236948,0.968
2023-06-29,MSFT,ensemble,,0.003091451996495272,-0.03506935050027832,0.04125225449326886,541.0927037743703,545.7518514340888,541.0927037743703,545.7518514340888,4.9947416087345236,59631.730062448376,0.012015088438262744,0.015738228820324284,1.6658002025521392,0.6706827309236948,0.968
2023-06-30,MSFT,ensemble,,0.0029473459621759063,-0.03521345653459768,0.041108148458949494,549.9588738405735,547.3627437120574,549.9588738405735,547.3627437120574,4.821920169971438,62134.16287349413,0.012015088438262744,0.015738228820324284,1.6658002025521392,0.6706827309236948,0.968
2023-07-03,MSFT,ensemble,,0.00228041331716154,-0.035880389179612046,0.04044121581393513,545.8406934119845,548.6123813057022,545.8406934119845,548.6123813057022,4.6519748811694095,64698.44584505899,0.012015088438262744,0.015738228820324284,1.6658002025521392,0.6706827309236948,0.968
2023-07-05,MSFT,ensemble,,0.003453687088286094,-0.03470711540848749,0.041614489585059686,546.0990931054596,550.5103924852282,546.0990931054596,550.5103924852282,4.493287963659699,67447.64517326915,0.012015088438262744,0.015738228820324284,1.6658002025521392,0.6706827309236948,0.968
2023-07-06,MSFT,ensemble,,0.0024736654300798197,-0.03568713706669377,0.04063446792685341,551.1377639164699,551.8738566939023,551.1377639164699,551.8738566939023,4.335762907293094,70244.7897208356,0.012015088438262744,0.015738228820324284,1.6658002025521392,0.6706827309236948,0.968
2023-07-07,MSFT,ensemble,,0.0035576270282572965,-0.034603175468516295,0.04171842952503088,544.5971910915434,553.8407146416675,544.5971910915434,553.8407146416675,4.188297836496141,73237.2790019648,0.012015088438262744,0.015738228820324284,1.6658002025521392,0.6706827309236948,0.968
2023-07-10,MSFT,ensemble,,0.0031215705715909223,-0.035039231925182664,0.04128237306836451,535.8925269943502,555.5722686958803,535.8925269943502,555.5722686958803,4.044084415491046,76323.96212145074,0.012015088438262744,0.015738228820324284,1.6658002025521392,0.6706827309236948,0.968
2023-07-11,MSFT,ensemble,,0.00529312770142334,-0.03286767479535025,0.043453930198196926,536.9261257682509,558.5207802013374,536.9261257682509,558.5207802013374,3.913325407546499,79713.65256647252,0.012015088438262744,0.015738228820324284,1.6658002025521392,0.6706827309236948,0.968
2023-07-12,MSFT,ensemble,,0.0043405251729984546,-0.033820277323775134,0.04250132766977204,544.5649096116225,560.9503226380843,544.5649096116225,560.9503226380843,3.7831886910093235,83174.61542839967,0.012015088438262744,0.015738228820324284,1.6658002025521392,0.6706827309236948,0.968
2023-07-13,MSFT,ensemble,,0.002072195208256438,-0.03608860728851715,0.04023299770503003,553.3825835308908,562.1139263994187,553.3825835308908,562.1139263994187,3.6490928986445734,86589.20861388228,0.012015088438262744,0.015738228820324284,1.6658002025521392,0.6706827309236948,0.968
2023-07-14,MSFT,ensemble,,0.0005117266161461928,-0.037649075880627395,0.03867252911291978,557.5491615370103,562.4016486681564,557.5491615370103,562.4016486681564,3.514261978968127,90003.4249915349,0.012015088438262744,0.015738228820324284,1.6658002025521392,0.6706827309236948,0.968
2023-07-17,MSFT,ensemble,,0.002407385750363493,-0.0357534167464101,0.04056818824713708,558.3405259997475,563.7571973928087,558.3405259997475,563.7571973928087,3.3908347267492025,93729.77547534178,0.012015088438262744,0.015738228820324284,1.6658002025521392,0.6706827309236948,0.968
2023-07-18,MSFT,ensemble,,0.002454702823682678,-0.03570609967309091,0.04061550532045627,580.5623575068881,565.1427536458136,580.5623575068881,565.1427536458136,3.271897276348097,97615.02425737942,0.012015088438262744,0.015738228820324284,1.6658002025521392,0.6706827309236948,0.968
2023-07-19,MSFT,ensemble,,0.0005350332281942199,-0.03762576926857937,0.038695835724967806,573.440373050467,565.4452047011546,573.440373050467,565.4452047011546,3.1510768583799638,101466.35384955673,0.012015088438262744,0.015738228820324284,1.6658002025521392,0.6706827309236948,0.968
2023-07-20,MSFT,ensemble,,0.0024732420184949916,-0.0356875604782786,0.04063404451526858,560.1815560492926,566.8454183604563,560.1815560492926,566.8454183604563,3.040605562409035,105674.25524988782,0.012015088438262744,0.015738228820324284,1.6658002025521392,0.6706827309236948,0.968
2023-07-21,MSFT,ensemble,,0.005347996401067739,-0.032812806095705846,0.04350879889784133,555.1751667182033,569.8850262792496,555.1751667182033,569.8850262792496,2.942453884011523,110373.50319813188,0.012015088438262744,0.015738228820324284,1.6658002025521392,0.6706827309236948,0.968
2023-07-24,MSFT,ensemble,,0.004226483192981148,-0.03393431930379244,0.042387285689754736,557.3392087057679,572.2987329169844,557.3392087057679,572.2987329169844,2.8442788860780297,115152.5053684208,0.012015088438262744,0.015738228820324284,1.6658002025521392,0.6706827309236948,0.968
2023-07-25,MSFT,ensemble,,0.0033720093624826884,-0.034788793134290896,0.04153281185925628,566.8190718833866,574.2317869089567,566.8190718833866,574.2317869089567,2.7470312283337863,120035.81964980395,0.012015088438262744,0.015738228820324284,1.6658002025521392,0.6706827309236948,0.968
2023-07-26,MSFT,ensemble,,0.002211672122265602,-0.03594913037450798,0.04037247461903919,545.4853999940441,575.5032048052794,545.4853999940441,575.5032048052794,2.6500318130043667,124981.11800614904,0.012015088438262744,0.015738228820324284,1.6658002025521392,0.6706827309236948,0.968
2023-07-27,MSFT,ensemble,,0.005932512601248295,-0.03222828989552529,0.04409331509802188,534.099943807038,578.9275322094064,534.099943807038,578.9275322094064,2.5659873977491046,130615.25081692723,0.012015088438262744,0.015738228820324284,1.6658002025521392,0.6706827309236948,0.968
2023-07-28,MSFT,ensemble,,0.00671803381267032,-0.03144276868410327,0.044878836309443906,546.4543865234004,582.8298803224479,546.4543865234004,582.8298803224479,2.4865608878726255,136610.63803159128,0.012015088438262744,0.015738228820324284,1.6658002025521392,0.6706827309236948,0.968
2023-07-31,MSFT,ensemble,,0.002809852810281091,-0.035350949686492494,0.04097065530705468,542.4977613485235,584.4698494565278,542.4977613485235,584.4698494565278,2.4001941659658947,142323.90436057356,0.012015088438262744,0.015738228820324284,1.6658002025521392,0.6706827309236948,0.968
2023-08-01,MSFT,ensemble,,0.0017825796078433532,-0.03637822288893024,0.03994338210461694,543.1760174197815,585.5126426463752,543.1760174197815,585.5126426463752,2.3144484617255925,148123.86638462488,0.012015088438262744,0.015738228820324284,1.6658002025521392,0.6706827309236948,0.968
2023-08-02,MSFT,ensemble,,0.001858990393024214,-0.03630181210374937,0.0400197928897978,528.899767027018,586.6021173718183,528.899767027018,586.6021173718183,2.231936516250748,154171.9675267156,0.012015088438262744,0.015738228820324284,1.6658002025521392,0.6706827309236948,0.968
2023-08-03,MSFT,ensemble,,0.006031796818307425,-0.03212900567846616,0.044192599315081016,527.5432055998,590.1510746917193,527.5432055998,590.1510746917193,2.1613663602520394,161138.01776723252,0.012015088438262744,0.015738228820324284,1.6658002025521392,0.6706827309236948,0.968
2023-08-04,MSFT,ensemble,,0.003865870791202756,-0.03429493170557083,0.042026673287976345,529.3519541694241,592.436938073163,529.3519541694241,592.436938073163,2.088499079463441,168054.43155075583,0.012015088438262744,0.015738228820324284,1.6658002025521392,0.6706827309236948,0.968
2023-08-07,MSFT,ensemble,,0.004186169903598848,-0.03397463259317474,0.04234697240037243,533.1147918953702,594.9221779419947,533.1147918953702,594.9221779419947,2.018734907091158,175323.86078231368,0.012015088438262744,0.015738228820324284,1.6658002025521392,0.6706827309236948,0.968
2023-08-08,MSFT,ensemble,,0.0037898510501394975,-0.03437095144663409,0.04195065354691309,526.5580536881321,597.1811222102111,526.5580536881321,597.1811222102111,1.950527951228378,182835.2639087571,0.012015088438262744,0.015738228820324284,1.6658002025521392,0.6706827309236948,0.968
2023-08-09,MSFT,ensemble,,0.004572014024369631,-0.03358878847240396,0.04273281652114322,520.3889396634577,599.9176937307813,520.3889396634577,599.9176937307813,1.886100163342571,190817.67036880934,0.012015088438262744,0.015738228820324284,1.6658002025521392,0.6706827309236948,0.968
2023-08-10,MSFT,ensemble,,0.005272003101568581,-0.032888799395205004,0.04343280559834217,521.5193828771216,603.0888134043503,521.5193828771216,603.0888134043503,1.8250775737274572,199288.03141810044,0.012015088438262744,0.015738228820324284,1.6658002025521392,0.6706827309236948,0.968
2023-08-11,MSFT,ensemble,,0.0037019906275924234,-0.03445881186918116,0.04186279312436601,518.4186851248239,605.3255802295665,518.4186851248239,605.3255802295665,1.763258786839359,207807.87302189952,0.012015088438262744,0.015738228820324284,1.6658002025521392,0.6706827309236948,0.968
2023-08-14,MSFT,ensemble,,0.005062438450218048,-0.03309836404655554,0.043223240946991634,523.3120153491362,608.3977735553802,523.3120153491362,608.3977735553802,1.7058530639383103,216986.94846118958,0.012015088438262744,0.015738228820324284,1.6658002025521392,0.6706827309236948,0.968
2023-08-15,MSFT,ensemble,,0.0035729075859791785,-0.034587894910794406,0.04173371008275277,519.7913626496514,610.5754105070189,519.7913626496514,610.5754105070189,1.6478599094240662,226234.23859259454,0.012015088438262744,0.015738228820324284,1.6658002025521392,0.6706827309236948,0.968
2023-08-16,MSFT,ensemble,,0.003534976326814247,-0.034625826169959344,0.04169577882358783,517.433533213156,612.7375995208156,517.433533213156,612.7375995208156,1.5917779440080864,235866.67178033528,0.012015088438262744,0.015738228820324284,1.6658002025521392,0.6706827309236948,0.968
2023-08-17,MSFT,ensemble,,0.003949821291095245,-0.034210981205678344,0.04211062378786883,511.7488878108088,615.1625895231224,511.7488878108088,615.1625895231224,1.5382426278660817,246011.262913551,0.012015088438262744,0.015738228820324284,1.6658002025521392,0.6706827309236948,0.968
2023-08-18,MSFT,ensemble,,0.004677667632571244,-0.033483134864202346,0.04283847012934483,511.102913219472,618.0468562182693,511.102913219472,618.0468562182693,1.4875901761421668,256778.9990868973,0.012015088438262744,0.015738228820324284,1.6658002025521392,0.6706827309236948,0.968
2023-08-21,MSFT,ensemble,,0.004696850488683596,-0.03346395200808999,0.042857652985457184,519.8236934142748,620.9565577643945,519.8236934142748,620.9565577643945,1.4386332446427244,268023.17273459415,0.012015088438262744,0.015738228820324284,1.6658002025521392,0.6706827309236948,0.968
2023-08-22,MSFT,ensemble,,0.003927165134961879,-0.03423363736181171,0.042087967631735466,520.7603491790079,623.3999513731737,520.7603491790079,623.3999513731737,1.3902170553042703,279544.4768061913,0.012015088438262744,0.015738228820324284,1.6658002025521392,0.6706827309236948,0.968
2023-08-23,MSFT,ensemble,,0.0022763756801514688,-0.03588442681662212,0.040437178176925055,528.0922864666716,624.8206602815952,528.0922864666716,624.8206602815952,1.3412143876932692,291080.12939390907,0.012015088438262744,0.015738228820324284,1.6658002025521392,0.6706827309236948,0.968
2023-08-24,MSFT,ensemble,,0.0021228174792592017,-0.03603798501751439,0.04028361997603279,516.7391117595865,626.1484493289186,516.7391117595865,626.1484493289186,1.2937402968870302,303045.272331998,0.012015088438262744,0.015738228820324284,1.6658002025521392,0.6706827309236948,0.968
2023-08-25,MSFT,ensemble,,0.004454437199581965,-0.03370636529719162,0.042615239696355556,521.6001605039777,628.9438095301741,521.6001605039777,628.9438095301741,1.2508597472822962,316238.7441164143,0.012015088438262744,0.015738228820324284,1.6658002025521392,0.6706827309236948,0.968
2023-08-28,MSFT,ensemble,,0.002674954724193226,-0.03548584777258036,0.040835757220966815,522.7629344822649,630.6284579192873,522.7629344822649,630.6284579192873,1.2072502645947372,329419.8921307842,0.012015088438262744,0.015738228820324284,1.6658002025521392,0.6706827309236948,0.968
2023-08-29,MSFT,ensemble,,0.0036282628540148174,-0.03453253964275877,0.041789065350788406,530.3693875610132,632.9206996409417,530.3693875610132,632.9206996409417,1.1662724530019792,343477.7276980751,0.012015088438262744,0.015738228820324284,1.6658002025521392,0.6706827309236948,0.968
2023-08-30,MSFT,ensemble,,0.003163795310631969,-0.03499700718614162,0.04132459780740556,530.983080672429,634.926302167462,530.983080672429,634.926302167462,1.126162367840007,357969.170961785,0.012015088438262744,0.015738228820324284,1.6658002025521392,0.6706827309236948,0.968
2023-08-31,MSFT,ensemble,,0.0034090958379772063,-0.03475170665879638,0.0415698983347508,529.319672689503,637.0945205137663,529.319672689503,637.0945205137663,1.087698516745396,373163.53917918913,0.012015088438262744,0.015738228820324284,1.6658002025521392,0.6706827309236948,0.968
2023-09-01,MSFT,ensemble,,0.002205119387712189,-0.0359556831090614,0.040365921884485775,530.7731278411864,638.5009400843886,530.7731278411864,638.5009400843886,1.049284316402675,388534.7794831574,0.012015088438262744,0.015738228820324284,1.6658002025521392,0.6706827309236948,0.968
2023-09-05,MSFT,ensemble,,0.0034529352082009373,-0.03470786728857265,0.04161373770497453,538.6702620933308,640.709453192913,538.6702620933308,640.709453192913,1.0134906496418215,405044.2927676153,0.012015088438262744,0.015738228820324284,1.6658002025521392,0.6706827309236948,0.968
2023-09-06,MSFT,ensemble,,0.0018636341654025492,-0.03629716833137104,0.04002443666217614,537.5882657418996,641.9046145458321,537.5882657418996,641.9046145458321,0.9773634330930552,421584.7659363001,0.012015088438262744,0.015738228820324284,1.6658002025521392,0.6706827309236948,0.968
2023-09-07,MSFT,ensemble,,0.0029226559372556495,-0.03523814655951794,0.04108345843402924,532.7918292420527,643.7834250997095,532.7918292420527,643.7834250997095,0.9435227012041296,439265.63494887995,0.012015088438262744,0.015738228820324284,1.6658002025521392,0.6706827309236948,0.968
2023-09-08,MSFT,ensemble,,0.0030428230677515466,-0.03511797942902204,0.041203625564525136,539.8330360716179,645.7453275034507,539.8330360716179,645.7453275034507,0.910963149392288,457743.02535806835,0.012015088438262744,0.015738228820324284,1.6658002025521392,0.6706827309236948,0.968
2023-09-11,MSFT,ensemble,,0.001998236931977867,-0.03616256556479572,0.04015903942875146,545.7599650698309,647.0369697393409,545.7599650698309,647.0369697393409,0.8786089166169471,476499.6488101822,0.012015088438262744,0.015738228820324284,1.6658002025521392,0.6706827309236948,0.968
2023-09-12,MSFT,ensemble,,0.001901644316686491,-0.0362591581800871,0.04006244681346008,535.795633269885,648.2685745815567,535.795633269885,648.2685745815567,0.8473219443124406,495976.9395929173,0.012015088438262744,0.015738228820324284,1.6658002025521392,0.6706827309236948,0.968
2023-09-13,MSFT,ensemble,,0.0038896470230761733,-0.03427115547369741,0.042050449519849764,542.7238302773754,650.7950208195851,542.7238302773754,650.7950208195851,0.8187752011458717,517277.70764286915,0.012015088438262744,0.015738228820324284,1.6658002025521392,0.6706827309236948,0.968
2023-09-14,MSFT,ensemble,,0.0023724662013759746,-0.03578833629539761,0.04053326869814956,546.9873512926625,652.3408429908635,546.9873512926625,652.3408429908635,0.7899907450025995,538675.3935106308,0.012015088438262744,0.015738228820324284,1.6658002025521392,0.6706827309236948,0.968
2023-09-15,MSFT,ensemble,,0.002400265932215565,-0.03576053656455802,0.040561068428989155,533.2924632466916,653.908515154882,533.2924632466916,653.908515154882,0.762239410723477,560973.8097721976,0.012015088438262744,0.015738228820324284,1.6658002025521392,0.6706827309236948,0.968
2023-09-18,MSFT,ensemble,,0.004517097796636851,-0.03364370470013674,0.04267790029341044,531.4191024325232,656.8689651551842,531.4191024325232,656.8689651551842,0.7370214446180813,585433.2197995024,0.012015088438262744,0.015738228820324284,1.6658002025521392,0.6706827309236948,0.968
2023-09-19,MSFT,ensemble,,0.003781085283287112,-0.034379717213486476,0.0419418877800607,530.7569624588748,659.3573441543732,530.7569624588748,659.3573441543732,0.7121134735861344,610509.5935075355,0.012015088438262744,0.015738228820324284,1.6658002025521392,0.6706827309236948,0.968
2023-09-20,MSFT,ensemble,,0.004112102241509025,-0.03404870025526456,0.042272904738282616,518.0310609422602,662.0742712798244,518.0310609422602,662.0742712798244,0.6882750716489004,636870.8656563361,0.012015088438262744,0.015738228820324284,1.6658002025521392,0.6706827309236948,0.968
2023-09-21,MSFT,ensemble,,0.005641916971385193,-0.0325188855253884,0.04380271946815878,516.0285249237053,665.820196510397,516.0285249237053,665.820196510397,0.6662531383560121,665387.5359972551,0.012015088438262744,0.015738228820324284,1.6658002025521392,0.6706827309236948,0.968
2023-09-22,MSFT,ensemble,,0.0034438488169779525,-0.03471695367979564,0.04160465131375154,511.9588406420512,668.117133488159,511.9588406420512,668.117133488159,0.6435197591195333,693654.6978311528,0.012015088438262744,0.015738228820324284,1.6658002025521392,0.6706827309236948,0.968
2023-09-25,MSFT,ensemble,,0.003569493834737773,-0.034591308662035816,0.04173029633151136,512.8147680646305,670.5062348816901,512.8147680646305,670.5062348816901,0.6216401719194049,723213.5748677282,0.012015088438262744,0.015738228820324284,1.6658002025521392,0.6706827309236948,0.968
2023-09-26,MSFT,ensemble,,0.003425878654976585,-0.034734923841797,0.041586681151750175,504.0939878698277,672.8072471236492,504.0939878698277,672.8072471236492,0.6004182524398923,753923.768877132,0.012015088438262744,0.015738228820324284,1.6658002025521392,0.6706827309236948,0.968
2023-09-27,MSFT,ensemble,,0.00646809610541991,-0.03169270639135368,0.0446288986021935,505.14370274133785,677.1731333232088,505.14370274133785,677.1731333232088,0.5816877509552327,788332.6608506589,0.012015088438262744,0.015738228820324284,1.6658002025521392,0.6706827309236948,0.968
2023-09-28,MSFT,ensemble,,0.003859570367499553,-0.03430123212927404,0.04202037286427314,506.5164295508675,679.79178085879,506.5164295508675,679.79178085879,0.5620734645794053,822164.5290957915,0.012015088438262744,0.015738228820324284,1.6658002025521392,0.6706827309236948,0.968
2023-09-29,MSFT,ensemble,,0.0037160593675768794,-0.03444474312919671,0.04187686186435047,509.92397385887307,682.3226269488215,509.92397385887307,682.3226269488215,0.5430426261845608,857325.2720829941,0.012015088438262744,0.015738228820324284,1.6658002025521392,0.6706827309236948,0.968
2023-10-02,MSFT,ensemble,,0.004023597815788947,-0.03413720468098464,0.042184400312562535,519.694468925186,685.0735493717018,519.694468925186,685.0735493717018,0.5248175159135644,894264.6802322799,0.012015088438262744,0.015738228820324284,1.6658002025521392,0.6706827309236948,0.968
2023-10-03,MSFT,ensemble,,0.002129106045388524,-0.03603169645138506,0.04028990854216211,506.11268927069426,686.5336974606844,506.11268927069426,686.5336974606844,0.5062440761808892,931030.1886488186,0.012015088438262744,0.015738228820324284,1.6658002025521392,0.6706827309236948,0.968
2023-10-04,MSFT,ensemble,,0.005620527526184266,-0.032540274970589325,0.04378133002295785,515.1079852565816,690.4032432625817,515.1079852565816,690.4032432625817,0.49003589425853933,972697.396031999,0.012015088438262744,0.015738228820324284,1.6658002025521392,0.6706827309236948,0.968
2023-10-05,MSFT,ensemble,,0.004710383503978064,-0.03345041899279552,0.042871186000751654,515.7539598479185,693.6629785853141,515.7539598479185,693.6629785853141,0.473915114828618,1015304.8780346594,0.012015088438262744,0.015738228820324284,1.6658002025521392,0.6706827309236948,0.968
2023-10-06,MSFT,ensemble,,0.0035248248475808755,-0.03463597764919271,0.041685627344354464,528.5121921291563,696.1123333253249,528.5121921291563,696.1123333253249,0.4577816141370138,1058523.028543033,0.012015088438262744,0.015738228820324284,1.6658002025521392,0.6706827309236948,0.968
2023-10-09,MSFT,ensemble,,0.00257583256735983,-0.035584969929413755,0.04073663506413342,532.6464886553548,697.9077134506614,532.6464886553548,697.9077134506614,0.4417779036840063,1102534.0390096242,0.012015088438262744,0.015738228820324284,1.6658002025521392,0.6706827309236948,0.968
2023-10-10,MSFT,ensemble,,0.002741766008920065,-0.03541903648785352,0.040902568505693654,530.3371060810921,699.8238386799372,530.3371060810921,699.8238386799372,0.4264044201278323,1148565.4980731693,0.012015088438262744,0.015738228820324284,1.6658002025521392,0.6706827309236948,0.968
2023-10-11,MSFT,ensemble,,0.0029132269408339156,-0.03524757555593967,0.041074029437607504,536.8453974260975,701.8655568908798,536.8453974260975,701.8655568908798,0.4116364938414,1196723.9720478891,0.012015088438262744,0.015738228820324284,1.6658002025521392,0.6706827309236948,0.968
2023-10-12,MSFT,ensemble,,0.0018731596278905168,-0.03628764286888307,0.040033962124664105,534.8105306429194,703.181495212751,534.8105306429194,703.181495212751,0.3969669470922348,1245605.5065328998,0.012015088438262744,0.015738228820324284,1.6658002025521392,0.6706827309236948,0.968
2023-10-13,MSFT,ensemble,,0.002155219264102709,-0.036005583232670876,0.0403160217608763,529.2712258272703,704.6986398197781,529.2712258272703,704.6986398197781,0.3829281743630906,1296849.3994724283,0.012015088438262744,0.015738228820324284,1.6658002025521392,0.6706827309236948,0.968
2023-10-16,MSFT,ensemble,,0.0028054514637586014,-0.03535535103301499,0.04096625396053219,537.2006908440381,706.678413431264,537.2006908440381,706.678413431264,0.36962614882888983,1351079.6830581212,0.012015088438262744,0.015738228820324284,1.6658002025521392,0.6706827309236948,0.968
2023-10-17,MSFT,ensemble,,0.0023905498099295644,-0.03577025268684402,0.040551352306703155,536.2639857946028,708.369784225762,536.2639857946028,708.369784225762,0.3566382039428174,1406993.8263947465,0.012015088438262744,0.015738228820324284,1.6658002025521392,0.6706827309236948,0.968
2023-10-18,MSFT,ensemble,,0.0019312767990857637,-0.03622952569768782,0.040092079295859354,533.1147918953702,709.7391642555214,533.1147918953702,709.7391642555214,0.3439486276093206,1464549.1821828033,0.012015088438262744,0.015738228820324284,1.6658002025521392,0.6706827309236948,0.968
2023-10-19,MSFT,ensemble,,0.0030412067112037472,-0.03511959578556984,0.041202009207977335,535.0689303363946,711.9009132616955,535.0689303363946,711.9009132616955,0.3320789401172198,1526151.914734319,0.012015088438262744,0.015738228820324284,1.6658002025521392,0.6706827309236948,0.968
2023-10-20,MSFT,ensemble,,0.0028898028330214378,-0.03527099966375215,0.04105060532979503,527.5593709821118,713.9611419312521,527.5593709821118,713.9611419312521,0.32057033697619275,1590105.0515027402,0.012015088438262744,0.015738228820324284,1.6658002025521392,0.6706827309236948,0.968
2023-10-23,MSFT,ensemble,,0.004544152545041931,-0.03361664995173166,0.04270495504181552,531.8390080950082,717.2128728565987,531.8390080950082,717.2128728565987,0.30997295832829014,1659481.2262507968,0.012015088438262744,0.015738228820324284,1.6658002025521392,0.6706827309236948,0.968
2023-10-24,MSFT,ensemble,,0.0021424713993906464,-0.03601833109738294,0.040303273896164234,533.7930972513304,718.751128169569,533.7930972513304,718.751128169569,0.29900692431834797,1727729.8357646444,0.012015088438262744,0.015738228820324284,1.6658002025521392,0.6706827309236948,0.968
2023-10-25,MSFT,ensemble,,0.0029265442340476373,-0.03523425826272595,0.04108734673082123,550.1688266718164,720.8576660741264,550.1688266718164,720.8576660741264,0.2886550778623747,1800196.2015911315,0.012015088438262744,0.015738228820324284,1.6658002025521392,0.6706827309236948,0.968
2023-10-26,MSFT,ensemble,,0.0014580128259322205,-0.03670278967084137,0.03961881532270581,529.5296255207456,721.9094523695645,529.5296255207456,721.9094523695645,0.2782526971706421,1872949.5265266842,0.012015088438262744,0.015738228820324284,1.6658002025521392,0.6706827309236948,0.968
2023-10-27,MSFT,ensemble,,0.004848058569094649,-0.03331274392767894,0.04300886106586824,532.6303232730432,725.4178091642433,532.6303232730432,725.4178091642433,0.26913602999984065,1955260.3114973663,0.012015088438262744,0.015738228820324284,1.6658002025521392,0.6706827309236948,0.968
2023-10-30,MSFT,ensemble,,0.002547554784721321,-0.035613247712052265,0.04070835728149491,544.7425316782421,727.2682067687753,544.7425316782421,727.2682067687753,0.25971988680477615,2036498.0559776903,0.012015088438262744,0.015738228820324284,1.6658002025521392,0.6706827309236948,0.968
2023-10-31,MSFT,ensemble,,0.0011960496130129065,-0.03696475288376068,0.0393568521097865,546.0344808609158,728.1385760246858,546.0344808609158,728.1385760246858,0.2502946787994819,2118246.334433686,0.012015088438262744,0.015738228820324284,1.6658002025521392,0.6706827309236948,0.968
2023-11-01,MSFT,ensemble,,0.002971857336864066,-0.03518894515990952,0.041132659833637654,558.889606866619,730.305718618402,558.889606866619,730.305718618402,0.24164023644252952,2207192.189921529,0.012015088438262744,0.015738228820324284,1.6658002025521392,0.6706827309236948,0.968
2023-11-02,MSFT,ensemble,,0.001319235872884763,-0.03684156662388882,0.039480038369658355,562.5232693881787,731.2697999060632,562.5232693881787,731.2697999060632,0.23289982538252885,2296075.2305260045,0.012015088438262744,0.015738228820324284,1.6658002025521392,0.6706827309236948,0.968
2023-11-03,MSFT,ensemble,,0.00245810144613939,-0.035702701050634195,0.04061890394291298,569.7582636666748,733.069546332165,569.7582636666748,733.069546332165,0.22473135837526173,2391259.3402399174,0.012015088438262744,0.015738228820324284,1.6658002025521392,0.6706827309236948,0.968
2023-11-06,MSFT,ensemble,,0.0018909618243350486,-0.03626984067243854,0.040051764321108636,575.7820863893531,734.457064317182,575.7820863893531,734.457064317182,0.21672643400021974,2488977.322096615,0.012015088438262744,0.015738228820324284,1.6658002025521392,0.6706827309236948,0.968
2023-11-07,MSFT,ensemble,,0.0007310758902049589,-0.03742972660656863,0.038891878386978544,582.2419308721259,734.9942044904864,582.2419308721259,734.9942044904864,0.20876436146619587,2587685.354150257,0.012015088438262744,0.015738228820324284,1.6658002025521392,0.6706827309236948,0.968
2023-11-08,MSFT,ensemble,,0.0019305122503452668,-0.03623029024642832,0.040091314747118856,586.5538987496456,736.4144903046671,586.5538987496456,736.4144903046671,0.2013361438241919,2693536.7452166495,0.012015088438262744,0.015738228820324284,1.6658002025521392,0.6706827309236948,0.968
2023-11-09,MSFT,ensemble,,0.0018400831695490347,-0.036320719327224554,0.04000088566632262,582.500330565601,737.7708016942739,582.500330565601,737.7708016942739,0.1941546777231831,2803464.548037624,0.012015088438262744,0.015738228820324284,1.6658002025521392,0.6706827309236948,0.968
2023-11-10,MSFT,ensemble,,0.0019895522730460557,-0.03617125022372753,0.040150354769819645,597.0026991719186,739.2400964044257,597.0026991719186,739.2400964044257,0.187257354690156,2918314.856237552,0.012015088438262744,0.015738228820324284,1.6658002025521392,0.6706827309236948,0.968
2023-11-13,MSFT,ensemble,,0.0026735534714511003,-0.035487249025322486,0.04083435596822469,592.1739319074485,741.219138689258,592.1739319074485,741.219138689258,0.1807286346147918,3039948.8865185147,0.012015088438262744,0.015738228820324284,1.6658002025521392,0.6706827309236948,0.968
2023-11-14,MSFT,ensemble,,0.0030174066043112853,-0.035143395892462306,0.04117820910108487,597.9716364165727,743.4590759147655,597.9716364165727,743.4590759147655,0.17448752586835692,3167741.6182578625,0.012015088438262744,0.015738228820324284,1.6658002025521392,0.6706827309236948,0.968
2023-11-15,MSFT,ensemble,,0.0030786234726473305,-0.035082179024126255,0.04123942596942092,597.0026991719185,745.7514333189202,597.0026991719185,745.7514333189202,0.16847225459349768,3301108.5513109257,0.012015088438262744,0.015738228820324284,1.6658002025521392,0.6706827309236948,0.968
2023-11-16,MSFT,ensemble,,0.001395737217687718,-0.03676506527908587,0.039556539714461304,607.4999464564243,746.7930330802304,607.4999464564243,746.7930330802304,0.1623908379852295,3434306.030909817,0.012015088438262744,0.015738228820324284,1.6658002025521392,0.6706827309236948,0.968
2023-11-17,MSFT,ensemble,,0.0010798796854506677,-0.03708092281132292,0.039240682182224255,597.2933803453149,747.5999152953347,597.2933803453149,747.5999152953347,0.15647951189131656,3571749.5958051314,0.012015088438262744,0.015738228820324284,1.6658002025521392,0.6706827309236948,0.968
2023-11-20,MSFT,ensemble,,0.002800528580202382,-0.035360273916571205,0.04096133107697597,609.5509293372119,749.6965246616002,609.5509293372119,749.6965246616002,0.15104303754522216,3721090.943509449,0.012015088438262744,0.015738228820324284,1.6658002025521392,0.6706827309236948,0.968
2023-11-21,MSFT,ensemble,,0.0016802634608448779,-0.03648053903592871,0.039841065957618466,602.493557125335,750.9572712352915,602.493557125335,750.9572712352915,0.14563220129137186,3872336.050822084,0.012015088438262744,0.015738228820324284,1.6658002025521392,0.6706827309236948,0.968
2023-11-22,MSFT,ensemble,,0.0027647505154869446,-0.03539605198128665,0.04092555301226053,610.2130693108603,753.0363534855611,610.2130693108603,753.0363534855611,0.14056755926213996,4034101.130071799,0.012015088438262744,0.015738228820324284,1.6658002025521392,0.6706827309236948,0.968
2023-11-24,MSFT,ensemble,,0.002258198347132196,-0.035902604149641394,0.04041900084390578,609.5347639549002,754.7387804197224,609.5347639549002,754.7387804197224,0.1356103388619322,4200495.562874491,0.012015088438262744,0.015738228820324284,1.6658002025521392,0.6706827309236948,0.968
2023-11-27,MSFT,ensemble,,0.0025986439601598504,-0.035562158536613736,0.04075944645693344,611.4404062489897,756.7026283586038,611.4404062489897,756.7026283586038,0.13087248593724585,4375242.539821444,0.012015088438262744,0.015738228820324284,1.6658002025521392,0.6706827309236948,0.968
2023-11-28,MSFT,ensemble,,0.002847983241757978,-0.03531281925501561,0.04100878573853157,618.0456406031627,758.8607764892884,618.0456406031627,758.8607764892884,0.12633165610375688,4558395.701081947,0.012015088438262744,0.015738228820324284,1.6658002025521392,0.6706827309236948,0.968
2023-11-29,MSFT,ensemble,,0.0027343384961637423,-0.03542646400060984,0.04089514099293733,611.8280304315535,760.9385981629792,611.8280304315535,760.9385981629792,0.12193451960574632,4748676.19150365,0.012015088438262744,0.015738228820324284,1.6658002025521392,0.6706827309236948,0.968
2023-11-30,MSFT,ensemble,,0.0025537196296546946,-0.035607082867118896,0.04071452212642828,611.924924156019,762.8843053359626,611.924924156019,762.8843053359626,0.11766917593152418,4946006.111801262,0.012015088438262744,0.015738228820324284,1.6658002025521392,0.6706827309236948,0.968
2023-12-01,MSFT,ensemble,,0.00361927789241114,-0.034541524604362446,0.04178008038918473,604.8191050819094,765.6503982467326,604.8191050819094,765.6503982467326,0.1136740984379949,5157028.20951023,0.012015088438262744,0.015738228820324284,1.6658002025521392,0.6706827309236948,0.968
2023-12-04,MSFT,ensemble,,0.00333609250931416,-0.03482470998745943,0.04149689500608775,596.1467717493392,768.208944205133,596.1467717493392,768.208944205133,0.10978356741629411,5375531.109487139,0.012015088438262744,0.015738228820324284,1.6658002025521392,0.6706827309236948,0.968
2023-12-05,MSFT,ensemble,,0.004200986831754857,-0.03395981566501873,0.042361789328528444,601.6052989381324,771.4429681535373,601.6052989381324,771.4429681535373,0.10611793213489552,5608140.31277041,0.012015088438262744,0.015738228820324284,1.6658002025521392,0.6706827309236948,0.968
2023-12-06,MSFT,ensemble,,0.003582180492985463,-0.034578622003788126,0.04174298298975905,595.5976415977656,774.2113716055796,595.5976415977656,774.2113716055796,0.10251123691146745,5847195.546387394,0.012015088438262744,0.015738228820324284,1.6658002025521392,0.6706827309236948,0.968
2023-12-07,MSFT,ensemble,,0.003208280404089364,-0.03495252209268422,0.041369082900862955,599.0698474350177,776.6992475455496,599.0698474350177,776.6992475455496,0.09899010532045353,6094161.827436489,0.012015088438262744,0.015738228820324284,1.6658002025521392,0.6706827309236948,0.968
2023-12-08,MSFT,ensemble,,0.003641649603370651,-0.03451915289340294,0.04180245210014424,604.3669179395032,779.5328704516451,604.3669179395032,779.5328704516451,0.0956313548597418,6354312.317396613,0.012015088438262744,0.015738228820324284,1.6658002025521392,0.6706827309236948,0.968
2023-12-11,MSFT,ensemble,,0.002146025905771796,-0.036014776591001794,0.04030682840254538,599.6350443994985,781.2075645117301,599.6350443994985,781.2075645117301,0.09224849508973637,6615666.285468241,0.012015088438262744,0.015738228820324284,1.6658002025521392,0.6706827309236948,0.968
2023-12-12,MSFT,ensemble,,0.0030037914555832348,-0.03515701104119035,0.041164593952356825,604.6091522506667,783.5576769758751,604.6091522506667,783.5576769758751,0.08906166173816701,6893680.413833117,0.012015088438262744,0.015738228820324284,1.6658002025521392,0.6706827309236948,0.968
2023-12-13,MSFT,ensemble,,0.002347166164391973,-0.03581363633238162,0.04050796866116556,604.5929868683552,785.3989771164776,604.5929868683552,785.3989771164776,0.08592847997176424,7178662.458108262,0.012015088438262744,0.015738228820324284,1.6658002025521392,0.6706827309236948,0.968
2023-12-14,MSFT,ensemble,,0.002925111018468353,-0.035235691478305235,0.04108591351524194,590.9627110669285,787.6997196415082,590.9627110669285,787.6997196415082,0.08295345194556303,7479747.18075009,0.012015088438262744,0.015738228820324284,1.6658002025521392,0.6706827309236948,0.968
2023-12-15,MSFT,ensemble,,0.00429806551336272,-0.03386273698341087,0.042458868010136305,598.714554017077,791.0925908095195,598.714554017077,791.0925908095195,0.0801914494267365,7804167.298478385,0.012015088438262744,0.015738228820324284,1.6658002025521392,0.6706827309236948,0.968
2023-12-18,MSFT,ensemble,,0.00422134524314092,-0.03393945725363267,0.04238214773991451,601.8152517693748,794.4391242215347,601.8152517693748,794.4391242215347,0.07751546278840571,8142033.852222355,0.012015088438262744,0.015738228820324284,1.6658002025521392,0.6706827309236948,0.968
2023-12-19,MSFT,ensemble,,0.002816580195175864,-0.03534422230159773,0.04097738269194945,602.8004036810427,796.6798798777425,602.8004036810427,796.6798798777425,0.07482359033032449,8482603.256539885,0.012015088438262744,0.015738228820324284,1.6658002025521392,0.6706827309236948,0.968
2023-12-20,MSFT,ensemble,,0.0020398852001682656,-0.036120917296605326,0.04020068769694185,598.5368826657557,798.3066740465425,598.5368826657557,798.3066740465425,0.07216912311282662,8830556.868911007,0.012015088438262744,0.015738228820324284,1.6658002025521392,0.6706827309236948,0.968
2023-12-21,MSFT,ensemble,,0.0024660282212709958,-0.03569477427550259,0.040626830718044585,603.2525908234488,800.2777501997891,603.2525908234488,800.2777501997891,0.0696384963169413,9196701.700019829,0.012015088438262744,0.015738228820324284,1.6658002025521392,0.6706827309236948,0.968
2023-12-22,MSFT,ensemble,,0.0028724374569827826,-0.035288365039790805,0.04103323995375637,604.9321149039843,802.5798026534679,604.9321149039843,802.5798026534679,0.06722392139965085,9581921.527574377,0.012015088438262744,0.015738228820324284,1.6658002025521392,0.6706827309236948,0.968
2023-12-26,MSFT,ensemble,,0.0022886619121012617,-0.03587214058467233,0.04044946440887485,605.0613393930729,804.4187400294963,605.0613393930729,804.4187400294963,0.06485519508526541,9977450.66466786,0.012015088438262744,0.015738228820324284,1.6658002025521392,0.6706827309236948,0.968
2023-12-27,MSFT,ensemble,,0.001765583511399166,-0.03639521898537442,0.039926386008172755,604.1085182460282,805.8402630326663,604.1085182460282,805.8402630326663,0.06253721364209307,10383873.724227944,0.012015088438262744,0.015738228820324284,1.6658002025521392,0.6706827309236948,0.968
2023-12-28,MSFT,ensemble,,0.0027896495095054534,-0.03537115298726813,0.040950452006279045,606.0626074023503,808.0914134275747,606.0626074023503,808.0914134275747,0.0603638638238678,10817924.683561727,0.012015088438262744,0.015738228820324284,1.6658002025521392,0.6706827309236948,0.968
2023-12-29,MSFT,ensemble,,0.0019450991347384774,-0.03621570336203511,0.040105901631512064,607.2899936251819,809.6647609990707,607.2899936251819,809.6647609990707,0.058216856388728346,11260605.018353596,0.012015088438262744,0.015738228820324284,1.6658002025521392,0.6706827309236948,0.968
2023-01-03,NVDA,lstm,-0.020672086058572937,0.006656542420387268,-0.026493802666664124,0.03629542887210846,104.25245492696696,107.14081439579695,104.25245492696696,107.14081439579695,103.64728842891054,110.36388210351743,0.021293016927084886,0.029803978117857826,149394598922.58914,0.5542168674698795,0.756
2023-01-04,NVDA,lstm,0.02986734722440986,0.008587106131017208,-0.020461590960621834,0.0357799269258976,107.4131652556681,108.06480501219595,107.4131652556681,108.06480501219595,101.54805166590148,114.38418849588058,0.021293016927084886,0.029803978117857826,149394598922.58914,0.5542168674698795,0.756
2023-01-05,NVDA,lstm,-0.033366247728456984,0.008278795517981052,-0.014892076142132282,0.03452844172716141,103.88832336141803,108.96316708160371,103.88832336141803,108.96316708160371,100.04699746114326,118.40267140585682,0.021293016927084886,0.029803978117857826,149394598922.58914,0.5542168674698795,0.756
2023-01-06,NVDA,lstm,0.04079674740448115,0.007881752215325832,-0.021224278956651688,0.03716209903359413,108.21427136875039,109.82537891752962,108.21427136875039,109.82537891752962,97.9459481148465,122.88554194248391,0.021293016927084886,0.029803978117857826,149394598922.58914,0.5542168674698795,0.756
2023-01-09,NVDA,lstm,0.050458437653764884,0.0047321985475718975,-0.021045394241809845,0.031193971633911133,113.81470069159727,110.34633086241814,113.81470069159727,110.34633086241814,95.90617425751292,126.77924293283039,0.021293016927084886,0.029803978117857826,149394598922.58914,0.5542168674698795,0.756
2023-01-10,NVDA,lstm,0.017820817969266232,0.007441382389515638,-0.020586101338267326,0.03919811546802521,115.86115231647321,111.17052716608565,115.86115231647321,111.17052716608565,93.95202179554259,131.84743050099377,0.021293016927084886,0.029803978117857826,149394598922.58914,0.5542168674698795,0.756
2023-01-11,NVDA,lstm,0.005766174196141473,0.007759568747133017,-0.018298964947462082,0.03228610008955002,116.53115773085818,112.03651567069426,116.53115773085818,112.03651567069426,92.24843042743305,136.173734040574,0.021293016927084886,0.029803978117857826,149394598922.58914,0.5542168674698795,0.756
2023-01-12,NVDA,lstm,0.031375620085749165,0.008969719521701336,-0.02172352559864521,0.038067035377025604,120.24535804051845,113.04597325023813,120.24535804051845,113.04597325023813,90.26607968330468,141.4573887094054,0.021293016927084886,0.029803978117857826,149394598922.58914,0.5542168674698795,0.756
2023-01-13,NVDA,lstm,0.02322765247067393,0.00874035432934761,-0.01926623284816742,0.04136708378791809,123.0710656620271,114.03836895118408,123.0710656620271,114.03836895118408,88.54363760770566,147.43179331215418,0.021293016927084886,0.029803978117857826,149394598922.58914,0.5542168674698795,0.756
2023-01-17,NVDA,lstm,0.04642315007007071,0.010124056600034237,-0.015948312357068062,0.04106166958808899,128.91910417163265,115.19876255843515,128.91910417163265,115.19876255843515,87.14271659504092,153.61159896816048,0.021293016927084886,0.029803978117857826,149394598922.58914,0.5542168674698795,0.756
2023-01-18,NVDA,lstm,-0.018530069303546705,0.00592622347176075,-0.022689951583743095,0.03399175405502319,126.55222121410688,115.88347810375132,126.55222121410688,115.88347810375132,85.18771566915582,158.9228825831202,0.021293016927084886,0.029803978117857826,149394598922.58914,0.5542168674698795,0.756
2023-01-19,NVDA,lstm,-0.03585419576766004,0.005691009573638439,-0.024364396929740906,0.033740732818841934,122.09517250807724,116.54485570033172,122.09517250807724,116.54485570033172,83.13725034430524,164.3765470576737,0.021293016927084886,0.029803978117857826,149394598922.58914,0.5542168674698795,0.756
2023-01-20,NVDA,lstm,0.06209376760385198,0.005842364393174648,-0.02528277039527893,0.033889904618263245,129.91684744203204,117.2277496074303,129.91684744203204,117.2277496074303,81.06166049271934,170.04271797944568,0.021293016927084886,0.029803978117857826,149394598922.58914,0.5542168674698795,0.756
2023-01-23,NVDA,lstm,0.07315855944895293,0.0054654027335345745,-0.023431912064552307,0.03563372790813446,139.777681368227,117.87020558256972,139.777681368227,117.87020558256972,79.18431264741729,176.2112252431265,0.021293016927084886,0.029803978117857826,149394598922.58914,0.5542168674698795,0.756
2023-01-24,NVDA,lstm,0.0037442758315334493,0.009448508732020855,-0.01795758306980133,0.0388421006500721,140.30202860010087,118.98917476334059,140.30202860010087,118.98917476334059,77.77504637051653,183.19030566948888,0.021293016927084886,0.029803978117857826,149394598922.58914,0.5542168674698795,0.756
2023-01-25,NVDA,lstm,0.0030061474676211053,0.004106439184397459,-0.028648993000388145,0.03725539147853851,140.72443177309154,119.47879930348849,140.72443177309154,119.47879930348849,75.57848241158626,190.1438480426395,0.021293016927084886,0.029803978117857826,149394598922.58914,0.5542168674698795,0.756
2023-01-26,NVDA,lstm,0.024486851148173124,0.004839644301682711,-0.025324296206235886,0.035642772912979126,144.21286606707824,120.05843173075827,144.21286606707824,120.05843173075827,73.6885401365682,197.0433390345069,0.021293016927084886,0.029803978117857826,149394598922.58914,0.5542168674698795,0.756
2023-01-27,NVDA,lstm,0.0280347848493683,0.0077081602066755295,-0.017952369526028633,0.03497100621461868,148.313048058737,120.98744317843531,148.313048058737,120.98744317843531,72.37746145126152,204.05605136795648,0.021293016927084886,0.029803978117857826,149394598922.58914,0.5542168674698795,0.756
2023-01-30,NVDA,lstm,-0.06088854439161597,0.004894736222922802,-0.023604635149240494,0.03317036107182503,139.5519153525534,121.58110116658634,139.5519153525534,121.58110116658634,70.68902232076579,210.93816267855425,0.021293016927084886,0.029803978117857826,149394598922.58914,0.5542168674698795,0.756
2023-01-31,NVDA,lstm,0.019380951723581338,0.0029976004734635353,-0.024782706052064896,0.03629986569285393,142.28294376635696,121.9460934121029,142.28294376635696,121.9460934121029,68.9586867131429,218.7358716961433,0.021293016927084886,0.029803978117857826,149394598922.58914,0.5542168674698795,0.756
2023-02-01,NVDA,lstm,0.06949436234951549,0.009680844843387604,-0.021365679800510406,0.04115722328424454,152.52248063264352,123.13236496761101,152.52248063264352,123.13236496761101,67.5009672632912,227.92625842760867,0.021293016927084886,0.029803978117857826,149394598922.58914,0.5542168674698795,0.756
2023-02-02,NVDA,lstm,0.03592240469465814,0.007855365052819252,-0.024416815489530563,0.04050019755959511,158.1010528936764,124.1034225738828,158.1010528936764,124.1034225738828,65.87276527567226,237.34679932837193,0.021293016927084886,0.029803978117857826,149394598922.58914,0.5542168674698795,0.756
2023-02-03,NVDA,lstm,-0.028453845676379867,0.0070932055823504925,-0.02027939446270466,0.03389463573694229,153.66586819482515,124.98684825971492,153.66586819482515,124.98684825971492,64.5503601335633,245.52946432587376,0.021293016927084886,0.029803978117857826,149394598922.58914,0.5542168674698795,0.756
2023-02-06,NVDA,lstm,-0.0005214477485699791,0.007608196698129177,-0.02098279818892479,0.035831812769174576,153.5857603616627,125.94140560946911,153.5857603616627,125.94140560946911,63.21002534810612,254.48674739812876,0.021293016927084886,0.029803978117857826,149394598922.58914,0.5542168674698795,0.756
2023-02-07,NVDA,lstm,0.05012373679801028,0.0062966980040073395,-0.019977428019046783,0.0320296473801136,161.48025049614418,126.73691986630755,161.48025049614418,126.73691986630755,61.959781278320314,262.76979985478823,0.021293016927084886,0.029803978117857826,149394598922.58914,0.5542168674698795,0.756
2023-02-08,NVDA,lstm,0.0014421376975802666,0.006958928890526295,-0.020360581576824188,0.031028736382722855,161.71329525372465,127.62194417890487,161.71329525372465,127.62194417890487,60.71099957094698,271.0510220132215,0.021293016927084886,0.029803978117857826,149394598922.58914,0.5542168674698795,0.756
2023-02-09,NVDA,lstm,0.0059270062614239965,0.005607183091342449,-0.026488717645406723,0.03508822247385979,162.67461703313182,128.33956019874688,162.67461703313182,128.33956019874688,59.12395406740045,280.7305386219857,0.021293016927084886,0.029803978117857826,149394598922.58914,0.5542168674698795,0.756
2023-02-10,NVDA,lstm,-0.04918199156616901,0.00959143228828907,-0.021143756806850433,0.03790169581770897,154.86751347371967,129.57644480270358,154.86751347371967,129.57644480270358,57.88697649059365,291.5749275107932,0.021293016927084886,0.029803978117857826,149394598922.58914,0.5542168674698795,0.756
2023-02-13,NVDA,lstm,0.024296864420307342,0.006629886105656624,-0.02044038660824299,0.03404826670885086,158.67639299108504,130.43837155145508,158.67639299108504,130.43837155145508,56.715754164810576,301.6735056228323,0.021293016927084886,0.029803978117857826,149394598922.58914,0.5542168674698795,0.756
2023-02-14,NVDA,lstm,0.052873215602937104,0.006751048378646374,-0.01667124032974243,0.029315650463104248,167.29188140548635,131.32193883540353,167.29188140548635,131.32193883540353,55.77807162804602,310.6481813635777,0.021293016927084886,0.029803978117857826,149394598922.58914,0.5542168674698795,0.756
2023-02-15,NVDA,lstm,-0.00905224196701129,0.0058720288798213005,-0.026012632995843887,0.037016477435827255,165.78434838702694,132.09533267432,165.78434838702694,132.09533267432,54.3458466967589,322.3627462176807,0.021293016927084886,0.029803978117857826,149394598922.58914,0.5542168674698795,0.756
2023-02-16,NVDA,lstm,-0.03404694298595168,0.007253509014844894,-0.02016543596982956,0.035027168691158295,160.23490498435046,133.05696990611762,160.23490498435046,133.05696990611762,53.26091646876445,333.85429120082335,0.021293016927084886,0.029803978117857826,149394598922.58914,0.5542168674698795,0.756
2023-02-17,NVDA,lstm,-0.02830335515754444,0.009818416088819504,-0.024337150156497955,0.04437864571809769,155.76329879450702,134.36982089905464,155.76329879450702,134.36982089905464,51.98034395029138,349.0039609236444,0.021293016927084886,0.029803978117857826,149394598922.58914,0.5542168674698795,0.756
2023-02-21,NVDA,lstm,-0.034872585823890904,0.005977340508252382,-0.016305897384881973,0.029898401349782944,150.4250500329615,135.17540473759558,150.4250500329615,135.17540473759558,51.139631501302965,359.59617901554157,0.021293016927084886,0.029803978117857826,149394598922.58914,0.5542168674698795,0.756
2023-02-22,NVDA,lstm,0.0047815311215996656,0.007259690202772617,-0.02043546736240387,0.03454441949725151,151.14603442215247,136.1603024390452,151.14603442215247,136.1603024390452,50.105174540015184,372.23527434690993,0.021293016927084886,0.029803978117857826,149394598922.58914,0.5542168674698795,0.756
2023-02-23,NVDA,lstm,0.13121590205507125,0.004044684115797281,-0.023592445999383926,0.03318345174193382,172.33881380200967,136.71214345513783,172.33881380200967,136.71214345513783,48.9369060685306,384.79455312167556,0.021293016927084886,0.029803978117857826,149394598922.58914,0.5542168674698795,0.756
2023-02-24,NVDA,lstm,-0.01610259579688308,0.005180227570235729,-0.026855267584323883,0.038124315440654755,169.58593527175657,137.4221867264474,169.58593527175657,137.4221867264474,47.64018080143431,399.74779299232114,0.021293016927084886,0.029803978117857826,149394598922.58914,0.5542168674698795,0.756
2023-02-27,NVDA,lstm,0.009190658590005145,0.00615371810272336,-0.02481820061802864,0.03542352095246315,171.15172600692893,138.27044675107788,171.15172600692893,138.27044675107788,46.47238811189186,414.1620691659506,0.021293016927084886,0.029803978117857826,149394598922.58914,0.5542168674698795,0.756
2023-02-28,NVDA,lstm,-0.012201271008819365,0.008092742413282394,-0.0239325650036335,0.03874566778540611,169.07614552369654,139.39396929396545,169.07614552369654,139.39396929396545,45.37338859103371,430.5239880783214,0.021293016927084886,0.029803978117857826,149394598922.58914,0.5542168674698795,0.756
2023-03-01,NVDA,lstm,-0.02256486619106063,0.00954493973404169,-0.021061453968286514,0.040572404861450195,165.30368749732335,140.73084468707455,165.30368749732335,140.73084468707455,44.42775357420046,448.3505875140161,0.021293016927084886,0.029803978117857826,149394598922.58914,0.5542168674698795,0.756
2023-03-02,NVDA,lstm,0.02677719029296915,0.01303958147764206,-0.016972258687019348,0.041100695729255676,169.7898511709806,142.57792897090889,169.7898511709806,142.57792897090889,43.680078295110405,467.1620424219127,0.021293016927084886,0.029803978117857826,149394598922.58914,0.5542168674698795,0.756
2023-03-03,NVDA,lstm,0.02440593263414706,0.005585076287388802,-0.022684631869196892,0.03700736165046692,173.98471237034445,143.3764638719212,173.98471237034445,143.3764638719212,42.700365263906164,484.77435651361714,0.021293016927084886,0.029803978117857826,149394598922.58914,0.5542168674698795,0.756
2023-03-06,NVDA,lstm,-0.01416424209194232,0.005887987557798624,-0.02281957119703293,0.02938411757349968,171.53772157965622,144.22315777718978,171.53772157965622,144.22315777718978,41.73699410283259,499.23036882311175,0.021293016927084886,0.029803978117857826,149394598922.58914,0.5542168674698795,0.756
2023-03-07,NVDA,lstm,-0.011357482667493755,0.010571378283202648,-0.02187882363796234,0.04751300811767578,169.6005066462992,145.75589056382572,169.6005066462992,145.75589056382572,40.833755682235136,523.5228194644062,0.021293016927084886,0.029803978117857826,149394598922.58914,0.5542168674698795,0.756
2023-03-08,NVDA,lstm,0.037628979698207374,0.008514463901519775,-0.021257620304822922,0.04218870773911476,176.10399308647592,147.0022146588666,176.10399308647592,147.0022146588666,39.974887577708905,546.0820968425738,0.021293016927084886,0.029803978117857826,149394598922.58914,0.5542168674698795,0.756
2023-03-09,NVDA,lstm,-0.03129385388703557,0.01046014204621315,-0.01883234828710556,0.03885205462574959,170.67835774986102,148.54795673531297,170.67835774986102,148.54795673531297,39.229110694223124,567.7160696258527,0.021293016927084886,0.029803978117857826,149394598922.58914,0.5542168674698795,0.756
2023-03-10,NVDA,lstm,-0.020302012418917815,0.009773372672498226,-0.01965349167585373,0.039478909224271774,167.24818117258724,150.00689014971883,167.24818117258724,150.00689014971883,38.46564818703527,590.5771671013104,0.021293016927084886,0.029803978117857826,149394598922.58914,0.5542168674698795,0.756
2023-03-13,NVDA,lstm,4.3519657271245976e-05,0.00577017804607749,-0.020364562049508095,0.03298838436603546,167.25545991449414,150.87496438508992,167.25545991449414,150.87496438508992,37.690234998989276,610.3842866313464,0.021293016927084886,0.029803978117857826,149394598922.58914,0.5542168674698795,0.756
2023-03-14,NVDA,lstm,0.04666053555937232,0.00812776479870081,-0.020771121606230736,0.03836379200220108,175.24462925668075,152.10622925190387,175.24462925668075,152.10622925190387,36.9154418462936,634.255946110931,0.021293016927084886,0.029803978117857826,149394598922.58914,0.5542168674698795,0.756
2023-03-15,NVDA,lstm,0.006833635931523843,0.005884214770048857,-0.021535763517022133,0.03597161918878555,176.44628842630416,153.0038955852627,176.44628842630416,153.0038955852627,36.12893984610285,657.4864949889871,0.021293016927084886,0.029803978117857826,149394598922.58914,0.5542168674698795,0.756
2023-03-16,NVDA,lstm,0.05277600287356863,0.004378782119601965,-0.025677360594272614,0.036997489631175995,186.00852724557004,153.67532753252794,186.00852724557004,153.67532753252794,35.21305275643995,682.2674246880109,0.021293016927084886,0.029803978117857826,149394598922.58914,0.5542168674698795,0.756
2023-03-17,NVDA,lstm,0.007178278105008585,0.0052885995246469975,-0.02005787566304207,0.03214770555496216,187.3485519650688,154.49021671548917,187.3485519650688,154.49021671548917,34.51378976218072,704.5571158191614,0.021293016927084886,0.029803978117857826,149394598922.58914,0.5542168674698795,0.756
2023-03-20,NVDA,lstm,0.006779657428062751,0.006106268148869276,-0.022970542311668396,0.033950284123420715,188.62302633521892,155.43646516753768,188.62302633521892,155.43646516753768,33.73002598112769,728.887687482073,0.021293016927084886,0.029803978117857826,149394598922.58914,0.5542168674698795,0.756
2023-03-21,NVDA,lstm,0.011478265408442512,0.0078729297965765,-0.023212606087327003,0.03936092555522919,190.8005647680633,156.66504318506674,190.8005647680633,156.66504318506674,32.95608092721392,758.149520760963,0.021293016927084886,0.029803978117857826,149394598922.58914,0.5542168674698795,0.756
2023-03-22,NVDA,lstm,0.010215252329925942,0.006119640544056892,-0.0242526326328516,0.03590235114097595,192.75962981786986,157.6267227710873,192.75962981786986,157.6267227710873,32.16642395048445,785.8633542533831,0.021293016927084886,0.029803978117857826,149394598922.58914,0.5542168674698795,0.756
2023-03-23,NVDA,lstm,0.026949563918896007,0.004415119532495737,-0.025177400559186935,0.032070860266685486,198.02504948815982,158.32420992539704,198.02504948815982,158.32420992539704,31.366668083853334,811.4751342315789,0.021293016927084886,0.029803978117857826,149394598922.58914,0.5542168674698795,0.756
2023-03-24,NVDA,lstm,-0.015268062439239333,0.00423220032826066,-0.025432433933019638,0.03465117886662483,195.0245548257836,158.99568014030228,195.0245548257836,158.99568014030228,30.578996631267408,840.0865558705057,0.021293016927084886,0.029803978117857826,149394598922.58914,0.5542168674698795,0.756
2023-03-27,NVDA,lstm,-0.009304107401968255,0.007739466615021229,-0.025945715606212616,0.03612023964524269,193.21844059112388,160.23099158329072,193.21844059112388,160.23099158329072,29.795807471965748,870.9853397555815,0.021293016927084886,0.029803978117857826,149394598922.58914,0.5542168674698795,0.756
2023-03-28,NVDA,lstm,-0.004571145261603305,0.0040365830063819885,-0.02755424752831459,0.03533415123820305,192.33722664487914,160.87908928250624,192.33722664487914,160.87908928250624,28.986013777921716,902.3110245366893,0.021293016927084886,0.029803978117857826,149394598922.58914,0.5542168674698795,0.756
2023-03-29,NVDA,lstm,0.021501349519667663,0.0028774277307093143,-0.02348671853542328,0.02783876284956932,196.51751646970038,161.34266671348607,196.51751646970038,161.34266671348607,28.313160602173628,927.7831137569161,0.021293016927084886,0.029803978117857826,149394598922.58914,0.5542168674698795,0.756
2023-03-30,NVDA,lstm,0.014678291660528416,0.007529285736382008,-0.01973194256424904,0.035113587975502014,199.4233319243715,162.56205421221867,199.4233319243715,162.56205421221867,27.759963297465045,960.9396656334426,0.021293016927084886,0.029803978117857826,149394598922.58914,0.5542168674698795,0.756
2023-03-31,NVDA,lstm,0.01428599380372868,0.005985262803733349,-0.022226713597774506,0.032809894531965256,202.29273977877924,163.53795658935599,202.29273977877924,163.53795658935599,27.149756627627283,992.9908894844372,0.021293016927084886,0.029803978117857826,149394598922.58914,0.5542168674698795,0.756
2023-04-03,NVDA,lstm,0.0067453782146296125,0.0070618921890854836,-0.019811881706118584,0.03741692751646042,203.66189335663447,164.6969293272978,203.66189335663447,164.6969293272978,26.617162515945417,1030.8494152680585,0.021293016927084886,0.029803978117857826,149394598922.58914,0.5542168674698795,0.756
2023-04-04,NVDA,lstm,-0.01847831436585871,0.0037073271814733744,-0.021170753985643387,0.033000148832798004,199.93312167243155,165.30864729374116,199.93312167243155,165.30864729374116,26.059580041134545,1065.4351752452446,0.021293016927084886,0.029803978117857826,149394598922.58914,0.5542168674698795,0.756
2023-04-05,NVDA,lstm,-0.021055682720337355,0.004781688563525677,-0.023417718708515167,0.03492835536599159,195.76740322215298,166.10099926565195,195.76740322215298,166.10099926565195,25.45641345368801,1103.306567525001,0.021293016927084886,0.029803978117857826,149394598922.58914,0.5542168674698795,0.756
2023-04-06,NVDA,lstm,0.005786585898190875,0.0064466726034879684,-0.02351481467485428,0.03652087226510048,196.90351204242774,167.17525109779854,196.90351204242774,167.17525109779854,24.86479350755744,1144.3450713878929,0.021293016927084886,0.029803978117857826,149394598922.58914,0.5542168674698795,0.756
2023-04-10,NVDA,lstm,0.019848308159338104,0.007101581897586584,-0.022594543173909187,0.03386784344911575,200.85075710966848,168.36667704255967,200.85075710966848,168.36667704255967,24.30928438751731,1183.7653655867587,0.021293016927084886,0.029803978117857826,149394598922.58914,0.5542168674698795,0.756
2023-04-11,NVDA,lstm,-0.014977990213686784,0.0061597032472491264,-0.02239842712879181,0.03367127105593681,197.8648338218349,169.40697040682142,197.8648338218349,169.40697040682142,23.770847263377775,1224.3028628663924,0.021293016927084886,0.029803978117857826,149394598922.58914,0.5542168674698795,0.756
2023-04-12,NVDA,lstm,-0.02512057286769924,0.011504963971674442,-0.02720014378428459,0.05104118958115578,192.95626697518696,171.36724746392665,192.95626697518696,171.36724746392665,23.132991419404938,1288.4150208787764,0.021293016927084886,0.029803978117857826,149394598922.58914,0.5542168674698795,0.756
2023-04-13,NVDA,lstm,-0.0012085614693096958,0.004835638217628002,-0.023061411455273628,0.02989928238093853,192.72320832687765,172.19793431729084,192.72320832687765,172.19793431729084,22.60561647083763,1327.5194530719075,0.021293016927084886,0.029803978117857826,149394598922.58914,0.5542168674698795,0.756
2023-04-14,NVDA,lstm,0.011085966231294568,0.0054209851659834385,-0.019738171249628067,0.03101707249879837,194.87161790136557,173.1339515216947,194.87161790136557,173.1339515216947,22.163797359200156,1369.3404063581922,0.021293016927084886,0.029803978117857826,149394598922.58914,0.5542168674698795,0.756
2023-04-17,NVDA,lstm,0.009077494903402036,0.005645954515784979,-0.023118339478969574,0.03925634175539017,196.64861716839766,174.11422979449927,196.64861716839766,174.11422979449927,21.65728508248597,1424.1647374244944,0.021293016927084886,0.029803978117857826,149394598922.58914,0.5542168674698795,0.756
2023-04-18,NVDA,lstm,0.024329393345217082,0.00812382809817791,-0.025298483669757843,0.04175965487957001,201.49163366569698,175.53446139593882,201.49163366569698,175.53446139593882,21.116261388205523,1484.8966827443498,0.021293016927084886,0.029803978117857826,149394598922.58914,0.5542168674698795,0.756
2023-04-19,NVDA,lstm,0.009496813740008872,0.007063781842589378,-0.019150029867887497,0.0368225984275341,203.41427722451135,176.7787866459576,203.41427722451135,176.7787866459576,20.715732211446728,1540.5936197608542,0.021293016927084886,0.029803978117857826,149394598922.58914,0.5542168674698795,0.756
2023-04-20,NVDA,lstm,-0.03005585252302415,0.005057965405285358,-0.02330334112048149,0.03666415810585022,197.3914516740382,177.6751974983373,197.3914516740382,177.6751974983373,20.238567756125146,1598.1264336280492,0.021293016927084886,0.029803978117857826,149394598922.58914,0.5542168674698795,0.756
2023-04-21,NVDA,lstm,0.0005532482580901556,0.008020774461328983,-0.019879445433616638,0.03651568666100502,197.5006883655571,179.10602729653536,197.5006883655571,179.10602729653536,19.840209545026852,1657.5616450938821,0.021293016927084886,0.029803978117857826,149394598922.58914,0.5542168674698795,0.756
2023-04-24,NVDA,lstm,-0.002843363940150084,0.012257001362740993,-0.01666136085987091,0.04233945161104202,196.93991964269105,181.31484152839374,196.93991964269105,181.31484152839374,19.5123837788792,1729.2487565946026,0.021293016927084886,0.029803978117857826,149394598922.58914,0.5542168674698795,0.756
2023-04-25,NVDA,lstm,-0.03006816271540295,0.007483381778001785,-0.021157315000891685,0.03748803585767746,191.1064386168993,182.6767873338892,191.1064386168993,182.6767873338892,19.103890881164627,1795.3052704777083,0.021293016927084886,0.029803978117857826,149394598922.58914,0.5542168674698795,0.756
2023-04-26,NVDA,lstm,0.026882840425383036,0.007030662149190903,-0.02039402164518833,0.03606516867876053,196.31360057047635,183.9656454684398,196.31360057047635,183.9656454684398,18.718231138657785,1861.2349397402154,0.021293016927084886,0.029803978117857826,149394598922.58914,0.5542168674698795,0.756
2023-04-27,NVDA,lstm,0.009966509049945354,0.008987780660390854,-0.02072877064347267,0.03835573047399521,198.27994436218984,185.62654536500813,198.27994436218984,185.62654536500813,18.334219471057764,1934.0106519286655,0.021293016927084886,0.029803978117857826,149394598922.58914,0.5542168674698795,0.756
2023-04-28,NVDA,lstm,0.01902743037765254,0.0054549104534089565,-0.026109449565410614,0.03886345028877258,202.08882387955524,186.64188526496864,202.08882387955524,186.64188526496864,17.861718065353827,2010.6526040856077,0.021293016927084886,0.029803978117857826,149394598922.58914,0.5542168674698795,0.756
2023-05-01,NVDA,lstm,0.040987727447230254,0.007027801126241684,-0.025315456092357635,0.039185985922813416,210.5440827369028,187.9581847718905,210.5440827369028,187.9581847718905,17.41521599594822,2091.006005942777,0.021293016927084886,0.029803978117857826,149394598922.58914,0.5542168674698795,0.756
2023-05-02,NVDA,lstm,-0.024511058190318888,0.007637109607458115,-0.02173476293683052,0.03676547855138779,205.44615747484465,189.39913789101112,205.44615747484465,189.39913789101112,17.040783811372517,2169.313590201444,0.021293016927084886,0.029803978117857826,149394598922.58914,0.5542168674698795,0.756
2023-05-03,NVDA,lstm,-0.014568530358489911,0.006777074187994003,-0.028037358075380325,0.03665825352072716,202.47480556155372,190.68706254105044,202.47480556155372,190.68706254105044,16.569640695875403,2250.312495394739,0.021293016927084886,0.029803978117857826,149394598922.58914,0.5542168674698795,0.756
2023-05-04,NVDA,lstm,-0.00866993978335705,0.009614013135433197,-0.015153578482568264,0.04111333191394806,200.7269490436069,192.5291688222283,200.7269490436069,192.5291688222283,16.32044448828638,2344.7584118764867,0.021293016927084886,0.029803978117857826,149394598922.58914,0.5542168674698795,0.756
2023-05-05,NVDA,lstm,0.03976200395407992,0.007824378088116646,-0.023615596815943718,0.039975449442863464,208.86905531021154,194.04149655541158,208.86905531021154,194.04149655541158,15.93954303927825,2440.38983728267,0.021293016927084886,0.029803978117857826,149394598922.58914,0.5542168674698795,0.756
2023-05-08,NVDA,lstm,0.016289159223455574,0.007625773083418608,-0.023167205974459648,0.037559255957603455,212.29921799675648,195.5268658395418,212.29921799675648,195.5268658395418,15.574513486714213,2533.7922756774133,0.021293016927084886,0.029803978117857826,149394598922.58914,0.5542168674698795,0.756
2023-05-09,NVDA,lstm,-0.02009699812304626,0.00748661020770669,-0.02391515113413334,0.038644030690193176,208.07522793903615,196.9961945492387,208.07522793903615,196.9961945492387,15.206465095248216,2633.624852667007,0.021293016927084886,0.029803978117857826,149394598922.58914,0.5542168674698795,0.756
2023-05-10,NVDA,lstm,0.010930249684581755,0.0077878390438854694,-0.01867034286260605,0.03545103594660759,210.3620169541283,198.53635454042166,210.3620169541283,198.53635454042166,14.92518944659421,2728.6642539329264,0.021293016927084886,0.029803978117857826,149394598922.58914,0.5542168674698795,0.756
2023-05-11,NVDA,lstm,-0.010685277078569578,0.007934080436825752,-0.020774852484464645,0.03826386108994484,208.12620691384217,200.11783239070928,208.12620691384217,200.11783239070928,14.618319154502052,2835.0968912132844,0.021293016927084886,0.029803978117857826,149394598922.58914,0.5542168674698795,0.756
2023-05-12,NVDA,lstm,-0.008362920431836323,0.008195159025490284,-0.019284307956695557,0.034525297582149506,206.392921770438,201.76455777521477,206.392921770438,201.76455777521477,14.339116077250667,2934.688843371742,0.021293016927084886,0.029803978117857826,149394598922.58914,0.5542168674698795,0.756
2023-05-15,NVDA,lstm,0.021399555379267746,0.010498829185962677,-0.015719348564743996,0.04092593491077423,210.8572353276457,203.894020151169,210.8572353276457,203.894020151169,14.115476779267391,3057.2854350992534,0.021293016927084886,0.029803978117857826,149394598922.58914,0.5542168674698795,0.756
2023-05-16,NVDA,lstm,0.008939998193007434,0.006843741051852703,-0.022878047078847885,0.03313836082816124,212.7507500281036,205.29419511760304,212.7507500281036,205.29419511760304,13.79620793753233,3160.2962409382344,0.021293016927084886,0.029803978117857826,149394598922.58914,0.5542168674698795,0.756
2023-05-17,NVDA,lstm,0.03249937218679542,0.005949786398559809,-0.021365223452448845,0.03943204879760742,219.77859759088304,206.51928778058027,219.77859759088304,206.51928778058027,13.504575299767993,3287.402672438868,0.021293016927084886,0.029803978117857826,149394598922.58914,0.5542168674698795,0.756
2023-05-18,NVDA,lstm,0.048509252338859936,0.006640130653977394,-0.02199614979326725,0.03510686382651329,230.70271124609724,207.89517081578626,230.70271124609724,207.89517081578626,13.210769849132332,3404.862759762624,0.021293016927084886,0.029803978117857826,149394598922.58914,0.5542168674698795,0.756
2023-05-19,NVDA,lstm,-0.013155143836531118,0.005699181463569403,-0.02430332824587822,0.03678404539823532,227.68765909990722,209.08339345829893,227.68765909990722,209.08339345829893,12.893574505994565,3532.4392568103476,0.021293016927084886,0.029803978117857826,149394598922.58914,0.5542168674698795,0.756
2023-05-22,NVDA,lstm,-0.002818686783544427,0.00832616537809372,-0.019323375076055527,0.03734723851084709,227.0467825438787,210.83153593521342,227.0467825438787,210.83153593521342,12.646819090651237,3666.8605573840205,0.021293016927084886,0.029803978117857826,149394598922.58914,0.5542168674698795,0.756
2023-05-23,NVDA,lstm,-0.01577689737356947,0.006237005814909935,-0.022578313946723938,0.038709644228219986,223.49279790054334,212.15059524761517,223.49279790054334,212.15059524761517,12.36447459332003,3811.5865788362808,0.021293016927084886,0.029803978117857826,149394598922.58914,0.5542168674698795,0.756
2023-05-24,NVDA,lstm,-0.0048998764920286444,0.00902998074889183,-0.02413419634103775,0.03899034112691879,222.4003893131677,214.0749864092455,222.4003893131677,214.0749864092455,12.069639802085632,3963.137054144241,0.021293016927084886,0.029803978117857826,149394598922.58914,0.5542168674698795,0.756
2023-05-25,NVDA,lstm,0.21808788007240454,0.006419831421226263,-0.019559811800718307,0.03150579705834389,276.5985544162479,215.45374070205932,276.5985544162479,215.45374070205932,11.835853522161504,4089.986515893624,0.021293016927084886,0.029803978117857826,149394598922.58914,0.5542168674698795,0.756
2023-05-26,NVDA,lstm,0.02511635600756745,0.007152041420340538,-0.023963920772075653,0.03793986514210701,283.63368072093425,217.00020528610136,283.63368072093425,217.00020528610136,11.55559142784886,4248.141189001013,0.021293016927084886,0.029803978117857826,149394598922.58914,0.5542168674698795,0.756
2023-05-30,NVDA,lstm,0.029474563092427592,0.01038333773612976,-0.020792337134480476,0.04026513546705246,292.1180823273671,219.26514244540476,292.1180823273671,219.26514244540476,11.317804290687079,4422.683686438285,0.021293016927084886,0.029803978117857826,149394598922.58914,0.5542168674698795,0.756
2023-05-31,NVDA,lstm,-0.05844245286732084,0.008518582209944725,-0.02179158478975296,0.04002071171998978,275.53527468722876,221.14094158662724,275.53527468722876,221.14094158662724,11.073839501277792,4603.271949995356,0.021293016927084886,0.029803978117857826,149394598922.58914,0.5542168674698795,0.756
2023-06-01,NVDA,lstm,0.04990471116581726,0.00916666816920042,-0.015408644452691078,0.03584308177232742,289.63467004568673,223.1773839375662,289.63467004568673,223.1773839375662,10.904514312356024,4771.259991901264,0.021293016927084886,0.029803978117857826,149394598922.58914,0.5542168674698795,0.756
2023-06-02,NVDA,lstm,-0.011201573382044588,0.010296975262463093,-0.021085822954773903,0.04062262922525406,286.408409367637,225.48732060202772,286.408409367637,225.48732060202772,10.676990718980656,4969.0714897997705,0.021293016927084886,0.029803978117857826,149394598922.58914,0.5542168674698795,0.756
2023-06-05,NVDA,lstm,-0.003974583636777458,0.011116371490061283,-0.020768407732248306,0.0400862880051136,285.27231443809103,228.00790226947157,285.27231443809103,228.00790226947157,10.457533241023322,5172.309435723434,0.021293016927084886,0.029803978117857826,149394598922.58914,0.5542168674698795,0.756
2023-06-06,NVDA,lstm,-0.013286468516916745,0.009982839226722717,-0.020209860056638718,0.040741123259067535,281.5071212628959,230.29548097988493,281.5071212628959,230.29548097988493,10.248309224193093,5387.386812692249,0.021293016927084886,0.029803978117857826,149394598922.58914,0.5542168674698795,0.756
2023-06-07,NVDA,lstm,-0.030976241922724787,0.012501715682446957,-0.02389373630285263,0.04654182493686676,272.92076170685107,233.19263413185092,272.92076170685107,233.19263413185092,10.006341188401091,5644.052012962144,0.021293016927084886,0.029803978117857826,149394598922.58914,0.5542168674698795,0.756
2023-06-08,NVDA,lstm,0.02724390097018558,0.009781832806766033,-0.020128654316067696,0.04030756652355194,280.4583990176905,235.48488946406795,280.4583990176905,235.48488946406795,9.806940403998329,5876.196954063736,0.021293016927084886,0.029803978117857826,149394598922.58914,0.5542168674698795,0.756
2023-06-09,NVDA,lstm,0.006728859248402525,0.008470901288092136,-0.021612241864204407,0.042796581983566284,282.35192760887725,237.48813448362844,282.35192760887725,237.48813448362844,9.59726443965863,6133.137249063778,0.021293016927084886,0.029803978117857826,149394598922.58914,0.5542168674698795,0.756
2023-06-12,NVDA,lstm,0.01819806893306924,0.014959857799112797,-0.019124092534184456,0.047474369406700134,287.53722555527594,241.0676377542035,287.53722555527594,241.0676377542035,9.415469066922894,6431.32590691454,0.021293016927084886,0.029803978117857826,149394598922.58914,0.5542168674698795,0.756
2023-06-13,NVDA,lstm,0.03826366011407102,0.004931019153445959,-0.022855989634990692,0.03872068598866463,298.75265557551234,242.2592957426032,298.75265557551234,242.2592957426032,9.202709816912034,6685.235233447581,0.021293016927084886,0.029803978117857826,149394598922.58914,0.5542168674698795,0.756
2023-06-14,NVDA,lstm,0.04702189160777442,0.010052837431430817,-0.02118527889251709,0.040792711079120636,313.13608855708554,244.70698272602934,313.13608855708554,244.70698272602934,9.009798775043132,6963.582418671995,0.021293016927084886,0.029803978117857826,149394598922.58914,0.5542168674698795,0.756
2023-06-15,NVDA,lstm,-0.008032775566352863,0.008229550905525684,-0.022135140374302864,0.037140198051929474,310.63081226822675,246.7291112288257,310.63081226822675,246.7291112288257,8.812556696685764,7227.073646617741,0.021293016927084886,0.029803978117857826,149394598922.58914,0.5542168674698795,0.756
2023-06-16,NVDA,lstm,0.000913971925733769,0.006748209707438946,-0.021185146644711494,0.037429966032505035,310.91484989134204,248.39973566589526,310.91484989134204,248.39973566589526,8.627825257804563,7502.709489203817,0.021293016927084886,0.029803978117857826,149394598922.58914,0.5542168674698795,0.756
2023-06-20,NVDA,lstm,0.025804837950413072,0.007859393022954464,-0.02265610173344612,0.04297281429171562,319.0423708926752,250.35969494686177,319.0423708926752,250.35969494686177,8.43454995812931,7832.15008450322,0.021293016927084886,0.029803978117857826,149394598922.58914,0.5542168674698795,0.756
2023-06-21,NVDA,lstm,-0.017570380882942,0.010304226540029049,-0.01605602726340294,0.03926669806241989,313.485634857363,252.9527952676132,313.485634857363,252.9527952676132,8.300206204194739,8145.8111224595195,0.021293016927084886,0.029803978117857826,149394598922.58914,0.5542168674698795,0.756
2023-06-22,NVDA,lstm,-0.00046466000922731497,0.011667761020362377,-0.024634040892124176,0.04343955218791962,313.34000445630954,255.92148836831555,313.34000445630954,255.92148836831555,8.09823629564657,8507.459699281246,0.021293016927084886,0.029803978117857826,149394598922.58914,0.5542168674698795,0.756
2023-06-23,NVDA,lstm,-0.01914791779337092,0.007998606190085411,-0.027138639241456985,0.04061486944556236,307.39727284827,257.9767050366138,307.39727284827,257.9767050366138,7.881416617985575,8860.102218373242,0.021293016927084886,0.029803978117857826,149394598922.58914,0.5542168674698795,0.756
2023-06-26,NVDA,lstm,-0.03807752702129708,0.00992631446570158,-0.022630253806710243,0.03955609351396561,295.9123904701898,260.55022672311753,295.9123904701898,260.55022672311753,7.705061093258389,9217.597485520666,0.021293016927084886,0.029803978117857826,149394598922.58914,0.5542168674698795,0.756
2023-06-27,NVDA,lstm,0.03015692459154656,0.01264667883515358,-0.015329144895076752,0.04253356158733368,304.9721182833025,263.86625523528704,304.9721182833025,263.86625523528704,7.587849871375074,9618.111966336479,0.021293016927084886,0.029803978117857826,149394598922.58914,0.5542168674698795,0.756
2023-06-28,NVDA,lstm,-0.018291181950407957,0.007798222824931145,-0.016687490046024323,0.03477195277810097,299.4445249970756,265.93198827631267,299.4445249970756,265.93198827631267,7.462278158330569,9958.435220890276,0.021293016927084886,0.029803978117857826,149394598922.58914,0.5542168674698795,0.756
2023-06-29,NVDA,lstm,-0.0072005580056903225,0.009273435920476913,-0.019890226423740387,0.04145786911249161,297.29610153185877,268.4095605600287,297.29610153185877,268.4095605600287,7.31531805021839,10379.967738983789,0.021293016927084886,0.029803978117857826,149394598922.58914,0.5542168674698795,0.756
2023-06-30,NVDA,lstm,0.03561320486834228,0.008583917282521725,-0.025079593062400818,0.04185224324464798,308.0745570045619,270.72348131911286,308.0745570045619,270.72348131911286,7.134134470334731,10823.611141249497,0.021293016927084886,0.029803978117857826,149394598922.58914,0.5542168674698795,0.756
2023-07-03,NVDA,lstm,0.0026205543140207714,0.009259279817342758,-0.01830124482512474,0.04071339964866638,308.88294185955107,273.24182112206637,308.88294185955107,273.24182112206637,7.004758562750671,11273.370037740093,0.021293016927084886,0.029803978117857826,149394598922.58914,0.5542168674698795,0.756
2023-07-05,NVDA,lstm,-0.0022659482658541914,0.005844194907695055,-0.020094111561775208,0.02907782793045044,308.18382147753846,274.84336858511745,308.18382147753846,274.84336858511745,6.865408791421202,11605.986951589302,0.021293016927084886,0.029803978117857826,149394598922.58914,0.5542168674698795,0.756
2023-07-06,NVDA,lstm,-0.0050699160214645565,0.009602856822311878,-0.01757018268108368,0.038482680916786194,306.62530948427303,277.495375543052,306.62530948427303,277.495375543052,6.745835918872595,12061.32151408926,0.021293016927084886,0.029803978117857826,149394598922.58914,0.5542168674698795,0.756
2023-07-07,NVDA,lstm,0.009455610623529509,0.0054165069013834,-0.030169809237122536,0.04323199391365051,309.5383897901222,279.0025015536775,309.5383897901222,279.0025015536775,6.545354845960058,12594.192565679301,0.021293016927084886,0.029803978117857826,149394598922.58914,0.5542168674698795,0.756
2023-07-10,NVDA,lstm,-0.007628440616182319,0.010694371536374092,-0.023732613772153854,0.0496208555996418,307.1860782071391,282.0022595135356,307.1860782071391,282.0022595135356,6.391845096500531,13234.89143698234,0.021293016927084886,0.029803978117857826,149394598922.58914,0.5542168674698795,0.756
2023-07-11,NVDA,lstm,0.0053200687411785255,0.00941813550889492,-0.017310138791799545,0.038301076740026474,308.8246841428381,284.6707326804383,308.8246841428381,284.6707326804383,6.282153425090379,13751.634836828613,0.021293016927084886,0.029803978117857826,149394598922.58914,0.5542168674698795,0.756
2023-07-12,NVDA,lstm,0.03469363583487228,0.010299100540578365,-0.020512692630290985,0.0398508757352829,319.7269615723316,287.61775032239206,319.7269615723316,287.61775032239206,6.154602302024265,14310.71598012335,0.021293016927084886,0.029803978117857826,149394598922.58914,0.5542168674698795,0.756
2023-07-13,NVDA,lstm,0.046181410472192666,0.006866360083222389,-0.028087111189961433,0.04100427031517029,334.8386576850027,289.5994191660647,334.8386576850027,289.5994191660647,5.984142519669748,14909.71285463566,0.021293016927084886,0.029803978117857826,149394598922.58914,0.5542168674698795,0.756
2023-07-14,NVDA,lstm,-0.011110483333366917,0.006351454183459282,-0.032004352658987045,0.04273154214024544,331.1390287498851,291.4446358402742,331.1390287498851,291.4446358402742,5.795656049356566,15560.636036361955,0.021293016927084886,0.029803978117857826,149394598922.58914,0.5542168674698795,0.756
2023-07-17,NVDA,lstm,0.02158240547309955,0.009247335605323315,-0.021359890699386597,0.043239399790763855,338.36348568852395,294.15222014512005,338.36348568852395,294.15222014512005,5.673174344811318,16248.22606347282,0.021293016927084886,0.029803978117857826,149394598922.58914,0.5542168674698795,0.756
2023-07-18,NVDA,lstm,0.021990156875462966,0.00925900973379612,-0.022293975576758385,0.04396458715200424,345.8865655155496,296.88843000140895,345.8865655155496,296.88843000140895,5.548096274364412,16978.50842074653,0.021293016927084886,0.029803978117857826,149394598922.58914,0.5542168674698795,0.756
2023-07-19,NVDA,lstm,-0.008818824443497382,0.009119552560150623,-0.01551874727010727,0.03330983966588974,342.84966325291003,299.60829435144274,342.84966325291003,299.60829435144274,5.462661255307937,17553.58435933828,0.021293016927084886,0.029803978117857826,149394598922.58914,0.5542168674698795,0.756
2023-07-20,NVDA,lstm,-0.03363275203125776,0.00883641466498375,-0.02089664712548256,0.03845447301864624,331.5104390573409,302.2675002587449,331.5104390573409,302.2675002587449,5.349694340980251,18241.74464285382,0.021293016927084886,0.029803978117857826,149394598922.58914,0.5542168674698795,0.756
2023-07-21,NVDA,lstm,-0.026964025888835234,0.00432967022061348,-0.02657327614724636,0.03413521498441696,322.6910208529867,303.5790688457999,322.6910208529867,303.5790688457999,5.20940769127081,18875.17962956638,0.021293016927084886,0.029803978117857826,149394598922.58914,0.5542168674698795,0.756
2023-07-24,NVDA,lstm,0.006815096201665362,0.011125385761260986,-0.02036675065755844,0.0441894605755806,324.8977020349164,306.9753758913837,324.8977020349164,306.9753758913837,5.104382205105338,19727.96629925051,0.021293016927084886,0.029803978117857826,149394598922.58914,0.5542168674698795,0.756
2023-07-25,NVDA,lstm,0.02363582220880059,0.008742054924368858,-0.023600531741976738,0.040955498814582825,332.6683979940652,309.67073027095176,332.6683979940652,309.67073027095176,4.985326616705523,20552.7086113739,0.021293016927084886,0.029803978117857826,149394598922.58914,0.5542168674698795,0.756
2023-07-26,NVDA,lstm,-0.004981875725930595,0.00888176541775465,-0.016637001186609268,0.03230933099985123,331.01520679309465,312.43338510489883,331.01520679309465,312.43338510489883,4.9030717180336145,21227.596137797187,0.021293016927084886,0.029803978117857826,149394598922.58914,0.5542168674698795,0.756
2023-07-27,NVDA,lstm,0.009808333639952883,0.011028558015823364,-0.024834956973791122,0.04814669117331505,334.2778889621366,315.89813492784543,334.2778889621366,315.89813492784543,4.782803784180801,22274.63696845223,0.021293016927084886,0.029803978117857826,149394598922.58914,0.5542168674698795,0.756
2023-07-28,NVDA,lstm,0.01834910542464786,0.00739290751516819,-0.028317708522081375,0.042714957147836685,340.46820892084156,318.24219431251555,340.46820892084156,318.24219431251555,4.6492652999757915,23246.710481803304,0.021293016927084886,0.029803978117857826,149394598922.58914,0.5542168674698795,0.756
2023-07-31,NVDA,lstm,-0.00044929682131738,0.007288034539669752,-0.022060129791498184,0.039574142545461655,340.3152719964236,320.5700347650693,340.3152719964236,320.5700347650693,4.547824941254617,24185.12446860923,0.021293016927084886,0.029803978117857826,149394598922.58914,0.5542168674698795,0.756
2023-08-01,NVDA,lstm,-0.004762120671505233,0.006631175056099892,-0.022301912307739258,0.03105906769633293,338.69850228644526,322.70284800539156,338.69850228644526,322.70284800539156,4.447522255264411,24948.079856827695,0.021293016927084886,0.029803978117857826,149394598922.58914,0.5542168674698795,0.756
2023-08-02,NVDA,lstm,-0.04931815766434011,0.006464868318289518,-0.026699261739850044,0.033009886741638184,322.3997322694222,324.79584053185476,322.3997322694222,324.79584053185476,4.33034797515179,25785.356199450092,0.021293016927084886,0.029803978117857826,149394598922.58914,0.5542168674698795,0.756
2023-08-03,NVDA,lstm,0.005541516736957435,0.010382486507296562,-0.02005108818411827,0.042882975190877914,324.19127512953924,328.1855836509614,324.19127512953924,328.1855836509614,4.244384563613649,26915.160456267968,0.021293016927084886,0.029803978117857826,149394598922.58914,0.5542168674698795,0.756
2023-08-04,NVDA,lstm,0.003699783716763982,0.00976599007844925,-0.023976318538188934,0.041524551808834076,325.3929342991626,331.406326590491,325.3929342991626,331.406326590491,4.14383009609838,28056.33124097974,0.021293016927084886,0.029803978117857826,149394598922.58914,0.5542168674698795,0.756
2023-08-07,NVDA,lstm,0.016360499234946396,0.008931673131883144,-0.020616989582777023,0.038968775421381,330.76031191906463,334.3796017917163,330.76031191906463,334.3796017917163,4.059271560956455,29171.235388388566,0.021293016927084886,0.029803978117857826,149394598922.58914,0.5542168674698795,0.756
2023-08-08,NVDA,lstm,-0.016718639461174828,0.011729474179446697,-0.020336322486400604,0.04521896690130234,325.27641886573684,338.32477986275404,325.27641886573684,338.32477986275404,3.9775546398493424,30520.606301773933,0.021293016927084886,0.029803978117857826,149394598922.58914,0.5542168674698795,0.756
2023-08-09,NVDA,lstm,-0.048393963073315394,0.007771369069814682,-0.022621741518378258,0.039946071803569794,309.9098278790357,340.9642720428771,309.9098278790357,340.9642720428771,3.888585590864003,31764.463718811297,0.021293016927084886,0.029803978117857826,149394598922.58914,0.5542168674698795,0.756
2023-08-10,NVDA,lstm,-0.003908562899793833,0.010724622756242752,-0.01923205703496933,0.04041353613138199,308.70088996750536,344.6406719225718,308.70088996750536,344.6406719225718,3.8145147487545885,33074.47112108457,0.021293016927084886,0.029803978117857826,149394598922.58914,0.5542168674698795,0.756
2023-08-11,NVDA,lstm,-0.036836113199839815,0.005829434376209974,-0.02112090215086937,0.03863856941461563,297.536438922075,346.6556137476959,297.536438922075,346.6556137476959,3.7347936219350486,34377.43118883019,0.021293016927084886,0.029803978117857826,149394598922.58914,0.5542168674698795,0.756
2023-08-14,NVDA,lstm,0.0685309425843762,0.012495317496359348,-0.017702188342809677,0.03688250482082367,318.64181783613395,351.0143640332799,318.64181783613395,351.0143640332799,3.6692613818765527,35669.02815108572,0.021293016927084886,0.029803978117857826,149394598922.58914,0.5542168674698795,0.756
2023-08-15,NVDA,lstm,0.004264891486232087,0.00954071432352066,-0.0240336861461401,0.04661386460065842,320.00369267208225,354.37930504591276,320.00369267208225,354.37930504591276,3.582126676948381,37371.05903944918,0.021293016927084886,0.029803978117857826,149394598922.58914,0.5542168674698795,0.756
2023-08-16,NVDA,lstm,-0.010385987086259629,0.009630572982132435,-0.017332222312688828,0.03669261932373047,316.6973380515988,357.80865218499855,316.6973380515988,357.80865218499855,3.520575400469771,38767.77018829187,0.021293016927084886,0.029803978117857826,149394598922.58914,0.5542168674698795,0.756
2023-08-17,NVDA,lstm,-0.003270722437134807,0.011021755635738373,-0.020021960139274597,0.0431736558675766,315.6632010716649,361.7741626230816,315.6632010716649,361.7741626230816,3.45078761195438,40478.174701044954,0.021293016927084886,0.029803978117857826,149394598922.58914,0.5542168674698795,0.756
2023-08-18,NVDA,lstm,-0.0010387910594265033,0.010134664364159107,-0.023048855364322662,0.03760278597474098,315.3354632156505,365.4592649246574,315.3354632156505,365.4592649246574,3.3721605660377847,42029.24788912081,0.021293016927084886,0.029803978117857826,149394598922.58914,0.5542168674698795,0.756
2023-08-21,NVDA,lstm,0.08131567218079633,0.011273124255239964,-0.018257509917020798,0.04379958659410477,342.04855713982766,369.6024483412147,342.04855713982766,369.6024483412147,3.3111519178347684,43911.022673440166,0.021293016927084886,0.029803978117857826,149394598922.58914,0.5542168674698795,0.756
2023-08-22,NVDA,lstm,-0.028047389524547117,0.009237583726644516,-0.016909467056393623,0.03847680240869522,332.5882762701738,373.03247880644983,332.5882762701738,373.03247880644983,3.2556327640696754,45633.50504332253,0.021293016927084886,0.029803978117857826,149394598922.58914,0.5542168674698795,0.756
2023-08-23,NVDA,lstm,0.03121485228575207,0.01127137802541256,-0.015784692019224167,0.04267854988574982,343.1337008760252,377.26085212891167,343.1337008760252,377.26085212891167,3.2046470716304336,47623.232982112946,0.021293016927084886,0.029803978117857826,149394598922.58914,0.5542168674698795,0.756
2023-08-24,NVDA,lstm,0.0009969786387206384,0.011579550802707672,-0.019494835287332535,0.04183127358555794,343.4759684343958,381.6547590219083,343.4759684343958,381.6547590219083,3.1427779512832172,49657.62747472807,0.021293016927084886,0.029803978117857826,149394598922.58914,0.5542168674698795,0.756
2023-08-25,NVDA,lstm,-0.02457699058177426,0.007118936628103256,-0.019137658178806305,0.03935717046260834,335.1372527919317,384.38142730381423,335.1372527919317,384.38142730381423,3.083204371543951,51650.98098316506,0.021293016927084886,0.029803978117857826,149394598922.58914,0.5542168674698795,0.756
2023-08-28,NVDA,lstm,0.017598108994350624,0.004493517801165581,-0.021482320502400398,0.036185961216688156,341.08723536042044,386.1125304787523,341.08723536042044,386.1125304787523,3.017676325486642,53554.250641340186,0.021293016927084886,0.029803978117857826,149394598922.58914,0.5542168674698795,0.756
2023-08-29,NVDA,lstm,0.04077163126508516,0.009304183535277843,-0.021452967077493668,0.03663041070103645,355.28130992658345,389.72173976024817,355.28130992658345,389.72173976024817,2.9536276580921297,55552.334422877415,0.021293016927084886,0.029803978117857826,149394598922.58914,0.5542168674698795,0.756
2023-08-30,NVDA,lstm,0.009791191564956345,0.010695320554077625,-0.0214591883122921,0.04021831601858139,358.7770229624771,393.91229210533027,358.7770229624771,393.91229210533027,2.8909204344660027,57832.0931420528,0.021293016927084886,0.029803978117857826,149394598922.58914,0.5542168674698795,0.756
2023-08-31,NVDA,lstm,0.0018454786517271677,0.007746598683297634,-0.025610165670514107,0.035677939653396606,359.43974963495515,396.975644486057,359.43974963495515,396.975644486057,2.81782349517967,59932.67029282027,0.021293016927084886,0.029803978117857826,149394598922.58914,0.5542168674698795,0.756
2023-09-01,NVDA,lstm,-0.01728974413374466,0.007426838856190443,-0.023869220167398453,0.034256353974342346,353.2785446438778,399.9349051854062,353.2785446438778,399.9349051854062,2.7513605326794845,62021.31678801276,0.021293016927084886,0.029803978117857826,149394598922.58914,0.5542168674698795,0.756
2023-09-05,NVDA,lstm,0.0008036816975975859,0.010671981610357761,-0.02197488769888878,0.040937747806310654,353.56258226699316,404.22583656955203,353.56258226699316,404.22583656955203,2.6915591850420237,64613.01809565756,0.021293016927084886,0.029803978117857826,149394598922.58914,0.5542168674698795,0.756
2023-09-06,NVDA,lstm,-0.031108356107920766,0.00935056060552597,-0.018275458365678787,0.03838682919740677,342.7331478194841,408.0232987082883,342.7331478194841,408.0232987082883,2.6428163928818846,67141.52397843306,0.021293016927084886,0.029803978117857826,149394598922.58914,0.5542168674698795,0.756
2023-09-07,NVDA,lstm,-0.017577775204194554,0.010353196412324905,-0.017897464334964752,0.03739104047417641,336.761301243817,412.2695853362048,336.761301243817,412.2695853362048,2.595937368632256,69699.54428870806,0.021293016927084886,0.029803978117857826,149394598922.58914,0.5542168674698795,0.756
2023-09-08,NVDA,lstm,-0.014573412814991091,0.010909428820014,-0.020379941910505295,0.04248071834445,331.8891281067036,416.79183720019654,331.8891281067036,416.79183720019654,2.543567787772563,72724.22544039699,0.021293016927084886,0.029803978117857826,149394598922.58914,0.5542168674698795,0.756
2023-09-11,NVDA,lstm,-0.00868318827375869,0.009170465171337128,-0.021160978823900223,0.03657503426074982,329.0197480337535,420.63157914196665,329.0197480337535,420.63157914196665,2.4903089505911025,75433.36193894017,0.021293016927084886,0.029803978117857826,149394598922.58914,0.5542168674698795,0.756
2023-09-12,NVDA,lstm,-0.006840877574690574,0.009479505009949207,-0.02115241065621376,0.04209182783961296,326.7766453608316,424.637919873383,326.7766453608316,424.637919873383,2.438186061512368,78676.25783410134,0.021293016927084886,0.029803978117857826,149394598922.58914,0.5542168674698795,0.756
2023-09-13,NVDA,lstm,0.013613218509540427,0.00942366011440754,-0.021955281496047974,0.04237724095582962,331.2555441833108,428.65847570170916,331.2555441833108,428.65847570170916,2.385238416293099,82081.99509137524,0.021293016927084886,0.029803978117857826,149394598922.58914,0.5542168674698795,0.756
2023-09-14,NVDA,lstm,0.0021083764512410575,0.0057990290224552155,-0.022791769355535507,0.03528895229101181,331.9546923467811,431.15149493136676,331.9546923467811,431.15149493136676,2.33148942330243,85030.29425388019,0.021293016927084886,0.029803978117857826,149394598922.58914,0.5542168674698795,0.756
2023-09-15,NVDA,lstm,-0.03757663630482319,0.00920938141644001,-0.025061283260583878,0.04121403023600578,319.7124040885177,435.1404879410673,319.7124040885177,435.1404879410673,2.273785351351782,88607.95724844323,0.021293016927084886,0.029803978117857826,149394598922.58914,0.5542168674698795,0.756
2023-09-18,NVDA,lstm,0.0015022440752087203,0.011424712836742401,-0.01763007789850235,0.04308686405420303,320.1930510874925,440.14035039872124,320.1930510874925,440.14035039872124,2.2340495766717914,92509.23451807194,0.021293016927084886,0.029803978117857826,149394598922.58914,0.5542168674698795,0.756
2023-09-19,NVDA,lstm,-0.010195985848241475,0.005418671760708094,-0.026065874844789505,0.03482114151120186,316.944954183722,442.53177420711387,316.944954183722,442.53177420711387,2.176569447524329,95787.25155302683,0.021293016927084886,0.029803978117857826,149394598922.58914,0.5542168674698795,0.756
2023-09-20,NVDA,lstm,-0.029876685760689765,0.01273855846375227,-0.012677378952503204,0.038877151906490326,307.6157462313078,448.2050339495862,307.6157462313078,448.2050339495862,2.149150370594949,99584.52744545808,0.021293016927084886,0.029803978117857826,149394598922.58914,0.5542168674698795,0.756
2023-09-21,NVDA,lstm,-0.029357354057069164,0.01062331534922123,-0.022204533219337463,0.044237859547138214,298.71623408452,452.99184589640066,298.71623408452,452.99184589640066,2.1019553696313538,104088.8336814859,0.021293016927084886,0.029803978117857826,149394598922.58914,0.5542168674698795,0.756
2023-09-22,NVDA,lstm,0.014353964414841379,0.009793591685593128,-0.023285293951630592,0.04180769622325897,303.0349172406743,457.4500469249283,303.0349172406743,457.4500469249283,2.0535761889599136,108532.799493357,0.021293016927084886,0.029803978117857826,149394598922.58914,0.5542168674698795,0.756
2023-09-25,NVDA,lstm,0.014600877440384734,0.008139891549944878,-0.027547389268875122,0.04304689168930054,307.4919520559751,461.18883560920347,307.4919520559751,461.18883560920347,1.997777581188788,113306.80974862877,0.021293016927084886,0.029803978117857826,149394598922.58914,0.5542168674698795,0.756
2023-09-26,NVDA,lstm,-0.0073931095450158624,0.00997856818139553,-0.020596805959939957,0.04196304455399513,305.2270131573325,465.8138593074886,305.2270131573325,465.8138593074886,1.9570505689329445,118162.68389583551,0.021293016927084886,0.029803978117857826,149394598922.58914,0.5542168674698795,0.756
2023-09-27,NVDA,lstm,0.013202510381236097,0.011579668149352074,-0.014341956935822964,0.0378679595887661,309.28349491609214,471.2391868090312,309.28349491609214,471.2391868090312,1.9291829335655122,122723.06948948355,0.021293016927084886,0.029803978117857826,149394598922.58914,0.5542168674698795,0.756
2023-09-28,NVDA,lstm,0.014516944467593747,0.008868884295225143,-0.026965387165546417,0.04032326489686966,313.8060939714704,475.43711356301293,313.8060939714704,475.43711356301293,1.8778568872749137,127772.78410835071,0.021293016927084886,0.029803978117857826,149394598922.58914,0.5542168674698795,0.756
2023-09-29,NVDA,lstm,0.009470201545469807,0.008120762184262276,-0.025013389065861702,0.04067832976579666,316.7920172593039,479.3137308910126,316.7920172593039,479.3137308910126,1.8314679162483092,133077.52924859512,0.021293016927084886,0.029803978117857826,149394598922.58914,0.5542168674698795,0.756
2023-10-02,NVDA,lstm,0.029068344408258614,0.008200554177165031,-0.027299771085381508,0.043438732624053955,326.13578269553193,483.2605259549333,326.13578269553193,483.2605259549333,1.7821455493877172,138985.6449360001,0.021293016927084886,0.029803978117857826,149394598922.58914,0.5542168674698795,0.756
2023-10-03,NVDA,lstm,-0.028654679284701536,0.008159848861396313,-0.023235905915498734,0.04132748022675514,316.92309017654355,487.2200024197869,316.92309017654355,487.2200024197869,1.7412131344983182,144849.90705500517,0.021293016927084886,0.029803978117857826,149394598922.58914,0.5542168674698795,0.756
2023-10-04,NVDA,lstm,0.011969399465788955,0.009637921117246151,-0.021230429410934448,0.04116165637969971,320.7392623265447,491.93851507368413,320.7392623265447,491.93851507368413,1.7046360904505664,150936.58116559027,0.021293016927084886,0.029803978117857826,149394598922.58914,0.5542168674698795,0.756
2023-10-05,NVDA,lstm,0.014583976514441072,0.012895729392766953,-0.01782001554965973,0.04312657564878464,325.45119201587556,498.32351740591764,325.45119201587556,498.32351740591764,1.674528522210729,157588.3571151617,0.021293016927084886,0.029803978117857826,149394598922.58914,0.5542168674698795,0.756
2023-10-06,NVDA,lstm,0.02374907202724712,0.009031410329043865,-0.024472801014780998,0.045166149735450745,333.27286694983036,502.844459732542,333.27286694983036,502.844459732542,1.6340455173030186,164869.20804900065,0.021293016927084886,0.029803978117857826,149394598922.58914,0.5542168674698795,0.756
2023-10-09,NVDA,lstm,-0.010743273068497039,0.006315712351351976,-0.022952523082494736,0.03632926195859909,329.7115896738593,506.03034913706125,329.7115896738593,506.03034913706125,1.5969671770012572,170968.90695781217,0.021293016927084886,0.029803978117857826,149394598922.58914,0.5542168674698795,0.756
2023-10-10,NVDA,lstm,0.011529627358815587,0.013807913288474083,-0.016266100108623505,0.04304514080286026,333.5350405657673,513.0660620599804,333.5350405657673,513.0660620599804,1.5712009092797936,178488.97590214058,0.021293016927084886,0.029803978117857826,149394598922.58914,0.5542168674698795,0.756
2023-10-11,NVDA,lstm,0.02177096524396214,0.006632041186094284,-0.02408142201602459,0.0400577113032341,340.8760407192897,516.4800160142078,340.8760407192897,516.4800160142078,1.5338161367061958,185783.96058840473,0.021293016927084886,0.029803978117857826,149394598922.58914,0.5542168674698795,0.756
2023-10-12,NVDA,lstm,0.002965302591582023,0.0075561050325632095,-0.024379180744290352,0.041166000068187714,341.88834147350286,520.3973573679704,341.88834147350286,520.3973573679704,1.4968751118935728,193591.5481159363,0.021293016927084886,0.029803978117857826,149394598922.58914,0.5542168674698795,0.756
2023-10-13,NVDA,lstm,-0.03212191388901376,0.008209590800106525,-0.024386484175920486,0.04365972802042961,331.0807432517145,524.6872225827178,331.0807432517145,524.6872225827178,1.460813082615226,202230.9256119449,0.021293016927084886,0.029803978117857826,149394598922.58914,0.5542168674698795,0.756
2023-10-16,NVDA,lstm,0.013849727412101918,0.006792280822992325,-0.026807382702827454,0.04302698373794556,335.6980215147979,528.2631934576829,335.6980215147979,528.2631934576829,1.422172779708187,211122.2215931904,0.021293016927084886,0.029803978117857826,149394598922.58914,0.5542168674698795,0.756
2023-10-17,NVDA,lstm,-0.04792496767694244,0.00927294697612524,-0.017385493963956833,0.03658540919423103,319.98913518826856,533.1845392048587,319.98913518826856,533.1845392048587,1.3976613197134153,218989.25132142252,0.021293016927084886,0.029803978117857826,149394598922.58914,0.5542168674698795,0.756
2023-10-18,NVDA,lstm,-0.04045413348693489,0.008303404785692692,-0.02287856489419937,0.04066631197929382,307.30259364056496,537.6302183223171,307.30259364056496,537.6302183223171,1.366047855640105,228078.29120578986,0.021293016927084886,0.029803978117857826,149394598922.58914,0.5542168674698795,0.756
2023-10-19,NVDA,lstm,-0.0022538748762990835,0.005494347307831049,-0.026719389483332634,0.03913743048906326,306.6107520004593,540.5922897172616,306.6107520004593,540.5922897172616,1.3300312141119934,237181.67490245803,0.021293016927084886,0.029803978117857826,149394598922.58914,0.5542168674698795,0.756
2023-10-20,NVDA,lstm,-0.017104687764020087,0.008747747167944908,-0.01942547596991062,0.03978481888771057,301.4108687887891,545.3419780480349,301.4108687887891,545.3419780480349,1.3044440800686106,246808.12702765153,0.021293016927084886,0.029803978117857826,149394598922.58914,0.5542168674698795,0.756
2023-10-23,NVDA,lstm,0.03765166883401985,0.00520737050101161,-0.02806217223405838,0.03544344753026962,312.975845109303,548.1892135622668,312.975845109303,548.1892135622668,1.2683473574027802,255712.72956353112,0.021293016927084886,0.029803978117857826,149394598922.58914,0.5542168674698795,0.756
2023-10-24,NVDA,lstm,0.015882504541909113,0.008469448424875736,-0.02105974778532982,0.0391690731048584,317.986369905563,552.8518169642202,317.986369905563,552.8518169642202,1.2419156169864096,265927.5114916367,0.021293016927084886,0.029803978117857826,149394598922.58914,0.5542168674698795,0.756
2023-10-25,NVDA,lstm,-0.044107215429683475,0.005837824195623398,-0.017303908243775368,0.03197448328137398,304.26569137792546,556.0886786864966,304.26569137792546,556.0886786864966,1.2206104909519515,274567.817347163,0.021293016927084886,0.029803978117857826,149394598922.58914,0.5542168674698795,0.756
2023-10-26,NVDA,lstm,-0.03539737736165263,0.007177087478339672,-0.024686189368367195,0.03706683963537216,293.68387306253953,560.0941096404279,293.68387306253953,560.0941096404279,1.1908471709353297,284936.15805068973,0.021293016927084886,0.029803978117857826,149394598922.58914,0.5542168674698795,0.756
2023-10-27,NVDA,lstm,0.004305546599207338,0.007566054351627827,-0.02578614465892315,0.03704003989696503,294.95106869078273,564.3478589670243,294.95106869078273,564.3478589670243,1.1605323130807983,295688.1178997521,0.021293016927084886,0.029803978117857826,149394598922.58914,0.5542168674698795,0.756
2023-10-30,NVDA,lstm,0.016189214938030556,0.007009567227214575,-0.022069692611694336,0.034760743379592896,299.7649563297256,568.3175848278664,299.7649563297256,568.3175848278664,1.1352002878247638,306147.2035692041,0.021293016927084886,0.029803978117857826,149394598922.58914,0.5542168674698795,0.756
2023-10-31,NVDA,lstm,-0.009299453838083095,0.006982020102441311,-0.018571799620985985,0.03856620192527771,296.9902276830229,572.2994490097036,296.9902276830229,572.2994490097036,1.1143121136214986,318184.76320203615,0.021293016927084886,0.029803978117857826,149394598922.58914,0.5542168674698795,0.756
2023-11-01,NVDA,lstm,0.037186210832498144,0.00829413253813982,-0.02030470408499241,0.0376247838139534,308.2420791942515,577.0659458235388,308.2420791942515,577.0659458235388,1.0919145093188805,330384.45136939327,0.021293016927084886,0.029803978117857826,149394598922.58914,0.5542168674698795,0.756
2023-11-02,NVDA,lstm,0.02752092549733669,0.008603529073297977,-0.016551896929740906,0.03895507752895355,316.8429962341102,582.0521689193287,316.8429962341102,582.0521689193287,1.0739900167751233,343508.56201760436,0.021293016927084886,0.029803978117857826,149394598922.58914,0.5542168674698795,0.756
2023-11-03,NVDA,lstm,0.03387474690002963,0.008647682145237923,-0.02329813316464424,0.04735076054930687,327.75983114741746,587.1074265819773,327.75983114741746,587.1074265819773,1.049257261180796,360165.1856427449,0.021293016927084886,0.029803978117857826,149394598922.58914,0.5542168674698795,0.756
2023-11-06,NVDA,lstm,0.016440018957187604,0.011623093858361244,-0.01694358140230179,0.0416053906083107,333.19274522593923,593.9712143909791,333.19274522593923,593.9712143909791,1.0316288779337608,375466.0731920334,0.021293016927084886,0.029803978117857826,149394598922.58914,0.5542168674698795,0.756
2023-11-07,NVDA,lstm,0.004449059255094004,0.008499356918036938,-0.020222257822752,0.03946298733353615,334.67844201867797,599.0411290768034,334.67844201867797,599.0411290768034,1.0109765203128003,390579.32241548924,0.021293016927084886,0.029803978117857826,149394598922.58914,0.5542168674698795,0.756
2023-11-08,NVDA,lstm,0.013379777032173818,0.010553690604865551,-0.021159306168556213,0.04411707818508148,339.1864558087848,605.3967318761994,339.1864558087848,605.3967318761994,0.9898096790795661,408196.3020031704,0.021293016927084886,0.029803978117857826,149394598922.58914,0.5542168674698795,0.756
2023-11-09,NVDA,lstm,0.008040748217552423,0.009249560534954071,-0.0248662531375885,0.04115457087755203,341.9247629644952,611.022370915058,341.9247629644952,611.022370915058,0.965500332416371,425345.9219529382,0.021293016927084886,0.029803978117857826,149394598922.58914,0.5542168674698795,0.756
2023-11-10,NVDA,lstm,0.029072695070963262,0.0025534341111779213,-0.026085764169692993,0.03446808084845543,352.0113490156349,612.5845605881259,352.0113490156349,612.5845605881259,0.940640155519329,440262.3733260522,0.021293016927084886,0.029803978117857826,149394598922.58914,0.5542168674698795,0.756
2023-11-13,NVDA,lstm,0.0058790299440612745,0.004576539620757103,-0.02468210831284523,0.028551630675792694,354.0869294988673,615.3945192018638,354.0869294988673,615.3945192018638,0.9177073780232439,453013.73162331653,0.021293016927084886,0.029803978117857826,149394598922.58914,0.5542168674698795,0.756
2023-11-14,NVDA,lstm,0.02108424654638049,0.00648962426930666,-0.020973430946469307,0.03526198863983154,361.63184555161365,619.4011895649,361.63184555161365,619.4011895649,0.8986603678513029,469272.8728613171,0.021293016927084886,0.029803978117857826,149394598922.58914,0.5542168674698795,0.756
2023-11-15,NVDA,lstm,-0.015587215885351394,0.013052317313849926,-0.01128506101667881,0.03964854031801224,356.03871580676696,627.5387692801005,356.03871580676696,627.5387692801005,0.8885759181944213,488252.6561291301,0.021293016927084886,0.029803978117857826,149394598922.58914,0.5542168674698795,0.756
2023-11-16,NVDA,lstm,0.012036560692431319,0.0075847976841032505,-0.01627975143492222,0.031654439866542816,360.3500924395567,632.3166354190811,360.3500924395567,632.3166354190811,0.8742272198999369,503955.23212041985,0.021293016927084886,0.029803978117857826,149394598922.58914,0.5542168674698795,0.756
2023-11-17,NVDA,lstm,-0.0036850191889016117,0.00328235630877316,-0.026127513498067856,0.03440616652369499,359.0246390946006,634.3955611246163,359.0246390946006,634.3955611246163,0.8516816502873084,521596.1115452665,0.021293016927084886,0.029803978117857826,149394598922.58914,0.5542168674698795,0.756
2023-11-20,NVDA,lstm,0.022286219350210152,0.006672796793282032,-0.024449825286865234,0.03767460212111473,367.11576638639923,638.6429354088172,367.11576638639923,638.6429354088172,0.8311106837801522,541621.8861744944,0.021293016927084886,0.029803978117857826,149394598922.58914,0.5542168674698795,0.756
2023-11-21,NVDA,lstm,-0.00926735578637639,0.008641629479825497,-0.019588999450206757,0.03838937357068062,363.7292900420245,644.1857380898388,363.7292900420245,644.1857380898388,0.8149884735667929,562818.699414743,0.021293016927084886,0.029803978117857826,149394598922.58914,0.5542168674698795,0.756
2023-11-22,NVDA,lstm,-0.02489487256656686,0.00852111354470253,-0.02606147713959217,0.04233286529779434,354.7860776623376,649.6983949447683,354.7860776623376,649.6983949447683,0.7940230350640541,587155.8917796271,0.021293016927084886,0.029803978117857826,149394598922.58914,0.5542168674698795,0.756
2023-11-24,NVDA,lstm,-0.019484068283943036,0.006162018049508333,-0.021067839115858078,0.03609317168593407,347.9403097730615,653.7141818045055,347.9403097730615,653.7141818045055,0.7774696876677952,608735.3166076131,0.021293016927084886,0.029803978117857826,149394598922.58914,0.5542168674698795,0.756
2023-11-27,NVDA,lstm,0.009706581151388642,0.0094798868522048,-0.022422492504119873,0.04023902863264084,351.3340648593431,659.9407711075653,351.3340648593431,659.9407711075653,0.7602308620317596,633729.7532656511,0.021293016927084886,0.029803978117857826,149394598922.58914,0.5542168674698795,0.756
2023-11-28,NVDA,lstm,-0.008765167253228701,0.0070199500769376755,-0.022578006610274315,0.03892575204372406,348.26801984761823,664.5898380169502,348.26801984761823,664.5898380169502,0.7432586784563845,658884.5381446938,0.021293016927084886,0.029803978117857826,149394598922.58914,0.5542168674698795,0.756
2023-11-29,NVDA,lstm,0.006648563980867315,0.009992401115596294,-0.021617218852043152,0.041863612830638885,350.5912164629737,671.2640134849256,350.5912164629737,671.2640134849256,0.7273639039628109,687053.3451367369,0.021293016927084886,0.029803978117857826,149394598922.58914,0.5542168674698795,0.756
2023-11-30,NVDA,lstm,-0.028871438150903872,0.01005564071238041,-0.02077295444905758,0.0407005175948143,340.6138671033529,678.0480258663869,340.6138671033529,678.0480258663869,0.7124102802112218,715593.6413169526,0.021293016927084886,0.029803978117857826,149394598922.58914,0.5542168674698795,0.756
2023-12-01,NVDA,lstm,-0.00010693469029045707,0.007780953776091337,-0.020870473235845566,0.03585934266448021,340.5774456123607,683.3444677722335,340.5774456123607,683.3444677722335,0.697696014727676,741719.9585007882,0.021293016927084886,0.029803978117857826,149394598922.58914,0.5542168674698795,0.756
2023-12-04,NVDA,lstm,-0.027203001687777888,0.011153952218592167,-0.015358136966824532,0.03723108023405075,331.4375960753567,691.0091340640295,331.4375960753567,691.0091340640295,0.6870625773579814,769855.5273192126,0.021293016927084886,0.029803978117857826,149394598922.58914,0.5542168674698795,0.756
2023-12-05,NVDA,lstm,0.022938656585212863,0.011825633235275745,-0.023890897631645203,0.05097964406013489,339.12819809207184,699.2292237951405,339.12819809207184,699.2292237951405,0.6708425479918513,810120.1462511556,0.021293016927084886,0.029803978117857826,149394598922.58914,0.5542168674698795,0.756
2023-12-06,NVDA,lstm,-0.023092480099481356,0.006192211527377367,-0.02480451762676239,0.04030255228281021,331.3866171005507,703.5724162182273,331.3866171005507,703.5724162182273,0.6544072971024196,843436.9646094451,0.021293016927084886,0.029803978117857826,149394598922.58914,0.5542168674698795,0.756
2023-12-07,NVDA,lstm,0.023736493313200595,0.01022241823375225,-0.022344492375850677,0.0428713783621788,339.3466714751097,710.8015433509628,339.3466714751097,710.8015433509628,0.639947059623859,880382.5169683949,0.021293016927084886,0.029803978117857826,149394598922.58914,0.5542168674698795,0.756
2023-12-08,NVDA,lstm,0.01934131482739504,0.0048453607596457005,-0.02192750573158264,0.032148879021406174,345.973965981348,714.2539514361054,345.973965981348,714.2539514361054,0.6260673637218803,909145.6818338243,0.021293016927084886,0.029803978117857826,149394598922.58914,0.5542168674698795,0.756
2023-12-11,NVDA,lstm,-0.018676280849406868,0.006168457679450512,-0.02297278493642807,0.03652476146817207,339.57242360005444,718.6734393117208,339.57242360005444,718.6734393117208,0.6118487982978259,942965.8776148568,0.021293016927084886,0.029803978117857826,149394598922.58914,0.5542168674698795,0.756
2023-12-12,NVDA,lstm,0.02184980627625059,0.008337365463376045,-0.025701453909277916,0.038536302745342255,347.07366720135934,724.690308179154,347.07366720135934,724.690308179154,0.596323749762993,980013.4997131735,0.021293016927084886,0.029803978117857826,149394598922.58914,0.5542168674698795,0.756
2023-12-13,NVDA,lstm,0.009003136555809737,0.009273923002183437,-0.02607099711894989,0.038258470594882965,350.2125274136109,731.442277089414,350.2125274136109,731.442277089414,0.580977914454848,1018233.8261946545,0.021293016927084886,0.029803978117857826,149394598922.58914,0.5542168674698795,0.756
2023-12-14,NVDA,lstm,0.005433498584020609,0.008100754581391811,-0.025375667959451675,0.03805044665932655,352.12058570715385,737.3915724392278,352.12058570715385,737.3915724392278,0.5664206867989136,1057724.6703547337,0.021293016927084886,0.029803978117857826,149394598922.58914,0.5542168674698795,0.756
2023-12-15,NVDA,lstm,0.011106673766097183,0.010308558121323586,-0.02103528380393982,0.03993289917707443,356.05327329058076,745.0323574490367,356.05327329058076,745.0323574490367,0.5546302941849417,1100817.3960298914,0.021293016927084886,0.029803978117857826,149394598922.58914,0.5542168674698795,0.756
2023-12-18,NVDA,lstm,0.02398895003424525,0.007305662613362074,-0.022453613579273224,0.03752249479293823,364.69789056333855,750.4952656305053,364.69789056333855,750.4952656305053,0.5423156237701884,1142907.48683161,0.021293016927084886,0.029803978117857826,149394598922.58914,0.5542168674698795,0.756
2023-12-19,NVDA,lstm,-0.009490336654420877,0.010237157344818115,-0.023282349109649658,0.03912365436553955,361.25315650225093,758.2177029935849,361.25315650225093,758.2177029935849,0.5298350903698141,1188508.4792760736,0.021293016927084886,0.029803978117857826,149394598922.58914,0.5542168674698795,0.756
2023-12-20,NVDA,lstm,-0.03056063502278477,0.009432765655219555,-0.026403361931443214,0.042107537388801575,350.3800218218428,765.4036179658182,350.3800218218428,765.4036179658182,0.5160287326798556,1239622.2576329252,0.021293016927084886,0.029803978117857826,149394598922.58914,0.5542168674698795,0.756
2023-12-21,NVDA,lstm,0.018105387448486,0.00618862034752965,-0.02435074746608734,0.036923039704561234,356.7815642031364,770.1551087263317,356.7815642031364,770.1551087263317,0.5036147981734083,1286248.3598387805,0.021293016927084886,0.029803978117857826,149394598922.58914,0.5542168674698795,0.756
2023-12-22,NVDA,lstm,-0.003271314339771117,0.010822526179254055,-0.019075952470302582,0.04114500805735588,355.6163265245052,778.5354011621483,355.6163265245052,778.5354011621483,0.4940989214070034,1340274.848749989,0.021293016927084886,0.029803978117857826,149394598922.58914,0.5542168674698795,0.756
2023-12-26,NVDA,lstm,0.00915309761525891,0.008671828545629978,-0.020583990961313248,0.039559610188007355,358.88625965399643,785.3160940904992,358.88625965399643,785.3160940904992,0.48403235610058004,1394358.240961989,0.021293016927084886,0.029803978117857826,149394598922.58914,0.5542168674698795,0.756
2023-12-27,NVDA,lstm,0.002796477656837999,0.009237098507583141,-0.022941403090953827,0.03810865432024002,359.8912816663027,792.6037074042307,359.8912816663027,792.6037074042307,0.4730543943307496,1448520.8438754857,0.021293016927084886,0.029803978117857826,149394598922.58914,0.5542168674698795,0.756
2023-12-28,NVDA,lstm,0.002122511497586038,0.006648844573646784,-0.01995580829679966,0.03643205761909485,360.65596628839273,797.8911285671151,360.65596628839273,797.8911285671151,0.4637077921978132,1502266.6039177054,0.021293016927084886,0.029803978117857826,149394598922.58914,0.5542168674698795,0.756
2023-12-29,NVDA,lstm,0.0,0.008293066173791885,-0.02235543169081211,0.03490319103002548,360.65596628839273,804.5356493944457,360.65596628839273,804.5356493944457,0.4534564081878582,1555626.3335697185,0.021293016927084886,0.029803978117857826,149394598922.58914,0.5542168674698795,0.756
2023-01-03,NVDA,gru,-0.020672086058572937,0.004121353849768639,-0.009323013946413994,0.01749505288898945,104.25245492696696,106.86954414016873,104.25245492696696,106.86954414016873,105.44236520185996,108.30837649645582,0.02095367753300652,0.029451045608692848,79356021966.48112,0.5461847389558233,0.52
2023-01-04,NVDA,gru,0.02986734722440986,0.004178330302238464,-0.010979579761624336,0.020307427272200584,107.4131652556681,107.31701836573502,107.4131652556681,107.31701836573502,104.29098610161975,110.53033196706603,0.02095367753300652,0.029451045608692848,79356021966.48112,0.5461847389558233,0.52
2023-01-05,NVDA,gru,-0.033366247728456984,0.005182121880352497,-0.01103140413761139,0.02370990440249443,103.88832336141803,107.87459656326818,103.88832336141803,107.87459656326818,103.14683354312149,113.18231426436869,0.02095367753300652,0.029451045608692848,79356021966.48112,0.5461847389558233,0.52
2023-01-06,NVDA,gru,0.04079674740448115,0.0042442940175533295,-0.01053598802536726,0.017817242071032524,108.21427136875039,108.3334161589366,108.21427136875039,108.3334161589366,102.06578232641654,115.2169791543458,0.02095367753300652,0.029451045608692848,79356021966.48112,0.5461847389558233,0.52
2023-01-09,NVDA,gru,0.050458437653764884,0.0039052634965628386,-0.010981211438775063,0.017904434353113174,113.81470069159727,108.75731676938364,113.81470069159727,108.75731676938364,100.95110960404472,117.29845349704061,0.02095367753300652,0.029451045608692848,79356021966.48112,0.5461847389558233,0.52
2023-01-10,NVDA,gru,0.017820817969266232,0.0005114934174343944,-0.01348914485424757,0.013242549262940884,115.86115231647321,108.81296204492568,115.86115231647321,108.81296204492568,99.5985073082286,118.86210977497213,0.02095367753300652,0.029451045608692848,79356021966.48112,0.5461847389558233,0.52
2023-01-11,NVDA,gru,0.005766174196141473,0.0024180039763450623,-0.013684546574950218,0.016983244568109512,116.53115773085818,109.0763875898085,116.53115773085818,109.0763875898085,98.24482922308272,120.89800722740851,0.02095367753300652,0.029451045608692848,79356021966.48112,0.5461847389558233,0.52
2023-01-12,NVDA,gru,0.031375620085749165,0.002731808228418231,-0.011789806187152863,0.01894877851009369,120.24535804051845,109.3747655645599,120.24535804051845,109.3747655645599,97.09334109933216,123.21071302100084,0.02095367753300652,0.029451045608692848,79356021966.48112,0.5461847389558233,0.52
2023-01-13,NVDA,gru,0.02322765247067393,0.0029421583749353886,-0.012229286134243011,0.01698676496744156,123.0710656620271,109.6970378748716,123.0710656620271,109.6970378748716,95.91318924992281,125.32153498212647,0.02095367753300652,0.029451045608692848,79356021966.48112,0.5461847389558233,0.52
2023-01-17,NVDA,gru,0.04642315007007071,0.0026249520014971495,-0.01040698029100895,0.013771183788776398,128.91910417163265,109.98537057418274,128.91910417163265,109.98537057418274,94.92019724178716,127.05929659276806,0.02095367753300652,0.029451045608692848,79356021966.48112,0.5461847389558233,0.52
2023-01-18,NVDA,gru,-0.018530069303546705,0.002576664090156555,-0.013434471562504768,0.018879344686865807,126.55222121410688,110.26912485021596,126.55222121410688,110.26912485021596,93.65352085878806,129.48088216478018,0.02095367753300652,0.029451045608692848,79356021966.48112,0.5461847389558233,0.52
2023-01-19,NVDA,gru,-0.03585419576766004,0.003638121299445629,-0.012064393609762192,0.019238293170928955,122.09517250807724,110.6710232609142,122.09517250807724,110.6710232609142,92.5304355080898,131.99599102960497,0.02095367753300652,0.029451045608692848,79356021966.48112,0.5461847389558233,0.52
2023-01-20,NVDA,gru,0.06209376760385198,0.0029801970813423395,-0.013260263949632645,0.016863739117980003,129.91684744203204,111.00133675385409,129.91684744203204,111.00133675385409,91.31155561120113,134.24081449355234,0.02095367753300652,0.029451045608692848,79356021966.48112,0.5461847389558233,0.52
2023-01-23,NVDA,gru,0.07315855944895293,0.0019828607328236103,-0.012786127626895905,0.01664157770574093,139.777681368227,111.22165605557277,139.777681368227,111.22165605557277,90.1514669481877,136.4934899046132,0.02095367753300652,0.029451045608692848,79356021966.48112,0.5461847389558233,0.52
2023-01-24,NVDA,gru,0.0037442758315334493,0.003092182567343116,-0.011683013290166855,0.018516162410378456,140.30202860010087,111.56610264345335,140.30202860010087,111.56610264345335,89.10435424121299,139.04437288774056,0.02095367753300652,0.029451045608692848,79356021966.48112,0.5461847389558233,0.52
2023-01-25,NVDA,gru,0.0030061474676211053,0.003946893382817507,-0.012087244540452957,0.01960049942135811,140.72443177309154,112.00730741653297,140.72443177309154,112.00730741653297,88.03380924230487,141.79659885984452,0.02095367753300652,0.029451045608692848,79356021966.48112,0.5461847389558233,0.52
2023-01-26,NVDA,gru,0.024486851148173124,0.002355070086196065,-0.01150921918451786,0.01469849981367588,144.21286606707824,112.27140278651468,144.21286606707824,112.27140278651468,87.02641570924234,143.8961959969357,0.02095367753300652,0.029451045608692848,79356021966.48112,0.5461847389558233,0.52
2023-01-27,NVDA,gru,0.0280347848493683,0.002749437466263771,-0.012771652080118656,0.01967081055045128,148.313048058737,112.58051489650448,148.313048058737,112.58051489650448,85.92201351470335,146.7547677272768,0.02095367753300652,0.029451045608692848,79356021966.48112,0.5461847389558233,0.52
2023-01-30,NVDA,gru,-0.06088854439161597,3.5962119000032544e-05,-0.016440926119685173,0.016257213428616524,139.5519153525534,112.5845679307503,139.5519153525534,112.5845679307503,84.52092452512811,149.1600908768176,0.02095367753300652,0.029451045608692848,79356021966.48112,0.5461847389558233,0.52
2023-01-31,NVDA,gru,0.019380951723581338,0.004675344098359346,-0.01108138170093298,0.02054460346698761,142.28294376635696,113.1121658289863,142.28294376635696,113.1121658289863,83.58948842192709,152.25621868535796,0.02095367753300652,0.029451045608692848,79356021966.48112,0.5461847389558233,0.52
2023-02-01,NVDA,gru,0.06949436234951549,0.002494714455679059,-0.008417139761149883,0.014738905243575573,152.52248063264352,113.39469651949119,152.52248063264352,113.39469651949119,82.88885440613775,154.51693623448588,0.02095367753300652,0.029451045608692848,79356021966.48112,0.5461847389558233,0.52
2023-02-02,NVDA,gru,0.03592240469465814,0.0027880931738764048,-0.012213483452796936,0.01873048208653927,158.1010528936764,113.71129459955203,158.1010528936764,113.71129459955203,81.88264992822778,157.4383803689118,0.02095367753300652,0.029451045608692848,79356021966.48112,0.5461847389558233,0.52
2023-02-03,NVDA,gru,-0.028453845676379867,0.0019194807391613722,-0.013828439638018608,0.015049342066049576,153.66586819482515,113.92976766863107,153.66586819482515,113.92976766863107,80.75813356989018,159.82564737509028,0.02095367753300652,0.029451045608692848,79356021966.48112,0.5461847389558233,0.52
2023-02-06,NVDA,gru,-0.0005214477485699791,0.00468492740765214,-0.007868380285799503,0.01938697323203087,153.5857603616627,114.46476959123882,153.5857603616627,114.46476959123882,80.12518895623246,162.95440586629024,0.02095367753300652,0.029451045608692848,79356021966.48112,0.5461847389558233,0.52
2023-02-07,NVDA,gru,0.05012373679801028,0.004285003058612347,-0.01336989551782608,0.020727116614580154,161.48025049614418,114.95629928606013,161.48025049614418,114.95629928606013,79.061052079908,166.36722569873743,0.02095367753300652,0.029451045608692848,79356021966.48112,0.5461847389558233,0.52
2023-02-08,NVDA,gru,0.0014421376975802666,0.0019794246181845665,-0.017264101654291153,0.018265724182128906,161.71329525372465,115.18407112263107,161.71329525372465,115.18407112263107,77.70784701935669,169.4339677427389,0.02095367753300652,0.029451045608692848,79356021966.48112,0.5461847389558233,0.52
2023-02-09,NVDA,gru,0.0059270062614239965,0.002909718081355095,-0.012306440621614456,0.018550077453255653,162.67461703313182,115.51971196250838,162.67461703313182,115.51971196250838,76.7573983077282,172.6063221836199,0.02095367753300652,0.029451045608692848,79356021966.48112,0.5461847389558233,0.52
2023-02-10,NVDA,gru,-0.04918199156616901,0.0019380219746381044,-0.015270691365003586,0.018871385604143143,154.86751347371967,115.74380781640522,154.86751347371967,115.74380781640522,75.59416605322693,175.89457586474555,0.02095367753300652,0.029451045608692848,79356021966.48112,0.5461847389558233,0.52
2023-02-13,NVDA,gru,0.024296864420307342,0.003202501218765974,-0.014803443104028702,0.018174909055233,158.67639299108504,116.11507732628384,158.67639299108504,116.11507732628384,74.48335569283888,179.12066961763594,0.02095367753300652,0.029451045608692848,79356021966.48112,0.5461847389558233,0.52
2023-02-14,NVDA,gru,0.052873215602937104,0.0025161069352179766,-0.014619424007833004,0.016980666667222977,167.29188140548635,116.40760022509332,167.29188140548635,116.40760022509332,73.40237313922012,182.1882197281274,0.02095367753300652,0.029451045608692848,79356021966.48112,0.5461847389558233,0.52
2023-02-15,NVDA,gru,-0.00905224196701129,0.002023253357037902,-0.015201609581708908,0.015617851167917252,165.78434838702694,116.64335432401225,165.78434838702694,116.64335432401225,72.29497716422556,185.05593419671408,0.02095367753300652,0.029451045608692848,79356021966.48112,0.5461847389558233,0.52
2023-02-16,NVDA,gru,-0.03404694298595168,0.003375987522304058,-0.013726925477385521,0.020231975242495537,160.23490498435046,117.03781055268136,160.23490498435046,117.03781055268136,71.30937019898981,188.83812127116363,0.02095367753300652,0.029451045608692848,79356021966.48112,0.5461847389558233,0.52
2023-02-17,NVDA,gru,-0.02830335515754444,0.0046578021720051765,-0.011758318170905113,0.02065396122634411,155.76329879450702,117.5842264553538,155.76329879450702,117.5842264553538,70.47580044848321,192.77894214510718,0.02095367753300652,0.029451045608692848,79356021966.48112,0.5461847389558233,0.52
2023-02-21,NVDA,gru,-0.034872585823890904,0.005494644865393639,-0.01157936081290245,0.022800087928771973,150.4250500329615,118.23208428379685,150.4250500329615,118.23208428379685,69.66444233156894,197.2248083233227,0.02095367753300652,0.029451045608692848,79356021966.48112,0.5461847389558233,0.52
2023-02-22,NVDA,gru,0.0047815311215996656,0.004213607870042324,-0.009154463186860085,0.018683522939682007,151.14603442215247,118.73132070745812,151.14603442215247,118.73132070745812,69.02961007273026,200.9443001777956,0.02095367753300652,0.029451045608692848,79356021966.48112,0.5461847389558233,0.52
2023-02-23,NVDA,gru,0.13121590205507125,0.003034043125808239,-0.012113897129893303,0.017891231924295425,172.33881380200967,119.09210301661277,172.33881380200967,119.09210301661277,68.1984387651425,204.57179096158526,0.02095367753300652,0.029451045608692848,79356021966.48112,0.5461847389558233,0.52
2023-02-24,NVDA,gru,-0.01610259579688308,0.0013814229751005769,-0.01493868138641119,0.016451161354780197,169.58593527175657,119.25673009497675,169.58593527175657,119.25673009497675,67.18721491153721,207.96507591202743,0.02095367753300652,0.029451045608692848,79356021966.48112,0.5461847389558233,0.52
2023-02-27,NVDA,gru,0.009190658590005145,0.0040184673853218555,-0.013376004993915558,0.020261485129594803,171.15172600692893,119.73692115556963,171.15172600692893,119.73692115556963,66.29450186703387,212.2217291695189,0.02095367753300652,0.029451045608692848,79356021966.48112,0.5461847389558233,0.52
2023-02-28,NVDA,gru,-0.012201271008819365,0.0038425622042268515,-0.010811230167746544,0.018990853801369667,169.07614552369654,120.19790629227411,169.07614552369654,120.19790629227411,65.58163868345667,216.2905101258593,0.02095367753300652,0.029451045608692848,79356021966.48112,0.5461847389558233,0.52
2023-03-01,NVDA,gru,-0.02256486619106063,0.004176970571279526,-0.011505872942507267,0.020800556987524033,165.30368749732335,120.70101585297051,165.30368749732335,120.70101585297051,64.83139001809313,220.83658753141228,0.02095367753300652,0.029451045608692848,79356021966.48112,0.5461847389558233,0.52
2023-03-02,NVDA,gru,0.02677719029296915,0.004323961213231087,-0.01155449915677309,0.021032553166151047,169.7898511709806,121.22405884499867,169.7898511709806,121.22405884499867,64.08660568570346,225.53052545651568,0.02095367753300652,0.029451045608692848,79356021966.48112,0.5461847389558233,0.52
2023-03-03,NVDA,gru,0.02440593263414706,0.003046173369511962,-0.012774991802871227,0.019407100975513458,173.98471237034445,121.5938897053704,173.98471237034445,121.5938897053704,63.27310551580271,229.95017858004596,0.02095367753300652,0.029451045608692848,79356021966.48112,0.5461847389558233,0.52
2023-03-06,NVDA,gru,-0.01416424209194232,0.0033662142232060432,-0.011760635301470757,0.01999516226351261,171.53772157965622,122.00388420866778,171.53772157965622,122.00388420866778,62.53333224159248,234.59435306704444,0.02095367753300652,0.029451045608692848,79356021966.48112,0.5461847389558233,0.52
2023-03-07,NVDA,gru,-0.011357482667493755,0.004800773225724697,-0.010023876093327999,0.02035902440547943,169.6005066462992,122.59101079768229,169.6005066462992,122.59101079768229,61.90963579016798,239.41940891803537,0.02095367753300652,0.029451045608692848,79356021966.48112,0.5461847389558233,0.52
2023-03-08,NVDA,gru,0.037628979698207374,0.0044580549001693726,-0.01312711276113987,0.023901978507637978,176.10399308647592,123.13874304178013,176.10399308647592,123.13874304178013,61.102252575814575,245.2109522179068,0.02095367753300652,0.029451045608692848,79356021966.48112,0.5461847389558233,0.52
2023-03-09,NVDA,gru,-0.03129385388703557,0.004090641159564257,-0.010069419629871845,0.01875409111380577,170.67835774986102,123.64349015590105,170.67835774986102,123.64349015590105,60.490076125727974,249.8530484115738,0.02095367753300652,0.029451045608692848,79356021966.48112,0.5461847389558233,0.52
2023-03-10,NVDA,gru,-0.020302012418917815,0.002145629609003663,-0.015386134386062622,0.018940798938274384,167.24818117258724,123.90906561319134,167.24818117258724,123.90906561319134,59.56649032994144,254.63056082105402,0.02095367753300652,0.029451045608692848,79356021966.48112,0.5461847389558233,0.52
2023-03-13,NVDA,gru,4.3519657271245976e-05,0.003735520876944065,-0.009783563204109669,0.016941482201218605,167.25545991449414,124.37278989329366,167.25545991449414,124.37278989329366,58.986557992121924,258.98112527230006,0.02095367753300652,0.029451045608692848,79356021966.48112,0.5461847389558233,0.52
2023-03-14,NVDA,gru,0.04666053555937232,0.002655968302860856,-0.015518962405622005,0.018891286104917526,175.24462925668075,124.70355187069556,175.24462925668075,124.70355187069556,58.07821466566927,263.9201190193928,0.02095367753300652,0.029451045608692848,79356021966.48112,0.5461847389558233,0.52
2023-03-15,NVDA,gru,0.006833635931523843,0.003273480571806431,-0.01330938283354044,0.0196162611246109,176.44628842630416,125.1124362999362,176.44628842630416,125.1124362999362,57.31035072530721,269.14836636846485,0.02095367753300652,0.029451045608692848,79356021966.48112,0.5461847389558233,0.52
2023-03-16,NVDA,gru,0.05277600287356863,0.0032116505317389965,-0.013155621476471424,0.016719158738851547,186.00852724557004,125.51490582688916,186.00852724557004,125.51490582688916,56.56133591300537,273.68611378819475,0.02095367753300652,0.029451045608692848,79356021966.48112,0.5461847389558233,0.52
2023-03-17,NVDA,gru,0.007178278105008585,0.0012662304798141122,-0.013623209670186043,0.01673438586294651,187.3485519650688,125.67394269379652,187.3485519650688,125.67394269379652,55.79601293775064,278.30460741452026,0.02095367753300652,0.029451045608692848,79356021966.48112,0.5461847389558233,0.52
2023-03-20,NVDA,gru,0.006779657428062751,0.0028419208247214556,-0.011010963469743729,0.017845582216978073,188.62302633521892,126.0316110587829,188.62302633521892,126.0316110587829,55.18501505246839,283.3156846776027,0.02095367753300652,0.029451045608692848,79356021966.48112,0.5461847389558233,0.52
2023-03-21,NVDA,gru,0.011478265408442512,0.002213567029684782,-0.01199895516037941,0.017117058858275414,190.8005647680633,126.31089477521972,190.8005647680633,126.31089477521972,54.526809744621765,288.2069503938871,0.02095367753300652,0.029451045608692848,79356021966.48112,0.5461847389558233,0.52
2023-03-22,NVDA,gru,0.010215252329925942,0.0017575101228430867,-0.013845875859260559,0.019186098128557205,192.75962981786986,126.53308224223488,192.75962981786986,126.53308224223488,53.77704245026102,293.7899197294498,0.02095367753300652,0.029451045608692848,79356021966.48112,0.5461847389558233,0.52
2023-03-23,NVDA,gru,0.026949563918896007,0.003667998593300581,-0.011363454163074493,0.018636219203472137,198.02504948815982,126.99805912435873,198.02504948815982,126.99805912435873,53.16940847909375,299.3163982290373,0.02095367753300652,0.029451045608692848,79356021966.48112,0.5461847389558233,0.52
2023-03-24,NVDA,gru,-0.015268062439239333,0.0030234861187636852,-0.010841015726327896,0.015609672293066978,195.0245548257836,127.38261371313172,195.0245548257836,127.38261371313172,52.596110382802436,304.0252944357362,0.02095367753300652,0.029451045608692848,79356021966.48112,0.5461847389558233,0.52
2023-03-27,NVDA,gru,-0.009304107401968255,0.0016614331398159266,-0.015221985056996346,0.017270730808377266,193.21844059112388,127.59443194074284,193.21844059112388,127.59443194074284,51.8015547437494,309.3216487805406,0.02095367753300652,0.029451045608692848,79356021966.48112,0.5461847389558233,0.52
2023-03-28,NVDA,gru,-0.004571145261603305,0.0022125986870378256,-0.014228361658751965,0.018957223743200302,192.33722664487914,127.87705715578339,192.33722664487914,127.87705715578339,51.069722471430026,315.241476735134,0.02095367753300652,0.029451045608692848,79356021966.48112,0.5461847389558233,0.52
2023-03-29,NVDA,gru,0.021501349519667663,0.002851794008165598,-0.015616817399859428,0.021504385396838188,196.51751646970038,128.24226085325992,196.51751646970038,128.24226085325992,50.27837265387864,322.0939494070323,0.02095367753300652,0.029451045608692848,79356021966.48112,0.5461847389558233,0.52
2023-03-30,NVDA,gru,0.014678291660528416,0.0014075289946049452,-0.012963119894266129,0.014868490397930145,199.4233319243715,128.42289994787993,199.4233319243715,128.42289994787993,49.63081581003621,326.91878822350685,0.02095367753300652,0.029451045608692848,79356021966.48112,0.5461847389558233,0.52
2023-03-31,NVDA,gru,0.01428599380372868,0.0023520453833043575,-0.012894842773675919,0.018656231462955475,202.29273977877924,128.72531793732114,202.29273977877924,128.72531793732114,48.99494192671832,333.0751176236742,0.02095367753300652,0.029451045608692848,79356021966.48112,0.5461847389558233,0.52
2023-04-03,NVDA,gru,0.0067453782146296125,0.001998430583626032,-0.015927687287330627,0.017965208739042282,203.66189335663447,128.98282663963576,203.66189335663447,128.98282663963576,48.22074887350361,339.11295700792533,0.02095367753300652,0.029451045608692848,79356021966.48112,0.5461847389558233,0.52
2023-04-04,NVDA,gru,-0.01847831436585871,0.004803065210580826,-0.01168564148247242,0.02347693033516407,199.93312167243155,129.6038305537919,199.93312167243155,129.6038305537919,47.66053945713301,347.1684889662684,0.02095367753300652,0.029451045608692848,79356021966.48112,0.5461847389558233,0.52
2023-04-05,NVDA,gru,-0.021055682720337355,0.0018870241474360228,-0.014560099691152573,0.019670620560646057,195.76740322215298,129.84862004583806,195.76740322215298,129.84862004583806,46.97162527121144,354.06512765850505,0.02095367753300652,0.029451045608692848,79356021966.48112,0.5461847389558233,0.52
2023-04-06,NVDA,gru,0.005786585898190875,0.004037359729409218,-0.012185048311948776,0.02228705585002899,196.90351204242774,130.37392087881005,196.90351204242774,130.37392087881005,46.40274593446792,362.0447753872589,0.02095367753300652,0.029451045608692848,79356021966.48112,0.5461847389558233,0.52
2023-04-10,NVDA,gru,0.019848308159338104,0.0022118419874459505,-0.013493206351995468,0.018138732761144638,200.85075710966848,130.66260948844874,200.85075710966848,130.66260948844874,45.780829363486625,368.6717257855118,0.02095367753300652,0.029451045608692848,79356021966.48112,0.5461847389558233,0.52
2023-04-11,NVDA,gru,-0.014977990213686784,0.0035909712314605713,-0.011157535947859287,0.019008174538612366,197.8648338218349,131.1326523807299,197.8648338218349,131.1326523807299,45.27286708013331,375.7465191721827,0.02095367753300652,0.029451045608692848,79356021966.48112,0.5461847389558233,0.52
2023-04-12,NVDA,gru,-0.02512057286769924,0.0038732336834073067,-0.013351192697882652,0.021126622334122658,192.95626697518696,131.6415440068021,192.95626697518696,131.6415440068021,44.67243791266004,383.76920989225107,0.02095367753300652,0.029451045608692848,79356021966.48112,0.5461847389558233,0.52
2023-04-13,NVDA,gru,-0.0012085614693096958,0.005780814681202173,-0.010022683069109917,0.02235051803290844,192.72320832687765,132.40473656624494,192.72320832687765,132.40473656624494,44.22693613188301,392.44323852307764,0.02095367753300652,0.029451045608692848,79356021966.48112,0.5461847389558233,0.52
2023-04-14,NVDA,gru,0.011085966231294568,0.003796106670051813,-0.012550484389066696,0.019235312938690186,194.87161790136557,132.90832108469496,194.87161790136557,132.90832108469496,43.67533630281411,400.06505849332075,0.02095367753300652,0.029451045608692848,79356021966.48112,0.5461847389558233,0.52
2023-04-17,NVDA,gru,0.009077494903402036,0.0032600359991192818,-0.013491096906363964,0.020848434418439865,196.64861716839766,133.3423173724166,196.64861716839766,133.3423173724166,43.09006517477906,408.4933337759698,0.02095367753300652,0.029451045608692848,79356021966.48112,0.5461847389558233,0.52
2023-04-18,NVDA,gru,0.024329393345217082,0.002433731686323881,-0.01452535018324852,0.019328180700540543,201.49163366569698,133.66722431372227,201.49163366569698,133.66722431372227,42.468689624270866,416.4655834800684,0.02095367753300652,0.029451045608692848,79356021966.48112,0.5461847389558233,0.52
2023-04-19,NVDA,gru,0.009496813740008872,0.003958611283451319,-0.015316128730773926,0.023594889789819717,203.41427722451135,134.1974087679953,203.41427722451135,134.1974087679953,41.82319005336783,426.4088970775753,0.02095367753300652,0.029451045608692848,79356021966.48112,0.5461847389558233,0.52
2023-04-20,NVDA,gru,-0.03005585252302415,0.0047608958557248116,-0.009528359398245811,0.01990658976137638,197.3914516740382,134.8378397984129,197.3914516740382,134.8378397984129,41.42657660227494,434.98230727851666,0.02095367753300652,0.029451045608692848,79356021966.48112,0.5461847389558233,0.52
2023-04-21,NVDA,gru,0.0005532482580901556,0.0042706760577857494,-0.011139046400785446,0.023101523518562317,197.5006883655571,135.41492578507987,197.5006883655571,135.41492578507987,40.967685083643374,445.1480113417434,0.02095367753300652,0.029451045608692848,79356021966.48112,0.5461847389558233,0.52
2023-04-24,NVDA,gru,-0.002843363940150084,0.005544969346374273,-0.008747860789299011,0.02357502654194832,196.93991964269105,136.16788668137153,196.93991964269105,136.16788668137153,40.61086766036842,455.76705727851953,0.02095367753300652,0.029451045608692848,79356021966.48112,0.5461847389558233,0.52
2023-04-25,NVDA,gru,-0.03006816271540295,0.0037140855565667152,-0.013437540270388126,0.019951127469539642,191.1064386168993,136.6745672194146,191.1064386168993,136.6745672194146,40.068806577572566,464.9514452799058,0.02095367753300652,0.029451045608692848,79356021966.48112,0.5461847389558233,0.52
2023-04-26,NVDA,gru,0.026882840425383036,0.0037733674980700016,-0.013198450207710266,0.01906057819724083,196.31360057047635,137.19126326126437,196.31360057047635,137.19126326126437,39.543435983707575,473.8986731220351,0.02095367753300652,0.029451045608692848,79356021966.48112,0.5461847389558233,0.52
2023-04-27,NVDA,gru,0.009966509049945354,0.004754601512104273,-0.007559962570667267,0.01819644682109356,198.27994436218984,137.8450987383688,198.27994436218984,137.8450987383688,39.24561601521022,482.6008739648589,0.02095367753300652,0.029451045608692848,79356021966.48112,0.5461847389558233,0.52
2023-04-28,NVDA,gru,0.01902743037765254,0.0036871887277811766,-0.013570617884397507,0.018461808562278748,202.08882387955524,138.35429002190546,202.08882387955524,138.35429002190546,38.71662691713437,491.5932949728289,0.02095367753300652,0.029451045608692848,79356021966.48112,0.5461847389558233,0.52
2023-05-01,NVDA,gru,0.040987727447230254,0.003587322309613228,-0.010618794709444046,0.018183549866080284,210.5440827369028,138.85150800864298,210.5440827369028,138.85150800864298,38.30767872378618,500.6139758647203,0.02095367753300652,0.029451045608692848,79356021966.48112,0.5461847389558233,0.52
2023-05-02,NVDA,gru,-0.024511058190318888,0.004669744521379471,-0.014250455424189568,0.020009221509099007,205.44615747484465,139.50142103479124,205.44615747484465,139.50142103479124,37.765647004287416,510.7317562483197,0.02095367753300652,0.029451045608692848,79356021966.48112,0.5461847389558233,0.52
2023-05-03,NVDA,gru,-0.014568530358489911,0.004232731182128191,-0.011596488766372204,0.021196290850639343,202.47480556155372,140.09314490164255,202.47480556155372,140.09314490164255,37.330227778774656,521.672910043634,0.02095367753300652,0.029451045608692848,79356021966.48112,0.5461847389558233,0.52
2023-05-04,NVDA,gru,-0.00866993978335705,0.005460490006953478,-0.012939931824803352,0.022627385333180428,200.7269490436069,140.86021117038192,200.7269490436069,140.86021117038192,36.850290097743525,533.611562866431,0.02095367753300652,0.029451045608692848,79356021966.48112,0.5461847389558233,0.52
2023-05-05,NVDA,gru,0.03976200395407992,0.004661539103835821,-0.013233069330453873,0.01943523809313774,208.86905531021154,141.5183675625775,208.86905531021154,141.5183675625775,36.36585899894635,544.083853141902,0.02095367753300652,0.029451045608692848,79356021966.48112,0.5461847389558233,0.52
2023-05-08,NVDA,gru,0.016289159223455574,0.0031546931713819504,-0.014515462331473827,0.019259698688983917,212.29921799675648,141.9655149715691,212.29921799675648,141.9655149715691,35.84180460695573,554.6643106856723,0.02095367753300652,0.029451045608692848,79356021966.48112,0.5461847389558233,0.52
2023-05-09,NVDA,gru,-0.02009699812304626,0.0029585734009742737,-0.015347806736826897,0.017827408388257027,208.07522793903615,142.3861512528947,208.07522793903615,142.3861512528947,35.295910422389824,564.6411970189876,0.02095367753300652,0.029451045608692848,79356021966.48112,0.5461847389558233,0.52
2023-05-10,NVDA,gru,0.010930249684581755,0.0045909397304058075,-0.009694656357169151,0.01683860644698143,210.3620169541283,143.04133807749798,210.3620169541283,143.04133807749798,34.955383010172014,574.2294396967907,0.02095367753300652,0.029451045608692848,79356021966.48112,0.5461847389558233,0.52
2023-05-11,NVDA,gru,-0.010685277078569578,0.004357610829174519,-0.011021801270544529,0.020493578165769577,208.12620691384217,143.66601578077498,208.12620691384217,143.66601578077498,34.572226774025886,586.1188514398566,0.02095367753300652,0.029451045608692848,79356021966.48112,0.5461847389558233,0.52
2023-05-12,NVDA,gru,-0.008362920431836323,0.004763603676110506,-0.011207726784050465,0.019526265561580658,206.392921770438,144.35201067552975,206.392921770438,144.35201067552975,34.18691327366079,597.6760426900573,0.02095367753300652,0.029451045608692848,79356021966.48112,0.5461847389558233,0.52
2023-05-15,NVDA,gru,0.021399555379267746,0.005985945928841829,-0.010917751118540764,0.023070650175213814,210.8572353276457,145.21867945605476,210.8572353276457,145.21867945605476,33.815699566225504,611.625081152441,0.02095367753300652,0.029451045608692848,79356021966.48112,0.5461847389558233,0.52
2023-05-16,NVDA,gru,0.008939998193007434,0.0035930166486650705,-0.010565368458628654,0.01755256950855255,212.7507500281036,145.74139765032197,212.7507500281036,145.74139765032197,33.4603057148073,622.455412141738,0.02095367753300652,0.029451045608692848,79356021966.48112,0.5461847389558233,0.52
2023-05-17,NVDA,gru,0.03249937218679542,0.004878730978816748,-0.011137685738503933,0.02074674516916275,219.77859759088304,146.45417223461558,219.77859759088304,146.45417223461558,33.089702249438396,635.5042128541771,0.02095367753300652,0.029451045608692848,79356021966.48112,0.5461847389558233,0.52
2023-05-18,NVDA,gru,0.048509252338859936,0.003715409431606531,-0.013157173059880733,0.020568296313285828,230.70271124609724,146.99932007416487,230.70271124609724,146.99932007416487,32.65718673227568,648.7108029594743,0.02095367753300652,0.029451045608692848,79356021966.48112,0.5461847389558233,0.52
2023-05-19,NVDA,gru,-0.013155143836531118,0.002708764746785164,-0.013875149190425873,0.017199162393808365,227.68765909990722,147.39805399151655,227.68765909990722,147.39805399151655,32.20719218183413,659.9645937672791,0.02095367753300652,0.029451045608692848,79356021966.48112,0.5461847389558233,0.52
2023-05-22,NVDA,gru,-0.002818686783544427,0.0032043338287621737,-0.013772992417216301,0.021942412480711937,227.0467825438787,147.87112387481704,227.0467825438787,147.87112387481704,31.766644470019205,674.6058871576347,0.02095367753300652,0.029451045608692848,79356021966.48112,0.5461847389558233,0.52
2023-05-23,NVDA,gru,-0.01577689737356947,0.0043396842665970325,-0.011425474658608437,0.02039427123963833,223.49279790054334,148.51423202962948,223.49279790054334,148.51423202962948,31.40576057032737,688.5052353108416,0.02095367753300652,0.029451045608692848,79356021966.48112,0.5461847389558233,0.52
2023-05-24,NVDA,gru,-0.0048998764920286444,0.004346432164311409,-0.012588612735271454,0.0217876173555851,222.4003893131677,149.1611462779008,222.4003893131677,149.1611462779008,31.01288381312408,703.670704700291,0.02095367753300652,0.029451045608692848,79356021966.48112,0.5461847389558233,0.52
2023-05-25,NVDA,gru,0.21808788007240454,0.00474355835467577,-0.010157376527786255,0.01889902539551258,276.5985544162479,149.87037497000804,276.5985544162479,149.87037497000804,30.6994686165554,717.0958491656246,0.02095367753300652,0.029451045608692848,79356021966.48112,0.5461847389558233,0.52
2023-05-26,NVDA,gru,0.02511635600756745,0.0014366044197231531,-0.016484905034303665,0.01788228377699852,283.63368072093425,150.08583821756216,283.63368072093425,150.08583821756216,30.197538675414055,730.0345246219293,0.02095367753300652,0.029451045608692848,79356021966.48112,0.5461847389558233,0.52
2023-05-30,NVDA,gru,0.029474563092427592,0.0017411343287676573,-0.014227332547307014,0.018260760232806206,292.1180823273671,150.3473780085578,292.1180823273671,150.3473780085578,29.77095016074234,743.488012633445,0.02095367753300652,0.029451045608692848,79356021966.48112,0.5461847389558233,0.52
2023-05-31,NVDA,gru,-0.05844245286732084,0.002921470208093524,-0.014808382838964462,0.02192031219601631,275.53527468722876,150.78725739003133,275.53527468722876,150.78725739003133,29.333338620663753,759.9654305693763,0.02095367753300652,0.029451045608692848,79356021966.48112,0.5461847389558233,0.52
2023-06-01,NVDA,gru,0.04990471116581726,0.0034317097160965204,-0.015762753784656525,0.022823922336101532,289.63467004568673,151.30560943859007,289.63467004568673,151.30560943859007,28.874589084747484,777.5103182528104,0.02095367753300652,0.029451045608692848,79356021966.48112,0.5461847389558233,0.52
2023-06-02,NVDA,gru,-0.011201573382044588,0.0017819828353822231,-0.016536366194486618,0.020813025534152985,286.408409367637,151.57547954438357,286.408409367637,151.57547954438357,28.401034365631062,793.86224760352,0.02095367753300652,0.029451045608692848,79356021966.48112,0.5461847389558233,0.52
2023-06-05,NVDA,gru,-0.003974583636777458,0.005298269912600517,-0.014277824200689793,0.026690438389778137,285.27231443809103,152.38069753703937,285.27231443809103,152.38069753703937,27.998410830622532,815.3360466657381,0.02095367753300652,0.029451045608692848,79356021966.48112,0.5461847389558233,0.52
2023-06-06,NVDA,gru,-0.013286468516916745,0.004090663976967335,-0.011934571899473667,0.022188205271959305,281.5071212628959,153.00530775661466,281.5071212628959,153.00530775661466,27.666247515009484,833.6290419601737,0.02095367753300652,0.029451045608692848,79356021966.48112,0.5461847389558233,0.52
2023-06-07,NVDA,gru,-0.030976241922724787,0.005284014157950878,-0.019296126440167427,0.025205938145518303,272.92076170685107,153.81593270089948,272.92076170685107,153.81593270089948,27.137513529988816,854.9084946125008,0.02095367753300652,0.029451045608692848,79356021966.48112,0.5461847389558233,0.52
2023-06-08,NVDA,gru,0.02724390097018558,0.003334175329655409,-0.014384150505065918,0.023185674101114273,280.4583990176905,154.32964214715665,280.4583990176905,154.32964214715665,26.749956911282126,874.9617185404651,0.02095367753300652,0.029451045608692848,79356021966.48112,0.5461847389558233,0.52
2023-06-09,NVDA,gru,0.006728859248402525,0.0038065495900809765,-0.014422744512557983,0.020612049847841263,282.35192760887725,154.9182158308443,282.35192760887725,154.9182158308443,26.366917830275142,893.1836556235589,0.02095367753300652,0.029451045608692848,79356021966.48112,0.5461847389558233,0.52
2023-06-12,NVDA,gru,0.01819806893306924,0.003840693039819598,-0.014065025374293327,0.02234402485191822,287.53722555527594,155.5143528784951,287.53722555527594,155.5143528784951,25.99866268079205,913.3656090543507,0.02095367753300652,0.029451045608692848,79356021966.48112,0.5461847389558233,0.52
2023-06-13,NVDA,gru,0.03826366011407102,0.004109421744942665,-0.012567084282636642,0.02076033130288124,298.75265557551234,156.15473711047756,298.75265557551234,156.15473711047756,25.673980337574783,932.5256245886209,0.02095367753300652,0.029451045608692848,79356021966.48112,0.5461847389558233,0.52
2023-06-14,NVDA,gru,0.04702189160777442,0.003356349188834429,-0.013486068695783615,0.01831970363855362,313.13608855708554,156.6797200273083,313.13608855708554,156.6797200273083,25.330063305030972,949.7666491655617,0.02095367753300652,0.029451045608692848,79356021966.48112,0.5461847389558233,0.52
2023-06-15,NVDA,gru,-0.008032775566352863,0.004403453320264816,-0.01247553713619709,0.021168680861592293,310.63081226822675,157.37116767099494,310.63081226822675,157.37116767099494,25.016019555593463,970.0863101580761,0.02095367753300652,0.029451045608692848,79356021966.48112,0.5461847389558233,0.52
2023-06-16,NVDA,gru,0.000913971925733769,0.003838323289528489,-0.01703958958387375,0.021961074322462082,310.91484989134204,157.97636866132208,310.91484989134204,157.97636866132208,24.59336803682356,991.6261468289938,0.02095367753300652,0.029451045608692848,79356021966.48112,0.5461847389558233,0.52
2023-06-20,NVDA,gru,0.025804837950413072,0.005222154315561056,-0.010884358547627926,0.022418003529310226,319.0423708926752,158.8034999431717,319.0423708926752,158.8034999431717,24.32713656495839,1014.1075240257752,0.02095367753300652,0.029451045608692848,79356021966.48112,0.5461847389558233,0.52
2023-06-21,NVDA,gru,-0.017570380882942,0.0032367792446166277,-0.014430569484829903,0.020477069541811943,313.485634857363,159.3183434052162,313.485634857363,159.3183434052162,23.97860338117076,1035.0875591230229,0.02095367753300652,0.029451045608692848,79356021966.48112,0.5461847389558233,0.52
2023-06-22,NVDA,gru,-0.00046466000922731497,0.0038810758851468563,-0.013388343155384064,0.021902237087488174,313.34000445630954,159.93786983461644,313.34000445630954,159.93786983461644,23.659709355868017,1058.0083732357405,0.02095367753300652,0.029451045608692848,79356021966.48112,0.5461847389558233,0.52
2023-06-23,NVDA,gru,-0.01914791779337092,0.0037730378098785877,-0.014795741997659206,0.02651984989643097,307.39727284827,160.5424552261922,307.39727284827,160.5424552261922,23.31222339490028,1086.4419900730798,0.02095367753300652,0.029451045608692848,79356021966.48112,0.5461847389558233,0.52
2023-06-26,NVDA,gru,-0.03807752702129708,0.003357785986736417,-0.016257984563708305,0.02084575779736042,295.9123904701898,161.08241904757375,295.9123904701898,161.08241904757375,22.93627851004707,1109.3273689738335,0.02095367753300652,0.029451045608692848,79356021966.48112,0.5461847389558233,0.52
2023-06-27,NVDA,gru,0.03015692459154656,0.005513017997145653,-0.01032660435885191,0.023210003972053528,304.9721182833025,161.97291674408217,304.9721182833025,161.97291674408217,22.700643648816715,1135.376026529218,0.02095367753300652,0.029451045608692848,79356021966.48112,0.5461847389558233,0.52
2023-06-28,NVDA,gru,-0.018291181950407957,0.0037961332127451897,-0.016386661678552628,0.023615196347236633,299.4445249970756,162.58896006243964,299.4445249970756,162.58896006243964,22.331687505470487,1162.5072188288154,0.02095367753300652,0.029451045608692848,79356021966.48112,0.5461847389558233,0.52
2023-06-29,NVDA,gru,-0.0072005580056903225,0.004515042994171381,-0.01488044485449791,0.02181299775838852,297.29610153185877,163.3247245078554,297.29610153185877,163.3247245078554,22.001842464993832,1188.1435786299126,0.02095367753300652,0.029451045608692848,79356021966.48112,0.5461847389558233,0.52
2023-06-30,NVDA,gru,0.03561320486834228,0.004350099712610245,-0.014660594053566456,0.023364335298538208,308.0745570045619,164.03675545506104,308.0745570045619,164.03675545506104,21.681634995847727,1216.2306281057574,0.02095367753300652,0.029451045608692848,79356021966.48112,0.5461847389558233,0.52
2023-07-03,NVDA,gru,0.0026205543140207714,0.003755503101274371,-0.014840835705399513,0.0204849224537611,308.88294185955107,164.65396061143838,308.88294185955107,164.65396061143838,21.362237879688003,1241.4019356464955,0.02095367753300652,0.029451045608692848,79356021966.48112,0.5461847389558233,0.52
2023-07-05,NVDA,gru,-0.0022659482658541914,0.003785074455663562,-0.014138957485556602,0.02000499702990055,308.18382147753846,165.2783755078039,308.18382147753846,165.2783755078039,21.062323662877816,1266.4862635468842,0.02095367753300652,0.029451045608692848,79356021966.48112,0.5461847389558233,0.52
2023-07-06,NVDA,gru,-0.0050699160214645565,0.0038985591381788254,-0.01005623396486044,0.017666740342974663,306.62530948427303,165.92397445941353,306.62530948427303,165.92397445941353,20.851577596707642,1289.0597298693629,0.02095367753300652,0.029451045608692848,79356021966.48112,0.5461847389558233,0.52
2023-07-07,NVDA,gru,0.009455610623529509,0.0049467869102954865,-0.01298514287918806,0.02061321958899498,309.5383897901222,166.74678933090794,309.5383897901222,166.74678933090794,20.582567496074915,1315.907201400421,0.02095367753300652,0.029451045608692848,79356021966.48112,0.5461847389558233,0.52
2023-07-10,NVDA,gru,-0.007628440616182319,0.003566347761079669,-0.017267320305109024,0.021766923367977142,307.1860782071391,167.34252598664955,307.1860782071391,167.34252598664955,20.230212266630698,1344.8644736617678,0.02095367753300652,0.029451045608692848,79356021966.48112,0.5461847389558233,0.52
2023-07-11,NVDA,gru,0.0053200687411785255,0.004272907041013241,-0.015253573656082153,0.023202214390039444,308.8246841428381,168.05908629480084,308.8246841428381,168.05908629480084,19.923970322820207,1376.4331515054266,0.02095367753300652,0.029451045608692848,79356021966.48112,0.5461847389558233,0.52
2023-07-12,NVDA,gru,0.03469363583487228,0.009000140242278576,-0.010652188211679459,0.02976350113749504,319.7269615723316,169.5784603131733,319.7269615723316,169.5784603131733,19.712862323232763,1418.016370590949,0.02095367753300652,0.029451045608692848,79356021966.48112,0.5461847389558233,0.52
2023-07-13,NVDA,gru,0.046181410472192666,0.0029116489458829165,-0.012762181460857391,0.019231200218200684,334.8386576850027,170.07292723059993,334.8386576850027,170.07292723059993,19.4628821955492,1445.5503998968047,0.02095367753300652,0.029451045608692848,79356021966.48112,0.5461847389558233,0.52
2023-07-14,NVDA,gru,-0.011110483333366917,0.0022401181049644947,-0.014814191497862339,0.02289764955639839,331.1390287498851,170.45434712529394,331.1390287498851,170.45434712529394,19.17668046794542,1479.0319042116982,0.02095367753300652,0.029451045608692848,79356021966.48112,0.5461847389558233,0.52
2023-07-17,NVDA,gru,0.02158240547309955,0.0028929600957781076,-0.014420424588024616,0.021828360855579376,338.36348568852395,170.94817780592487,338.36348568852395,170.94817780592487,18.90212839257606,1511.6717442427716,0.02095367753300652,0.029451045608692848,79356021966.48112,0.5461847389558233,0.52
2023-07-18,NVDA,gru,0.021990156875462966,0.002065883716568351,-0.01935526542365551,0.020676495507359505,345.8865655155496,171.30170594653856,345.8865655155496,171.30170594653856,18.539790624397213,1543.253266253787,0.02095367753300652,0.029451045608692848,79356021966.48112,0.5461847389558233,0.52
2023-07-19,NVDA,gru,-0.008818824443497382,0.0008571437210775912,-0.019113261252641678,0.020114853978157043,342.84966325291003,171.4485924348419,342.84966325291003,171.4485924348419,18.18880000845102,1574.6098703188904,0.02095367753300652,0.029451045608692848,79356021966.48112,0.5461847389558233,0.52
2023-07-20,NVDA,gru,-0.03363275203125776,0.0028528242837637663,-0.01808607019484043,0.021775638684630394,331.5104390573409,171.9383954531378,331.5104390573409,171.9383954531378,17.862793518736563,1609.2741172787746,0.02095367753300652,0.029451045608692848,79356021966.48112,0.5461847389558233,0.52
2023-07-21,NVDA,gru,-0.026964025888835234,0.0025269249454140663,-0.015334850177168846,0.02065684087574482,322.6910208529867,172.3734164369646,322.6910208529867,172.3734164369646,17.590960373019826,1642.8623061117296,0.02095367753300652,0.029451045608692848,79356021966.48112,0.5461847389558233,0.52
2023-07-24,NVDA,gru,0.006815096201665362,0.0029930518940091133,-0.014648215845227242,0.02331010438501835,324.8977020349164,172.89010878405097,324.8977020349164,172.89010878405097,17.335162352215672,1681.6073883937863,0.02095367753300652,0.029451045608692848,79356021966.48112,0.5461847389558233,0.52
2023-07-25,NVDA,gru,0.02363582220880059,0.004449808970093727,-0.013813819736242294,0.021399904042482376,332.6683979940652,173.66115349846845,332.6683979940652,173.66115349846845,17.0973439735505,1717.9814400390715,0.02095367753300652,0.029451045608692848,79356021966.48112,0.5461847389558233,0.52
2023-07-26,NVDA,gru,-0.004981875725930595,0.004000135697424412,-0.016308870166540146,0.022373881191015244,331.01520679309465,174.35721760875694,331.01520679309465,174.35721760875694,16.820767397333466,1756.852560885445,0.02095367753300652,0.029451045608692848,79356021966.48112,0.5461847389558233,0.52
2023-07-27,NVDA,gru,0.009808333639952883,0.002297814469784498,-0.014685685746371746,0.018448006361722946,334.2778889621366,174.75832653951323,334.2778889621366,174.75832653951323,16.57554748755363,1789.5637144680343,0.02095367753300652,0.029451045608692848,79356021966.48112,0.5461847389558233,0.52
2023-07-28,NVDA,gru,0.01834910542464786,0.0036781609524041414,-0.01564483717083931,0.023533184081315994,340.46820892084156,175.40228971333931,340.46820892084156,175.40228971333931,16.318244003210726,1832.1773317800387,0.02095367753300652,0.029451045608692848,79356021966.48112,0.5461847389558233,0.52
2023-07-31,NVDA,gru,-0.00044929682131738,0.002064270433038473,-0.014331825077533722,0.021687187254428864,340.3152719964236,175.76473641366087,340.3152719964236,175.76473641366087,16.086041989144835,1872.3460221565983,0.02095367753300652,0.029451045608692848,79356021966.48112,0.5461847389558233,0.52
2023-08-01,NVDA,gru,-0.004762120671505233,0.0029607159085571766,-0.012809118255972862,0.019518928602337837,338.69850228644526,176.28589514331148,338.69850228644526,176.28589514331148,15.881307864485292,1909.2511979656817,0.02095367753300652,0.029451045608692848,79356021966.48112,0.5461847389558233,0.52
2023-08-02,NVDA,gru,-0.04931815766434011,0.003362189047038555,-0.018633345142006874,0.023789463564753532,322.3997322694222,176.8796085591236,322.3997322694222,176.8796085591236,15.58812605451776,1955.2157974776346,0.02095367753300652,0.029451045608692848,79356021966.48112,0.5461847389558233,0.52
2023-08-03,NVDA,gru,0.005541516736957435,0.0026087695732712746,-0.017419369891285896,0.02387184463441372,324.19127512953924,177.3416593382703,324.19127512953924,177.3416593382703,15.3189418999916,2002.4520002817965,0.02095367753300652,0.029451045608692848,79356021966.48112,0.5461847389558233,0.52
2023-08-04,NVDA,gru,0.003699783716763982,0.0032050993759185076,-0.01538478210568428,0.021327544003725052,325.3929342991626,177.9109592202436,325.3929342991626,177.9109592202436,15.085067391826476,2045.6180887688204,0.02095367753300652,0.029451045608692848,79356021966.48112,0.5461847389558233,0.52
2023-08-07,NVDA,gru,0.016360499234946396,0.005361562594771385,-0.012297268956899643,0.021273434162139893,330.76031191906463,178.86740521556908,330.76031191906463,178.86740521556908,14.900697818605185,2089.6015425431387,0.02095367753300652,0.029451045608692848,79356021966.48112,0.5461847389558233,0.52
2023-08-08,NVDA,gru,-0.016718639461174828,0.0029170988127589226,-0.015722250565886497,0.02250274457037449,325.27641886573684,179.3899382308456,325.27641886573684,179.3899382308456,14.668257208184444,2137.1564600791926,0.02095367753300652,0.029451045608692848,79356021966.48112,0.5461847389558233,0.52
2023-08-09,NVDA,gru,-0.048393963073315394,0.0037763190921396017,-0.015450951643288136,0.023964785039424896,309.9098278790357,180.0686536815581,309.9098278790357,180.0686536815581,14.44336023253749,2188.9914863685667,0.02095367753300652,0.029451045608692848,79356021966.48112,0.5461847389558233,0.52
2023-08-10,NVDA,gru,-0.003908562899793833,0.003986484836786985,-0.016293158754706383,0.021194929257035255,308.70088996750536,180.78793159364574,308.70088996750536,180.78793159364574,14.209939011156662,2235.882297829957,0.02095367753300652,0.029451045608692848,79356021966.48112,0.5461847389558233,0.52
2023-08-11,NVDA,gru,-0.036836113199839815,0.0045044622384011745,-0.013767440803349018,0.023491863161325455,297.536438922075,181.6041122707477,297.536438922075,181.6041122707477,14.015644714692796,2289.029163500686,0.02095367753300652,0.029451045608692848,79356021966.48112,0.5461847389558233,0.52
2023-08-14,NVDA,gru,0.0685309425843762,0.0027324643451720476,-0.015176484361290932,0.021040866151452065,318.64181783613395,182.10101940825496,318.64181783613395,182.10101940825496,13.804542266439835,2337.7027083856387,0.02095367753300652,0.029451045608692848,79356021966.48112,0.5461847389558233,0.52
2023-08-15,NVDA,gru,0.004264891486232087,0.004532171413302422,-0.01507787685841322,0.025335144251585007,320.00369267208225,182.9282078219407,320.00369267208225,182.9282078219407,13.597960613488103,2397.6854619436,0.02095367753300652,0.029451045608692848,79356021966.48112,0.5461847389558233,0.52
2023-08-16,NVDA,gru,-0.010385987086259629,0.003811918431892991,-0.012527087703347206,0.02226336859166622,316.6973380515988,183.62685221230907,316.6973380515988,183.62685221230907,13.428680057299728,2451.6646313772453,0.02095367753300652,0.029451045608692848,79356021966.48112,0.5461847389558233,0.52
2023-08-17,NVDA,gru,-0.003270722437134807,0.005071012303233147,-0.014660107903182507,0.02608378231525421,315.6632010716649,184.56039617649222,315.6632010716649,184.56039617649222,13.233249934676856,2516.454555260548,0.02095367753300652,0.029451045608692848,79356021966.48112,0.5461847389558233,0.52
2023-08-18,NVDA,gru,-0.0010387910594265033,0.005349738989025354,-0.01255602203309536,0.023994212970137596,315.3354632156505,185.55038928938455,315.3354632156505,185.55038928938455,13.068131831957944,2577.565050632514,0.02095367753300652,0.029451045608692848,79356021966.48112,0.5461847389558233,0.52
2023-08-21,NVDA,gru,0.08131567218079633,0.003924727905541658,-0.01639420911669731,0.023421432822942734,342.04855713982766,186.2800617501645,342.04855713982766,186.2800617501645,12.855636633667539,2638.6478085281433,0.02095367753300652,0.029451045608692848,79356021966.48112,0.5461847389558233,0.52
2023-08-22,NVDA,gru,-0.028047389524547117,0.002265908056870103,-0.012909302487969398,0.017694726586341858,332.5882762701738,186.70262569582079,332.5882762701738,186.70262569582079,12.690746079287186,2685.753443046544,0.02095367753300652,0.029451045608692848,79356021966.48112,0.5461847389558233,0.52
2023-08-23,NVDA,gru,0.03121485228575207,0.0035483078099787235,-0.015468059107661247,0.022031957283616066,343.1337008760252,187.36627559971402,343.1337008760252,187.36627559971402,12.49595543071584,2745.582365126968,0.02095367753300652,0.029451045608692848,79356021966.48112,0.5461847389558233,0.52
2023-08-24,NVDA,gru,0.0009969786387206384,0.003971504047513008,-0.014211621135473251,0.02175869047641754,343.4759684343958,188.11188929534381,343.4759684343958,188.11188929534381,12.319623733702175,2805.9771989212104,0.02095367753300652,0.029451045608692848,79356021966.48112,0.5461847389558233,0.52
2023-08-25,NVDA,gru,-0.02457699058177426,0.001799802528694272,-0.017143331468105316,0.020555347204208374,335.1372527919317,188.45074870552747,335.1372527919317,188.45074870552747,12.11022440179604,2864.2518635270735,0.02095367753300652,0.029451045608692848,79356021966.48112,0.5461847389558233,0.52
2023-08-28,NVDA,gru,0.017598108994350624,0.003425336442887783,-0.012773381546139717,0.018991896882653236,341.08723536042044,189.09736109938248,341.08723536042044,189.09736109938248,11.956519575328166,2919.1692635564905,0.02095367753300652,0.029451045608692848,79356021966.48112,0.5461847389558233,0.52
2023-08-29,NVDA,gru,0.04077163126508516,0.005315867252647877,-0.012320790439844131,0.02344546467065811,355.28130992658345,190.10524370780982,355.28130992658345,190.10524370780982,11.810109862205595,2988.4193422678186,0.02095367753300652,0.029451045608692848,79356021966.48112,0.5461847389558233,0.52
2023-08-30,NVDA,gru,0.009791191564956345,0.001351265120320022,-0.015498552471399307,0.01808532327413559,358.7770229624771,190.36230230196247,358.7770229624771,190.36230230196247,11.628481341333803,3042.9576048171143,0.02095367753300652,0.029451045608692848,79356021966.48112,0.5461847389558233,0.52
2023-08-31,NVDA,gru,0.0018454786517271677,0.0032448330894112587,-0.016135450452566147,0.020742539316415787,359.43974963495515,190.98100302202957,359.43974963495515,190.98100302202957,11.442355951669844,3106.7353758327267,0.02095367753300652,0.029451045608692848,79356021966.48112,0.5461847389558233,0.52
2023-09-01,NVDA,gru,-0.01728974413374466,0.004766454920172691,-0.013493767008185387,0.022783001884818077,353.2785446438778,191.89346997961297,353.2785446438778,191.89346997961297,11.288992708579682,3178.3284365929385,0.02095367753300652,0.029451045608692848,79356021966.48112,0.5461847389558233,0.52
2023-09-05,NVDA,gru,0.0008036816975975859,0.002430422231554985,-0.018301397562026978,0.023547686636447906,353.56258226699316,192.36042723911225,353.56258226699316,192.36042723911225,11.084267372292887,3254.0587096719105,0.02095367753300652,0.029451045608692848,79356021966.48112,0.5461847389558233,0.52
2023-09-06,NVDA,gru,-0.031108356107920766,0.0036713036242872477,-0.014040975831449032,0.019460506737232208,342.7331478194841,193.06794493716603,342.7331478194841,193.06794493716603,10.929721231129687,3318.004397442261,0.02095367753300652,0.029451045608692848,79356021966.48112,0.5461847389558233,0.52
2023-09-07,NVDA,gru,-0.017577775204194554,0.002854465041309595,-0.01944645121693611,0.02374160662293434,336.761301243817,193.61983343304618,336.761301243817,193.61983343304618,10.719230552677185,3397.721704803543,0.02095367753300652,0.029451045608692848,79356021966.48112,0.5461847389558233,0.52
2023-09-08,NVDA,gru,-0.014573412814991091,0.002051449613645673,-0.015596345998346806,0.022281616926193237,331.8891281067036,194.01743161032633,331.8891281067036,194.01743161032633,10.553346893190222,3474.2783134118986,0.02095367753300652,0.029451045608692848,79356021966.48112,0.5461847389558233,0.52
2023-09-11,NVDA,gru,-0.00868318827375869,0.0030282174702733755,-0.017576100304722786,0.026123108342289925,329.0197480337535,194.60584836285528,329.0197480337535,194.60584836285528,10.369480606699467,3566.2331607783462,0.02095367753300652,0.029451045608692848,79356021966.48112,0.5461847389558233,0.52
2023-09-12,NVDA,gru,-0.006840877574690574,0.005217166151851416,-0.01103350892663002,0.021658532321453094,326.7766453608316,195.62378960177284,326.7766453608316,195.62378960177284,10.255697773909466,3644.315167464161,0.02095367753300652,0.029451045608692848,79356021966.48112,0.5461847389558233,0.52
2023-09-13,NVDA,gru,0.013613218509540427,0.004169571679085493,-0.012693408876657486,0.02212294191122055,331.2555441833108,196.4411616646398,331.2555441833108,196.4411616646398,10.126340839557063,3725.8366900885917,0.02095367753300652,0.029451045608692848,79356021966.48112,0.5461847389558233,0.52
2023-09-14,NVDA,gru,0.0021083764512410575,0.0026403057854622602,-0.018978320062160492,0.02289196103811264,331.9546923467811,196.96051744850743,331.9546923467811,196.96051744850743,9.935972066386524,3812.112339104452,0.02095367753300652,0.029451045608692848,79356021966.48112,0.5461847389558233,0.52
2023-09-15,NVDA,gru,-0.03757663630482319,0.00539379520341754,-0.009489773772656918,0.022228196263313293,319.7124040885177,198.02575994358187,319.7124040885177,198.02575994358187,9.842127879265876,3897.797305388546,0.02095367753300652,0.029451045608692848,79356021966.48112,0.5461847389558233,0.52
2023-09-18,NVDA,gru,0.0015022440752087203,0.006502856500446796,-0.00875532254576683,0.022896084934473038,320.1930510874925,199.31769703137908,320.1930510874925,199.31769703137908,9.75633287250106,3988.0711453493,0.02095367753300652,0.029451045608692848,79356021966.48112,0.5461847389558233,0.52
2023-09-19,NVDA,gru,-0.010195985848241475,0.004449532832950354,-0.014183564111590385,0.02264910750091076,316.944954183722,200.20655436363813,316.944954183722,200.20655436363813,9.618930094385345,4079.427867159714,0.02095367753300652,0.029451045608692848,79356021966.48112,0.5461847389558233,0.52
2023-09-20,NVDA,gru,-0.029876685760689765,0.0036710305139422417,-0.01563696749508381,0.022555368021130562,307.6157462313078,200.94285917233495,307.6157462313078,200.94285917233495,9.469689244217541,4172.486352882726,0.02095367753300652,0.029451045608692848,79356021966.48112,0.5461847389558233,0.52
2023-09-21,NVDA,gru,-0.029357354057069164,0.005410452373325825,-0.015136033296585083,0.025789227336645126,298.71623408452,202.03299338507605,298.71623408452,202.03299338507605,9.327435199157762,4281.490875653119,0.02095367753300652,0.029451045608692848,79356021966.48112,0.5461847389558233,0.52
2023-09-22,NVDA,gru,0.014353964414841379,0.005085804034024477,-0.013271576724946499,0.02431590110063553,303.0349172406743,203.06309911418785,303.0349172406743,203.06309911418785,9.204463302970307,4386.875391359685,0.02095367753300652,0.029451045608692848,79356021966.48112,0.5461847389558233,0.52
2023-09-25,NVDA,gru,0.014600877440384734,0.005503133404999971,-0.01475178450345993,0.025847915560007095,307.4919520559751,204.18366571130323,307.4919520559751,204.18366571130323,9.069677833743242,4501.74535716201,0.02095367753300652,0.029451045608692848,79356021966.48112,0.5461847389558233,0.52
2023-09-26,NVDA,gru,-0.0073931095450158624,0.006749993190169334,-0.014262679032981396,0.027746692299842834,305.2270131573325,205.56657631666084,305.2270131573325,205.56657631666084,8.941237885391915,4628.4027752307275,0.02095367753300652,0.029451045608692848,79356021966.48112,0.5461847389558233,0.52
2023-09-27,NVDA,gru,0.013202510381236097,0.006247684359550476,-0.010727318935096264,0.02411666139960289,309.28349491609214,206.8549011038837,309.28349491609214,206.8549011038837,8.845834821046934,4741.381026910547,0.02095367753300652,0.029451045608692848,79356021966.48112,0.5461847389558233,0.52
2023-09-28,NVDA,gru,0.014516944467593747,0.004742844495922327,-0.014646334573626518,0.02085394598543644,313.8060939714704,207.83830305281526,313.8060939714704,207.83830305281526,8.717219926225454,4841.29550698746,0.02095367753300652,0.029451045608692848,79356021966.48112,0.5461847389558233,0.52
2023-09-29,NVDA,gru,0.009470201545469807,0.004167366772890091,-0.014542318880558014,0.02401752769947052,316.7920172593039,208.706240092458,316.7920172593039,208.706240092458,8.591368729745014,4958.979286074089,0.02095367753300652,0.029451045608692848,79356021966.48112,0.5461847389558233,0.52
2023-10-02,NVDA,gru,0.029068344408258614,0.0029322600457817316,-0.015942156314849854,0.023512307554483414,326.13578269553193,209.31912717914003,326.13578269553193,209.31912717914003,8.455489919802682,5076.958141810304,0.02095367753300652,0.029451045608692848,79356021966.48112,0.5461847389558233,0.52
2023-10-03,NVDA,gru,-0.028654679284701536,0.00163035630248487,-0.018961481750011444,0.025449853390455246,316.92309017654355,209.66068089256044,316.92309017654355,209.66068089256044,8.296671686462425,5207.8243811250395,0.02095367753300652,0.029451045608692848,79356021966.48112,0.5461847389558233,0.52
2023-10-04,NVDA,gru,0.011969399465788955,0.004326982889324427,-0.014676786959171295,0.025853972882032394,320.7392623265447,210.5698444782409,320.7392623265447,210.5698444782409,8.175792659988437,5344.223110366392,0.02095367753300652,0.029451045608692848,79356021966.48112,0.5461847389558233,0.52
2023-10-05,NVDA,gru,0.014583976514441072,0.004161992110311985,-0.014422334730625153,0.02379908412694931,325.45119201587556,211.4480589065365,325.45119201587556,211.4480589065365,8.058724925347063,5472.936415401742,0.02095367753300652,0.029451045608692848,79356021966.48112,0.5461847389558233,0.52
2023-10-06,NVDA,gru,0.02374907202724712,0.0052951364777982235,-0.016071761026978493,0.02740325964987278,333.27286694983036,212.57068404285474,333.27286694983036,212.57068404285474,7.93024234647751,5624.986639152218,0.02095367753300652,0.029451045608692848,79356021966.48112,0.5461847389558233,0.52
2023-10-09,NVDA,gru,-0.010743273068497039,0.004419777076691389,-0.015786757692694664,0.02614138461649418,329.7115896738593,213.51228263438082,329.7115896738593,213.51228263438082,7.806032631151519,5773.970255560743,0.02095367753300652,0.029451045608692848,79356021966.48112,0.5461847389558233,0.52
2023-10-10,NVDA,gru,0.011529627358815587,0.0033645618241280317,-0.015795767307281494,0.021137375384569168,333.5350405657673,214.231879885157,333.5350405657673,214.231879885157,7.683699060336743,5897.315567416594,0.02095367753300652,0.029451045608692848,79356021966.48112,0.5461847389558233,0.52
2023-10-11,NVDA,gru,0.02177096524396214,-0.00016399785818066448,-0.018521416932344437,0.016782458871603012,340.8760407192897,214.19675177441658,340.8760407192897,214.19675177441658,7.542695815263285,5997.121875422709,0.02095367753300652,0.029451045608692848,79356021966.48112,0.5461847389558233,0.52
2023-10-12,NVDA,gru,0.002965302591582023,0.0026848549023270607,-0.01654418371617794,0.02055097185075283,341.88834147350286,214.772600013602,341.88834147350286,214.772600013602,7.418934614989216,6121.643928904929,0.02095367753300652,0.029451045608692848,79356021966.48112,0.5461847389558233,0.52
2023-10-13,NVDA,gru,-0.03212191388901376,0.002515937201678753,-0.01728830300271511,0.022081969305872917,331.0807432517145,215.31364026527277,331.0807432517145,215.31364026527277,7.291776057748107,6258.325192703656,0.02095367753300652,0.029451045608692848,79356021966.48112,0.5461847389558233,0.52
2023-10-16,NVDA,gru,0.013849727412101918,0.0043175723403692245,-0.015085610561072826,0.022452175617218018,335.6980215147979,216.24528937805866,335.6980215147979,216.24528937805866,7.182600751974728,6400.427669590148,0.02095367753300652,0.029451045608692848,79356021966.48112,0.5461847389558233,0.52
2023-10-17,NVDA,gru,-0.04792496767694244,0.003959879744797945,-0.01696392334997654,0.022549165412783623,319.98913518826856,217.10329921850646,319.98913518826856,217.10329921850646,7.061783316566342,6546.391554817702,0.02095367753300652,0.029451045608692848,79356021966.48112,0.5461847389558233,0.52
2023-10-18,NVDA,gru,-0.04045413348693489,0.0052656917832791805,-0.009908512234687805,0.018845809623599052,307.30259364056496,218.24950499135807,307.30259364056496,218.24950499135807,6.992157226689861,6670.933324064972,0.02095367753300652,0.029451045608692848,79356021966.48112,0.5461847389558233,0.52
2023-10-19,NVDA,gru,-0.0022538748762990835,0.002835267223417759,-0.01305047795176506,0.017337480559945107,306.6107520004593,218.86918667273883,306.6107520004593,218.86918667273883,6.901499159391485,6787.598600748178,0.02095367753300652,0.029451045608692848,79356021966.48112,0.5461847389558233,0.52
2023-10-20,NVDA,gru,-0.017104687764020087,0.00432180892676115,-0.016384832561016083,0.02569914609193802,301.4108687887891,219.81713361342244,301.4108687887891,219.81713361342244,6.789340649373708,6964.29478882131,0.02095367753300652,0.029451045608692848,79356021966.48112,0.5461847389558233,0.52
2023-10-23,NVDA,gru,0.03765166883401985,0.004264825023710728,-0.016863085329532623,0.02383648231625557,312.975845109303,220.75660818111095,312.975845109303,220.75660818111095,6.675811158954207,7132.293317371162,0.02095367753300652,0.029451045608692848,79356021966.48112,0.5461847389558233,0.52
2023-10-24,NVDA,gru,0.015882504541909113,0.0023584337905049324,-0.01453371625393629,0.021641869097948074,317.986369905563,221.27785391559314,317.986369905563,221.27785391559314,6.579488446123284,7288.331959155022,0.02095367753300652,0.029451045608692848,79356021966.48112,0.5461847389558233,0.52
2023-10-25,NVDA,gru,-0.044107215429683475,0.004313907120376825,-0.012629336677491665,0.021280616521835327,304.26569137792546,222.2344920908545,304.26569137792546,222.2344920908545,6.496916282136326,7445.094458812465,0.02095367753300652,0.029451045608692848,79356021966.48112,0.5461847389558233,0.52
2023-10-26,NVDA,gru,-0.03539737736165263,0.0033623171038925648,-0.015092946588993073,0.020979441702365875,293.68387306253953,222.98298231772444,293.68387306253953,222.98298231772444,6.399595069107813,7602.9380145271225,0.02095367753300652,0.029451045608692848,79356021966.48112,0.5461847389558233,0.52
2023-10-27,NVDA,gru,0.004305546599207338,0.004492030944675207,-0.012296376749873161,0.020446693524718285,294.95106869078273,223.9868912252802,294.95106869078273,223.9868912252802,6.321384990952439,7759.993286849698,0.02095367753300652,0.029451045608692848,79356021966.48112,0.5461847389558233,0.52
2023-10-30,NVDA,gru,0.016189214938030556,0.00679092388600111,-0.012151870876550674,0.024713736027479172,299.7649563297256,225.51313857197192,299.7649563297256,225.51313857197192,6.245033123279543,7954.161295526453,0.02095367753300652,0.029451045608692848,79356021966.48112,0.5461847389558233,0.52
2023-10-31,NVDA,gru,-0.009299453838083095,0.006481131538748741,-0.011066406965255737,0.022573143243789673,296.9902276830229,226.97945916178486,296.9902276830229,226.97945916178486,6.176304025681805,8135.753924943344,0.02095367753300652,0.029451045608692848,79356021966.48112,0.5461847389558233,0.52
2023-11-01,NVDA,gru,0.037186210832498144,0.0013753888197243214,-0.018764089792966843,0.018615033477544785,308.2420791942515,227.29187152334495,308.2420791942515,227.29187152334495,6.061491851736767,8288.619945907465,0.02095367753300652,0.029451045608692848,79356021966.48112,0.5461847389558233,0.52
2023-11-02,NVDA,gru,0.02752092549733669,0.0030226141680032015,-0.015808645635843277,0.020153220742940903,316.8429962341102,227.97992963566392,316.8429962341102,227.97992963566392,5.966421193657022,8457.35642821806,0.02095367753300652,0.029451045608692848,79356021966.48112,0.5461847389558233,0.52
2023-11-03,NVDA,gru,0.03387474690002963,0.0036490082275122404,-0.014117758721113205,0.021733198314905167,327.75983114741746,228.81334949772057,327.75983114741746,228.81334949772057,5.88278035003912,8643.173907258157,0.02095367753300652,0.029451045608692848,79356021966.48112,0.5461847389558233,0.52
2023-11-06,NVDA,gru,0.016440018957187604,0.002998138079419732,-0.013868119567632675,0.023875929415225983,333.19274522593923,229.5003944337992,333.19274522593923,229.5003944337992,5.801760181018164,8852.021045937852,0.02095367753300652,0.029451045608692848,79356021966.48112,0.5461847389558233,0.52
2023-11-07,NVDA,gru,0.004449059255094004,0.002559564309194684,-0.017509885132312775,0.023579243570566177,334.67844201867797,230.08857652311988,334.67844201867797,230.08857652311988,5.701056310822161,9063.224794674392,0.02095367753300652,0.029451045608692848,79356021966.48112,0.5461847389558233,0.52
2023-11-08,NVDA,gru,0.013379777032173818,0.004866484552621841,-0.013445321470499039,0.02513900399208069,339.1864558087848,231.21104103893177,339.1864558087848,231.21104103893177,5.624916909488569,9293.952933097584,0.02095367753300652,0.029451045608692848,79356021966.48112,0.5461847389558233,0.52
2023-11-09,NVDA,gru,0.008040748217552423,0.003923358395695686,-0.012333200313150883,0.022119466215372086,341.9247629644952,232.1199421688093,341.9247629644952,232.1199421688093,5.555969733582346,9501.820812411392,0.02095367753300652,0.029451045608692848,79356021966.48112,0.5461847389558233,0.52
2023-11-10,NVDA,gru,0.029072695070963262,0.005117084830999374,-0.014032440260052681,0.021979374811053276,352.0113490156349,233.31075734472822,352.0113490156349,233.31075734472822,5.47855044302266,9712.977470608806,0.02095367753300652,0.029451045608692848,79356021966.48112,0.5461847389558233,0.52
2023-11-13,NVDA,gru,0.0058790299440612745,0.0030493885278701782,-0.01534206885844469,0.021771788597106934,354.0869294988673,234.02329371457822,354.0869294988673,234.02329371457822,5.3951395496233845,9926.765590666182,0.02095367753300652,0.029451045608692848,79356021966.48112,0.5461847389558233,0.52
2023-11-14,NVDA,gru,0.02108424654638049,0.004654558375477791,-0.0116184176877141,0.02271856740117073,361.63184555161365,235.11510008135727,361.63184555161365,235.11510008135727,5.332819206409209,10154.868212904059,0.02095367753300652,0.029451045608692848,79356021966.48112,0.5461847389558233,0.52
2023-11-15,NVDA,gru,-0.015587215885351394,0.0022583482787013054,-0.01715659722685814,0.01713600382208824,356.03871580676696,235.64667730944362,356.03871580676696,235.64667730944362,5.2421065035852665,10330.381685784912,0.02095367753300652,0.029451045608692848,79356021966.48112,0.5461847389558233,0.52
2023-11-16,NVDA,gru,0.012036560692431319,0.00409128051251173,-0.017229868099093437,0.024685436859726906,360.3500924395567,236.61273618746864,360.3500924395567,236.61273618746864,5.15255940416293,10588.565861508889,0.02095367753300652,0.029451045608692848,79356021966.48112,0.5461847389558233,0.52
2023-11-17,NVDA,gru,-0.0036850191889016117,0.0039743827655911446,-0.015362484380602837,0.023326294496655464,359.0246390946006,237.5550003944835,359.0246390946006,237.5550003944835,5.07400822387159,10838.460877038548,0.02095367753300652,0.029451045608692848,79356021966.48112,0.5461847389558233,0.52
2023-11-20,NVDA,gru,0.022286219350210152,0.0005938560352660716,-0.021062815561890602,0.018677597865462303,367.11576638639923,237.69611278964678,367.11576638639923,237.69611278964678,4.96825294267813,11042.799120781076,0.02095367753300652,0.029451045608692848,79356021966.48112,0.5461847389558233,0.52
2023-11-21,NVDA,gru,-0.00926735578637639,0.002292203949764371,-0.014108935371041298,0.01740708015859127,363.7292900420245,238.24157279578853,363.7292900420245,238.24157279578853,4.89864825084978,11236.704148610714,0.02095367753300652,0.029451045608692848,79356021966.48112,0.5461847389558233,0.52
2023-11-22,NVDA,gru,-0.02489487256656686,0.0026464806869626045,-0.013426419347524643,0.02253875881433487,354.7860776623376,238.8729183257323,354.7860776623376,238.8729183257323,4.833316652125406,11492.841712850304,0.02095367753300652,0.029451045608692848,79356021966.48112,0.5461847389558233,0.52
2023-11-24,NVDA,gru,-0.019484068283943036,0.0037411623634397984,-0.01338259782642126,0.01967589557170868,347.9403097730615,239.76825665814664,347.9403097730615,239.76825665814664,4.769065222509576,11721.21318990962,0.02095367753300652,0.029451045608692848,79356021966.48112,0.5461847389558233,0.52
2023-11-27,NVDA,gru,0.009706581151388642,0.006626322865486145,-0.012747446075081825,0.02413325197994709,351.3340648593431,241.36230845718467,351.3340648593431,241.36230845718467,4.70865774600273,12007.525129996082,0.02095367753300652,0.029451045608692848,79356021966.48112,0.5461847389558233,0.52
2023-11-28,NVDA,gru,-0.008765167253228701,0.004177922382950783,-0.015331868082284927,0.02158251404762268,348.26801984761823,242.37280319874563,348.26801984761823,242.37280319874563,4.637015894882995,12269.494363946009,0.02095367753300652,0.029451045608692848,79356021966.48112,0.5461847389558233,0.52
2023-11-29,NVDA,gru,0.006648563980867315,0.001000494696199894,-0.02104833722114563,0.01904286816716194,350.5912164629737,242.61541847275294,350.5912164629737,242.61541847275294,4.540434429380036,12505.379797387532,0.02095367753300652,0.029451045608692848,79356021966.48112,0.5461847389558233,0.52
2023-11-30,NVDA,gru,-0.028871438150903872,0.005328281316906214,-0.012475671246647835,0.022963186725974083,340.6138671033529,243.91158734776474,340.6138671033529,243.91158734776474,4.484141290855024,12795.865810866686,0.02095367753300652,0.029451045608692848,79356021966.48112,0.5461847389558233,0.52
2023-12-01,NVDA,gru,-0.00010693469029045707,0.0046778894029557705,-0.012731194496154785,0.022570427507162094,340.5774456123607,245.05525438586565,340.5774456123607,245.05525438586565,4.427414707161336,13087.9574137316,0.02095367753300652,0.029451045608692848,79356021966.48112,0.5461847389558233,0.52
2023-12-04,NVDA,gru,-0.027203001687777888,0.0035748148802667856,-0.015600139275193214,0.02156081236898899,331.4375960753567,245.93283799652022,331.4375960753567,245.93283799652022,4.358882366051168,13373.208335695665,0.02095367753300652,0.029451045608692848,79356021966.48112,0.5461847389558233,0.52
2023-12-05,NVDA,gru,0.022938656585212863,0.0026236369740217924,-0.01757282391190529,0.021505549550056458,339.12819809207184,246.57893659640322,339.12819809207184,246.57893659640322,4.2829535198281885,13663.92062145938,0.02095367753300652,0.029451045608692848,79356021966.48112,0.5461847389558233,0.52
2023-12-06,NVDA,gru,-0.023092480099481356,0.004368291236460209,-0.015606982633471489,0.02402815781533718,331.3866171005507,247.6584202088889,331.3866171005507,247.6584202088889,4.216628459041402,13996.215855955998,0.02095367753300652,0.029451045608692848,79356021966.48112,0.5461847389558233,0.52
2023-12-07,NVDA,gru,0.023736493313200595,0.0029143192805349827,-0.01803860254585743,0.02701629139482975,339.3466714751097,248.38123633070248,339.3466714751097,248.38123633070248,4.141248367734863,14379.495503067712,0.02095367753300652,0.029451045608692848,79356021966.48112,0.5461847389558233,0.52
2023-12-08,NVDA,gru,0.01934131482739504,0.0021636434830725193,-0.019927818328142166,0.023025259375572205,345.973965981348,248.9192382332981,345.973965981348,248.9192382332981,4.059539185491452,14714.428784708707,0.02095367753300652,0.029451045608692848,79356021966.48112,0.5461847389558233,0.52
2023-12-11,NVDA,gru,-0.018676280849406868,0.002456510439515114,-0.019719429314136505,0.023349322378635406,339.57242360005444,249.531461587069,339.57242360005444,249.531461587069,3.9802716360356754,15062.043370531776,0.02095367753300652,0.029451045608692848,79356021966.48112,0.5461847389558233,0.52
2023-12-12,NVDA,gru,0.02184980627625059,0.0034448441583663225,-0.013412119820713997,0.020525528118014336,347.07366720135934,250.39253260368594,347.07366720135934,250.39253260368594,3.927244101848826,15374.394724265041,0.02095367753300652,0.029451045608692848,79356021966.48112,0.5461847389558233,0.52
2023-12-13,NVDA,gru,0.009003136555809737,0.0030253594741225243,-0.017551086843013763,0.025047626346349716,350.2125274136109,251.15120758303743,350.2125274136109,251.15120758303743,3.8589181439756874,15764.349674680227,0.02095367753300652,0.029451045608692848,79356021966.48112,0.5461847389558233,0.52
2023-12-14,NVDA,gru,0.005433498584020609,0.0035782300401479006,-0.014459394849836826,0.02119414135813713,352.12058570715385,252.05149006280308,352.12058570715385,252.05149006280308,3.8035219791680377,16102.027713753487,0.02095367753300652,0.029451045608692848,79356021966.48112,0.5461847389558233,0.52
2023-12-15,NVDA,gru,0.011106673766097183,0.0037701930850744247,-0.014964899979531765,0.024203963577747345,356.05327329058076,253.00355547271732,356.05327329058076,253.00355547271732,3.747026451113283,16496.516075301915,0.02095367753300652,0.029451045608692848,79356021966.48112,0.5461847389558233,0.52
2023-12-18,NVDA,gru,0.02398895003424525,0.004645697306841612,-0.015482934191823006,0.029202139005064964,364.69789056333855,254.1816800058789,364.69789056333855,254.1816800058789,3.689458286166312,16985.35218213279,0.02095367753300652,0.029451045608692848,79356021966.48112,0.5461847389558233,0.52
2023-12-19,NVDA,gru,-0.009490336654420877,0.004175045061856508,-0.012146886438131332,0.02346118539571762,361.25315650225093,255.24511749651933,361.25315650225093,255.24511749651933,3.6449139892144653,17388.561048423457,0.02095367753300652,0.029451045608692848,79356021966.48112,0.5461847389558233,0.52
2023-12-20,NVDA,gru,-0.03056063502278477,0.0019136474002152681,-0.018018413335084915,0.0215558260679245,350.3800218218428,255.7340279984684,350.3800218218428,255.7340279984684,3.5798264876971255,17767.45412815696,0.02095367753300652,0.029451045608692848,79356021966.48112,0.5461847389558233,0.52
2023-12-21,NVDA,gru,0.018105387448486,0.005619761999696493,-0.014822682365775108,0.027006255462765694,356.7815642031364,257.175247587419,356.7815642031364,257.175247587419,3.527155258533625,18253.82517164319,0.02095367753300652,0.029451045608692848,79356021966.48112,0.5461847389558233,0.52
2023-12-22,NVDA,gru,-0.003271314339771117,0.0068429685197770596,-0.015344414860010147,0.02728414535522461,355.6163265245052,258.9411298721837,355.6163265245052,258.9411298721837,3.4734461444465143,18758.721847361125,0.02095367753300652,0.029451045608692848,79356021966.48112,0.5461847389558233,0.52
2023-12-26,NVDA,gru,0.00915309761525891,0.005389622412621975,-0.011659746058285236,0.021891240030527115,358.88625965399643,260.34047744456944,358.88625965399643,260.34047744456944,3.433181850712426,19173.901793262132,0.02095367753300652,0.029451045608692848,79356021966.48112,0.5461847389558233,0.52
2023-12-27,NVDA,gru,0.002796477656837999,0.0031920503824949265,-0.0164365004748106,0.022922782227396965,359.8912816663027,261.172836234617,359.8912816663027,261.172836234617,3.3772135421397103,19618.496988520892,0.02095367753300652,0.029451045608692848,79356021966.48112,0.5461847389558233,0.52
2023-12-28,NVDA,gru,0.002122511497586038,0.0035694101825356483,-0.01671796292066574,0.023447100073099136,360.65596628839273,262.10673854542875,360.65596628839273,262.10673854542875,3.3212228122395517,20083.930102236125,0.02095367753300652,0.029451045608692848,79356021966.48112,0.5461847389558233,0.52
2023-12-29,NVDA,gru,0.0,0.004405144136399031,-0.012769406661391258,0.02331833355128765,360.65596628839273,263.26391778923534,360.65596628839273,263.26391778923534,3.279082408032449,20557.757268166784,0.02095367753300652,0.029451045608692848,79356021966.48112,0.5461847389558233,0.52
2023-01-03,NVDA,transformer,-0.020672086058572937,0.0060423691757023335,-0.01213056966662407,0.025763768702745438,104.25245492696696,107.07504268235152,104.25245492696696,107.07504268235152,105.14674139608542,109.20766257844116,0.021044908177646558,0.029656565893689958,94166847588.32884,0.6184738955823293,0.624
2023-01-04,NVDA,transformer,0.02986734722440986,0.007506733760237694,-0.010085778310894966,0.025792589411139488,107.4131652556681,107.88185107033033,107.4131652556681,107.88185107033033,104.09158358395578,112.06104624693748,0.021044908177646558,0.029656565893689958,94166847588.32884,0.6184738955823293,0.624
2023-01-05,NVDA,transformer,-0.033366247728456984,0.005636633839458227,-0.014276157133281231,0.025274798274040222,103.88832336141803,108.49165829129021,103.88832336141803,108.49165829129021,102.61611043234045,114.92945683093842,0.021044908177646558,0.029656565893689958,94166847588.32884,0.6184738955823293,0.624
2023-01-06,NVDA,transformer,0.04079674740448115,0.007677929941564798,-0.011730624362826347,0.028567904606461525,108.21427136875039,109.32785521059117,108.21427136875039,109.32785521059117,101.41939458157829,118.26010070952447,0.021044908177646558,0.029656565893689958,94166847588.32884,0.6184738955823293,0.624
2023-01-09,NVDA,transformer,0.050458437653764884,0.005295922048389912,-0.013169491663575172,0.024317527189850807,113.81470069159727,109.90837949479247,113.81470069159727,109.90837949479247,100.09250842291753,121.17114941457903,0.021044908177646558,0.029656565893689958,94166847588.32884,0.6184738955823293,0.624
2023-01-10,NVDA,transformer,0.017820817969266232,0.0023282060865312815,-0.012784427031874657,0.018916459754109383,115.86115231647321,110.16456485287115,115.86115231647321,110.16456485287115,98.82102717238651,123.48509350854191,0.021044908177646558,0.029656565893689958,94166847588.32884,0.6184738955823293,0.624
2023-01-11,NVDA,transformer,0.005766174196141473,0.006433882750570774,-0.010653332807123661,0.02526554837822914,116.53115773085818,110.87563161912828,116.53115773085818,110.87563161912828,97.77383934838504,126.64476087241849,0.021044908177646558,0.029656565893689958,94166847588.32884,0.6184738955823293,0.624
2023-01-12,NVDA,transformer,0.031375620085749165,0.003673974657431245,-0.01571471244096756,0.022589843720197678,120.24535804051845,111.28373222436245,120.24535804051845,111.28373222436245,96.24936335144578,129.53820576819172,0.021044908177646558,0.029656565893689958,94166847588.32884,0.6184738955823293,0.624
2023-01-13,NVDA,transformer,0.02322765247067393,0.0038489075377583504,-0.01414057519286871,0.020851124078035355,123.0710656620271,111.71287582646258,123.0710656620271,111.71287582646258,94.8979196718329,132.26757621834463,0.021044908177646558,0.029656565893689958,94166847588.32884,0.6184738955823293,0.624
2023-01-17,NVDA,transformer,0.04642315007007071,0.00526024354621768,-0.011407991871237755,0.023570401594042778,128.91910417163265,112.30205594458401,128.91910417163265,112.30205594458401,93.82147537982476,135.42220047085237,0.021044908177646558,0.029656565893689958,94166847588.32884,0.6184738955823293,0.624
2023-01-18,NVDA,transformer,-0.018530069303546705,0.003097293898463249,-0.015592502430081367,0.02016632817685604,126.55222121410688,112.6504241243571,126.55222121410688,112.6504241243571,92.36990913877851,138.18089687524528,0.021044908177646558,0.029656565893689958,94166847588.32884,0.6184738955823293,0.624
2023-01-19,NVDA,transformer,-0.03585419576766004,0.005674055311828852,-0.011845004744827747,0.023106954991817474,122.09517250807724,113.29142948480879,122.09517250807724,113.29142948480879,91.28224089691989,141.41101186334112,0.021044908177646558,0.029656565893689958,94166847588.32884,0.6184738955823293,0.624
2023-01-20,NVDA,transformer,0.06209376760385198,0.007939564064145088,-0.009155865758657455,0.0246410109102726,129.91684744203204,114.19449445284171,129.91684744203204,114.19449445284171,90.45028664579102,144.9388159131507,0.021044908177646558,0.029656565893689958,94166847588.32884,0.6184738955823293,0.624
2023-01-23,NVDA,transformer,0.07315855944895293,0.0013731166254729033,-0.017148002982139587,0.02110116183757782,139.777681368227,114.35139840437496,139.777681368227,114.35139840437496,88.91246826676405,148.02968686321816,0.021044908177646558,0.029656565893689958,94166847588.32884,0.6184738955823293,0.624
2023-01-24,NVDA,transformer,0.0037442758315334493,0.0009300382225774229,-0.013974221423268318,0.01861651800572872,140.30202860010087,114.45779420503058,140.30202860010087,114.45779420503058,87.67862690494744,150.81128918753254,0.021044908177646558,0.029656565893689958,94166847588.32884,0.6184738955823293,0.624
2023-01-25,NVDA,transformer,0.0030061474676211053,0.004191146697849035,-0.011441677808761597,0.020074620842933655,140.72443177309154,114.9385148449069,140.72443177309154,114.9385148449069,86.6811509945914,153.86936512704472,0.021044908177646558,0.029656565893689958,94166847588.32884,0.6184738955823293,0.624
2023-01-26,NVDA,transformer,0.024486851148173124,0.005818462464958429,-0.0129995197057724,0.024676647037267685,144.21286606707824,115.60922865584824,144.21286606707824,115.60922865584824,85.5616316105582,157.71358264258433,0.021044908177646558,0.029656565893689958,94166847588.32884,0.6184738955823293,0.624
2023-01-27,NVDA,transformer,0.0280347848493683,0.005140169057995081,-0.014505311846733093,0.02375539392232895,148.313048058737,116.20501128805519,148.313048058737,116.20501128805519,84.32949265971116,161.5049770045218,0.021044908177646558,0.029656565893689958,94166847588.32884,0.6184738955823293,0.624
2023-01-30,NVDA,transformer,-0.06088854439161597,0.002626757137477398,-0.013746394775807858,0.020235005766153336,139.5519153525534,116.51065763236639,139.5519153525534,116.51065763236639,83.17819904611511,164.80632842324306,0.021044908177646558,0.029656565893689958,94166847588.32884,0.6184738955823293,0.624
2023-01-31,NVDA,transformer,0.019380951723581338,0.0060766516253352165,-0.012072864919900894,0.022354014217853546,142.28294376635696,117.22081001101407,142.28294376635696,117.22081001101407,82.18003880354844,168.53190349663163,0.021044908177646558,0.029656565893689958,94166847588.32884,0.6184738955823293,0.624
2023-02-01,NVDA,transformer,0.06949436234951549,0.003348547499626875,-0.015460103750228882,0.023345477879047394,152.52248063264352,117.61399108840854,152.52248063264352,117.61399108840854,80.91929656077266,172.51264873574908,0.021044908177646558,0.029656565893689958,94166847588.32884,0.6184738955823293,0.624
2023-02-02,NVDA,transformer,0.03592240469465814,0.0009271847666241229,-0.017161723226308823,0.018295355141162872,158.1010528936764,117.72308600196975,158.1010528936764,117.72308600196975,79.5424322067638,175.69787584368362,0.021044908177646558,0.029656565893689958,94166847588.32884,0.6184738955823293,0.624
2023-02-03,NVDA,transformer,-0.028453845676379867,0.0017742407508194447,-0.015064753592014313,0.021091900765895844,153.66586819482515,117.93214581405911,153.66586819482515,117.93214581405911,78.3531276690463,179.44303986582946,0.021044908177646558,0.029656565893689958,94166847588.32884,0.6184738955823293,0.624
2023-02-06,NVDA,transformer,-0.0005214477485699791,0.005851177033036947,-0.013852046802639961,0.023055942729115486,153.5857603616627,118.62420887648719,153.5857603616627,118.62420887648719,77.27525713280042,183.62832883414328,0.021044908177646558,0.029656565893689958,94166847588.32884,0.6184738955823293,0.624
2023-02-07,NVDA,transformer,0.05012373679801028,0.005851185880601406,-0.009639806114137173,0.024090904742479324,161.48025049614418,119.32033318344763,161.48025049614418,119.32033318344763,76.53391797462075,188.1058165489968,0.021044908177646558,0.029656565893689958,94166847588.32884,0.6184738955823293,0.624
2023-02-08,NVDA,transformer,0.0014421376975802666,0.0017661723541095853,-0.020755182951688766,0.025653373450040817,161.71329525372465,119.53126224590679,161.71329525372465,119.53126224590679,74.96181557801313,192.99379151353804,0.021044908177646558,0.029656565893689958,94166847588.32884,0.6184738955823293,0.624
2023-02-09,NVDA,transformer,0.0059270062614239965,0.0051298136822879314,-0.011489911936223507,0.02376793697476387,162.67461703313182,120.14601707138858,162.67461703313182,120.14601707138858,74.10543801545595,197.63579783045063,0.021044908177646558,0.029656565893689958,94166847588.32884,0.6184738955823293,0.624
2023-02-10,NVDA,transformer,-0.04918199156616901,0.0032873577438294888,-0.015011747367680073,0.019181761890649796,154.86751347371967,120.54163375577124,154.86751347371967,120.54163375577124,73.00129578098299,201.46338273504182,0.021044908177646558,0.029656565893689958,94166847588.32884,0.6184738955823293,0.624
2023-02-13,NVDA,transformer,0.024296864420307342,0.00793329905718565,-0.010315142571926117,0.02584877610206604,158.67639299108504,121.50172972375044,158.67639299108504,121.50172972375044,72.25214687006643,206.73885270316345,0.021044908177646558,0.029656565893689958,94166847588.32884,0.6184738955823293,0.624
2023-02-14,NVDA,transformer,0.052873215602937104,0.0019968117121607065,-0.01607033610343933,0.021092500537633896,167.29188140548635,121.74458521327601,167.29188140548635,121.74458521327601,71.10030907683453,211.14580731171935,0.021044908177646558,0.029656565893689958,94166847588.32884,0.6184738955823293,0.624
2023-02-15,NVDA,transformer,-0.00905224196701129,0.001962337177246809,-0.018665511161088943,0.020227499306201935,165.78434838702694,121.98371732322312,165.78434838702694,121.98371732322312,69.78549367531637,215.4602395202201,0.021044908177646558,0.029656565893689958,94166847588.32884,0.6184738955823293,0.624
2023-02-16,NVDA,transformer,-0.03404694298595168,0.0053362674079835415,-0.016608968377113342,0.025420717895030975,160.23490498435046,122.63640215106768,160.23490498435046,122.63640215106768,68.63600075809653,221.00760466245802,0.021044908177646558,0.029656565893689958,94166847588.32884,0.6184738955823293,0.624
2023-02-17,NVDA,transformer,-0.02830335515754444,0.009112908504903316,-0.008112277835607529,0.02702293172478676,155.76329879450702,123.75908422976168,155.76329879450702,123.75908422976168,68.08145830368927,227.0612934701024,0.021044908177646558,0.029656565893689958,94166847588.32884,0.6184738955823293,0.624
2023-02-21,NVDA,transformer,-0.034872585823890904,0.004943737294524908,-0.010308343917131424,0.022689349949359894,150.4250500329615,124.3724351179863,150.4250500329615,124.3724351179863,67.38325596360151,232.27206449234382,0.021044908177646558,0.029656565893689958,94166847588.32884,0.6184738955823293,0.624
2023-02-22,NVDA,transformer,0.0047815311215996656,0.005796485580503941,-0.012798957526683807,0.026111409068107605,151.14603442215247,125.09545688404853,151.14603442215247,125.09545688404853,66.52631440415793,238.41688772980282,0.021044908177646558,0.029656565893689958,94166847588.32884,0.6184738955823293,0.624
2023-02-23,NVDA,transformer,0.13121590205507125,0.0034275888465344906,-0.012376881204545498,0.02087695524096489,172.33881380200967,125.52496787671554,172.33881380200967,125.52496787671554,65.70800011985796,243.44661354422345,0.021044908177646558,0.029656565893689958,94166847588.32884,0.6184738955823293,0.624
2023-02-24,NVDA,transformer,-0.01610259579688308,-0.0074986801482737064,-0.027571121230721474,0.015397762879729271,169.58593527175657,124.58722007792723,169.58593527175657,124.58722007792723,63.921103912603726,247.2241447451073,0.021044908177646558,0.029656565893689958,94166847588.32884,0.6184738955823293,0.624
2023-02-27,NVDA,transformer,0.009190658590005145,0.01029400434345007,-0.0069656455889344215,0.029414720833301544,171.15172600692893,125.87633998057662,171.15172600692893,125.87633998057662,63.47739955072068,254.60417010307572,0.021044908177646558,0.029656565893689958,94166847588.32884,0.6184738955823293,0.624
2023-02-28,NVDA,transformer,-0.012201271008819365,0.00552024319767952,-0.009723179042339325,0.021485846489667892,169.07614552369654,126.57312636599337,169.07614552369654,126.57312636599337,62.86318974315396,260.1337609408606,0.021044908177646558,0.029656565893689958,94166847588.32884,0.6184738955823293,0.624
2023-03-01,NVDA,transformer,-0.02256486619106063,0.007113309111446142,-0.008118895813822746,0.02386324666440487,165.30368749732335,127.47669762588549,165.30368749732335,127.47669762588549,62.3548763743718,266.4160569103142,0.021044908177646558,0.029656565893689958,94166847588.32884,0.6184738955823293,0.624
2023-03-02,NVDA,transformer,0.02677719029296915,0.00903474260121584,-0.006501784548163414,0.028957301750779152,169.7898511709806,128.63363044997905,169.7898511709806,128.63363044997905,61.95077351258396,274.2435415936236,0.021044908177646558,0.029656565893689958,94166847588.32884,0.6184738955823293,0.624
2023-03-03,NVDA,transformer,0.02440593263414706,0.003402425441890955,-0.011941958218812943,0.019099194556474686,173.98471237034445,129.07203876451288,173.98471237034445,129.07203876451288,61.215360795507436,279.53169715775016,0.021044908177646558,0.029656565893689958,94166847588.32884,0.6184738955823293,0.624
2023-03-06,NVDA,transformer,-0.01416424209194232,0.004185165278613567,-0.013353023678064346,0.019587937742471695,171.53772157965622,129.61335424805608,171.53772157965622,129.61335424805608,60.40338562958301,285.0611118315401,0.021044908177646558,0.029656565893689958,94166847588.32884,0.6184738955823293,0.624
2023-03-07,NVDA,transformer,-0.011357482667493755,0.00628739595413208,-0.012861749157309532,0.024645650759339333,169.6005066462992,130.4308573379502,169.6005066462992,130.4308573379502,59.631465718130514,292.1739041301636,0.021044908177646558,0.029656565893689958,94166847588.32884,0.6184738955823293,0.624
2023-03-08,NVDA,transformer,0.037628979698207374,0.00807211734354496,-0.011123372241854668,0.026206953451037407,176.10399308647592,131.48797350414756,176.10399308647592,131.48797350414756,58.97183866407701,299.93211245857486,0.021044908177646558,0.029656565893689958,94166847588.32884,0.6184738955823293,0.624
2023-03-09,NVDA,transformer,-0.03129385388703557,0.00451916316524148,-0.010097598657011986,0.020071273669600487,170.67835774986102,132.0835294716323,170.67835774986102,132.0835294716323,58.37936156837169,306.01294902859246,0.021044908177646558,0.029656565893689958,94166847588.32884,0.6184738955823293,0.624
2023-03-10,NVDA,transformer,-0.020302012418917815,0.007049444131553173,-0.009580936282873154,0.02227906510233879,167.24818117258724,133.01793539129912,167.24818117258724,133.01793539129912,57.82270306272101,312.9071530742477,0.021044908177646558,0.029656565893689958,94166847588.32884,0.6184738955823293,0.624
2023-03-13,NVDA,transformer,4.3519657271245976e-05,0.006581638474017382,-0.015723900869488716,0.028514252975583076,167.25545991449414,133.89630072856727,167.25545991449414,133.89630072856727,56.9206157140431,321.9578997306213,0.021044908177646558,0.029656565893689958,94166847588.32884,0.6184738955823293,0.624
2023-03-14,NVDA,transformer,0.04666053555937232,0.003892070148140192,-0.01469283178448677,0.021633949130773544,175.24462925668075,134.41845526072964,175.24462925668075,134.41845526072964,56.09040375116002,328.999009346541,0.021044908177646558,0.029656565893689958,94166847588.32884,0.6184738955823293,0.624
2023-03-15,NVDA,transformer,0.006833635931523843,0.001068532932549715,-0.01927543804049492,0.022993270307779312,176.44628842630416,134.56215785200322,176.44628842630416,134.56215785200322,55.019591316733305,336.65140777875524,0.021044908177646558,0.029656565893689958,94166847588.32884,0.6184738955823293,0.624
2023-03-16,NVDA,transformer,0.05277600287356863,0.00463855592533946,-0.01665392890572548,0.02161996066570282,186.00852724557004,135.1877752033428,186.00852724557004,135.1877752033428,54.11088610505053,344.0090435744112,0.021044908177646558,0.029656565893689958,94166847588.32884,0.6184738955823293,0.624
2023-03-17,NVDA,transformer,0.007178278105008585,0.0023265350610017776,-0.017827540636062622,0.022341448813676834,187.3485519650688,135.50265866668954,187.3485519650688,135.50265866668954,53.15477063617311,351.7812062461385,0.021044908177646558,0.029656565893689958,94166847588.32884,0.6184738955823293,0.624
2023-03-20,NVDA,transformer,0.006779657428062751,0.002929617650806904,-0.015154412016272545,0.020457154139876366,188.62302633521892,135.90020447315064,188.62302633521892,135.90020447315064,52.355314422212054,359.0517468235165,0.021044908177646558,0.029656565893689958,94166847588.32884,0.6184738955823293,0.624
2023-03-21,NVDA,transformer,0.011478265408442512,0.004136373288929462,-0.01382802240550518,0.023947956040501595,190.8005647680633,136.46349818165763,190.8005647680633,136.46349818165763,51.63632671366951,367.75409719027857,0.021044908177646558,0.029656565893689958,94166847588.32884,0.6184738955823293,0.624
2023-03-22,NVDA,transformer,0.010215252329925942,0.0030951073858886957,-0.01424051821231842,0.017313752323389053,192.75962981786986,136.88652388588838,192.75962981786986,136.88652388588838,50.90621008812229,374.1767454414148,0.021044908177646558,0.029656565893689958,94166847588.32884,0.6184738955823293,0.624
2023-03-23,NVDA,transformer,0.026949563918896007,0.0014624710893258452,-0.01426352933049202,0.01935046911239624,198.02504948815982,137.08686175526398,198.02504948815982,137.08686175526398,50.185260966302664,381.48773974283284,0.021044908177646558,0.029656565893689958,94166847588.32884,0.6184738955823293,0.624
2023-03-24,NVDA,transformer,-0.015268062439239333,0.0010541961528360844,-0.01489119604229927,0.01603749208152294,195.0245548257836,137.23145601366903,195.0245548257836,137.23145601366903,49.443478695337944,387.65517810694564,0.021044908177646558,0.029656565893689958,94166847588.32884,0.6184738955823293,0.624
2023-03-27,NVDA,transformer,-0.009304107401968255,0.004249577410519123,-0.014049293473362923,0.022121885791420937,193.21844059112388,137.81587437421612,193.21844059112388,137.81587437421612,48.753689601400616,396.32641624561984,0.021044908177646558,0.029656565893689958,94166847588.32884,0.6184738955823293,0.624
2023-03-28,NVDA,transformer,-0.004571145261603305,0.004600411746650934,-0.012692095711827278,0.020229028537869453,192.33722664487914,138.4513454822706,192.33722664487914,138.4513454822706,48.13881460127309,404.4253369007798,0.021044908177646558,0.029656565893689958,94166847588.32884,0.6184738955823293,0.624
2023-03-29,NVDA,transformer,0.021501349519667663,0.005959022790193558,-0.01340543944388628,0.02791709080338478,196.51751646970038,139.2788409509401,196.51751646970038,139.2788409509401,47.49779931745023,415.87478729038935,0.021044908177646558,0.029656565893689958,94166847588.32884,0.6184738955823293,0.624
2023-03-30,NVDA,transformer,0.014678291660528416,0.002925777342170477,-0.01570746675133705,0.02141345664858818,199.4233319243715,139.6869342402836,199.4233319243715,139.6869342402836,46.75755718849782,424.87612835069,0.021044908177646558,0.029656565893689958,94166847588.32884,0.6184738955823293,0.624
2023-03-31,NVDA,transformer,0.01428599380372868,0.003499348182231188,-0.017376452684402466,0.02604176104068756,202.29273977877924,140.17660236975988,202.29273977877924,140.17660236975988,45.952095686240966,436.0859571274024,0.021044908177646558,0.029656565893689958,94166847588.32884,0.6184738955823293,0.624
2023-04-03,NVDA,transformer,0.0067453782146296125,0.0033429197501391172,-0.013608589768409729,0.022179126739501953,203.66189335663447,140.64597948023686,203.66189335663447,140.64597948023686,45.33098758138153,445.866040688386,0.021044908177646558,0.029656565893689958,94166847588.32884,0.6184738955823293,0.624
2023-04-04,NVDA,transformer,-0.01847831436585871,0.005688314326107502,-0.013181997463107109,0.02239113487303257,199.93312167243155,141.44829758308154,199.93312167243155,141.44829758308154,44.73735572031739,455.96209101791845,0.021044908177646558,0.029656565893689958,94166847588.32884,0.6184738955823293,0.624
2023-04-05,NVDA,transformer,-0.021055682720337355,0.008826112374663353,-0.010101412422955036,0.025967832654714584,195.76740322215298,142.70225343583607,195.76740322215298,142.70225343583607,44.28772135180476,467.9575145709646,0.021044908177646558,0.029656565893689958,94166847588.32884,0.6184738955823293,0.624
2023-04-06,NVDA,transformer,0.005786585898190875,0.005855495110154152,-0.010236533358693123,0.022684482857584953,196.90351204242774,143.5403047326976,196.90351204242774,143.5403047326976,43.83667980183747,478.6942078339488,0.021044908177646558,0.029656565893689958,94166847588.32884,0.6184738955823293,0.624
2023-04-10,NVDA,transformer,0.019848308159338104,0.0032855295576155186,-0.01740219257771969,0.02566813863813877,200.85075710966848,144.0126803225989,200.85075710966848,144.0126803225989,43.08042385219452,491.14043938846163,0.021044908177646558,0.029656565893689958,94166847588.32884,0.6184738955823293,0.624
2023-04-11,NVDA,transformer,-0.014977990213686784,0.002393001690506935,-0.015957061201334,0.019656676799058914,197.8648338218349,144.35771573838224,197.8648338218349,144.35771573838224,42.39844361358376,500.8901117284118,0.021044908177646558,0.029656565893689958,94166847588.32884,0.6184738955823293,0.624
2023-04-12,NVDA,transformer,-0.02512057286769924,0.006762227043509483,-0.01164097711443901,0.02397908642888069,192.95626697518696,145.33720512021975,192.95626697518696,145.33720512021975,41.90774550283087,513.0461465229681,0.021044908177646558,0.029656565893689958,94166847588.32884,0.6184738955823293,0.624
2023-04-13,NVDA,transformer,-0.0012085614693096958,0.007258502300828695,-0.011413508094847202,0.028363782912492752,192.72320832687765,146.39596917319452,192.72320832687765,146.39596917319452,41.43215104614342,527.8064075764953,0.021044908177646558,0.029656565893689958,94166847588.32884,0.6184738955823293,0.624
2023-04-14,NVDA,transformer,0.011085966231294568,0.005633490160107613,-0.013433309271931648,0.023616904392838478,194.87161790136557,147.22302550662752,194.87161790136557,147.22302550662752,40.87930059954685,540.4199280000587,0.021044908177646558,0.029656565893689958,94166847588.32884,0.6184738955823293,0.624
2023-04-17,NVDA,transformer,0.009077494903402036,0.005223387386649847,-0.01350676640868187,0.0216071717441082,196.64861716839766,147.99404758282387,196.64861716839766,147.99404758282387,40.33086665570616,552.2239104638642,0.021044908177646558,0.029656565893689958,94166847588.32884,0.6184738955823293,0.624
2023-04-18,NVDA,transformer,0.024329393345217082,0.003501719795167446,-0.014882734976708889,0.02088003233075142,201.49163366569698,148.51318888066163,201.49163366569698,148.51318888066163,39.73507754184582,563.8755960899492,0.021044908177646558,0.029656565893689958,94166847588.32884,0.6184738955823293,0.624
2023-04-19,NVDA,transformer,0.009496813740008872,0.0028535681776702404,-0.016848765313625336,0.023206882178783417,203.41427722451135,148.93759280606227,203.41427722451135,148.93759280606227,39.071199793563736,577.1144193428555,0.021044908177646558,0.029656565893689958,94166847588.32884,0.6184738955823293,0.624
2023-04-20,NVDA,transformer,-0.03005585252302415,0.005892481654882431,-0.01312077883630991,0.02442551776766777,197.3914516740382,149.81780202563164,197.3914516740382,149.81780202563164,38.56190440002204,591.3843072367321,0.021044908177646558,0.029656565893689958,94166847588.32884,0.6184738955823293,0.624
2023-04-21,NVDA,transformer,0.0005532482580901556,0.007234699092805386,-0.012069000862538815,0.02770538628101349,197.5006883655571,150.9056168935548,197.5006883655571,150.9056168935548,38.0992985175634,607.9979139828216,0.021044908177646558,0.029656565893689958,94166847588.32884,0.6184738955823293,0.624
2023-04-24,NVDA,transformer,-0.002843363940150084,0.004754161462187767,-0.01423393003642559,0.02076914720237255,196.93991964269105,151.62475920428582,196.93991964269105,151.62475920428582,37.56083748393937,620.7575519066606,0.021044908177646558,0.029656565893689958,94166847588.32884,0.6184738955823293,0.624
2023-04-25,NVDA,transformer,-0.03006816271540295,0.007043157238513231,-0.011933136731386185,0.026361681520938873,191.1064386168993,152.69644876207434,191.1064386168993,152.69644876207434,37.11528262717016,637.3393388629877,0.021044908177646558,0.029656565893689958,94166847588.32884,0.6184738955823293,0.624
2023-04-26,NVDA,transformer,0.026882840425383036,0.007632304914295673,-0.012552948668599129,0.027446074411273003,196.31360057047635,153.86632677586277,196.31360057047635,153.86632677586277,36.6522888768845,655.074064397357,0.021044908177646558,0.029656565893689958,94166847588.32884,0.6184738955823293,0.624
2023-04-27,NVDA,transformer,0.009966509049945354,0.0019216249929741025,-0.015989724546670914,0.019450057297945023,198.27994436218984,154.1622797137672,198.27994436218984,154.1622797137672,36.07088886160155,667.940010994677,0.021044908177646558,0.029656565893689958,94166847588.32884,0.6184738955823293,0.624
2023-04-28,NVDA,transformer,0.01902743037765254,0.003839825978502631,-0.0150418970733881,0.021379226818680763,202.08882387955524,154.7553792188582,202.08882387955524,154.7553792188582,35.532373785808765,682.3738109306184,0.021044908177646558,0.029656565893689958,94166847588.32884,0.6184738955823293,0.624
2023-05-01,NVDA,transformer,0.040987727447230254,0.003809446468949318,-0.017455901950597763,0.02689765766263008,210.5440827369028,155.34603776154492,210.5440827369028,155.34603776154492,34.91750664947959,700.9771550211503,0.021044908177646558,0.029656565893689958,94166847588.32884,0.6184738955823293,0.624
2023-05-02,NVDA,transformer,-0.024511058190318888,0.003989942837506533,-0.015360580757260323,0.024063071236014366,205.44615747484465,155.96709909477315,205.44615747484465,155.96709909477315,34.385250986023195,718.0494078525428,0.021044908177646558,0.029656565893689958,94166847588.32884,0.6184738955823293,0.624
2023-05-03,NVDA,transformer,-0.014568530358489911,0.005883880890905857,-0.012947309762239456,0.023268993943929672,202.47480556155372,156.8874948632354,202.47480556155372,156.8874948632354,33.94292343490842,734.9535892388877,0.021044908177646558,0.029656565893689958,94166847588.32884,0.6184738955823293,0.624
2023-05-04,NVDA,transformer,-0.00866993978335705,0.007427966687828302,-0.011838451027870178,0.02330513671040535,200.7269490436069,158.0571832911291,200.7269490436069,158.0571832911291,33.54346141942233,752.2829733548122,0.021044908177646558,0.029656565893689958,94166847588.32884,0.6184738955823293,0.624
2023-05-05,NVDA,transformer,0.03976200395407992,0.005896130111068487,-0.007889299653470516,0.021223358809947968,208.86905531021154,158.9918538150515,208.86905531021154,158.9918538150515,33.27986762927642,768.4195649533879,0.021044908177646558,0.029656565893689958,94166847588.32884,0.6184738955823293,0.624
2023-05-08,NVDA,transformer,0.016289159223455574,6.610596756218001e-05,-0.021547796204686165,0.019824141636490822,212.29921799675648,159.0023728998469,212.29921799675648,159.0023728998469,32.57043060120975,783.8047965020919,0.021044908177646558,0.029656565893689958,94166847588.32884,0.6184738955823293,0.624
2023-05-09,NVDA,transformer,-0.02009699812304626,0.0020627148915082216,-0.019256848841905594,0.02146141231060028,208.07522793903615,159.33068483205284,208.07522793903615,159.33068483205284,31.949228058670624,800.808147410021,0.021044908177646558,0.029656565893689958,94166847588.32884,0.6184738955823293,0.624
2023-05-10,NVDA,transformer,0.010930249684581755,0.00703975697979331,-0.008566690608859062,0.02369418926537037,210.3620169541283,160.456289347667,210.3620169541283,160.456289347667,31.676698577217657,820.0092528531785,0.021044908177646558,0.029656565893689958,94166847588.32884,0.6184738955823293,0.624
2023-05-11,NVDA,transformer,-0.010685277078569578,0.0031039013992995024,-0.014413299039006233,0.019068831577897072,208.12620691384217,160.95510620901138,208.12620691384217,160.95510620901138,31.223406834945457,835.7959261962143,0.021044908177646558,0.029656565893689958,94166847588.32884,0.6184738955823293,0.624
2023-05-12,NVDA,transformer,-0.008362920431836323,0.006547659635543823,-0.010887525975704193,0.024724695831537247,206.392921770438,162.0124439798017,206.392921770438,162.0124439798017,30.88530432934988,856.7183035844376,0.021044908177646558,0.029656565893689958,94166847588.32884,0.6184738955823293,0.624
2023-05-15,NVDA,transformer,0.021399555379267746,0.0052536604925990105,-0.012640079483389854,0.024759339168667793,210.8572353276457,162.86584467061184,210.8572353276457,162.86584467061184,30.4973680312997,878.1948626681937,0.021044908177646558,0.029656565893689958,94166847588.32884,0.6184738955823293,0.624
2023-05-16,NVDA,transformer,0.008939998193007434,0.004239392466843128,-0.016962680965662003,0.026933517307043076,212.7507500281036,163.55776077544965,212.7507500281036,163.55776077544965,29.984414613087743,902.169163830595,0.021044908177646558,0.029656565893689958,94166847588.32884,0.6184738955823293,0.624
2023-05-17,NVDA,transformer,0.03249937218679542,0.0028045806102454662,-0.01562637835741043,0.02118736132979393,219.77859759088304,164.01712433658753,219.77859759088304,164.01712433658753,29.519509363677596,921.4877140274484,0.021044908177646558,0.029656565893689958,94166847588.32884,0.6184738955823293,0.624
2023-05-18,NVDA,transformer,0.048509252338859936,0.002459721639752388,-0.017816269770264626,0.020600879564881325,230.70271124609724,164.42105664236098,230.70271124609724,164.42105664236098,28.998239932320026,940.668055069462,0.021044908177646558,0.029656565893689958,94166847588.32884,0.6184738955823293,0.624
2023-05-19,NVDA,transformer,-0.013155143836531118,1.8372460544924252e-05,-0.01974310353398323,0.02149093523621559,227.68765909990722,164.4240751220328,227.68765909990722,164.4240751220328,28.431339159126075,961.1026658744141,0.021044908177646558,0.029656565893689958,94166847588.32884,0.6184738955823293,0.624
2023-05-22,NVDA,transformer,-0.002818686783544427,0.004043627995997667,-0.013270123861730099,0.02112400159239769,227.0467825438787,165.09028933651544,227.0467825438787,165.09028933651544,28.056544132041243,981.6209726090697,0.021044908177646558,0.029656565893689958,94166847588.32884,0.6184738955823293,0.624
2023-05-23,NVDA,transformer,-0.01577689737356947,0.004337620921432972,-0.0143361771479249,0.02278149500489235,223.49279790054334,165.8079510142271,223.49279790054334,165.8079510142271,27.657190447767753,1004.2403834533227,0.021044908177646558,0.029656565893689958,94166847588.32884,0.6184738955823293,0.624
2023-05-24,NVDA,transformer,-0.0048998764920286444,0.005766787100583315,-0.012216955423355103,0.023186199367046356,222.4003893131677,166.76689113199814,222.4003893131677,166.76689113199814,27.321358636457745,1027.7969006648646,0.021044908177646558,0.029656565893689958,94166847588.32884,0.6184738955823293,0.624
2023-05-25,NVDA,transformer,0.21808788007240454,0.004668921232223511,-0.015392530709505081,0.027046944946050644,276.5985544162479,167.5473266756746,276.5985544162479,167.5473266756746,26.904034612476025,1055.9749710680478,0.021044908177646558,0.029656565893689958,94166847588.32884,0.6184738955823293,0.624
2023-05-26,NVDA,transformer,0.02511635600756745,-0.01770767569541931,-0.038626186549663544,0.004799872636795044,283.63368072093425,164.60656291406406,283.63368072093425,164.60656291406406,25.88464830079015,1061.0556955228415,0.021044908177646558,0.029656565893689958,94166847588.32884,0.6184738955823293,0.624
2023-05-30,NVDA,transformer,0.029474563092427592,0.00435778871178627,-0.01438233070075512,0.02211078442633152,292.1180823273671,165.32545763878116,292.1180823273671,165.32545763878116,25.51503040299519,1084.7777039134035,0.021044908177646558,0.029656565893689958,94166847588.32884,0.6184738955823293,0.624
2023-05-31,NVDA,transformer,-0.05844245286732084,0.0034231843892484903,-0.017270449548959732,0.02036469802260399,275.53527468722876,165.8923677612925,275.53527468722876,165.8923677612925,25.07815823876811,1107.0953745536917,0.021044908177646558,0.029656565893689958,94166847588.32884,0.6184738955823293,0.624
2023-06-01,NVDA,transformer,0.04990471116581726,0.01087945606559515,-0.010204825550317764,0.031782116740942,289.63467004568673,167.70704493425274,289.63467004568673,167.70704493425274,24.82354130362969,1142.8463675686055,0.021044908177646558,0.029656565893689958,94166847588.32884,0.6184738955823293,0.624
2023-06-02,NVDA,transformer,-0.011201573382044588,0.002612227573990822,-0.022669322788715363,0.026000451296567917,286.408409367637,168.14571461341134,286.408409367637,168.14571461341134,24.267138339798862,1172.9505846388154,0.021044908177646558,0.029656565893689958,94166847588.32884,0.6184738955823293,0.624
2023-06-05,NVDA,transformer,-0.003974583636777458,0.0097767049446702,-0.01016388088464737,0.029956430196762085,285.27231443809103,169.79768465061707,285.27231443809103,169.79768465061707,24.021739213003713,1208.6196526639799,0.021044908177646558,0.029656565893689958,94166847588.32884,0.6184738955823293,0.624
2023-06-06,NVDA,transformer,-0.013286468516916745,0.010900672525167465,-0.0044165849685668945,0.029978062957525253,281.5071212628959,171.65872509047873,281.5071212628959,171.65872509047873,23.91587854525565,1245.400348838049,0.021044908177646558,0.029656565893689958,94166847588.32884,0.6184738955823293,0.624
2023-06-07,NVDA,transformer,-0.030976241922724787,0.00961379799991846,-0.011388148181140423,0.03317911550402641,272.92076170685107,173.31696979421346,272.92076170685107,173.31696979421346,23.645065391614988,1287.414717815527,0.021044908177646558,0.029656565893689958,94166847588.32884,0.6184738955823293,0.624
2023-06-08,NVDA,transformer,0.02724390097018558,0.011186293326318264,-0.007450188510119915,0.03171831741929054,280.4583990176905,175.26662372221452,280.4583990176905,175.26662372221452,23.46955973274093,1328.9038221544229,0.021044908177646558,0.029656565893689958,94166847588.32884,0.6184738955823293,0.624
2023-06-09,NVDA,transformer,0.006728859248402525,0.005802855361253023,-0.014977355487644672,0.02766330912709236,282.35192760887725,176.28661909015813,282.35192760887725,176.28661909015813,23.120666983508638,1366.1788687101384,0.021044908177646558,0.029656565893689958,94166847588.32884,0.6184738955823293,0.624
2023-06-12,NVDA,transformer,0.01819806893306924,0.00387069140560925,-0.016234204173088074,0.02458420768380165,287.53722555527594,176.97030017036357,287.53722555527594,176.97030017036357,22.748351450570002,1400.1815212057502,0.021044908177646558,0.029656565893689958,94166847588.32884,0.6184738955823293,0.624
2023-06-13,NVDA,transformer,0.03826366011407102,0.0046739582903683186,-0.016815487295389175,0.024549763649702072,298.75265557551234,177.79939276793104,298.75265557551234,177.79939276793104,22.369025506080252,1434.9810546696601,0.021044908177646558,0.029656565893689958,94166847588.32884,0.6184738955823293,0.624
2023-06-14,NVDA,transformer,0.04702189160777442,0.0027980078011751175,-0.017207568511366844,0.021051200106739998,313.13608855708554,178.29756802270722,313.13608855708554,178.29756802270722,21.98740233776211,1465.5093126331335,0.021044908177646558,0.029656565893689958,94166847588.32884,0.6184738955823293,0.624
2023-06-15,NVDA,transformer,-0.008032775566352863,0.0004744419420603663,-0.018042415380477905,0.018915463238954544,310.63081226822675,178.38218308855585,310.63081226822675,178.38218308855585,21.594253983166315,1493.4940044013194,0.021044908177646558,0.029656565893689958,94166847588.32884,0.6184738955823293,0.624
2023-06-16,NVDA,transformer,0.000913971925733769,0.00587307708337903,-0.013761427253484726,0.02410903573036194,310.91484989134204,179.43292004405214,310.91484989134204,179.43292004405214,21.299121724299404,1529.938278493868,0.021044908177646558,0.029656565893689958,94166847588.32884,0.6184738955823293,0.624
2023-06-20,NVDA,transformer,0.025804837950413072,0.005365096963942051,-0.015166240744292736,0.026470549404621124,319.0423708926752,180.39818977448036,319.0423708926752,180.39818977448036,20.978531984519446,1570.9773390476066,0.021044908177646558,0.029656565893689958,94166847588.32884,0.6184738955823293,0.624
2023-06-21,NVDA,transformer,-0.017570380882942,0.0034853562247008085,-0.01781155727803707,0.02533506043255329,313.485634857363,181.0280323159503,313.485634857363,181.0280323159503,20.608179445768624,1611.2866172298684,0.021044908177646558,0.029656565893689958,94166847588.32884,0.6184738955823293,0.624
2023-06-22,NVDA,transformer,-0.00046466000922731497,0.0054609584622085094,-0.013301830738782883,0.02496631070971489,313.34000445630954,182.0193198650208,313.34000445630954,182.0193198650208,20.33586803836155,1652.0209013482013,0.021044908177646558,0.029656565893689958,94166847588.32884,0.6184738955823293,0.624
2023-06-23,NVDA,transformer,-0.01914791779337092,0.009296330623328686,-0.005904011428356171,0.025620725005865097,307.39727284827,183.71932392451015,307.39727284827,183.71932392451015,20.21615862630316,1694.8937234186333,0.021044908177646558,0.029656565893689958,94166847588.32884,0.6184738955823293,0.624
2023-06-26,NVDA,transformer,-0.03807752702129708,0.00710008479654789,-0.011823570355772972,0.026475390419363976,295.9123904701898,185.02839348999893,295.9123904701898,185.02839348999893,19.978538376021564,1740.366034391461,0.021044908177646558,0.029656565893689958,94166847588.32884,0.6184738955823293,0.624
2023-06-27,NVDA,transformer,0.03015692459154656,0.006989178713411093,-0.011019167490303516,0.025107957422733307,304.9721182833025,186.32612316469397,304.9721182833025,186.32612316469397,19.759600135513615,1784.6162187339944,0.021044908177646558,0.029656565893689958,94166847588.32884,0.6184738955823293,0.624
2023-06-28,NVDA,transformer,-0.018291181950407957,0.0034440152812749147,-0.023015445098280907,0.027103347703814507,299.4445249970756,186.96893279465715,299.4445249970756,186.96893279465715,19.310018192852276,1833.6466336370613,0.021044908177646558,0.029656565893689958,94166847588.32884,0.6184738955823293,0.624
2023-06-29,NVDA,transformer,-0.0072005580056903225,0.007272777147591114,-0.011780312284827232,0.02662903256714344,297.29610153185877,188.33367587526715,297.29610153185877,188.33367587526715,19.083875089935212,1883.130738576688,0.021044908177646558,0.029656565893689958,94166847588.32884,0.6184738955823293,0.624
2023-06-30,NVDA,transformer,0.03561320486834228,0.007578051649034023,-0.0122328270226717,0.025456687435507774,308.0745570045619,189.7663045296609,308.0745570045619,189.7663045296609,18.851846957706943,1931.6842885881483,0.021044908177646558,0.029656565893689958,94166847588.32884,0.6184738955823293,0.624
2023-07-03,NVDA,transformer,0.0026205543140207714,0.0028247637674212456,-0.017054419964551926,0.024420402944087982,308.88294185955107,190.3030997452896,308.88294185955107,190.3030997452896,18.533065284877466,1979.4375069225807,0.021044908177646558,0.029656565893689958,94166847588.32884,0.6184738955823293,0.624
2023-07-05,NVDA,transformer,-0.0022659482658541914,0.004081323742866516,-0.0171818770468235,0.02508506551384926,308.18382147753846,191.08138482464503,308.18382147753846,191.08138482464503,18.217352169867887,2029.719787171,0.021044908177646558,0.029656565893689958,94166847588.32884,0.6184738955823293,0.624
2023-07-06,NVDA,transformer,-0.0050699160214645565,0.006499374285340309,-0.01675252802670002,0.03112289123237133,306.62530948427303,192.32733285167626,306.62530948427303,192.32733285167626,17.914707178184788,2093.8838513782403,0.021044908177646558,0.029656565893689958,94166847588.32884,0.6184738955823293,0.624
2023-07-07,NVDA,transformer,0.009455610623529509,0.009044699370861053,-0.011232888326048851,0.03140825033187866,309.5383897901222,194.07477561309224,309.5383897901222,194.07477561309224,17.714599368009,2160.6928254622526,0.021044908177646558,0.029656565893689958,94166847588.32884,0.6184738955823293,0.624
2023-07-10,NVDA,transformer,-0.007628440616182319,0.0021058195270597935,-0.01831958442926407,0.021904170513153076,307.1860782071391,194.4839040801683,307.1860782071391,194.4839040801683,17.39303026015909,2208.543242154104,0.021044908177646558,0.029656565893689958,94166847588.32884,0.6184738955823293,0.624
2023-07-11,NVDA,transformer,0.0053200687411785255,0.00708192540332675,-0.013110247440636158,0.028751011937856674,308.8246841428381,195.86610496420667,308.8246841428381,195.86610496420667,17.166491471698034,2272.962842828823,0.021044908177646558,0.029656565893689958,94166847588.32884,0.6184738955823293,0.624
2023-07-12,NVDA,transformer,0.03469363583487228,0.005241988226771355,-0.01811402291059494,0.028600748628377914,319.7269615723316,196.89551828709193,319.7269615723316,196.89551828709193,16.858336606370145,2338.9097542280742,0.021044908177646558,0.029656565893689958,94166847588.32884,0.6184738955823293,0.624
2023-07-13,NVDA,transformer,0.046181410472192666,0.001701182103715837,-0.019217947497963905,0.02440362609922886,334.8386576850027,197.230765647285,334.8386576850027,197.230765647285,16.537447520626642,2396.689854010832,0.021044908177646558,0.029656565893689958,94166847588.32884,0.6184738955823293,0.624
2023-07-14,NVDA,transformer,-0.011110483333366917,-0.0016481805359944701,-0.03063333034515381,0.022478807717561722,331.1390287498851,196.90596272264787,331.1390287498851,196.90596272264787,16.03853106973484,2451.174597111203,0.021044908177646558,0.029656565893689958,94166847588.32884,0.6184738955823293,0.624
2023-07-17,NVDA,transformer,0.02158240547309955,0.0037151454016566277,-0.020966103300452232,0.028039323166012764,338.36348568852395,197.6388608237499,338.36348568852395,197.6388608237499,15.705766186777199,2520.8766487978364,0.021044908177646558,0.029656565893689958,94166847588.32884,0.6184738955823293,0.624
2023-07-18,NVDA,transformer,0.021990156875462966,0.0005292072310112417,-0.024890530854463577,0.025126677006483078,345.8865655155496,197.74346894729763,345.8865655155496,197.74346894729763,15.319666001497687,2585.020315891662,0.021044908177646558,0.029656565893689958,94166847588.32884,0.6184738955823293,0.624
2023-07-19,NVDA,transformer,-0.008818824443497382,0.0020037535578012466,-0.01902514137327671,0.024223240092396736,342.84966325291003,198.14010586351867,342.84966325291003,198.14010586351867,15.03096199726805,2648.402342870703,0.021044908177646558,0.029656565893689958,94166847588.32884,0.6184738955823293,0.624
2023-07-20,NVDA,transformer,-0.03363275203125776,0.004842386581003666,-0.018245797604322433,0.02804887667298317,331.5104390573409,199.10189439513877,331.5104390573409,199.10189439513877,14.759196887351882,2723.7386875730053,0.021044908177646558,0.029656565893689958,94166847588.32884,0.6184738955823293,0.624
2023-07-21,NVDA,transformer,-0.026964025888835234,0.006647090893238783,-0.017549952492117882,0.0346490740776062,322.6910208529867,200.4297612574156,322.6910208529867,200.4297612574156,14.502433098013515,2819.7678695692425,0.021044908177646558,0.029656565893689958,94166847588.32884,0.6184738955823293,0.624
2023-07-24,NVDA,transformer,0.006815096201665362,0.0021309363655745983,-0.02216196060180664,0.02436312660574913,324.8977020349164,200.8573280930219,324.8977020349164,200.8573280930219,14.184566193671333,2889.3100434507846,0.021044908177646558,0.029656565893689958,94166847588.32884,0.6184738955823293,0.624
2023-07-25,NVDA,transformer,0.02363582220880059,0.003046297701075673,-0.017523841932415962,0.025534676387906075,332.6683979940652,201.47012840481196,332.6683979940652,201.47012840481196,13.938163574101818,2964.037795387344,0.021044908177646558,0.029656565893689958,94166847588.32884,0.6184738955823293,0.624
2023-07-26,NVDA,transformer,-0.004981875725930595,0.0013984735123813152,-0.01568651758134365,0.020306652411818504,331.01520679309465,201.75206526934826,331.01520679309465,201.75206526934826,13.721227993910194,3024.8428071434096,0.021044908177646558,0.029656565893689958,94166847588.32884,0.6184738955823293,0.624
2023-07-27,NVDA,transformer,0.009808333639952883,0.00656896224245429,-0.019122378900647163,0.029909925535321236,334.2778889621366,203.0817333955119,334.2778889621366,203.0817333955119,13.461338506758045,3116.6823935300636,0.021044908177646558,0.029656565893689958,94166847588.32884,0.6184738955823293,0.624
2023-07-28,NVDA,transformer,0.01834910542464786,0.0015625377418473363,-0.019535647705197334,0.02062535472214222,340.46820892084156,203.3993100636173,340.46820892084156,203.3993100636173,13.200914666285705,3181.63272052412,0.021044908177646558,0.029656565893689958,94166847588.32884,0.6184738955823293,0.624
2023-07-31,NVDA,transformer,-0.00044929682131738,0.002467659767717123,-0.015184196643531322,0.022222351282835007,340.3152719964236,203.90185519391525,340.3152719964236,203.90185519391525,13.001983684554945,3253.1274130227466,0.021044908177646558,0.029656565893689958,94166847588.32884,0.6184738955823293,0.624
2023-08-01,NVDA,transformer,-0.004762120671505233,0.0025193847250193357,-0.017980393022298813,0.02382468432188034,338.69850228644526,204.41621552136868,338.69850228644526,204.41621552136868,12.770292201757503,3331.562898153096,0.021044908177646558,0.029656565893689958,94166847588.32884,0.6184738955823293,0.624
2023-08-02,NVDA,transformer,-0.04931815766434011,0.0032559912651777267,-0.02029149793088436,0.025475358590483665,322.3997322694222,205.08288379627598,322.3997322694222,205.08288379627598,12.513775294950015,3417.525923982821,0.021044908177646558,0.029656565893689958,94166847588.32884,0.6184738955823293,0.624
2023-08-03,NVDA,transformer,0.005541516736957435,0.00832712184637785,-0.019092921167612076,0.0324426032602787,324.19127512953924,206.7977736664296,324.19127512953924,206.7977736664296,12.277117543031652,3530.21747702223,0.021044908177646558,0.029656565893689958,94166847588.32884,0.6184738955823293,0.624
2023-08-04,NVDA,transformer,0.003699783716763982,0.005878637544810772,-0.016434939578175545,0.027941664680838585,325.3929342991626,208.01704760171992,325.3929342991626,208.01704760171992,12.076992931859527,3630.2486268430052,0.021044908177646558,0.029656565893689958,94166847588.32884,0.6184738955823293,0.624
2023-08-07,NVDA,transformer,0.016360499234946396,0.0046706777065992355,-0.01927756331861019,0.02976321615278721,330.76031191906463,208.9908975531558,330.76031191906463,208.9908975531558,11.84640790286003,3739.920667574637,0.021044908177646558,0.029656565893689958,94166847588.32884,0.6184738955823293,0.624
2023-08-08,NVDA,transformer,-0.016718639461174828,0.0024950949009507895,-0.022832978516817093,0.02805713564157486,325.27641886573684,209.51301305074747,325.27641886573684,209.51301305074747,11.578983471376178,3846.3379520520366,0.021044908177646558,0.029656565893689958,94166847588.32884,0.6184738955823293,0.624
2023-08-09,NVDA,transformer,-0.048393963073315394,0.006898281164467335,-0.013818476349115372,0.025649763643741608,309.9098278790357,210.96328848724633,309.9098278790357,210.96328848724633,11.420080067293336,3946.2717563628103,0.021044908177646558,0.029656565893689958,94166847588.32884,0.6184738955823293,0.624
2023-08-10,NVDA,transformer,-0.003908562899793833,0.005517908837646246,-0.014679061248898506,0.028257181867957115,308.70088996750536,212.13059443340856,308.70088996750536,212.13059443340856,11.25366842459579,4059.3726080646647,0.021044908177646558,0.029656565893689958,94166847588.32884,0.6184738955823293,0.624
2023-08-11,NVDA,transformer,-0.036836113199839815,0.003238123608753085,-0.01905219815671444,0.025874482467770576,297.536438922075,212.8186033477302,297.536438922075,212.8186033477302,11.041290951742711,4165.777273436927,0.021044908177646558,0.029656565893689958,94166847588.32884,0.6184738955823293,0.624
2023-08-14,NVDA,transformer,0.0685309425843762,0.0050971186719834805,-0.01637115143239498,0.02774049900472164,318.64181783613395,213.90613718763632,318.64181783613395,213.90613718763632,10.862004070723867,4282.955849071254,0.021044908177646558,0.029656565893689958,94166847588.32884,0.6184738955823293,0.624
2023-08-15,NVDA,transformer,0.004264891486232087,-0.002067177789285779,-0.02444978430867195,0.02350626513361931,320.00369267208225,213.46440764031436,320.00369267208225,213.46440764031436,10.599650912753017,4384.824911728914,0.021044908177646558,0.029656565893689958,94166847588.32884,0.6184738955823293,0.624
2023-08-16,NVDA,transformer,-0.010385987086259629,0.005170011427253485,-0.01753195747733116,0.028808504343032837,316.6973380515988,214.57089150188187,316.6973380515988,214.57089150188187,10.415437833822933,4512.982360760729,0.021044908177646558,0.029656565893689958,94166847588.32884,0.6184738955823293,0.624
2023-08-17,NVDA,transformer,-0.003270722437134807,0.003522932529449463,-0.016692999750375748,0.023826096206903458,315.6632010716649,215.32815316471238,315.6632010716649,215.32815316471238,10.243016351161419,4621.800404963814,0.021044908177646558,0.029656565893689958,94166847588.32884,0.6184738955823293,0.624
2023-08-18,NVDA,transformer,-0.0010387910594265033,0.0051537854596972466,-0.022105535492300987,0.03181632608175278,315.3354632156505,216.44078100462627,315.3354632156505,216.44078100462627,10.019073451600132,4771.213461888218,0.021044908177646558,0.029656565893689958,94166847588.32884,0.6184738955823293,0.624
2023-08-21,NVDA,transformer,0.08131567218079633,0.004206780809909105,-0.016147466376423836,0.02485763095319271,342.04855713982766,217.35320835117372,342.04855713982766,217.35320835117372,9.858589990879217,4891.300773521127,0.021044908177646558,0.029656565893689958,94166847588.32884,0.6184738955823293,0.624
2023-08-22,NVDA,transformer,-0.028047389524547117,-0.00029748183442279696,-0.0297388955950737,0.026067782193422318,332.5882762701738,217.28856159990866,332.5882762701738,217.28856159990866,9.56972297899737,5020.482279257392,0.021044908177646558,0.029656565893689958,94166847588.32884,0.6184738955823293,0.624
2023-08-23,NVDA,transformer,0.03121485228575207,0.0050347610376775265,-0.017610881477594376,0.02791031077504158,343.1337008760252,218.38531269218782,343.1337008760252,218.38531269218782,9.402667096932442,5162.579519480949,0.021044908177646558,0.029656565893689958,94166847588.32884,0.6184738955823293,0.624
2023-08-24,NVDA,transformer,0.0009969786387206384,0.003923043143004179,-0.015229431912302971,0.02231472171843052,343.4759684343958,219.2437432328344,343.4759684343958,219.2437432328344,9.260554537786552,5279.076240696271,0.021044908177646558,0.029656565893689958,94166847588.32884,0.6184738955823293,0.624
2023-08-25,NVDA,transformer,-0.02457699058177426,0.0005879529053345323,-0.026296179741621017,0.025162644684314728,335.1372527919317,219.37269771838322,335.1372527919317,219.37269771838322,9.020210998028539,5413.597341105154,0.021044908177646558,0.029656565893689958,94166847588.32884,0.6184738955823293,0.624
2023-08-28,NVDA,transformer,0.017598108994350624,0.005482491105794907,-0.01716737076640129,0.03236200287938118,341.08723536042044,220.57871553453086,341.08723536042044,220.57871553453086,8.866679058448693,5591.658097213479,0.021044908177646558,0.029656565893689958,94166847588.32884,0.6184738955823293,0.624
2023-08-29,NVDA,transformer,0.04077163126508516,0.0013954081805422902,-0.020563244819641113,0.02188129350543022,355.28130992658345,220.8867355390145,355.28130992658345,220.8867355390145,8.686213255018163,5715.359566480679,0.021044908177646558,0.029656565893689958,94166847588.32884,0.6184738955823293,0.624
2023-08-30,NVDA,transformer,0.009791191564956345,-0.0010914599988609552,-0.02459203451871872,0.02128499746322632,358.7770229624771,220.6457736873083,358.7770229624771,220.6457736873083,8.475206795010992,5838.314693739568,0.021044908177646558,0.029656565893689958,94166847588.32884,0.6184738955823293,0.624
2023-08-31,NVDA,transformer,0.0018454786517271677,0.0015353757189586759,-0.02275800332427025,0.022788405418395996,359.43974963495515,220.98481969146408,359.43974963495515,220.98481969146408,8.284506236232716,5972.888254996941,0.021044908177646558,0.029656565893689958,94166847588.32884,0.6184738955823293,0.624
2023-09-01,NVDA,transformer,-0.01728974413374466,0.005035887472331524,-0.017772210761904716,0.02906992845237255,353.2785446438778,222.1004908610733,353.2785446438778,222.1004908610733,8.138573009526997,6149.067855399674,0.021044908177646558,0.029656565893689958,94166847588.32884,0.6184738955823293,0.624
2023-09-05,NVDA,transformer,0.0008036816975975859,0.007565819658339024,-0.01653086394071579,0.02956216409802437,353.56258226699316,223.78722553401144,353.56258226699316,223.78722553401144,8.005141326395153,6333.560972889724,0.021044908177646558,0.029656565893689958,94166847588.32884,0.6184738955823293,0.624
2023-09-06,NVDA,transformer,-0.031108356107920766,0.005297129042446613,-0.0174818504601717,0.028690369799733162,342.7331478194841,224.97578891177528,342.7331478194841,224.97578891177528,7.866412777488902,6517.904976092497,0.021044908177646558,0.029656565893689958,94166847588.32884,0.6184738955823293,0.624
2023-09-07,NVDA,transformer,-0.017577775204194554,0.007992765866219997,-0.011112688109278679,0.028437433764338493,336.761301243817,226.78117726490538,336.761301243817,226.78117726490538,7.779479649832403,6705.918298039354,0.021044908177646558,0.029656565893689958,94166847588.32884,0.6184738955823293,0.624
2023-09-08,NVDA,transformer,-0.014573412814991091,0.005767030641436577,-0.018154675140976906,0.030510319396853447,331.8891281067036,228.0928063668209,331.8891281067036,228.0928063668209,7.639519909249313,6913.67158332431,0.021044908177646558,0.029656565893689958,94166847588.32884,0.6184738955823293,0.624
2023-09-11,NVDA,transformer,-0.00868318827375869,0.008931662887334824,-0.01325046457350254,0.03068956546485424,329.0197480337535,230.139184574882,329.0197480337535,230.139184574882,7.538960223020166,7129.138656850073,0.021044908177646558,0.029656565893689958,94166847588.32884,0.6184738955823293,0.624
2023-09-12,NVDA,transformer,-0.006840877574690574,0.006578581873327494,-0.015901001170277596,0.027423126623034477,326.7766453608316,231.6581631983148,326.7766453608316,231.6581631983148,7.420031140422337,7327.347151423172,0.021044908177646558,0.029656565893689958,94166847588.32884,0.6184738955823293,0.624
2023-09-13,NVDA,transformer,0.013613218509540427,0.007407373748719692,-0.01635275036096573,0.0316314660012722,331.2555441833108,233.3805057278921,331.2555441833108,233.3805057278921,7.299679758284493,7562.8263729837,0.021044908177646558,0.029656565893689958,94166847588.32884,0.6184738955823293,0.624
2023-09-14,NVDA,transformer,0.0021083764512410575,0.004284338094294071,-0.01659352332353592,0.024311542510986328,331.9546923467811,234.3825391611866,331.9546923467811,234.3825391611866,7.1795518191470755,7748.943344191841,0.021044908177646558,0.029656565893689958,94166847588.32884,0.6184738955823293,0.624
2023-09-15,NVDA,transformer,-0.03757663630482319,0.007317336276173592,-0.015956604853272438,0.030719036236405373,319.7124040885177,236.10387422537164,319.7124040885177,236.10387422537164,7.065899654760294,7990.677519253808,0.021044908177646558,0.029656565893689958,94166847588.32884,0.6184738955823293,0.624
2023-09-18,NVDA,transformer,0.0015022440752087203,0.009315206669270992,-0.012939713895320892,0.03151189908385277,320.1930510874925,238.31351459166498,320.1930510874925,238.31351459166498,6.975057875043452,8246.488310245068,0.021044908177646558,0.029656565893689958,94166847588.32884,0.6184738955823293,0.624
2023-09-19,NVDA,transformer,-0.010195985848241475,0.006171664223074913,-0.016209926456212997,0.03071422502398491,316.944954183722,239.78886037487172,316.944954183722,239.78886037487172,6.862904196646447,8503.702490107888,0.021044908177646558,0.029656565893689958,94166847588.32884,0.6184738955823293,0.624
2023-09-20,NVDA,transformer,-0.029876685760689765,0.006497487425804138,-0.015496384352445602,0.028027541935443878,307.6157462313078,241.3519486087025,307.6157462313078,241.3519486087025,6.757373830317538,8745.411938723957,0.021044908177646558,0.029656565893689958,94166847588.32884,0.6184738955823293,0.624
2023-09-21,NVDA,transformer,-0.029357354057069164,0.010080493986606598,-0.014821864664554596,0.03122641146183014,298.71623408452,243.7972006410188,298.71623408452,243.7972006410188,6.657955480647351,9022.808434452894,0.021044908177646558,0.029656565893689958,94166847588.32884,0.6184738955823293,0.624
2023-09-22,NVDA,transformer,0.014353964414841379,0.008139890618622303,-0.012123030610382557,0.029165800660848618,303.0349172406743,245.7897815165525,303.0349172406743,245.7897815165525,6.577728090487141,9289.840758571816,0.021044908177646558,0.029656565893689958,94166847588.32884,0.6184738955823293,0.624
2023-09-25,NVDA,transformer,0.014600877440384734,0.0063223037868738174,-0.01888883113861084,0.03243294358253479,307.4919520559751,247.34865204024666,307.4919520559751,247.34865204024666,6.454648491107217,9596.076524439715,0.021044908177646558,0.029656565893689958,94166847588.32884,0.6184738955823293,0.624
2023-09-26,NVDA,transformer,-0.0073931095450158624,0.0027944697067141533,-0.019482873380184174,0.024280857294797897,305.2270131573325,248.04084192522458,305.2270131573325,248.04084192522458,6.330110427711367,9831.929799917945,0.021044908177646558,0.029656565893689958,94166847588.32884,0.6184738955823293,0.624
2023-09-27,NVDA,transformer,0.013202510381236097,0.00730733759701252,-0.018303925171494484,0.033639535307884216,309.28349491609214,249.86000151854037,309.28349491609214,249.86000151854037,6.21529833476872,10168.297371432629,0.021044908177646558,0.029656565893689958,94166847588.32884,0.6184738955823293,0.624
2023-09-28,NVDA,transformer,0.014516944467593747,0.0036975450348109007,-0.017691439017653465,0.02569141797721386,313.8060939714704,250.78559007234915,313.8060939714704,250.78559007234915,6.1063077003283,10432.920615546875,0.021044908177646558,0.029656565893689958,94166847588.32884,0.6184738955823293,0.624
2023-09-29,NVDA,transformer,0.009470201545469807,0.005383336916565895,-0.01773098111152649,0.026129871606826782,316.7920172593039,252.13927968550976,316.7920172593039,252.13927968550976,5.998991006248645,10709.124233136572,0.021044908177646558,0.029656565893689958,94166847588.32884,0.6184738955823293,0.624
2023-10-02,NVDA,transformer,0.029068344408258614,0.004964260850101709,-0.018899230286478996,0.028033984825015068,326.13578269553193,253.3940836421413,326.13578269553193,253.3940836421413,5.88667934047098,11013.59085808,0.021044908177646558,0.029656565893689958,94166847588.32884,0.6184738955823293,0.624
2023-10-03,NVDA,transformer,-0.028654679284701536,0.00495451595634222,-0.019085761159658432,0.029020551592111588,316.92309017654355,254.6526553258998,316.92309017654355,254.6526553258998,5.775392814362168,11337.894492754966,0.021044908177646558,0.029656565893689958,94166847588.32884,0.6184738955823293,0.624
2023-10-04,NVDA,transformer,0.011969399465788955,0.008223220705986023,-0.01657581329345703,0.03349167853593826,320.7392623265447,256.7553606643545,320.7392623265447,256.7553606643545,5.680449979998449,11724.049678924954,0.021044908177646558,0.029656565893689958,94166847588.32884,0.6184738955823293,0.624
2023-10-05,NVDA,transformer,0.014583976514441072,0.0043522510677576065,-0.019930444657802582,0.026332516223192215,325.45119201587556,257.8752630237624,325.45119201587556,257.8752630237624,5.5683569167912905,12036.873793186192,0.021044908177646558,0.029656565893689958,94166847588.32884,0.6184738955823293,0.624
2023-10-06,NVDA,transformer,0.02374907202724712,0.005204322747886181,-0.021736396476626396,0.029668467119336128,333.27286694983036,259.22083288920527,333.27286694983036,259.22083288920527,5.4486270019758525,12399.339954604344,0.021044908177646558,0.029656565893689958,94166847588.32884,0.6184738955823293,0.624
2023-10-09,NVDA,transformer,-0.010743273068497039,0.0056107621639966965,-0.015601279214024544,0.027107467874884605,329.7115896738593,260.67935426623677,329.7115896738593,260.67935426623677,5.364281055555531,12740.051721907825,0.021044908177646558,0.029656565893689958,94166847588.32884,0.6184738955823293,0.624
2023-10-10,NVDA,transformer,0.011529627358815587,0.0073953359387815,-0.018256008625030518,0.03240254893898964,333.5350405657673,262.61432623680633,333.5350405657673,262.61432623680633,5.267239240867836,13159.62284132372,0.021044908177646558,0.029656565893689958,94166847588.32884,0.6184738955823293,0.624
2023-10-11,NVDA,transformer,0.02177096524396214,0.003289921674877405,-0.023919418454170227,0.03017279878258705,340.8760407192897,263.4797198539791,340.8760407192897,263.4797198539791,5.142744744964956,13562.736502543883,0.021044908177646558,0.029656565893689958,94166847588.32884,0.6184738955823293,0.624
2023-10-12,NVDA,transformer,0.002965302591582023,0.0017037662910297513,-0.027844585478305817,0.02891484647989273,341.88834147350286,263.928997482972,341.88834147350286,263.928997482972,5.001522323187854,13960.62554472228,0.021044908177646558,0.029656565893689958,94166847588.32884,0.6184738955823293,0.624
2023-10-13,NVDA,transformer,-0.03212191388901376,0.0066970097832381725,-0.020768791437149048,0.03359976410865784,331.0807432517145,265.70246047005196,331.0807432517145,265.70246047005196,4.898718021709646,14437.668881190186,0.021044908177646558,0.029656565893689958,94166847588.32884,0.6184738955823293,0.624
2023-10-16,NVDA,transformer,0.013849727412101918,0.007065628655254841,-0.018250536173582077,0.03109988570213318,335.6980215147979,267.5864736521221,335.6980215147979,267.5864736521221,4.810124692084812,14893.733969797651,0.021044908177646558,0.029656565893689958,94166847588.32884,0.6184738955823293,0.624
2023-10-17,NVDA,transformer,-0.04792496767694244,0.0026121162809431553,-0.02243058755993843,0.026250939816236496,319.98913518826856,268.2863650784948,319.98913518826856,268.2863650784948,4.703431725733047,15289.88603602975,0.021044908177646558,0.029656565893689958,94166847588.32884,0.6184738955823293,0.624
2023-10-18,NVDA,transformer,-0.04045413348693489,0.005518421530723572,-0.020278656855225563,0.029116207733750343,307.30259364056496,269.77098005477495,307.30259364056496,269.77098005477495,4.609013028304057,15741.614011128768,0.021044908177646558,0.029656565893689958,94166847588.32884,0.6184738955823293,0.624
2023-10-19,NVDA,transformer,-0.0022538748762990835,0.009729797020554543,-0.014919490553438663,0.033563368022441864,306.6107520004593,272.408613884146,306.6107520004593,272.408613884146,4.540759196030446,16278.921852498692,0.021044908177646558,0.029656565893689958,94166847588.32884,0.6184738955823293,0.624
2023-10-20,NVDA,transformer,-0.017104687764020087,0.004510762169957161,-0.019421488046646118,0.030379999428987503,301.4108687887891,273.64014410619745,301.4108687887891,273.64014410619745,4.4534216849223425,16781.065352562946,0.021044908177646558,0.029656565893689958,94166847588.32884,0.6184738955823293,0.624
2023-10-23,NVDA,transformer,0.03765166883401985,0.006472934503108263,-0.02061961591243744,0.029858455061912537,312.975845109303,275.41714296586343,312.975845109303,275.41714296586343,4.362533978757384,17289.678021525237,0.021044908177646558,0.029656565893689958,94166847588.32884,0.6184738955823293,0.624
2023-10-24,NVDA,transformer,0.015882504541909113,0.0058989496901631355,-0.019501488655805588,0.03048432618379593,317.986369905563,277.0466091186978,317.986369905563,277.0466091186978,4.278282277104907,17824.858650467635,0.021044908177646558,0.029656565893689958,94166847588.32884,0.6184738955823293,0.624
2023-10-25,NVDA,transformer,-0.044107215429683475,0.005263790022581816,-0.017905721440911293,0.029537027701735497,304.26569137792546,278.50875963030865,304.26569137792546,278.50875963030865,4.202358215939227,18359.204420925988,0.021044908177646558,0.029656565893689958,94166847588.32884,0.6184738955823293,0.624
2023-10-26,NVDA,transformer,-0.03539737736165263,0.006971416529268026,-0.01398230530321598,0.029119839891791344,293.68387306253953,280.45715041921005,293.68387306253953,280.45715041921005,4.144008382980083,18901.680903674645,0.021044908177646558,0.029656565893689958,94166847588.32884,0.6184738955823293,0.624
2023-10-27,NVDA,transformer,0.004305546599207338,0.0075838929042220116,-0.018499314785003662,0.033381979912519455,294.95106869078273,282.5921880351972,294.95106869078273,282.5921880351972,4.068051764558782,19543.30680224159,0.021044908177646558,0.029656565893689958,94166847588.32884,0.6184738955823293,0.624
2023-10-30,NVDA,transformer,0.016189214938030556,0.0032504992559552193,-0.021052949130535126,0.025182075798511505,299.7649563297256,283.51226414789875,299.7649563297256,283.51226414789875,3.9833024642788635,20041.697227407425,0.021044908177646558,0.029656565893689958,94166847588.32884,0.6184738955823293,0.624
2023-10-31,NVDA,transformer,-0.009299453838083095,0.0073624528013169765,-0.015793249011039734,0.028798125684261322,296.9902276830229,285.6073247041036,296.9902276830229,285.6073247041036,3.9208874325881498,20627.250812706778,0.021044908177646558,0.029656565893689958,94166847588.32884,0.6184738955823293,0.624
2023-11-01,NVDA,transformer,0.037186210832498144,0.003165612230077386,-0.021708711981773376,0.02757301554083824,308.2420791942515,286.5128739937062,308.2420791942515,286.5128739937062,3.836687242853161,21203.921173998468,0.021044908177646558,0.029656565893689958,94166847588.32884,0.6184738955823293,0.624
2023-11-02,NVDA,transformer,0.02752092549733669,0.003910356666892767,-0.020193900913000107,0.027662057429552078,316.8429962341102,287.6354462523635,316.8429962341102,287.6354462523635,3.759986501725852,21798.65209877457,0.021044908177646558,0.029656565893689958,94166847588.32884,0.6184738955823293,0.624
2023-11-03,NVDA,transformer,0.03387474690002963,0.004566622897982597,-0.017228906974196434,0.024806713685393333,327.75983114741746,288.9519653886564,327.75983114741746,288.9519653886564,3.695760968019599,22346.16710991866,0.021044908177646558,0.029656565893689958,94166847588.32884,0.6184738955823293,0.624
2023-11-06,NVDA,transformer,0.016440018957187604,0.005644000135362148,-0.019569609314203262,0.029852382838726044,333.19274522593923,290.5874155568712,333.19274522593923,290.5874155568712,3.6241394215690943,23023.30972386674,0.021044908177646558,0.029656565893689958,94166847588.32884,0.6184738955823293,0.624
2023-11-07,NVDA,transformer,0.004449059255094004,0.005241200793534517,-0.020823713392019272,0.03054267168045044,334.67844201867797,292.1144477477398,334.67844201867797,292.1144477477398,3.5494516156013844,23737.351115202506,0.021044908177646558,0.029656565893689958,94166847588.32884,0.6184738955823293,0.624
2023-11-08,NVDA,transformer,0.013379777032173818,0.006796909496188164,-0.018399979919195175,0.02827296033501625,339.1864558087848,294.10669242887116,339.1864558087848,294.10669242887116,3.484738902760534,24418.052668728138,0.021044908177646558,0.029656565893689958,94166847588.32884,0.6184738955823293,0.624
2023-11-09,NVDA,transformer,0.008040748217552423,0.0040047382935881615,-0.016233714297413826,0.024510512128472328,341.9247629644952,295.2868905595432,341.9247629644952,295.2868905595432,3.4286252965166866,25023.947909392115,0.021044908177646558,0.029656565893689958,94166847588.32884,0.6184738955823293,0.624
2023-11-10,NVDA,transformer,0.029072695070963262,0.006279429886490107,-0.015588716603815556,0.030512239784002304,352.0113490156349,297.1469434531886,352.0113490156349,297.1469434531886,3.375591928833803,25799.25223421585,0.021044908177646558,0.029656565893689958,94166847588.32884,0.6184738955823293,0.624
2023-11-13,NVDA,transformer,0.0058790299440612745,0.004435940645635128,-0.019151704385876656,0.028104545548558235,354.0869294988673,298.46799673272477,354.0869294988673,298.46799673272477,3.3115587180012667,26534.612952907853,0.021044908177646558,0.029656565893689958,94166847588.32884,0.6184738955823293,0.624
2023-11-14,NVDA,transformer,0.02108424654638049,0.005133320111781359,-0.02007986791431904,0.030391519889235497,361.63184555161365,300.00406330717254,361.63184555161365,300.00406330717254,3.245726323051911,27353.419096971076,0.021044908177646558,0.029656565893689958,94166847588.32884,0.6184738955823293,0.624
2023-11-15,NVDA,transformer,-0.015587215885351394,0.002218634122982621,-0.024061737582087517,0.02939457632601261,356.03871580676696,300.67040457708754,356.03871580676696,300.67040457708754,3.1685605939940005,28169.393838120854,0.021044908177646558,0.029656565893689958,94166847588.32884,0.6184738955823293,0.624
2023-11-16,NVDA,transformer,0.012036560692431319,0.0078536132350564,-0.013273877091705799,0.03192022070288658,360.3500924395567,303.0410411068585,360.3500924395567,303.0410411068585,3.126779457330593,29083.07316272858,0.021044908177646558,0.029656565893689958,94166847588.32884,0.6184738955823293,0.624
2023-11-17,NVDA,transformer,-0.0036850191889016117,0.0022020821925252676,-0.025486735627055168,0.026295771822333336,359.0246390946006,303.70910641318693,359.0246390946006,303.70910641318693,3.0480951035362103,29857.97965086995,0.021044908177646558,0.029656565893689958,94166847588.32884,0.6184738955823293,0.624
2023-11-20,NVDA,transformer,0.022286219350210152,0.0037663632538169622,-0.018314450979232788,0.02792344242334366,367.11576638639923,304.85513779937196,367.11576638639923,304.85513779937196,2.992778985052752,30703.467303442063,0.021044908177646558,0.029656565893689958,94166847588.32884,0.6184738955823293,0.624
2023-11-21,NVDA,transformer,-0.00926735578637639,0.0037292384076863527,-0.02679014764726162,0.028639288619160652,363.7292900420245,305.9941551105764,363.7292900420245,305.9941551105764,2.913666425404361,31595.505284093084,0.021044908177646558,0.029656565893689958,94166847588.32884,0.6184738955823293,0.624
2023-11-22,NVDA,transformer,-0.02489487256656686,0.005270447116345167,-0.017233509570360184,0.02358846738934517,354.7860776623376,307.6111228968577,354.7860776623376,307.6111228968577,2.863883957214082,32349.655822122528,0.021044908177646558,0.029656565893689958,94166847588.32884,0.6184738955823293,0.624
2023-11-24,NVDA,transformer,-0.019484068283943036,0.005124381277710199,-0.017532579600811005,0.02463647350668907,347.9403097730615,309.19149434388277,347.9403097730615,309.19149434388277,2.814110339244312,33156.53767148659,0.021044908177646558,0.029656565893689958,94166847588.32884,0.6184738955823293,0.624
2023-11-27,NVDA,transformer,0.009706581151388642,0.004613312892615795,-0.019585980102419853,0.027945348992943764,351.3340648593431,310.62119863738474,351.3340648593431,310.62119863738474,2.7595295125743546,34096.17754309638,0.021044908177646558,0.029656565893689958,94166847588.32884,0.6184738955823293,0.624
2023-11-28,NVDA,transformer,-0.008765167253228701,0.003184595610946417,-0.017870115116238594,0.024344271048903465,348.26801984761823,311.6119817818517,348.26801984761823,311.6119817818517,2.710654378845228,34936.41181294025,0.021044908177646558,0.029656565893689958,94166847588.32884,0.6184738955823293,0.624
2023-11-29,NVDA,transformer,0.006648563980867315,0.004539726302027702,-0.020861972123384476,0.030103430151939392,350.5912164629737,313.02984726473414,350.5912164629737,313.02984726473414,2.6546905965499765,36004.10662171239,0.021044908177646558,0.029656565893689958,94166847588.32884,0.6184738955823293,0.624
2023-11-30,NVDA,transformer,-0.028871438150903872,0.00519460579380393,-0.018847063183784485,0.027887769043445587,340.6138671033529,314.66014885912847,340.6138671033529,314.66014885912847,2.605126039327651,37022.31205246825,0.021044908177646558,0.029656565893689958,94166847588.32884,0.6184738955823293,0.624
2023-12-01,NVDA,transformer,-0.00010693469029045707,0.003984768409281969,-0.02150346152484417,0.02550525777041912,340.5774456123607,315.91648511488614,340.5774456123607,315.91648511488614,2.549704819825041,37978.7186616852,0.021044908177646558,0.029656565893689958,94166847588.32884,0.6184738955823293,0.624
2023-12-04,NVDA,transformer,-0.027203001687777888,0.0057309879921376705,-0.01893172599375248,0.02950296737253666,331.4375960753567,317.73219536107285,331.4375960753567,317.73219536107285,2.5018885536292172,39115.8969204103,0.021044908177646558,0.029656565893689958,94166847588.32884,0.6184738955823293,0.624
2023-12-05,NVDA,transformer,0.022938656585212863,0.008353063836693764,-0.013606509193778038,0.03163255751132965,339.12819809207184,320.3973465034777,339.12819809207184,320.3973465034777,2.468077181263861,40373.012550352476,0.021044908177646558,0.029656565893689958,94166847588.32884,0.6184738955823293,0.624
2023-12-06,NVDA,transformer,-0.023092480099481356,0.003514662152156234,-0.01817639172077179,0.02411247417330742,331.3866171005507,321.5254163368732,331.3866171005507,321.5254163368732,2.423621618207867,41358.33527772376,0.021044908177646558,0.029656565893689958,94166847588.32884,0.6184738955823293,0.624
2023-12-07,NVDA,transformer,0.023736493313200595,0.005945405922830105,-0.01755073107779026,0.026571324095129967,339.3466714751097,323.4427003935371,339.3466714751097,323.4427003935371,2.381456316622134,42472.01065817703,0.021044908177646558,0.029656565893689958,94166847588.32884,0.6184738955823293,0.624
2023-12-08,NVDA,transformer,0.01934131482739504,0.0017889391165226698,-0.020712751895189285,0.02367633953690529,345.973965981348,324.0218321588921,345.973965981348,324.0218321588921,2.3326371616405672,43489.58916155817,0.021044908177646558,0.029656565893689958,94166847588.32884,0.6184738955823293,0.624
2023-12-11,NVDA,transformer,-0.018676280849406868,0.004245461896061897,-0.019731072708964348,0.0286912489682436,339.57242360005444,325.40037019141414,339.57242360005444,325.40037019141414,2.287062826188259,44755.43434436097,0.021044908177646558,0.029656565893689958,94166847588.32884,0.6184738955823293,0.624
2023-12-12,NVDA,transformer,0.02184980627625059,0.004556215833872557,-0.024541407823562622,0.0324254035949707,347.07366720135934,326.8863661255778,347.07366720135934,326.8863661255778,2.2316182501643573,46230.431970869526,0.021044908177646558,0.029656565893689958,94166847588.32884,0.6184738955823293,0.624
2023-12-13,NVDA,transformer,0.009003136555809737,0.0030523063614964485,-0.019179856404662132,0.02541268803179264,350.2125274136109,327.88565873442593,350.2125274136109,327.88565873442593,2.1892240349706156,47420.327402435585,0.021044908177646558,0.029656565893689958,94166847588.32884,0.6184738955823293,0.624
2023-12-14,NVDA,transformer,0.005433498584020609,0.0038545497227460146,-0.015654509887099266,0.02394242398440838,352.12058570715385,329.1519608057612,352.12058570715385,329.1519608057612,2.155219665701654,48569.38427696243,0.021044908177646558,0.029656565893689958,94166847588.32884,0.6184738955823293,0.624
2023-12-15,NVDA,transformer,0.011106673766097183,0.006729024462401867,-0.01673303171992302,0.029330290853977203,356.05327329058076,331.3742817920507,356.05327329058076,331.3742817920507,2.119456351663615,50015.035110069555,0.021044908177646558,0.029656565893689958,94166847588.32884,0.6184738955823293,0.624
2023-12-18,NVDA,transformer,0.02398895003424525,0.0039604948833584785,-0.018693888559937477,0.02707829885184765,364.69789056333855,332.68929358740166,364.69789056333855,332.68929358740166,2.0802035198066364,51387.86262557616,0.021044908177646558,0.029656565893689958,94166847588.32884,0.6184738955823293,0.624
2023-12-19,NVDA,transformer,-0.009490336654420877,0.004031876102089882,-0.019284291192889214,0.029602983966469765,361.25315650225093,334.0333592726354,361.25315650225093,334.0333592726354,2.040472602872845,52931.83713197224,0.021044908177646558,0.029656565893689958,94166847588.32884,0.6184738955823293,0.624
2023-12-20,NVDA,transformer,-0.03056063502278477,0.0031478828750550747,-0.025501007214188576,0.02970617078244686,350.3800218218428,335.08651544420076,350.3800218218428,335.08651544420076,1.9890963363806111,54527.82962911408,0.021044908177646558,0.029656565893689958,94166847588.32884,0.6184738955823293,0.624
2023-12-21,NVDA,transformer,0.018105387448486,0.0034590521827340126,-0.020456084981560707,0.028638994321227074,356.7815642031364,336.2476091255859,356.7815642031364,336.2476091255859,1.9488205292126126,56112.031680045475,0.021044908177646558,0.029656565893689958,94166847588.32884,0.6184738955823293,0.624
2023-12-22,NVDA,transformer,-0.003271314339771117,0.0020746022928506136,-0.022643040865659714,0.026909351348876953,355.6163265245052,336.9459096777844,355.6163265245052,336.9459096777844,1.9051890936775207,57642.47207162169,0.021044908177646558,0.029656565893689958,94166847588.32884,0.6184738955823293,0.624
2023-12-26,NVDA,transformer,0.00915309761525891,0.0041712746024131775,-0.0187851469963789,0.02584666945040226,358.88625965399643,338.3543282589056,358.88625965399643,338.3543282589056,1.8697338641557044,59151.759802756496,0.021044908177646558,0.029656565893689958,94166847588.32884,0.6184738955823293,0.624
2023-12-27,NVDA,transformer,0.002796477656837999,0.005014010705053806,-0.014987381175160408,0.02717491425573826,359.8912816663027,340.0550929871376,359.8912816663027,340.0550929871376,1.841920356840482,60781.24164456147,0.021044908177646558,0.029656565893689958,94166847588.32884,0.6184738955823293,0.624
2023-12-28,NVDA,transformer,0.002122511497586038,0.0036324872635304928,-0.021512024104595184,0.025397129356861115,360.65596628839273,341.29258815005596,360.65596628839273,341.29258815005596,1.8027200271330532,62344.68010966262,0.021044908177646558,0.029656565893689958,94166847588.32884,0.6184738955823293,0.624
2023-12-29,NVDA,transformer,0.0,0.005227310117334127,-0.02128290943801403,0.03484863042831421,360.65596628839273,343.08131503275416,360.65596628839273,343.08131503275416,1.7647583073825313,64555.607973072496,0.021044908177646558,0.029656565893689958,94166847588.32884,0.6184738955823293,0.624
2023-01-03,NVDA,ensemble,,0.00559325047396061,-0.06051084846386313,0.07169734941178435,104.25245492696696,107.02695786511389,104.25245492696696,107.02695786511389,100.18080931010428,114.34095800127992,0.02098826399583152,0.029529663643784773,107481825755.19067,0.6144578313253012,0.984
2023-01-04,NVDA,ensemble,,0.00673397438417719,-0.05937012455364654,0.07283807332200093,107.4131652556681,107.75010675817303,107.4131652556681,107.75010675817303,94.40617856431709,122.98014476338498,0.02098826399583152,0.029529663643784773,107481825755.19067,0.6144578313253012,0.984
2023-01-05,NVDA,ensemble,,0.006360023943238743,-0.05974407499458499,0.07246412288106248,103.88832336141803,108.43758388517182,103.88832336141803,108.43758388517182,88.93114751536451,132.2226230896452,0.02098826399583152,0.029529663643784773,107481825755.19067,0.6144578313253012,0.984
2023-01-06,NVDA,ensemble,,0.006578129124592317,-0.05952596981323142,0.07268222806241605,108.21427136875039,109.15325161059837,108.21427136875039,109.15325161059837,83.791911143481,142.1907219273819,0.02098826399583152,0.029529663643784773,107481825755.19067,0.6144578313253012,0.984
2023-01-09,NVDA,ensemble,,0.004635747698409373,-0.06146835123941436,0.0707398466362331,113.81470069159727,109.66043322023184,113.81470069159727,109.66043322023184,78.79646424387808,152.61358145245987,0.02098826399583152,0.029529663643784773,107481825755.19067,0.6144578313253012,0.984
2023-01-10,NVDA,ensemble,,0.003409479520211434,-0.0626946194176123,0.06951357845803517,115.86115231647321,110.03495632309311,115.86115231647321,110.03495632309311,74.00802301419495,163.5997168942443,0.02098826399583152,0.029529663643784773,107481825755.19067,0.6144578313253012,0.984
2023-01-11,NVDA,ensemble,,0.005508876322714839,-0.0605952226151089,0.07161297526053857,116.53115773085818,110.64279801378467,116.53115773085818,110.64279801378467,69.65665771571449,175.74527911288814,0.02098826399583152,0.029529663643784773,107481825755.19067,0.6144578313253012,0.984
2023-01-12,NVDA,ensemble,,0.0051132806698464175,-0.060990818267977316,0.07121737960767015,120.24535804051845,111.20999457592569,120.24535804051845,111.20999457592569,65.53520410798683,188.71785114452965,0.02098826399583152,0.029529663643784773,107481825755.19067,0.6144578313253012,0.984
2023-01-13,NVDA,ensemble,,0.005165916393917191,-0.060938182543906545,0.07127001533174093,123.0710656620271,111.78598258208078,123.0710656620271,111.78598258208078,61.66085464762019,202.65865553200794,0.02098826399583152,0.029529663643784773,107481825755.19067,0.6144578313253012,0.984
2023-01-17,NVDA,ensemble,,0.005980320275870076,-0.06012377866195366,0.07208441921369381,128.91910417163265,112.45650152089539,128.91910417163265,112.45650152089539,58.062818634809176,217.80659347352946,0.02098826399583152,0.029529663643784773,107481825755.19067,0.6144578313253012,0.984
2023-01-18,NVDA,ensemble,,0.003860261332042458,-0.062243837605781276,0.06996436026986619,126.55222121410688,112.89145197634355,126.55222121410688,112.89145197634355,54.55894444924206,233.59102816191188,0.02098826399583152,0.029529663643784773,107481825755.19067,0.6144578313253012,0.984
2023-01-19,NVDA,ensemble,,0.004987417601329903,-0.06111668133649383,0.07109151653915363,122.09517250807724,113.45589517793744,122.09517250807724,113.45589517793744,51.32433393422512,250.80189383701685,0.02098826399583152,0.029529663643784773,107481825755.19067,0.6144578313253012,0.984
2023-01-20,NVDA,ensemble,,0.0055563920260533525,-0.06054770691177038,0.07166049096387708,129.91684744203204,114.08805524738248,129.91684744203204,114.08805524738248,48.30897100451333,269.43410466999507,0.02098826399583152,0.029529663643784773,107481825755.19067,0.6144578313253012,0.984
2023-01-23,NVDA,ensemble,,0.0029402284812694063,-0.06316387045655433,0.06904432741909314,139.777681368227,114.42399382286314,139.777681368227,114.42399382286314,45.351960589874565,288.6942525103927,0.02098826399583152,0.029529663643784773,107481825755.19067,0.6144578313253012,0.984
2023-01-24,NVDA,ensemble,,0.004495737439472483,-0.06160836149835125,0.07059983637729622,140.30202860010087,114.93957213984724,140.30202860010087,114.93957213984724,42.64222870958488,309.8127289186842,0.02098826399583152,0.029529663643784773,107481825755.19067,0.6144578313253012,0.984
2023-01-25,NVDA,ensemble,,0.004079947558191336,-0.0620241513796324,0.07018404649601508,140.72443177309154,115.40947750933539,140.72443177309154,115.40947750933539,40.07773307453565,332.33784640979513,0.02098826399583152,0.029529663643784773,107481825755.19067,0.6144578313253012,0.984
2023-01-26,NVDA,ensemble,,0.004315576496914183,-0.06178852244090955,0.07041967543473791,144.21286606707824,115.90861219027964,144.21286606707824,115.90861219027964,37.67634231661026,356.58467764673856,0.02098826399583152,0.029529663643784773,107481825755.19067,0.6144578313253012,0.984
2023-01-27,NVDA,ensemble,,0.005180548070373885,-0.06092355086744985,0.07128464700819762,148.313048058737,116.51064039910005,148.313048058737,116.51064039910005,35.44948842027322,382.93160017635546,0.02098826399583152,0.029529663643784773,107481825755.19067,0.6144578313253012,0.984
2023-01-30,NVDA,ensemble,,0.00249942144989367,-0.06360467748793007,0.0686035203877174,139.5519153525534,116.80221382349914,139.5519153525534,116.80221382349914,33.26494515172576,410.12414395526633,0.02098826399583152,0.029529663643784773,107481825755.19067,0.6144578313253012,0.984
2023-01-31,NVDA,ensemble,,0.004577064531887604,-0.06152703440593613,0.07068116346971134,142.28294376635696,117.33805043755753,142.28294376635696,117.33805043755753,31.279943517164423,440.1612193746987,0.02098826399583152,0.029529663643784773,107481825755.19067,0.6144578313253012,0.984
2023-02-01,NVDA,ensemble,,0.005162314331144725,-0.06094178460667901,0.07126641326896846,152.52248063264352,117.94535253037817,152.52248063264352,117.94535253037817,29.430611064558352,472.6747315235856,0.02098826399583152,0.029529663643784773,107481825755.19067,0.6144578313253012,0.984
2023-02-02,NVDA,ensemble,,0.0038620349811303136,-0.06224206395669342,0.06996613391895405,158.1010528936764,118.40174233714531,158.1010528936764,118.40174233714531,27.654632687297262,506.93034859621025,0.02098826399583152,0.029529663643784773,107481825755.19067,0.6144578313253012,0.984
2023-02-03,NVDA,ensemble,,0.0035910091457070073,-0.06251308979211673,0.06969510808353074,153.66586819482515,118.82768840713534,153.66586819482515,118.82768840713534,25.97878313465926,543.5212057082538,0.02098826399583152,0.029529663643784773,107481825755.19067,0.6144578313253012,0.984
2023-02-06,NVDA,ensemble,,0.006038443012922681,-0.060065655924901054,0.07214254195074642,153.5857603616627,119.54739339384344,153.5857603616627,119.54739339384344,24.46429030356153,584.1812327244083,0.02098826399583152,0.029529663643784773,107481825755.19067,0.6144578313253012,0.984
2023-02-07,NVDA,ensemble,,0.0054666769564477675,-0.06063742198137597,0.07157077589427151,161.48025049614418,120.20270994446994,161.48025049614418,120.20270994446994,23.02491967869613,627.5240773744401,0.02098826399583152,0.029529663643784773,107481825755.19067,0.6144578313253012,0.984
2023-02-08,NVDA,ensemble,,0.0035641302876054017,-0.06253996865021834,0.06966822922542913,161.71329525372465,120.63189244047553,161.71329525372465,120.63189244047553,21.6290458153551,672.8014540262118,0.02098826399583152,0.029529663643784773,107481825755.19067,0.6144578313253012,0.984
2023-02-09,NVDA,ensemble,,0.00453354268856134,-0.061570556249262394,0.07063764162638507,162.67461703313182,121.18002382415767,162.67461703313182,121.18002382415767,20.337501957521635,722.0453232011843,0.02098826399583152,0.029529663643784773,107481825755.19067,0.6144578313253012,0.984
2023-02-10,NVDA,ensemble,,0.004923262721753618,-0.061180836216070116,0.07102736165957735,154.86751347371967,121.77809594312525,154.86751347371967,121.77809594312525,19.13053467430483,775.1955135604132,0.02098826399583152,0.029529663643784773,107481825755.19067,0.6144578313253012,0.984
2023-02-13,NVDA,ensemble,,0.005891605610172119,-0.06021249332765162,0.07199570454799585,158.67639299108504,122.49768213393641,158.67639299108504,122.49768213393641,18.012631094148325,833.0644229460601,0.02098826399583152,0.029529663643784773,107481825755.19067,0.6144578313253012,0.984
2023-02-14,NVDA,ensemble,,0.003753121161351257,-0.06235097777647248,0.069857220099175,167.29188140548635,122.9582946034941,167.29188140548635,122.9582946034941,16.923822783275273,893.3408488973624,0.02098826399583152,0.029529663643784773,107481825755.19067,0.6144578313253012,0.984
2023-02-15,NVDA,ensemble,,0.003282160684231825,-0.0628219382535919,0.06938625962205557,165.78434838702694,123.36252649797265,165.78434838702694,123.36252649797265,15.893342696642515,957.5275154154888,0.02098826399583152,0.029529663643784773,107481825755.19067,0.6144578313253012,0.984
2023-02-16,NVDA,ensemble,,0.005306780622481478,-0.060797318315342255,0.07141087956030522,160.23490498435046,124.0189245027871,160.23490498435046,124.0189245027871,14.955857137874252,1028.406028022152,0.02098826399583152,0.029529663643784773,107481825755.19067,0.6144578313253012,0.984
2023-02-17,NVDA,ensemble,,0.007832480549930874,-0.05827161838789286,0.07393657948775462,155.76329879450702,124.99411440929555,155.76329879450702,124.99411440929555,14.109260946801163,1107.3243804811918,0.02098826399583152,0.029529663643784773,107481825755.19067,0.6144578313253012,0.984
2023-02-21,NVDA,ensemble,,0.005474505557132777,-0.06062959338069096,0.07157860449495651,150.4250500329615,125.68027185592602,150.4250500329615,125.68027185592602,13.279238401767646,1189.4907114309265,0.02098826399583152,0.029529663643784773,107481825755.19067,0.6144578313253012,0.984
2023-02-22,NVDA,ensemble,,0.005744458307309668,-0.060359640630514064,0.07184855724513341,151.14603442215247,126.40431456318198,151.14603442215247,126.40431456318198,12.501418933035017,1278.0989762662737,0.02098826399583152,0.029529663643784773,107481825755.19067,0.6144578313253012,0.984
2023-02-23,NVDA,ensemble,,0.0034988210280450962,-0.06260527790977864,0.06960291996586883,172.33881380200967,126.84735524507236,172.33881380200967,126.84735524507236,11.74275993109886,1370.2274105133563,0.02098826399583152,0.029529663643784773,107481825755.19067,0.6144578313253012,0.984
2023-02-24,NVDA,ensemble,,-0.00026626976307872084,-0.06637036870090246,0.06583782917474501,169.58593527175657,126.81358412615754,169.58593527175657,126.81358412615754,10.98868938308847,1463.4761761190243,0.02098826399583152,0.029529663643784773,107481825755.19067,0.6144578313253012,0.984
2023-02-27,NVDA,ensemble,,0.006784424017113752,-0.05931967492070998,0.07288852295493749,171.15172600692893,127.67686637712798,171.15172600692893,127.67686637712798,10.355800846591059,1574.130523497766,0.02098826399583152,0.029529663643784773,107481825755.19067,0.6144578313253012,0.984
2023-02-28,NVDA,ensemble,,0.005804576159150912,-0.06029952277867282,0.07190867509697464,169.07614552369654,128.420131554532,169.07614552369654,128.420131554532,9.749805228037607,1691.4932968156,0.02098826399583152,0.029529663643784773,107481825755.19067,0.6144578313253012,0.984
2023-03-01,NVDA,ensemble,,0.00692285756314466,-0.059181241374679075,0.0730269565009684,165.30368749732335,129.31225027597586,165.30368749732335,129.31225027597586,9.18954171032193,1819.6400428385266,0.02098826399583152,0.029529663643784773,107481825755.19067,0.6144578313253012,0.984
2023-03-02,NVDA,ensemble,,0.008763678531840693,-0.05734042040598304,0.07486777746966443,169.7898511709806,130.4504815291561,169.7898511709806,130.4504815291561,8.677432121946811,1961.1018434991577,0.02098826399583152,0.029529663643784773,107481825755.19067,0.6144578313253012,0.984
2023-03-03,NVDA,ensemble,,0.0040065404696071685,-0.06209755846821657,0.0701106394074309,173.98471237034445,130.9741850818648,173.98471237034445,130.9741850818648,8.154974327096019,2103.530491918445,0.02098826399583152,0.029529663643784773,107481825755.19067,0.6144578313253012,0.984
2023-03-06,NVDA,ensemble,,0.004472513252435372,-0.06163158568538836,0.07057661219025911,171.53772157965622,131.56128077835422,171.53772157965622,131.56128077835422,7.667545125349703,2257.3549052639664,0.02098826399583152,0.029529663643784773,107481825755.19067,0.6144578313253012,0.984
2023-03-07,NVDA,ensemble,,0.007205384516112979,-0.058898714421710754,0.07330948345393672,169.6005066462992,132.51265378187153,169.6005066462992,132.51265378187153,7.228978846708659,2429.0572409558254,0.02098826399583152,0.029529663643784773,107481825755.19067,0.6144578313253012,0.984
2023-03-08,NVDA,ensemble,,0.006990223480643114,-0.05911387545718062,0.07309432241846685,176.10399308647592,133.442191900395,176.10399308647592,133.442191900395,6.8140312977739,2613.2575271556534,0.02098826399583152,0.029529663643784773,107481825755.19067,0.6144578313253012,0.984
2023-03-09,NVDA,ensemble,,0.006347519865137886,-0.05975657907268585,0.07245161880296162,170.67835774986102,134.2919128215362,170.67835774986102,134.2919128215362,6.418775281054828,2809.6197576032628,0.02098826399583152,0.029529663643784773,107481825755.19067,0.6144578313253012,0.984
2023-03-10,NVDA,ensemble,,0.00628712346077959,-0.05981697547704415,0.07239122239860332,167.24818117258724,135.13888236837337,167.24818117258724,135.13888236837337,6.046081388647048,3020.55436469401,0.02098826399583152,0.029529663643784773,107481825755.19067,0.6144578313253012,0.984
2023-03-13,NVDA,ensemble,,0.005344251757426272,-0.06075984718039747,0.07144835069525,167.25545991449414,135.86303187306177,167.25545991449414,135.86303187306177,5.689660103875055,3244.2646999543776,0.02098826399583152,0.029529663643784773,107481825755.19067,0.6144578313253012,0.984
2023-03-14,NVDA,ensemble,,0.004879197412526591,-0.061224901525297144,0.07098329635035033,175.24462925668075,136.52755427629745,175.24462925668075,136.52755427629745,5.3517606976500725,3482.9234955987413,0.02098826399583152,0.029529663643784773,107481825755.19067,0.6144578313253012,0.984
2023-03-15,NVDA,ensemble,,0.003418425634729975,-0.06268567330309376,0.06952252457255371,176.44628842630416,136.99506218292834,176.44628842630416,136.99506218292834,5.026580519965852,3733.6807772119214,0.02098826399583152,0.029529663643784773,107481825755.19067,0.6144578313253012,0.984
2023-03-16,NVDA,ensemble,,0.004067052945428399,-0.06203704599239534,0.07017115188325214,186.00852724557004,137.55336290381717,186.00852724557004,137.55336290381717,4.724221993059515,4005.088599550674,0.02098826399583152,0.029529663643784773,107481825755.19067,0.6144578313253012,0.984
2023-03-17,NVDA,ensemble,,0.0029502368319393227,-0.06315386210588442,0.06905433576976305,187.3485519650688,137.95977711571936,187.3485519650688,137.95977711571936,4.435094963091173,4291.4301182298495,0.02098826399583152,0.029529663643784773,107481825755.19067,0.6144578313253012,0.984
2023-03-20,NVDA,ensemble,,0.0039553342519842265,-0.062148764685839505,0.07005943318980797,188.62302633521892,138.50653473929933,188.62302633521892,138.50653473929933,4.1678497821178,4602.8674660488305,0.02098826399583152,0.029529663643784773,107481825755.19067,0.6144578313253012,0.984
2023-03-21,NVDA,ensemble,,0.004724149568090106,-0.06137994936973363,0.07082824850591384,190.8005647680633,139.16240832823897,190.8005647680633,139.16240832823897,3.9197203566685195,4940.703450634771,0.02098826399583152,0.029529663643784773,107481825755.19067,0.6144578313253012,0.984
2023-03-22,NVDA,ensemble,,0.0036452793976105018,-0.062458819540213234,0.06974937833543424,192.75962981786986,139.67061991208573,192.75962981786986,139.67061991208573,3.682388144944916,5297.617007975169,0.02098826399583152,0.029529663643784773,107481825755.19067,0.6144578313253012,0.984
2023-03-23,NVDA,ensemble,,0.003193513158416301,-0.06291058577940743,0.06929761209624004,198.02504948815982,140.11737285062796,198.02504948815982,140.11737285062796,3.4578634846324277,5677.748199665806,0.02098826399583152,0.029529663643784773,107481825755.19067,0.6144578313253012,0.984
2023-03-24,NVDA,ensemble,,0.0027797923177265513,-0.06332430662009718,0.06888389125555029,195.0245548257836,140.50741190988785,195.0245548257836,140.50741190988785,3.2456855837814156,6082.63871900183,0.02098826399583152,0.029529663643784773,107481825755.19067,0.6144578313253012,0.984
2023-03-27,NVDA,ensemble,,0.004529158728950448,-0.06157494020887329,0.07063325766677418,193.21844059112388,141.14523559305192,193.21844059112388,141.14523559305192,3.051861283960885,6527.812268309333,0.02098826399583152,0.029529663643784773,107481825755.19067,0.6144578313253012,0.984
2023-03-28,NVDA,ensemble,,0.0036011435941106533,-0.06250295534371308,0.06970524253193439,192.33722664487914,141.65443615593372,192.33722664487914,141.65443615593372,2.8669498832127287,6999.0687315989635,0.02098826399583152,0.029529663643784773,107481825755.19067,0.6144578313253012,0.984
2023-03-29,NVDA,ensemble,,0.0038785321862118915,-0.062225566751611845,0.06998263112403563,196.51751646970038,142.2049142793734,196.51751646970038,142.2049142793734,2.693989389543151,7506.428096449649,0.02098826399583152,0.029529663643784773,107481825755.19067,0.6144578313253012,0.984
2023-03-30,NVDA,ensemble,,0.003939184320235396,-0.06216491461758834,0.07004328325805913,199.4233319243715,142.76619040723955,199.4233319243715,142.76619040723955,2.531616989352828,8051.054013745813,0.02098826399583152,0.029529663643784773,107481825755.19067,0.6144578313253012,0.984
2023-03-31,NVDA,ensemble,,0.0039352534335992265,-0.06216884550422451,0.07003935237142296,202.29273977877924,143.32911845403729,202.29273977877924,143.32911845403729,2.3790217631596984,8635.161104842919,0.02098826399583152,0.029529663643784773,107481825755.19067,0.6144578313253012,0.984
2023-04-03,NVDA,ensemble,,0.004121496269017464,-0.06198260266880627,0.0702255952068412,203.66189335663447,143.92106790176703,203.66189335663447,143.92106790176703,2.236040743300351,9263.370467665383,0.02098826399583152,0.029529663643784773,107481825755.19067,0.6144578313253012,0.984
2023-04-04,NVDA,ensemble,,0.004729064862037216,-0.06137503407578652,0.07083316379986095,199.93312167243155,144.60329183606538,199.93312167243155,144.60329183606538,2.102930277962106,9943.321577969631,0.02098826399583152,0.029529663643784773,107481825755.19067,0.6144578313253012,0.984
2023-04-05,NVDA,ensemble,,0.005122760235020731,-0.060981338702803006,0.07122685917284446,195.76740322215298,145.34596046185487,195.76740322215298,145.34596046185487,1.9785225985890942,10677.385356954654,0.02098826399583152,0.029529663643784773,107481825755.19067,0.6144578313253012,0.984
2023-04-06,NVDA,ensemble,,0.0054337172866116175,-0.06067038165121212,0.07153781622443535,196.90351204242774,146.13787890174677,196.90351204242774,146.13787890174677,1.8620537070995993,11469.2071278475,0.02098826399583152,0.029529663643784773,107481825755.19067,0.6144578313253012,0.984
2023-04-10,NVDA,ensemble,,0.00418844342277744,-0.0619156555150463,0.07029254236060117,200.85075710966848,146.75125278364789,200.85075710966848,146.75125278364789,1.7502600321442734,12304.417513999944,0.02098826399583152,0.029529663643784773,107481825755.19067,0.6144578313253012,0.984
2023-04-11,NVDA,ensemble,,0.004051940637286568,-0.06205215830053717,0.0701560395751103,197.8648338218349,147.3470864745366,197.8648338218349,147.3470864745366,1.6449536514223255,13198.647800053075,0.02098826399583152,0.029529663643784773,107481825755.19067,0.6144578313253012,0.984
2023-04-12,NVDA,ensemble,,0.007355807349939593,-0.058748291587884145,0.07345990628776333,192.95626697518696,148.43493936926217,192.95626697518696,148.43493936926217,1.5510993177593477,14204.719822444606,0.02098826399583152,0.029529663643784773,107481825755.19067,0.6144578313253012,0.984
2023-04-13,NVDA,ensemble,,0.0059509814715267995,-0.06015311746629694,0.07205508040935053,192.72320832687765,149.3209065155634,192.72320832687765,149.3209065155634,1.460546673204367,15266.018903532648,0.02098826399583152,0.029529663643784773,107481825755.19067,0.6144578313253012,0.984
2023-04-14,NVDA,ensemble,,0.004938120257638095,-0.06116597868018564,0.07104221919546183,194.87161790136557,150.0600947069144,194.87161790136557,150.0600947069144,1.3738881978527866,16390.00324672773,0.02098826399583152,0.029529663643784773,107481825755.19067,0.6144578313253012,0.984
2023-04-17,NVDA,ensemble,,0.0046962065232781175,-0.06140789241454562,0.07080030546110186,196.64861716839766,150.7664652352906,196.64861716839766,150.7664652352906,1.2920588169047722,17592.486303368758,0.02098826399583152,0.029529663643784773,107481825755.19067,0.6144578313253012,0.984
2023-04-18,NVDA,ensemble,,0.004674407498858077,-0.06142969143896566,0.0707785064366818,201.49163366569698,151.4728588304925,201.49163366569698,151.4728588304925,1.2150767418390984,18882.78013416253,0.02098826399583152,0.029529663643784773,107481825755.19067,0.6144578313253012,0.984
2023-04-19,NVDA,ensemble,,0.004628279666445146,-0.06147581927137859,0.07073237860426888,203.41427722451135,152.17554243681278,203.41427722451135,152.17554243681278,1.142628622746456,20266.77369614316,0.02098826399583152,0.029529663643784773,107481825755.19067,0.6144578313253012,0.984
2023-04-20,NVDA,ensemble,,0.005230419995301718,-0.06087367894252202,0.07133451893312545,197.3914516740382,152.9735696261329,197.3914516740382,152.9735696261329,1.0751473678878698,21765.307438860636,0.02098826399583152,0.029529663643784773,107481825755.19067,0.6144578313253012,0.984
2023-04-21,NVDA,ensemble,,0.006488049811087527,-0.05961604912673621,0.07259214874891126,197.5006883655571,153.9692964353084,197.5006883655571,153.9692964353084,1.0129244980465921,23404.05853595356,0.02098826399583152,0.029529663643784773,107481825755.19067,0.6144578313253012,0.984
2023-04-24,NVDA,ensemble,,0.007516096882423479,-0.058588002055400254,0.07362019582024722,196.93991964269105,155.13090449516284,196.93991964269105,155.13090449516284,0.9552842750464626,25192.079633381167,0.02098826399583152,0.029529663643784773,107481825755.19067,0.6144578313253012,0.984
2023-04-25,NVDA,ensemble,,0.006057462648189881,-0.06004663628963385,0.07216156158601361,191.1064386168993,156.0734560079399,191.1064386168993,156.0734560079399,0.899610894236961,27077.177284433885,0.02098826399583152,0.029529663643784773,107481825755.19067,0.6144578313253012,0.984
2023-04-26,NVDA,ensemble,,0.006120250852835135,-0.0599838480849886,0.07222434979065886,196.31360057047635,157.03159374103367,196.31360057047635,157.03159374103367,0.8472353185807261,29105.16227552598,0.02098826399583152,0.029529663643784773,107481825755.19067,0.6144578313253012,0.984
2023-04-27,NVDA,ensemble,,0.005232850395348807,-0.06087124854247493,0.07133694933317254,198.27994436218984,157.85547030984029,198.27994436218984,157.85547030984029,0.7972013115032807,31257.286142382694,0.02098826399583152,0.029529663643784773,107481825755.19067,0.6144578313253012,0.984
2023-04-28,NVDA,ensemble,,0.004324584747020583,-0.06177951419080315,0.07042868368484431,202.08882387955524,158.53960790825744,202.08882387955524,158.53960790825744,0.7494410929198404,33538.06925341942,0.02098826399583152,0.029529663643784773,107481825755.19067,0.6144578313253012,0.984
2023-05-01,NVDA,ensemble,,0.004803311668282887,-0.06130078726954085,0.07090741060610663,210.5440827369028,159.30295488588177,210.5440827369028,159.30295488588177,0.7048795463785331,36002.50789763316,0.02098826399583152,0.029529663643784773,107481825755.19067,0.6144578313253012,0.984
2023-05-02,NVDA,ensemble,,0.0054329720866198835,-0.06067112685120385,0.07153707102444362,205.44615747484465,160.17079874413025,205.44615747484465,160.17079874413025,0.6633851921815878,38672.38080181653,0.02098826399583152,0.029529663643784773,107481825755.19067,0.6144578313253012,0.984
2023-05-03,NVDA,ensemble,,0.005619236260135779,-0.060484862677687955,0.07172333519795951,202.47480556155372,161.0733698093264,202.47480556155372,161.0733698093264,0.6244498002859583,41547.98424124877,0.02098826399583152,0.029529663643784773,107481825755.19067,0.6144578313253012,0.984
2023-05-04,NVDA,ensemble,,0.007485351139875735,-0.058618747797948,0.07358945007769947,200.7269490436069,162.28358433122114,200.7269490436069,162.28358433122114,0.5888975294146004,44720.78830007661,0.02098826399583152,0.029529663643784773,107481825755.19067,0.6144578313253012,0.984
2023-05-05,NVDA,ensemble,,0.006117053876215439,-0.0599870450616083,0.07222115281403918,208.86905531021154,163.27932415195596,208.86905531021154,163.27932415195596,0.5546099920097954,48070.063791870096,0.02098826399583152,0.029529663643784773,107481825755.19067,0.6144578313253012,0.984
2023-05-08,NVDA,ensemble,,0.003628229481438382,-0.062475869456385356,0.06973232841926212,212.29921799675648,163.87281501902208,212.29921799675648,163.87281501902208,0.5210204436157286,51541.73858495381,0.02098826399583152,0.029529663643784773,107481825755.19067,0.6144578313253012,0.984
2023-05-09,NVDA,ensemble,,0.004169579630779123,-0.06193451930704461,0.07027367856860287,208.07522793903615,164.55752224923208,208.07522793903615,164.55752224923208,0.4897302654499772,55294.06703897576,0.02098826399583152,0.029529663643784773,107481825755.19067,0.6144578313253012,0.984
2023-05-10,NVDA,ensemble,,0.006455666858134015,-0.05964843207968972,0.07255976579595776,210.3620169541283,165.62328720224932,210.3620169541283,165.62328720224932,0.4613727703794615,59455.336389093085,0.02098826399583152,0.029529663643784773,107481825755.19067,0.6144578313253012,0.984
2023-05-11,NVDA,ensemble,,0.005135165142738256,-0.06096893379508548,0.071239264080562,208.12620691384217,166.4759776127721,208.12620691384217,166.4759776127721,0.43408370969684656,63845.407010281684,0.02098826399583152,0.029529663643784773,107481825755.19067,0.6144578313253012,0.984
2023-05-12,NVDA,ensemble,,0.006488463824433829,-0.05961563511338991,0.07259256276225756,206.392921770438,167.55966289558592,206.392921770438,167.55966289558592,0.40896180275071803,68652.4766881374,0.02098826399583152,0.029529663643784773,107481825755.19067,0.6144578313253012,0.984
2023-05-15,NVDA,ensemble,,0.007245518879916318,-0.058858580057907416,0.07334961781774005,210.8572353276457,168.77812847375102,210.8572353276457,168.77812847375102,0.3855855854153567,73877.38994552002,0.02098826399583152,0.029529663643784773,107481825755.19067,0.6144578313253012,0.984
2023-05-16,NVDA,ensemble,,0.004884979282169587,-0.061219119655654144,0.07098907821999333,212.7507500281036,169.6046231958713,212.7507500281036,169.6046231958713,0.3626883988167549,79312.51262312097,0.02098826399583152,0.029529663643784773,107481825755.19067,0.6144578313253012,0.984
2023-05-17,NVDA,ensemble,,0.004554933846210156,-0.06154916509161358,0.07065903278403389,219.77859759088304,170.37892313832052,219.77859759088304,170.37892313832052,0.3410383366196018,85119.39665643197,0.02098826399583152,0.029529663643784773,107481825755.19067,0.6144578313253012,0.984
2023-05-18,NVDA,ensemble,,0.004275752820811887,-0.06182834611701185,0.07037985175863562,230.70271124609724,171.1089809606862,230.70271124609724,171.1089809606862,0.3205911223166123,91325.93302596037,0.02098826399583152,0.029529663643784773,107481825755.19067,0.6144578313253012,0.984
2023-05-19,NVDA,ensemble,,0.0028207931677135755,-0.06328330577011015,0.06892489210553732,227.68765909990722,171.5923253919567,227.68765909990722,171.5923253919567,0.30093167426427625,97842.5624534346,0.02098826399583152,0.029529663643784773,107481825755.19067,0.6144578313253012,0.984
2023-05-22,NVDA,ensemble,,0.005181245216493282,-0.06092285372133045,0.07128534415431702,227.0467825438787,172.48369451399202,227.0467825438787,172.48369451399202,0.2831453555004797,105071.9155205979,0.02098826399583152,0.029529663643784773,107481825755.19067,0.6144578313253012,0.984
2023-05-23,NVDA,ensemble,,0.0049694491735150816,-0.06113464976430866,0.07107354811133881,223.49279790054334,173.3429767785481,223.49279790054334,173.3429767785481,0.2663538637898287,112811.5326389932,0.02098826399583152,0.029529663643784773,107481825755.19067,0.6144578313253012,0.984
2023-05-24,NVDA,ensemble,,0.006368121308618306,-0.059735977629205426,0.07247222024644204,222.4003893131677,174.4503681416075,222.4003893131677,174.4503681416075,0.25090885910784133,121290.77886270317,0.02098826399583152,0.029529663643784773,107481825755.19067,0.6144578313253012,0.984
2023-05-25,NVDA,ensemble,,0.005276091382416375,-0.06082800755540736,0.07138019032024011,276.5985544162479,175.37321660123385,276.5985544162479,175.37321660123385,0.2361014898948544,130265.01914392841,0.02098826399583152,0.029529663643784773,107481825755.19067,0.6144578313253012,0.984
2023-05-26,NVDA,ensemble,,-0.00293774116387637,-0.0690418401017001,0.06316635777394737,283.63368072093425,174.85877150703345,283.63368072093425,174.85877150703345,0.22035060004069132,138758.82329025926,0.02098826399583152,0.029529663643784773,107481825755.19067,0.6144578313253012,0.984
2023-05-30,NVDA,ensemble,,0.0054702236139375715,-0.060633875323886165,0.07157432255176131,292.1180823273671,175.8179090447233,292.1180823273671,175.8179090447233,0.20738688097337027,149054.44836131088,0.02098826399583152,0.029529663643784773,107481825755.19067,0.6144578313253012,0.984
2023-05-31,NVDA,ensemble,,0.004945684568116247,-0.06115841436970749,0.07104978350593999,275.53527468722876,176.68960274854706,275.53527468722876,176.68960274854706,0.1950834907682272,160030.02405021508,0.02098826399583152,0.029529663643784773,107481825755.19067,0.6144578313253012,0.984
2023-06-01,NVDA,ensemble,,0.007777901560962551,-0.058326197376861184,0.0738820004987863,289.63467004568673,178.069235454105,289.63467004568673,178.069235454105,0.1840304857555872,172301.08633915154,0.02098826399583152,0.029529663643784773,107481825755.19067,0.6144578313253012,0.984
2023-06-02,NVDA,ensemble,,0.0048834065740909136,-0.06122069236373282,0.07098750551191466,286.408409367637,178.94094665691887,286.408409367637,178.94094665691887,0.17310195133153253,184976.9002843207,0.02098826399583152,0.029529663643784773,107481825755.19067,0.6144578313253012,0.984
2023-06-05,NVDA,ensemble,,0.008699062638495628,-0.05740503629932811,0.07480316157631936,285.27231443809103,180.5043553966942,285.27231443809103,180.5043553966942,0.16344486211270887,199344.4265914467,0.02098826399583152,0.029529663643784773,107481825755.19067,0.6144578313253012,0.984
2023-06-06,NVDA,ensemble,,0.008280112809304043,-0.05782398612851969,0.07438421174712778,281.5071212628959,182.00515664918547,281.5071212628959,182.00515664918547,0.15426188538369623,214737.92417680068,0.02098826399583152,0.029529663643784773,107481825755.19067,0.6144578313253012,0.984
2023-06-07,NVDA,ensemble,,0.009101153130969403,-0.05700294580685433,0.07520525206879314,272.92076170685107,183.66917420376186,272.92076170685107,183.66917420376186,0.14571443281553065,231510.11811848637,0.02098826399583152,0.029529663643784773,107481825755.19067,0.6144578313253012,0.984
2023-06-08,NVDA,ensemble,,0.008049692662144232,-0.0580544062756795,0.07415379159996796,280.4583990176905,185.15362126321023,280.4583990176905,185.15362126321023,0.13749593602185778,249330.0126443768,0.02098826399583152,0.029529663643784773,107481825755.19067,0.6144578313253012,0.984
2023-06-09,NVDA,ensemble,,0.006010595707550749,-0.06009350323027299,0.07211469464537448,282.35192760887725,186.2698560819773,282.35192760887725,186.2698560819773,0.12947668900267226,267974.5640088494,0.02098826399583152,0.029529663643784773,107481825755.19067,0.6144578313253012,0.984
2023-06-12,NVDA,ensemble,,0.007545193820590023,-0.05855890511723371,0.07364929275841375,287.53722555527594,187.68061377631068,287.53722555527594,187.68061377631068,0.12211240244907558,288455.6529967713,0.02098826399583152,0.029529663643784773,107481825755.19067,0.6144578313253012,0.984
2023-06-13,NVDA,ensemble,,0.004567417029404583,-0.061536681908419155,0.07067151596722832,298.75265557551234,188.53979002224304,298.75265557551234,188.53979002224304,0.11482454529359937,309578.86513496976,0.02098826399583152,0.029529663643784773,107481825755.19067,0.6144578313253012,0.984
2023-06-14,NVDA,ensemble,,0.005398489752748051,-0.060705609185075685,0.07150258869057179,313.13608855708554,189.56037246997923,313.13608855708554,189.56037246997923,0.10806140831282347,332525.138918563,0.02098826399583152,0.029529663643784773,107481825755.19067,0.6144578313253012,0.984
2023-06-15,NVDA,ensemble,,0.004387273161454927,-0.061716825776368806,0.07049137209927867,310.63081226822675,190.39385262022583,310.63081226822675,190.39385262022583,0.10159383307767414,356811.2159707291,0.02098826399583152,0.029529663643784773,107481825755.19067,0.6144578313253012,0.984
2023-06-16,NVDA,ensemble,,0.005471995754341783,-0.06063210318348195,0.07157609469216551,310.91484989134204,191.43854263634427,310.91484989134204,191.43854263634427,0.09561700990095276,383286.5684117376,0.02098826399583152,0.029529663643784773,107481825755.19067,0.6144578313253012,0.984
2023-06-20,NVDA,ensemble,,0.006145296137407139,-0.0599588028004166,0.07224939507523087,319.0423708926752,192.61861139521173,319.0423708926752,192.61861139521173,0.09005241856313394,412003.69793297764,0.02098826399583152,0.029529663643784773,107481825755.19067,0.6144578313253012,0.984
2023-06-21,NVDA,ensemble,,0.0056666043052874555,-0.06043749463253628,0.07177070324311119,313.485634857363,193.71320322823848,313.485634857363,193.71320322823848,0.0847710789603626,442660.4635112719,0.02098826399583152,0.029529663643784773,107481825755.19067,0.6144578313253012,0.984
2023-06-22,NVDA,ensemble,,0.006986149957691527,-0.05911794898013221,0.07309024889551527,313.34000445630954,195.07125095387133,313.34000445630954,195.07125095387133,0.07990484471390476,476226.35504710936,0.02098826399583152,0.029529663643784773,107481825755.19067,0.6144578313253012,0.984
2023-06-23,NVDA,ensemble,,0.006987058159919592,-0.05911704077790414,0.07309115709774333,307.39727284827,196.43899782876616,307.39727284827,196.43899782876616,0.07531802220444217,512337.9337182595,0.02098826399583152,0.029529663643784773,107481825755.19067,0.6144578313253012,0.984
2023-06-26,NVDA,ensemble,,0.006766702671906509,-0.059337396265917226,0.07287080160973025,295.9123904701898,197.77274958183864,295.9123904701898,197.77274958183864,0.07097885732979271,551066.3590345343,0.02098826399583152,0.029529663643784773,107481825755.19067,0.6144578313253012,0.984
2023-06-27,NVDA,ensemble,,0.008367116439115183,-0.05773698249870855,0.07447121537693892,304.9721182833025,199.43447945513492,304.9721182833025,199.43447945513492,0.06699681400584068,593671.6870159388,0.02098826399583152,0.029529663643784773,107481825755.19067,0.6144578313253012,0.984
2023-06-28,NVDA,ensemble,,0.005010558565436808,-0.06109354037238693,0.07111465750326054,299.4445249970756,200.43626525173755,299.4445249970756,200.43626525173755,0.06302626383171456,637427.8592069902,0.02098826399583152,0.029529663643784773,107481825755.19067,0.6144578313253012,0.984
2023-06-29,NVDA,ensemble,,0.006999852691473299,-0.05910424624635044,0.07310395162929703,297.29610153185877,201.84421154197602,297.29610153185877,201.84421154197602,0.059409092051174346,685771.8966300294,0.02098826399583152,0.029529663643784773,107481825755.19067,0.6144578313253012,0.984
2023-06-30,NVDA,ensemble,,0.006814691378504393,-0.05928940755931934,0.07291879031632813,308.0745570045619,203.22441503922326,308.0745570045619,203.22441503922326,0.05598914719871984,737645.8641430894,0.02098826399583152,0.029529663643784773,107481825755.19067,0.6144578313253012,0.984
2023-07-03,NVDA,ensemble,,0.005279297457811773,-0.06082480148001196,0.07138339639563551,308.88294185955107,204.30013419917375,308.88294185955107,204.30013419917375,0.052685120406391034,792226.4296227576,0.02098826399583152,0.029529663643784773,107481825755.19067,0.6144578313253012,0.984
2023-07-05,NVDA,ensemble,,0.004566357118308619,-0.061537741819515115,0.07067045605613236,308.18382147753846,205.23517481116426,308.18382147753846,205.23517481116426,0.04954073837789531,850239.184133018,0.02098826399583152,0.029529663643784773,107481825755.19067,0.6144578313253012,0.984
2023-07-06,NVDA,ensemble,,0.006646252157774401,-0.05945784678004933,0.07275035109559813,306.62530948427303,206.6037624861545,306.62530948427303,206.6037624861545,0.04668101177348351,914399.9466113086,0.02098826399583152,0.029529663643784773,107481825755.19067,0.6144578313253012,0.984
2023-07-07,NVDA,ensemble,,0.006445727072450297,-0.05965837186537344,0.07254982601027403,309.5383897901222,207.93977511200663,309.5383897901222,207.93977511200663,0.043977542679954226,983205.2324592671,0.02098826399583152,0.029529663643784773,107481825755.19067,0.6144578313253012,0.984
2023-07-10,NVDA,ensemble,,0.005456237406084782,-0.060647861531738956,0.07156033634390851,307.1860782071391,209.07744476663095,307.1860782071391,209.07744476663095,0.04138966650941955,1056142.3078921179,0.02098826399583152,0.029529663643784773,107481825755.19067,0.6144578313253012,0.984
2023-07-11,NVDA,ensemble,,0.006903059792132533,-0.059201039145691206,0.07300715872995626,308.8246841428381,210.52571185510232,308.8246841428381,210.52571185510232,0.0390104753705523,1136132.6651649547,0.02098826399583152,0.029529663643784773,107481825755.19067,0.6144578313253012,0.984
2023-07-12,NVDA,ensemble,,0.008200233781924443,-0.05790386515589929,0.07430433271974818,319.7269615723316,212.259169575013,319.7269615723316,212.259169575013,0.03681577214130291,1223767.76170148,0.02098826399583152,0.029529663643784773,107481825755.19067,0.6144578313253012,0.984
2023-07-13,NVDA,ensemble,,0.003829055507282017,-0.062275043430541716,0.06993315444510576,334.8386576850027,213.07347974173115,334.8386576850027,213.07347974173115,0.03459299831410079,1312413.2044588833,0.02098826399583152,0.029529663643784773,107481825755.19067,0.6144578313253012,0.984
2023-07-14,NVDA,ensemble,,0.0023320581745221673,-0.06377204076330156,0.06843615711234591,331.1390287498851,213.57095934215945,331.1390287498851,213.57095934215945,0.032455803124265735,1405374.394825181,0.02098826399583152,0.029529663643784773,107481825755.19067,0.6144578313253012,0.984
2023-07-17,NVDA,ensemble,,0.005273814099418221,-0.06083028483840552,0.07137791303724196,338.36348568852395,214.70026814363922,338.36348568852395,214.70026814363922,0.03054035656664822,1509353.8623347336,0.02098826399583152,0.029529663643784773,107481825755.19067,0.6144578313253012,0.984
2023-07-18,NVDA,ensemble,,0.00395245216721527,-0.062151646770608464,0.070056551105039,345.8865655155496,215.55053990609719,345.8865655155496,215.55053990609719,0.028700005900259288,1618885.91296039,0.02098826399583152,0.029529663643784773,107481825755.19067,0.6144578313253012,0.984
2023-07-19,NVDA,ensemble,,0.003978310095850439,-0.0621257888419733,0.07008240903367417,342.84966325291003,216.40977481336932,342.84966325291003,216.40977481336932,0.02697125150057441,1736411.4762630002,0.02098826399583152,0.029529663643784773,107481825755.19067,0.6144578313253012,0.984
2023-07-20,NVDA,ensemble,,0.005493016572806767,-0.06061108236501697,0.0715971155106305,331.5104390573409,217.60178817025906,331.5104390573409,217.60178817025906,0.025385050991996172,1865292.2237510418,0.02098826399583152,0.029529663643784773,107481825755.19067,0.6144578313253012,0.984
2023-07-21,NVDA,ensemble,,0.00447609441781073,-0.061628004520013005,0.07058019335563447,322.6910208529867,218.57797744741765,322.6910208529867,218.57797744741765,0.023867852089571144,2001702.2078781486,0.02098826399583152,0.029529663643784773,107481825755.19067,0.6144578313253012,0.984
2023-07-24,NVDA,ensemble,,0.005412749521015419,-0.060691349416808316,0.07151684845883916,324.8977020349164,219.76429300826865,324.8977020349164,219.76429300826865,0.02246236188066883,2150100.8993621436,0.02098826399583152,0.029529663643784773,107481825755.19067,0.6144578313253012,0.984
2023-07-25,NVDA,ensemble,,0.005416111906684246,-0.06068798703113949,0.07152021084450798,332.6683979940652,220.95779015181063,332.6683979940652,220.95779015181063,0.02113970691141592,2309509.0785012837,0.02098826399583152,0.029529663643784773,107481825755.19067,0.6144578313253012,0.984
2023-07-26,NVDA,ensemble,,0.004769651760058316,-0.06133444717776542,0.07087375069788206,331.01520679309465,222.0141992134393,331.01520679309465,222.0141992134393,0.019882076927719056,2479132.5791353974,0.02098826399583152,0.029529663643784773,107481825755.19067,0.6144578313253012,0.984
2023-07-27,NVDA,ensemble,,0.006598491591846955,-0.05950560734597678,0.0727025905296707,334.2778889621366,223.4840019477703,334.2778889621366,223.4840019477703,0.018733494317412745,2666085.583412324,0.02098826399583152,0.029529663643784773,107481825755.19067,0.6144578313253012,0.984
2023-07-28,NVDA,ensemble,,0.0042192177809278536,-0.06188488115689588,0.07032331671875158,340.46820892084156,224.42892163173525,340.46820892084156,224.42892163173525,0.01760931776634554,2860323.240974503,0.02098826399583152,0.029529663643784773,107481825755.19067,0.6144578313253012,0.984
2023-07-31,NVDA,ensemble,,0.0039322084670319855,-0.062171890470791746,0.07003630740485572,340.3152719964236,225.31316030365807,340.3152719964236,225.31316030365807,0.01654785175414766,3067831.4599535502,0.02098826399583152,0.029529663643784773,107481825755.19067,0.6144578313253012,0.984
2023-08-01,NVDA,ensemble,,0.004035712598099072,-0.06206838633972466,0.0701398115359228,338.69850228644526,226.22429676903118,338.69850228644526,226.22429676903118,0.015551979097586596,3290734.389977696,0.02098826399583152,0.029529663643784773,107481825755.19067,0.6144578313253012,0.984
2023-08-02,NVDA,ensemble,,0.004358345370788981,-0.06174575356703475,0.07046244430861272,322.3997322694222,227.2124120954257,322.3997322694222,227.2124120954257,0.014620755812054924,3530972.056017498,0.02098826399583152,0.029529663643784773,107481825755.19067,0.6144578313253012,0.984
2023-08-03,NVDA,ensemble,,0.007065686785198316,-0.05903841215262542,0.07316978572302205,324.19127512953924,228.82350888295738,324.19127512953924,228.82350888295738,0.013782556046402597,3799019.4301568097,0.02098826399583152,0.029529663643784773,107481825755.19067,0.6144578313253012,0.984
2023-08-04,NVDA,ensemble,,0.006261251601273537,-0.059842847336550195,0.07236535053909728,325.3929342991626,230.26072513534547,325.3929342991626,230.26072513534547,0.01298196245631682,4084128.398788907,0.02098826399583152,0.029529663643784773,107481825755.19067,0.6144578313253012,0.984
2023-08-07,NVDA,ensemble,,0.006321438215406595,-0.05978266072241714,0.07242553715323033,330.76031191906463,231.72091446855165,330.76031191906463,231.72091446855165,0.012228609285992918,4390898.502550515,0.02098826399583152,0.029529663643784773,107481825755.19067,0.6144578313253012,0.984
2023-08-08,NVDA,ensemble,,0.005706982279521909,-0.06039711665830182,0.07181108121734564,325.27641886573684,233.04712234413253,325.27641886573684,233.04712234413253,0.011511898046281511,4717811.17366862,0.02098826399583152,0.029529663643784773,107481825755.19067,0.6144578313253012,0.984
2023-08-09,NVDA,ensemble,,0.006126840926375434,-0.0599772580114483,0.07223093986419916,309.9098278790357,234.47934802026947,309.9098278790357,234.47934802026947,0.010841743854236703,5071191.995236572,0.02098826399583152,0.029529663643784773,107481825755.19067,0.6144578313253012,0.984
2023-08-10,NVDA,ensemble,,0.006727268575344502,-0.05937683036247923,0.07283136751316824,308.70088996750536,236.06207130308408,308.70088996750536,236.06207130308408,0.010216734619561265,5454316.235366323,0.02098826399583152,0.029529663643784773,107481825755.19067,0.6144578313253012,0.984
2023-08-11,NVDA,ensemble,,0.004529751586717775,-0.06157434735110596,0.0706338505245415,297.536438922075,237.1337993434952,297.536438922075,237.1337993434952,0.00960662224187458,5853507.85898166,0.02098826399583152,0.029529663643784773,107481825755.19067,0.6144578313253012,0.984
2023-08-14,NVDA,ensemble,,0.006751343627501318,-0.059352755310322414,0.07285544256532506,318.64181783613395,238.74018764659544,318.64181783613395,238.74018764659544,0.009053033747092215,6295886.968922267,0.02098826399583152,0.029529663643784773,107481825755.19067,0.6144578313253012,0.984
2023-08-15,NVDA,ensemble,,0.004033839576957851,-0.06207025936086588,0.07013793851478159,320.00369267208225,239.70517225217353,320.00369267208225,239.70517225217353,0.008508193691182993,6753321.761349658,0.02098826399583152,0.029529663643784773,107481825755.19067,0.6144578313253012,0.984
2023-08-16,NVDA,ensemble,,0.006190377145215493,-0.059913721792608246,0.07229447608303922,316.6973380515988,241.1936400071933,316.6973380515988,241.1936400071933,0.008013406415737294,7259630.7939245915,0.02098826399583152,0.029529663643784773,107481825755.19067,0.6144578313253012,0.984
2023-08-17,NVDA,ensemble,,0.006541025667607314,-0.05956307327021642,0.07264512460543104,315.6632010716649,242.77646480272335,315.6632010716649,242.77646480272335,0.0075500400492812016,7806635.657213388,0.02098826399583152,0.029529663643784773,107481825755.19067,0.6144578313253012,0.984
2023-08-18,NVDA,ensemble,,0.006875458773768321,-0.059228640164055414,0.07297955771159206,315.3354632156505,244.45141580783175,315.3354632156505,244.45141580783175,0.007115846707496664,8397664.697793271,0.02098826399583152,0.029529663643784773,107481825755.19067,0.6144578313253012,0.984
2023-08-21,NVDA,ensemble,,0.0064588764408635545,-0.05964522249696018,0.07256297537868729,342.04855713982766,246.03540719403068,342.04855713982766,246.03540719403068,0.006703830001765584,9029677.300466986,0.02098826399583152,0.029529663643784773,107481825755.19067,0.6144578313253012,0.984
2023-08-22,NVDA,ensemble,,0.003742445145732344,-0.06236165379209139,0.06984654408355608,332.5882762701738,246.9579063338742,332.5882762701738,246.9579063338742,0.006298536792946965,9682916.763954496,0.02098826399583152,0.029529663643784773,107481825755.19067,0.6144578313253012,0.984
2023-08-23,NVDA,ensemble,,0.006601627699957624,-0.05950247123786611,0.07270572663778135,343.1337008760252,248.59362374716494,343.1337008760252,248.59362374716494,0.005934690509896344,10413144.487432782,0.02098826399583152,0.029529663643784773,107481825755.19067,0.6144578313253012,0.984
2023-08-24,NVDA,ensemble,,0.006483621655947647,-0.05962047728187609,0.07258772059377139,343.4759684343958,250.21064716904974,343.4759684343958,250.21064716904974,0.00559120262581706,11197120.216619898,0.02098826399583152,0.029529663643784773,107481825755.19067,0.6144578313253012,0.984
2023-08-25,NVDA,ensemble,,0.0031701257387148018,-0.06293397319910893,0.06927422467653854,335.1372527919317,251.00510498198315,335.1372527919317,251.00510498198315,0.005250169856060296,12000290.362851936,0.02098826399583152,0.029529663643784773,107481825755.19067,0.6144578313253012,0.984
2023-08-28,NVDA,ensemble,,0.00445438870686392,-0.06164971023095982,0.07055848764468765,341.08723536042044,252.1256731572732,341.08723536042044,252.1256731572732,0.004936273623792863,12877599.563892266,0.02098826399583152,0.029529663643784773,107481825755.19067,0.6144578313253012,0.984
2023-08-29,NVDA,ensemble,,0.005356391581750367,-0.06074770735607337,0.07146049051957411,355.28130992658345,253.47978031706367,355.28130992658345,253.47978031706367,0.004645332778617353,13831516.942196485,0.02098826399583152,0.029529663643784773,107481825755.19067,0.6144578313253012,0.984
2023-08-30,NVDA,ensemble,,0.0036556365049017067,-0.06244846243292203,0.06975973544272544,358.7770229624771,254.4081060321111,358.7770229624771,254.4081060321111,0.0043641112032269305,14830851.323629769,0.02098826399583152,0.029529663643784773,107481825755.19067,0.6144578313253012,0.984
2023-08-31,NVDA,ensemble,,0.004180498366753826,-0.06192360057106991,0.07028459730457756,359.43974963495515,255.47388489508612,359.43974963495515,255.47388489508612,0.004102066819557391,15910736.888101125,0.02098826399583152,0.029529663643784773,107481825755.19067,0.6144578313253012,0.984
2023-09-01,NVDA,ensemble,,0.005738737425351085,-0.060365361512472654,0.07184283636317482,353.2785446438778,256.94419727270684,353.2785446438778,256.94419727270684,0.0038617698451970683,17095871.364324246,0.02098826399583152,0.029529663643784773,107481825755.19067,0.6144578313253012,0.984
2023-09-05,NVDA,ensemble,,0.006851763018112807,-0.05925233591971093,0.07295586195593654,353.56258226699316,258.71076315549965,353.56258226699316,258.71076315549965,0.0036395980567884355,18389739.176737722,0.02098826399583152,0.029529663643784773,107481825755.19067,0.6144578313253012,0.984
2023-09-06,NVDA,ensemble,,0.006091177725338457,-0.060012921212485276,0.0721952766631622,342.7331478194841,260.2914255539336,342.7331478194841,260.2914255539336,0.0034276000773504514,19766491.039780516,0.02098826399583152,0.029529663643784773,107481825755.19067,0.6144578313253012,0.984
2023-09-07,NVDA,ensemble,,0.007029930736304965,-0.05907416820151877,0.0731340296741287,336.761301243817,262.12770313655545,336.761301243817,262.12770313655545,0.0032309821498595647,21266268.139126796,0.02098826399583152,0.029529663643784773,107481825755.19067,0.6144578313253012,0.984
2023-09-08,NVDA,ensemble,,0.006212348578681713,-0.05989175035914202,0.07231644751650546,331.8891281067036,263.76120047450416,331.8891281067036,263.76120047450416,0.003043153799858265,22861141.911063295,0.02098826399583152,0.029529663643784773,107481825755.19067,0.6144578313253012,0.984
2023-09-11,NVDA,ensemble,,0.00700368483916702,-0.05910041409865671,0.07310778377699076,329.0197480337535,265.6149848787064,329.0197480337535,265.6149848787064,0.002868513633039507,24595079.270150874,0.02098826399583152,0.029529663643784773,107481825755.19067,0.6144578313253012,0.984
2023-09-12,NVDA,ensemble,,0.007079581904948308,-0.05902451703287543,0.07318368084277205,326.7766453608316,267.5021000305578,326.7766453608316,267.5021000305578,0.0027041009219418628,26462538.043650985,0.02098826399583152,0.029529663643784773,107481825755.19067,0.6144578313253012,0.984
2023-09-13,NVDA,ensemble,,0.006976406267494642,-0.05912769267032909,0.07308050520531838,331.2555441833108,269.3748282186078,331.2555441833108,269.3748282186078,0.0025488487535140405,28468852.056350324,0.02098826399583152,0.029529663643784773,107481825755.19067,0.6144578313253012,0.984
2023-09-14,NVDA,ensemble,,0.004228624488550489,-0.06187547444927324,0.07033272342637423,331.9546923467811,270.51632499346994,331.9546923467811,270.51632499346994,0.002395917658837095,30543237.501530513,0.02098826399583152,0.029529663643784773,107481825755.19067,0.6144578313253012,0.984
2023-09-15,NVDA,ensemble,,0.007291969386800405,-0.05881212955102333,0.07339606832462414,319.7124040885177,272.4961313248833,319.7124040885177,272.4961313248833,0.0022590721683664774,32869309.191091727,0.02098826399583152,0.029529663643784773,107481825755.19067,0.6144578313253012,0.984
2023-09-18,NVDA,ensemble,,0.0090598790850719,-0.057044219852751835,0.07516397802289564,320.1930510874925,274.976130609197,320.1930510874925,274.976130609197,0.0021338118135794965,35435117.53174053,0.02098826399583152,0.029529663643784773,107481825755.19067,0.6144578313253012,0.984
2023-09-19,NVDA,ensemble,,0.005335890169459024,-0.06076820876836471,0.07143998910728276,316.944954183722,276.44729453537,316.944954183722,276.44729453537,0.00200800512756778,38059218.87684309,0.02098826399583152,0.029529663643784773,107481825755.19067,0.6144578313253012,0.984
2023-09-20,NVDA,ensemble,,0.007610197481032265,-0.05849390145679147,0.073714296418856,307.6157462313078,278.55913862286246,307.6157462313078,278.55913862286246,0.0018939182930402109,40970718.74507914,0.02098826399583152,0.029529663643784773,107481825755.19067,0.6144578313253012,0.984
2023-09-21,NVDA,ensemble,,0.008672925071094977,-0.05743117386672876,0.07477702400891871,298.71623408452,280.985568070829,298.71623408452,280.985568070829,0.0017882127905990753,44151842.48717734,0.02098826399583152,0.029529663643784773,107481825755.19067,0.6144578313253012,0.984
2023-09-22,NVDA,ensemble,,0.007650911586693813,-0.05845318735112992,0.07375501052451755,303.0349172406743,283.14360877158396,303.0349172406743,283.14360877158396,0.0016866823495179073,47531358.3563082,0.02098826399583152,0.029529663643784773,107481825755.19067,0.6144578313253012,0.984
2023-09-25,NVDA,ensemble,,0.006647711401369469,-0.05945638753645427,0.0727518103391932,307.4919520559751,285.0321360050288,307.4919520559751,285.0321360050288,0.0015893213563051695,51118245.05049263,0.02098826399583152,0.029529663643784773,107481825755.19067,0.6144578313253012,0.984
2023-09-26,NVDA,ensemble,,0.006526580662194893,-0.05957751827562884,0.07263067960001862,305.2270131573325,286.89850511121864,305.2270131573325,286.89850511121864,0.0014973989759204836,54969152.215730265,0.02098826399583152,0.029529663643784773,107481825755.19067,0.6144578313253012,0.984
2023-09-27,NVDA,ensemble,,0.008366635401153386,-0.05773746353667035,0.07447073433897712,309.28349491609214,289.3089498959246,309.28349491609214,289.3089498959246,0.001413391483015511,59219027.0676506,0.02098826399583152,0.029529663643784773,107481825755.19067,0.6144578313253012,0.984
2023-09-28,NVDA,ensemble,,0.005771304439686058,-0.06033279449813768,0.07187540337750979,313.8060939714704,290.983467350015,313.8060939714704,290.983467350015,0.001330639067719546,63632115.06794786,0.02098826399583152,0.029529663643784773,107481825755.19067,0.6144578313253012,0.984
2023-09-29,NVDA,ensemble,,0.005879465290988881,-0.060224633646834856,0.07198356422881262,316.7920172593039,292.6993337922943,316.7920172593039,292.6993337922943,0.0012528672132363894,68381468.60044615,0.02098826399583152,0.029529663643784773,107481825755.19067,0.6144578313253012,0.984
2023-10-02,NVDA,ensemble,,0.005348680904937234,-0.060755418032886505,0.07145277984276097,326.13578269553193,294.26908343246794,326.13578269553193,294.26908343246794,0.0011790149210931969,73446308.36723696,0.02098826399583152,0.029529663643784773,107481825755.19067,0.6144578313253012,0.984
2023-10-03,NVDA,ensemble,,0.004889280406778542,-0.06121481853104519,0.07099337934460227,316.92309017654355,295.71137049619335,316.92309017654355,295.71137049619335,0.0011090063770958188,78850055.73162842,0.02098826399583152,0.029529663643784773,107481825755.19067,0.6144578313253012,0.984
2023-10-04,NVDA,ensemble,,0.007368473024453891,-0.058735625913369845,0.07347257196227763,320.7392623265447,297.8983592414122,320.7392623265447,297.8983592414122,0.0010457442498653016,84861506.48225504,0.02098826399583152,0.029529663643784773,107481825755.19067,0.6144578313253012,0.984
2023-10-05,NVDA,ensemble,,0.00712638069920646,-0.05897771823861728,0.0732304796370302,325.45119201587556,300.0288787891454,325.45119201587556,300.0288787891454,0.000985852149432761,91309156.40774891,0.02098826399583152,0.029529663643784773,107481825755.19067,0.6144578313253012,0.984
2023-10-06,NVDA,ensemble,,0.0065068645544341325,-0.059597234383389604,0.07261096349225787,333.27286694983036,301.98749136871334,333.27286694983036,301.98749136871334,0.0009288146089561607,98185842.53929713,0.02098826399583152,0.029529663643784773,107481825755.19067,0.6144578313253012,0.984
2023-10-09,NVDA,ensemble,,0.005440036315712055,-0.06066406262211168,0.07154413525353578,329.7115896738593,303.6347909108033,329.7115896738593,303.6347909108033,0.0008741439778654786,105467850.3609558,0.02098826399583152,0.029529663643784773,107481825755.19067,0.6144578313253012,0.984
2023-10-10,NVDA,ensemble,,0.00815553441122151,-0.05794856452660223,0.07425963334904524,333.5350405657673,306.1212201947264,333.5350405657673,306.1212201947264,0.0008249283482538647,113597989.02761109,0.02098826399583152,0.029529663643784773,107481825755.19067,0.6144578313253012,0.984
2023-10-11,NVDA,ensemble,,0.0032260157287609926,-0.06287808320906274,0.06933011466658473,340.8760407192897,307.1103667092372,340.8760407192897,307.1103667092372,0.000774655526613118,121753184.60922307,0.02098826399583152,0.029529663643784773,107481825755.19067,0.6144578313253012,0.984
2023-10-12,NVDA,ensemble,,0.003981974479562272,-0.062122124458261464,0.07008607341738601,341.88834147350286,308.33571037638876,341.88834147350286,308.33571037638876,0.0007279965610071485,130592526.6484582,0.02098826399583152,0.029529663643784773,107481825755.19067,0.6144578313253012,0.984
2023-10-13,NVDA,ensemble,,0.005777934487390901,-0.06032616445043283,0.07188203342521464,331.0807432517145,310.1224106589815,331.0807432517145,310.1224106589815,0.0006853777594072781,140325401.97410488,0.02098826399583152,0.029529663643784773,107481825755.19067,0.6144578313253012,0.984
2023-10-16,NVDA,ensemble,,0.0060403891446301474,-0.06006370979319359,0.07214448808245388,335.6980215147979,312.0013397202577,335.6980215147979,312.0013397202577,0.0006454233448194975,150823233.72492716,0.02098826399583152,0.029529663643784773,107481825755.19067,0.6144578313253012,0.984
2023-10-17,NVDA,ensemble,,0.0052836488918678115,-0.060820450045955925,0.07138774782969155,319.98913518826856,313.6542079956969,319.98913518826856,313.6542079956969,0.0006073383200784506,161983788.83897826,0.02098826399583152,0.029529663643784773,107481825755.19067,0.6144578313253012,0.984
2023-10-18,NVDA,ensemble,,0.006357879590516993,-0.05974621934730674,0.07246197852834073,307.30259364056496,315.65473650399787,307.30259364056496,315.65473650399787,0.0005721148629980088,174157182.62462753,0.02098826399583152,0.029529663643784773,107481825755.19067,0.6144578313253012,0.984
2023-10-19,NVDA,ensemble,,0.005978121931594494,-0.06012597700622924,0.07208222086941823,306.6107520004593,317.54741068894464,306.6107520004593,317.54741068894464,0.0005387296152887805,187174336.01863644,0.02098826399583152,0.029529663643784773,107481825755.19067,0.6144578313253012,0.984
2023-10-20,NVDA,ensemble,,0.005854376334695553,-0.060249722603128185,0.07195847527251929,301.4108687887891,319.4119051360488,301.4108687887891,319.4119051360488,0.0005072297623167401,201139548.03569067,0.02098826399583152,0.029529663643784773,107481825755.19067,0.6144578313253012,0.984
2023-10-23,NVDA,ensemble,,0.0053015980666699,-0.06080250087115384,0.07140569700449363,312.975845109303,321.10979546395583,312.975845109303,321.10979546395583,0.0004773078068613985,216027266.39006117,0.02098826399583152,0.029529663643784773,107481825755.19067,0.6144578313253012,0.984
2023-10-24,NVDA,ensemble,,0.005549204930504348,-0.060554894007319386,0.07165330386832808,317.986369905563,322.8966527575065,317.986369905563,322.8966527575065,0.00044926220202296386,232074383.04963845,0.02098826399583152,0.029529663643784773,107481825755.19067,0.6144578313253012,0.984
2023-10-25,NVDA,ensemble,,0.005131544568943247,-0.06097255436888049,0.07123564350676698,304.26569137792546,324.5578699820409,304.26569137792546,324.5578699820409,0.0004226879211937167,249209418.3098338,0.02098826399583152,0.029529663643784773,107481825755.19067,0.6144578313253012,0.984
2023-10-26,NVDA,ensemble,,0.0058125677707026435,-0.06029153116712109,0.07191666670852638,293.68387306253953,326.44987798225173,293.68387306253953,326.44987798225173,0.00039795645933075717,267791916.26602688,0.02098826399583152,0.029529663643784773,107481825755.19067,0.6144578313253012,0.984
2023-10-27,NVDA,ensemble,,0.006526650901546028,-0.05957744803627771,0.07263074983936976,294.95106869078273,328.587470444636,294.95106869078273,328.587470444636,0.00037493967733734997,287965590.8917288,0.02098826399583152,0.029529663643784773,107481825755.19067,0.6144578313253012,0.984
2023-10-30,NVDA,ensemble,,0.005703398233788837,-0.0604007007040349,0.07180749717161257,299.7649563297256,330.4668900879571,299.7649563297256,330.4668900879571,0.00035296342931533754,309404194.24256766,0.02098826399583152,0.029529663643784773,107481825755.19067,0.6144578313253012,0.984
2023-10-31,NVDA,ensemble,,0.006936370339783521,-0.05916772859804022,0.07304046927760725,296.9902276830229,332.7670991510701,296.9902276830229,332.7670991510701,0.0003326852085768903,332849009.88264066,0.02098826399583152,0.029529663643784773,107481825755.19067,0.6144578313253012,0.984
2023-11-01,NVDA,ensemble,,0.004260991208728422,-0.06184310772909531,0.07036509014655215,308.2420791942515,334.1880419977044,308.2420791942515,334.1880419977044,0.0003127341959593331,357113641.09597313,0.02098826399583152,0.029529663643784773,107481825755.19067,0.6144578313253012,0.984
2023-11-02,NVDA,ensemble,,0.005167945776789417,-0.06093615316103432,0.07127204471461315,316.8429962341102,335.9195780664851,316.8429962341102,335.9195780664851,0.0002942463855330756,383494814.12977505,0.02098826399583152,0.029529663643784773,107481825755.19067,0.6144578313253012,0.984
2023-11-03,NVDA,ensemble,,0.005610662027942277,-0.06049343690988146,0.07171476096576601,327.75983114741746,337.80960648482665,327.75983114741746,337.80960648482665,0.0002769741070585315,412007214.12315136,0.02098826399583152,0.029529663643784773,107481825755.19067,0.6144578313253012,0.984
2023-11-06,NVDA,ensemble,,0.006731067514092063,-0.059373031423731674,0.0728351664519158,333.19274522593923,340.091095567512,333.19274522593923,340.091095567512,0.00026100798326351125,443135692.01268065,0.02098826399583152,0.029529663643784773,107481825755.19067,0.6144578313253012,0.984
2023-11-07,NVDA,ensemble,,0.005411992141711882,-0.06069210679611185,0.07151609107953562,334.67844201867797,341.93665547740477,334.67844201867797,341.93665547740477,0.00024563799504884334,475987749.1095147,0.02098826399583152,0.029529663643784773,107481825755.19067,0.6144578313253012,0.984
2023-11-08,NVDA,ensemble,,0.007388815442021041,-0.0587152834958027,0.07349291437984477,339.1864558087848,344.47251929543063,339.1864558087848,344.47251929543063,0.00023163054034493633,512287008.3238335,0.02098826399583152,0.029529663643784773,107481825755.19067,0.6144578313253012,0.984
2023-11-09,NVDA,ensemble,,0.005719813887123064,-0.06038428505070067,0.0718239128249468,341.9247629644952,346.4484836821194,341.9247629644952,346.4484836821194,0.00021805761540713225,550435038.1046748,0.02098826399583152,0.029529663643784773,107481825755.19067,0.6144578313253012,0.984
2023-11-10,NVDA,ensemble,,0.004646129901050242,-0.061457969036773495,0.07075022883887398,352.0113490156349,348.061873448257,352.0113490156349,348.061873448257,0.00020505973966626246,590789142.4493109,0.02098826399583152,0.029529663643784773,107481825755.19067,0.6144578313253012,0.984
2023-11-13,NVDA,ensemble,,0.00401119451079817,-0.062092904427025565,0.07011529344862191,354.0869294988673,349.4608211744528,354.0869294988673,349.4608211744528,0.00019271423524484438,633699245.832903,0.02098826399583152,0.029529663643784773,107481825755.19067,0.6144578313253012,0.984
2023-11-14,NVDA,ensemble,,0.00542120055918352,-0.060682898378640215,0.07152529949700726,361.63184555161365,351.3604628905389,361.63184555161365,351.3604628905389,0.00018136753397549543,680685082.8072311,0.02098826399583152,0.029529663643784773,107481825755.19067,0.6144578313253012,0.984
2023-11-15,NVDA,ensemble,,0.005831948803511029,-0.0602721501343127,0.07193604774133476,356.03871580676696,353.41556592475536,356.03871580676696,353.41556592475536,0.00017075903262382718,731455082.1628761,0.02098826399583152,0.029529663643784773,107481825755.19067,0.6144578313253012,0.984
2023-11-16,NVDA,ensemble,,0.006484998977380583,-0.05961909996044315,0.07258909791520432,360.3500924395567,355.714913082061,360.3500924395567,355.714913082061,0.00016087606674560566,786525316.9638059,0.02098826399583152,0.029529663643784773,107481825755.19067,0.6144578313253012,0.984
2023-11-17,NVDA,ensemble,,0.0031636640755019927,-0.06294043486232175,0.06926776301332573,359.0246390946006,356.8420575868772,359.0246390946006,356.8420575868772,0.00015106253073602513,842937381.2447916,0.02098826399583152,0.029529663643784773,107481825755.19067,0.6144578313253012,0.984
2023-11-20,NVDA,ensemble,,0.0036533754008810063,-0.062450723536942726,0.06975747433870474,367.11576638639923,358.14811989733937,367.11576638639923,358.14811989733937,0.00014191710767590118,903838007.1762137,0.02098826399583152,0.029529663643784773,107481825755.19067,0.6144578313253012,0.984
2023-11-21,NVDA,ensemble,,0.004872895631720712,-0.06123120330610302,0.07097699456954444,363.7292900420245,359.8975973550334,363.7292900420245,359.8975973550334,0.00013348804657751357,970321192.8171587,0.02098826399583152,0.029529663643784773,107481825755.19067,0.6144578313253012,0.984
2023-11-22,NVDA,ensemble,,0.005458359131835715,-0.060645739805988017,0.07156245806965945,354.7860776623376,361.86741879782807,354.7860776623376,361.86741879782807,0.00012563315539586452,1042304703.5218599,0.02098826399583152,0.029529663643784773,107481825755.19067,0.6144578313253012,0.984
2023-11-24,NVDA,ensemble,,0.004998835789401244,-0.06110526314842249,0.07110293472722498,347.9403097730615,363.6808633815276,347.9403097730615,363.6808633815276,0.00011818615098167409,1119113951.0960279,0.02098826399583152,0.029529663643784773,107481825755.19067,0.6144578313253012,0.984
2023-11-27,NVDA,ensemble,,0.0069148521344839856,-0.05918924680333975,0.07301895107230771,351.3340648593431,366.2043775845564,351.3340648593431,366.2043775845564,0.00011139380163530154,1203887866.2310858,0.02098826399583152,0.029529663643784773,107481825755.19067,0.6144578313253012,0.984
2023-11-28,NVDA,ensemble,,0.004796762572886472,-0.061307336364937265,0.0709008615107102,348.26801984761823,367.9651927669586,348.26801984761823,367.9651927669586,0.00010476967286652583,1292343283.9245288,0.02098826399583152,0.029529663643784773,107481825755.19067,0.6144578313253012,0.984
2023-11-29,NVDA,ensemble,,0.005148106258885132,-0.0609559926789386,0.07125220519670887,350.5912164629737,369.8644011476119,350.5912164629737,369.8644011476119,9.857408094233584e-05,1387785449.5676877,0.02098826399583152,0.029529663643784773,107481825755.19067,0.6144578313253012,0.984
2023-11-30,NVDA,ensemble,,0.006855281243554184,-0.059248817694269554,0.07295938018137792,340.6138671033529,372.4086363997307,340.6138671033529,372.4086363997307,9.290333449822742e-05,1492822547.37318,0.02098826399583152,0.029529663643784773,107481825755.19067,0.6144578313253012,0.984
2023-12-01,NVDA,ensemble,,0.005481842399704073,-0.06062225653811966,0.07158594133752781,340.5774456123607,374.4557276421905,340.5774456123607,374.4557276421905,8.743863928539274e-05,1603605603.9983027,0.02098826399583152,0.029529663643784773,107481825755.19067,0.6144578313253012,0.984
2023-12-04,NVDA,ensemble,,0.006799772097571765,-0.05930432684025197,0.0729038710353955,331.4375960753567,377.010617741818,331.4375960753567,377.010617741818,8.240391560066724e-05,1724881698.3269162,0.02098826399583152,0.029529663643784773,107481825755.19067,0.6144578313253012,0.984
2023-12-05,NVDA,ensemble,,0.0075587712027892235,-0.058545327735034514,0.07366287014061296,339.12819809207184,379.87115218532676,339.12819809207184,379.87115218532676,7.771805725493222e-05,1856738283.9906158,0.02098826399583152,0.029529663643784773,107481825755.19067,0.6144578313253012,0.984
2023-12-06,NVDA,ensemble,,0.00469461332041418,-0.061409485617409554,0.07079871225823792,331.3866171005507,381.6586929798042,331.3866171005507,381.6586929798042,7.308901938489007e-05,1992958164.6181653,0.02098826399583152,0.029529663643784773,107481825755.19067,0.6144578313253012,0.984
2023-12-07,NVDA,ensemble,,0.006335920023090084,-0.059768178914733655,0.07244001896091382,339.3466714751097,384.0845287702198,339.3466714751097,384.0845287702198,6.88486049596079e-05,2142685757.0634718,0.02098826399583152,0.029529663643784773,107481825755.19067,0.6144578313253012,0.984
2023-12-08,NVDA,ensemble,,0.0029319347358621635,-0.06317216420196158,0.0690360336736859,345.973965981348,385.21229199784193,345.973965981348,385.21229199784193,6.463381971149003e-05,2295833830.780869,0.02098826399583152,0.029529663643784773,107481825755.19067,0.6144578313253012,0.984
2023-12-11,NVDA,ensemble,,0.004276143290324831,-0.061827955647498906,0.07038024222814857,339.57242360005444,386.8630418617118,339.57242360005444,386.8630418617118,6.075867334222973e-05,2463237014.9937806,0.02098826399583152,0.029529663643784773,107481825755.19067,0.6144578313253012,0.984
2023-12-12,NVDA,ensemble,,0.005434718654123488,-0.060669380283700246,0.07153881759194722,347.07366720135934,388.971257241587,347.07366720135934,388.971257241587,5.718207429458493e-05,2645910293.1568227,0.02098826399583152,0.029529663643784773,107481825755.19067,0.6144578313253012,0.984
2023-12-13,NVDA,ensemble,,0.005110459367706161,-0.060993639570117573,0.07121455830552989,350.2125274136109,390.964167051864,350.2125274136109,390.964167051864,5.3798566575866154e-05,2841209155.693875,0.02098826399583152,0.029529663643784773,107481825755.19067,0.6144578313253012,0.984
2023-12-14,NVDA,ensemble,,0.00517152056438366,-0.06093257837344007,0.0712756195022074,352.12058570715385,392.9912834007821,352.12058570715385,392.9912834007821,5.061835435795162e-05,3051109637.757951,0.02098826399583152,0.029529663643784773,107481825755.19067,0.6144578313253012,0.984
2023-12-15,NVDA,ensemble,,0.0069123494016966915,-0.05919174953612705,0.07301644833952042,356.05327329058076,395.7171868081023,356.05327329058076,395.7171868081023,4.7709116218792084e-05,3282225795.531257,0.02098826399583152,0.029529663643784773,107481825755.19067,0.6144578313253012,0.984
2023-12-18,NVDA,ensemble,,0.005305012436778066,-0.060799086501045665,0.0714091113746018,364.69789056333855,397.8220496308375,364.69789056333855,397.8220496308375,4.489486436604138e-05,3525177888.5468745,0.02098826399583152,0.029529663643784773,107481825755.19067,0.6144578313253012,0.984
2023-12-19,NVDA,ensemble,,0.00614244506546672,-0.05996165387235702,0.07224654400329046,361.25315650225093,400.2731699458175,361.25315650225093,400.2731699458175,4.228201232036863e-05,3789285367.132118,0.02098826399583152,0.029529663643784773,107481825755.19067,0.6144578313253012,0.984
2023-12-20,NVDA,ensemble,,0.004816547959130488,-0.06128755097869325,0.07092064689695422,350.3800218218428,402.20575532450465,350.3800218218428,402.20575532450465,3.976846271082823e-05,4067782825.6134195,0.02098826399583152,0.029529663643784773,107481825755.19067,0.6144578313253012,0.984
2023-12-21,NVDA,ensemble,,0.0051007300530514325,-0.0610033688847723,0.07120482899087517,356.7815642031364,404.26253939901545,356.7815642031364,404.26253939901545,3.741496788158498e-05,4367989871.822837,0.02098826399583152,0.029529663643784773,107481825755.19067,0.6144578313253012,0.984
2023-12-22,NVDA,ensemble,,0.006602728344606325,-0.05950137059321741,0.07270682728243005,355.6163265245052,406.94060667249937,355.6163265245052,406.94060667249937,3.525366390773821e-05,4697402737.836614,0.02098826399583152,0.029529663643784773,107481825755.19067,0.6144578313253012,0.984
2023-12-26,NVDA,ensemble,,0.006080986801358858,-0.06002311213646488,0.07218508573918259,358.88625965399643,409.42274641131553,358.88625965399643,409.42274641131553,3.319988301811273e-05,5049023371.18273,0.02098826399583152,0.029529663643784773,107481825755.19067,0.6144578313253012,0.984
2023-12-27,NVDA,ensemble,,0.005797741637386289,-0.060306357300437444,0.07190184057521003,359.8912816663027,411.80336816192414,359.8912816663027,411.80336816192414,3.1256895100646916e-05,5425427365.176616,0.02098826399583152,0.029529663643784773,107481825755.19067,0.6144578313253012,0.984
2023-12-28,NVDA,ensemble,,0.00461331308726947,-0.061490785850554265,0.07071741202509321,360.65596628839273,413.70753491119666,360.65596628839273,413.70753491119666,2.939278421082026e-05,5822991221.7466,0.02098826399583152,0.029529663643784773,107481825755.19067,0.6144578313253012,0.984
2023-12-29,NVDA,ensemble,,0.005966439883996429,-0.06013765905382731,0.07207053882182016,360.65596628839273,416.1832743787913,360.65596628839273,416.1832743787913,2.76772714237945e-05,6258150061.849743,0.02098826399583152,0.029529663643784773,107481825755.19067,0.6144578313253012,0.984
2023-01-03,TSLA,lstm,-0.13058999220665155,0.001983238849788904,-0.021273570135235786,0.023300746455788612,227.74014929519757,260.02518703849637,227.74014929519757,260.02518703849637,254.04760862179683,265.62779015197884,0.025429281103811797,0.03390455172156006,1.0457647533150334,0.4738955823293173,0.588
2023-01-04,TSLA,lstm,0.04997884108534127,0.0016532093286514282,-0.021715618669986725,0.02426653355360031,239.41157069581647,260.45543119772924,239.41157069581647,260.45543119772924,248.59028136635138,272.15248857827265,0.025429281103811797,0.03390455172156006,1.0457647533150334,0.4738955823293173,0.588
2023-01-05,TSLA,lstm,-0.02946907696009933,0.0012530318927019835,-0.02134687826037407,0.023758169263601303,232.45927468943077,260.78200149703724,232.45927468943077,260.78200149703724,243.3398887004263,278.69574372935614,0.025429281103811797,0.03390455172156006,1.0457647533150334,0.4738955823293173,0.588
2023-01-06,TSLA,lstm,0.02435215499827936,0.002266391646116972,-0.017316002398729324,0.02330711856484413,238.18964927620144,261.37369249445817,238.18964927620144,261.37369249445817,239.162479605606,285.26764263831075,0.025429281103811797,0.03390455172156006,1.0457647533150334,0.4738955823293173,0.588
2023-01-09,TSLA,lstm,0.057654579278002493,0.005696711130440235,-0.01502278447151184,0.029369894415140152,252.32596948747576,262.8669167384691,252.32596948747576,262.8669167384691,235.596442879924,293.7701650613738,0.025429281103811797,0.03390455172156006,1.0457647533150334,0.4738955823293173,0.588
2023-01-10,TSLA,lstm,-0.007711027963739906,0.003507807618007064,-0.01878511905670166,0.02749864012002945,250.3877592811447,263.7906132688947,250.3877592811447,263.7906132688947,231.21204910470112,301.96053360927755,0.025429281103811797,0.03390455172156006,1.0457647533150334,0.4738955823293173,0.588
2023-01-11,TSLA,lstm,0.036109204525613114,0.00545815983787179,-0.01744278147816658,0.02571258321404457,259.5942818711082,265.23437540873977,259.5942818711082,265.23437540873977,227.21403535239142,309.8254090437109,0.025429281103811797,0.03390455172156006,1.0457647533150334,0.4738955823293173,0.588
2023-01-12,TSLA,lstm,0.00275546279838757,-5.217131183599122e-05,-0.02341792732477188,0.02733501046895981,260.3105706578242,265.22054235810236,260.3105706578242,265.22054235810236,221.95497235587598,318.4112869048944,0.025429281103811797,0.03390455172156006,1.0457647533150334,0.4738955823293173,0.588
2023-01-13,TSLA,lstm,-0.009432465746951967,0.003852010704576969,-0.01806192472577095,0.02518579363822937,257.86674389185475,266.2441347179842,257.86674389185475,266.2441347179842,217.9820202407443,326.53257755434544,0.025429281103811797,0.03390455172156006,1.0457647533150334,0.4738955823293173,0.588
2023-01-17,TSLA,lstm,0.07163646233055776,0.005327279679477215,-0.017718885093927383,0.02753891795873642,277.01714990318374,267.66628570995374,277.01714990318374,267.66628570995374,214.15364417560713,335.64991459585326,0.025429281103811797,0.03390455172156006,1.0457647533150334,0.4738955823293173,0.588
2023-01-18,TSLA,lstm,-0.020825332244057446,0.0019310466013848782,-0.018001995980739594,0.02236820012331009,271.30783128783844,268.18364701191246,271.30783128783844,268.18364701191246,210.33294573980663,343.2423831668477,0.025429281103811797,0.03390455172156006,1.0457647533150334,0.4738955823293173,0.588
2023-01-19,TSLA,lstm,-0.012580752996881307,0.0008754163864068687,-0.02291025221347809,0.022714834660291672,267.9159553901288,268.4185304698827,267.9159553901288,268.4185304698827,205.5689414071407,351.12828408607214,0.025429281103811797,0.03390455172156006,1.0457647533150334,0.4738955823293173,0.588
2023-01-20,TSLA,lstm,0.04797727392320426,0.001953389262780547,-0.02488001063466072,0.027179747819900513,281.08317049823756,268.9433613758884,281.08317049823756,268.9433613758884,200.51749003600156,360.8027410300564,0.025429281103811797,0.03390455172156006,1.0457647533150334,0.4738955823293173,0.588
2023-01-23,TSLA,lstm,0.07457364612008015,0.0019177555805072188,-0.02528749406337738,0.024552270770072937,302.8459474865023,269.4596323648577,302.8459474865023,269.4596323648577,195.51047369382462,369.77092964125814,0.025429281103811797,0.03390455172156006,1.0457647533150334,0.4738955823293173,0.588
2023-01-24,TSLA,lstm,0.0009734348560736818,0.0025492969434708357,-0.016783982515335083,0.022258970886468887,303.14089181906314,270.1474305845619,303.14089181906314,270.1474305845619,192.25640882610224,378.0939193530451,0.025429281103811797,0.03390455172156006,1.0457647533150334,0.4738955823293173,0.588
2023-01-25,TSLA,lstm,0.0037457958683397114,0.004341475199908018,-0.018998533487319946,0.02846148982644081,304.2785250599344,271.3228152158947,304.2785250599344,271.3228152158947,188.6382945344164,389.0096209303222,0.025429281103811797,0.03390455172156006,1.0457647533150334,0.4738955823293173,0.588
2023-01-26,TSLA,lstm,0.1040650092615062,0.0012148309033364058,-0.018301786854863167,0.023087335750460625,337.6495394612815,271.6526290237108,337.6495394612815,271.6526290237108,185.21728073242198,398.0953144054676,0.025429281103811797,0.03390455172156006,1.0457647533150334,0.4738955823293173,0.588
2023-01-27,TSLA,lstm,0.10436164069972145,0.004226235207170248,-0.017958376556634903,0.027968190610408783,374.79159797860035,272.8031182289908,374.79159797860035,272.8031182289908,181.92077131981964,409.38648759835434,0.025429281103811797,0.03390455172156006,1.0457647533150334,0.4738955823293173,0.588
2023-01-30,TSLA,lstm,-0.06526572943550507,0.003236431395635009,-0.019619688391685486,0.026137441396713257,351.11169890195106,273.6874526971172,351.11169890195106,273.6874526971172,178.38632514374828,420.22785485028834,0.025429281103811797,0.03390455172156006,1.0457647533150334,0.4738955823293173,0.588
2023-01-31,TSLA,lstm,0.03860663902242871,0.004765011370182037,-0.018443875014781952,0.02809550240635872,364.93200273597864,274.9946821167319,364.93200273597864,274.9946821167319,175.12634293481693,432.2017774340752,0.025429281103811797,0.03390455172156006,1.0457647533150334,0.4738955823293173,0.588
2023-02-01,TSLA,lstm,0.046197213190127824,0.001692644553259015,-0.022904448211193085,0.02203168347477913,382.18632655708785,275.4605459915918,382.18632655708785,275.4605459915918,171.16075362375398,441.8295747208236,0.025429281103811797,0.03390455172156006,1.0457647533150334,0.4738955823293173,0.588
2023-02-02,TSLA,lstm,0.03711744228973266,0.0014453936601057649,-0.02196827530860901,0.022026240825653076,396.6386631456089,275.85899568253717,396.6386631456089,275.85899568253717,167.4416437063498,451.6693668913207,0.025429281103811797,0.03390455172156006,1.0457647533150334,0.4738955823293173,0.588
2023-02-03,TSLA,lstm,0.009041655543147504,0.0006464861216954887,-0.023351965472102165,0.024355286732316017,400.2411951971356,276.0373965628236,400.2411951971356,276.0373965628236,163.57685249235254,462.80494506038383,0.025429281103811797,0.03390455172156006,1.0457647533150334,0.4738955823293173,0.588
2023-02-06,TSLA,lstm,0.024849222136681733,0.0014319450128823519,-0.021966002881526947,0.025222305208444595,410.31147874009554,276.4329622566886,410.31147874009554,276.4329622566886,160.02290179505047,474.6264151282465,0.025429281103811797,0.03390455172156006,1.0457647533150334,0.4738955823293173,0.588
2023-02-07,TSLA,lstm,0.010470780820742525,0.0027146232314407825,-0.02068481594324112,0.025047719478607178,414.63033172485945,277.1843981133098,414.63033172485945,277.1843981133098,156.74685730372104,486.664859137124,0.025429281103811797,0.03390455172156006,1.0457647533150334,0.4738955823293173,0.588
2023-02-08,TSLA,lstm,0.02250783702828191,0.0034876924473792315,-0.01687762327492237,0.02755674533545971,424.0685825133259,278.15282104353906,424.0685825133259,278.15282104353906,154.1235464496252,500.2622342546622,0.025429281103811797,0.03390455172156006,1.0457647533150334,0.4738955823293173,0.588
2023-02-09,TSLA,lstm,0.029516907690852447,0.00309079815633595,-0.02076486498117447,0.025809936225414276,436.7723412244288,279.013878379495,436.7723412244288,279.013878379495,150.9561862056709,513.3420581437516,0.025429281103811797,0.03390455172156006,1.0457647533150334,0.4738955823293173,0.588
2023-02-10,TSLA,lstm,-0.05161833459581209,0.000595375313423574,-0.024183835834264755,0.022616811096668243,414.79887593582583,279.18005056639225,414.79887593582583,279.18005056639225,147.3492732756321,525.0844879756038,0.025429281103811797,0.03390455172156006,1.0457647533150334,0.4738955823293173,0.588
2023-02-13,TSLA,lstm,-0.011493498714308886,0.001015064655803144,-0.018562443554401398,0.022149521857500076,410.0586784969067,279.46357017426703,410.0586784969067,279.46357017426703,144.63933572304356,536.8446391648586,0.025429281103811797,0.03390455172156006,1.0457647533150334,0.4738955823293173,0.588
2023-02-14,TSLA,lstm,0.07237801403011461,0.0005175697733648121,-0.02334216609597206,0.022604934871196747,440.8383618194826,279.6082557150942,440.8383618194826,279.6082557150942,141.3022422081832,549.1181505070209,0.025429281103811797,0.03390455172156006,1.0457647533150334,0.4738955823293173,0.588
2023-02-15,TSLA,lstm,0.023567198213512965,0.0007691726204939187,-0.020637495443224907,0.021701419726014137,451.3510779345444,279.82341313938207,451.3510779345444,279.82341313938207,138.41600609579336,561.1650133131515,0.025429281103811797,0.03390455172156006,1.0457647533150334,0.4738955823293173,0.588
2023-02-16,TSLA,lstm,-0.058631243213632354,0.0009574272553436458,-0.019019965082406998,0.024399958550930023,425.648648326299,280.09144105588206,425.648648326299,280.09144105588206,135.80821347282176,575.0258147230483,0.025429281103811797,0.03390455172156006,1.0457647533150334,0.4738955823293173,0.588
2023-02-17,TSLA,lstm,0.030561678706295534,0.001755963428877294,-0.02235722914338112,0.02276366576552391,438.85800752377975,280.5837024794087,438.85800752377975,280.5837024794087,132.8056091895203,588.2655990811543,0.025429281103811797,0.03390455172156006,1.0457647533150334,0.4738955823293173,0.588
2023-02-21,TSLA,lstm,-0.05394722804913025,0.0016245768638327718,-0.021311694756150246,0.024139976128935814,415.8101090551027,281.0399022586947,415.8101090551027,281.0399022586947,130.0052414317375,602.6391230932036,0.025429281103811797,0.03390455172156006,1.0457647533150334,0.4738955823293173,0.588
2023-02-22,TSLA,lstm,0.017528035977254008,0.0007424087962135673,-0.024517079815268517,0.023549159988760948,423.16269354421837,281.24862325162604,423.16269354421837,281.24862325162604,126.85664754493091,616.9991851769221,0.025429281103811797,0.03390455172156006,1.0457647533150334,0.4738955823293173,0.588
2023-02-23,TSLA,lstm,0.006006057267467943,0.0007480375352315605,-0.014871098101139069,0.01635156385600567,425.7118805336176,281.4590750462683,425.7118805336176,281.4590750462683,124.98410511807641,627.170990238603,0.025429281103811797,0.03390455172156006,1.0457647533150334,0.4738955823293173,0.588
2023-02-24,TSLA,lstm,-0.02601977738759486,0.0013372162356972694,-0.021824104711413383,0.026925472542643547,414.77781996440063,281.8357022670652,414.77781996440063,281.8357022670652,122.2859895203652,644.2873005753437,0.025429281103811797,0.03390455172156006,1.0457647533150334,0.4738955823293173,0.588
2023-02-27,TSLA,lstm,0.05316324215501689,-4.562076355796307e-05,-0.02167150005698204,0.023907847702503204,437.4254299503478,281.82285124862244,437.4254299503478,281.82285124862244,119.66437842787364,659.8764177921427,0.025429281103811797,0.03390455172156006,1.0457647533150334,0.4738955823293173,0.588
2023-02-28,TSLA,lstm,-0.009290230436857878,0.001240918762050569,-0.020882340148091316,0.025405434891581535,433.38046532671933,282.1727861625683,433.38046532671933,282.1727861625683,117.19141539475658,676.8555978032676,0.025429281103811797,0.03390455172156006,1.0457647533150334,0.4738955823293173,0.588
2023-03-01,TSLA,lstm,-0.014395089751065829,-0.0004531674203462899,-0.023417841643095016,0.020304497331380844,427.1866021964215,282.04494639775737,427.1866021964215,282.04494639775737,114.47892693368397,690.7392495542155,0.025429281103811797,0.03390455172156006,1.0457647533150334,0.4738955823293173,0.588
2023-03-02,TSLA,lstm,-0.060322654091468045,0.001856012037023902,-0.01977217197418213,0.022496260702610016,402.1794054034668,282.5689175315453,402.1794054034668,282.5689175315453,112.23766078700352,706.4544047404718,0.025429281103811797,0.03390455172156006,1.0457647533150334,0.4738955823293173,0.588
2023-03-03,TSLA,lstm,0.03545612908951283,-0.0020539064425975084,-0.026386171579360962,0.021560996770858765,416.69494205278505,281.9891509094676,416.69494205278505,281.9891509094676,109.31486970623902,721.8516870158035,0.025429281103811797,0.03390455172156006,1.0457647533150334,0.4738955823293173,0.588
2023-03-06,TSLA,lstm,-0.02032754273314496,-0.00010312646918464452,-0.02346698008477688,0.021638693287968636,408.3100684729673,281.96007330618266,408.3100684729673,281.96007330618266,106.77944503839308,737.6418656738524,0.025429281103811797,0.03390455172156006,1.0457647533150334,0.4738955823293173,0.588
2023-03-07,TSLA,lstm,-0.03198003067013721,0.0006159998010843992,-0.01744372770190239,0.01996489241719246,395.4588858153659,282.13381507822874,395.4588858153659,282.13381507822874,104.93296789849731,752.516828914387,0.025429281103811797,0.03390455172156006,1.0457647533150334,0.4738955823293173,0.588
2023-03-08,TSLA,lstm,-0.03089156736881823,-0.00017096153169404715,-0.02278093248605728,0.02350466325879097,383.4293039481283,282.08558539687726,383.4293039481283,282.08558539687726,102.56952035693355,770.4140026750661,0.025429281103811797,0.03390455172156006,1.0457647533150334,0.4738955823293173,0.588
2023-03-09,TSLA,lstm,-0.05117763786639216,-0.0018723628018051386,-0.02702764794230461,0.02416948601603508,364.2999699814853,281.55790702568055,364.2999699814853,281.55790702568055,99.83443357381033,789.2613276187244,0.025429281103811797,0.03390455172156006,1.0457647533150334,0.4738955823293173,0.588
2023-03-10,TSLA,lstm,0.0030026831172517087,0.0016266870079562068,-0.0250502098351717,0.026768872514367104,365.39549127950585,282.01629491747974,365.39549127950585,282.01629491747974,97.36462682377045,810.6742758107766,0.025429281103811797,0.03390455172156006,1.0457647533150334,0.4738955823293173,0.588
2023-03-13,TSLA,lstm,0.005978365078895034,-0.0005334243178367615,-0.025655746459960938,0.023565903306007385,367.5865017290258,281.8659004902621,367.5865017290258,281.8659004902621,94.89843817118656,830.0054458229237,0.025429281103811797,0.03390455172156006,1.0457647533150334,0.4738955823293173,0.588
2023-03-14,TSLA,lstm,0.04909578215581386,0.0014331936836242676,-0.024179469794034958,0.02934381365776062,386.0838029411754,282.2701545272607,386.0838029411754,282.2701545272607,92.63136363864353,854.7218457753368,0.025429281103811797,0.03390455172156006,1.0457647533150334,0.4738955823293173,0.588
2023-03-15,TSLA,lstm,-0.015452165385496644,0.0002145421167369932,-0.024066999554634094,0.022773832082748413,380.1638281720131,282.33072313150933,380.1638281720131,282.33072313150933,90.42861850243129,874.4105076397016,0.025429281103811797,0.03390455172156006,1.0457647533150334,0.4738955823293173,0.588
2023-03-16,TSLA,lstm,0.020188342220549882,-0.0015280902152881026,-0.025250952690839767,0.023157566785812378,387.91670114385863,281.89961772849233,387.91670114385863,281.89961772849233,88.17379642834871,894.8960606462203,0.025429281103811797,0.03390455172156006,1.0457647533150334,0.4738955823293173,0.588
2023-03-17,TSLA,lstm,-0.021963216854791676,0.001663880655542016,-0.024831533432006836,0.02540137618780136,379.489683474669,282.36904671600126,379.489683474669,282.36904671600126,86.01126691740015,917.9188683206501,0.025429281103811797,0.03390455172156006,1.0457647533150334,0.4738955823293173,0.588
2023-03-20,TSLA,lstm,0.01717250122413543,-0.0018304816912859678,-0.027417276054620743,0.025702908635139465,386.0627469697501,281.8526531086626,386.0627469697501,281.8526531086626,83.68510659274912,941.8178260922422,0.025429281103811797,0.03390455172156006,1.0457647533150334,0.4738955823293173,0.588
2023-03-21,TSLA,lstm,0.07529223411697607,-0.00028255238430574536,-0.022258654236793518,0.02042139321565628,416.2525416272045,281.77302240141444,416.2525416272045,281.77302240141444,81.84296557417441,961.2487647564559,0.025429281103811797,0.03390455172156006,1.0457647533150334,0.4738955823293173,0.588
2023-03-22,TSLA,lstm,-0.0330851466718186,-0.0033695169258862734,-0.03158249333500862,0.02101130597293377,402.7060940077911,280.8251808589174,402.7060940077911,280.8251808589174,79.29855385282735,981.6594967847519,0.025429281103811797,0.03390455172156006,1.0457647533150334,0.4738955823293173,0.588
2023-03-23,TSLA,lstm,0.0055821275337720674,0.0007271709037013352,-0.019431335851550102,0.02270885743200779,404.96033666462955,281.0294573316768,404.96033666462955,281.0294573316768,77.77255018205967,1004.2068900522645,0.025429281103811797,0.03390455172156006,1.0457647533150334,0.4738955823293173,0.588
2023-03-24,TSLA,lstm,-0.009460894526444498,-0.0006745779537595809,-0.01879587396979332,0.019849199801683426,401.14711631276464,280.839940353398,401.14711631276464,280.839940353398,76.3244010159987,1024.3387733047634,0.025429281103811797,0.03390455172156006,1.0457647533150334,0.4738955823293173,0.588
2023-03-27,TSLA,lstm,0.007325624786097459,-0.0028640329837799072,-0.02970481663942337,0.024453137069940567,404.09655963837247,280.0367521475576,404.09655963837247,280.0367521475576,74.0905409850561,1049.695792289245,0.025429281103811797,0.03390455172156006,1.0457647533150334,0.4738955823293173,0.588
2023-03-28,TSLA,lstm,-0.013753472002494866,0.00021318983635865152,-0.021660437807440758,0.023669524118304253,398.5768733519401,280.0964743028415,398.5768733519401,280.0964743028415,72.50296501649959,1074.8379884288347,0.025429281103811797,0.03390455172156006,1.0457647533150334,0.4738955823293173,0.588
2023-03-29,TSLA,lstm,0.0244876221590413,-0.001737619168125093,-0.025368230417370796,0.016446394845843315,408.4575567125084,279.61019755662693,408.4575567125084,279.61019755662693,70.68682737107564,1092.66134943276,0.025429281103811797,0.03390455172156006,1.0457647533150334,0.4738955823293173,0.588
2023-03-30,TSLA,lstm,0.0071949836717746535,-0.0005270271212793887,-0.02137872949242592,0.02107156813144684,411.4070000381162,279.46286952875863,411.4070000381162,279.46286952875863,69.19167085986744,1115.9297803188642,0.025429281103811797,0.03390455172156006,1.0457647533150334,0.4738955823293173,0.588
2023-03-31,TSLA,lstm,0.060504162532241994,-0.0003480915038380772,-0.01941486820578575,0.0221230611205101,437.0672855569897,279.36560764125727,437.0672855569897,279.36560764125727,67.86127943282727,1140.8927090046288,0.025429281103811797,0.03390455172156006,1.0457647533150334,0.4738955823293173,0.588
2023-04-03,TSLA,lstm,-0.06311918518816903,0.0011583929881453514,-0.020341070368885994,0.023459697142243385,410.3325668580422,279.68941247313114,410.3325668580422,279.68941247313114,66.4948531105627,1167.974162460281,0.025429281103811797,0.03390455172156006,1.0457647533150334,0.4738955823293173,0.588
2023-04-04,TSLA,lstm,-0.011307735857578558,0.001810011686757207,-0.025060277432203293,0.02556464448571205,405.71876954071746,280.1961044059708,405.71876954071746,280.1961044059708,64.84918118120275,1198.2178781843882,0.025429281103811797,0.03390455172156006,1.0457647533150334,0.4738955823293173,0.588
2023-04-05,TSLA,lstm,-0.03734894534323148,-0.0015405737794935703,-0.024974286556243896,0.024764493107795715,390.84508849804115,279.7647679560799,390.84508849804115,279.7647679560799,63.249676253532186,1228.2615708890844,0.025429281103811797,0.03390455172156006,1.0457647533150334,0.4738955823293173,0.588
2023-04-06,TSLA,lstm,-0.002482632348555218,-0.0022530255373567343,-0.025008924305438995,0.02295079454779625,389.87596732161495,279.135159423668,389.87596732161495,279.135159423668,61.68748553625765,1256.7771955855526,0.025429281103811797,0.03390455172156006,1.0457647533150334,0.4738955823293173,0.588
2023-04-10,TSLA,lstm,-0.0029764508462149673,1.608477941772435e-05,-0.020681852474808693,0.022520465776324272,388.7172459627971,279.1396516167139,388.7172459627971,279.1396516167139,60.42477804755025,1285.4015626094235,0.025429281103811797,0.03390455172156006,1.0457647533150334,0.4738955823293173,0.588
2023-04-11,TSLA,lstm,0.012281322445656457,-0.0012486407067626715,-0.028176872059702873,0.020222997292876244,393.5206434625135,278.7913180346555,393.5206434625135,278.7913180346555,58.745958233770615,1311.6608973863467,0.025429281103811797,0.03390455172156006,1.0457647533150334,0.4738955823293173,0.588
2023-04-12,TSLA,lstm,-0.03403263254550459,-0.0015980997122824192,-0.0248807854950428,0.022823967039585114,380.3534283544047,278.34614170682204,380.3534283544047,278.34614170682204,57.302346632142616,1341.9424630967164,0.025429281103811797,0.03390455172156006,1.0457647533150334,0.4738955823293173,0.588
2023-04-13,TSLA,lstm,0.029256539212836878,0.0005417295615188777,-0.021178431808948517,0.020449623465538025,391.6456333169797,278.49698455943826,391.6456333169797,278.49698455943826,56.101533474191854,1369.6672117414607,0.025429281103811797,0.03390455172156006,1.0457647533150334,0.4738955823293173,0.588
2023-04-14,TSLA,lstm,-0.004853036816821088,-0.0009821561397984624,-0.024068377912044525,0.026114340871572495,389.7495672000205,278.22358727256454,389.7495672000205,278.22358727256454,54.767379474771865,1405.9062275962478,0.025429281103811797,0.03390455172156006,1.0457647533150334,0.4738955823293173,0.588
2023-04-17,TSLA,lstm,0.010966636750077955,0.0010576455388218164,-0.021680187433958054,0.024002287536859512,394.0473320668379,278.51800927729033,394.0473320668379,278.51800927729033,53.59278985780365,1440.059496275869,0.025429281103811797,0.03390455172156006,1.0457647533150334,0.4738955823293173,0.588
2023-04-18,TSLA,lstm,-0.014703352511066695,-0.0011495944345369935,-0.021848466247320175,0.02244947850704193,388.2959015086419,278.19800903727264,388.2959015086419,278.19800903727264,52.43456865236454,1472.7537562848881,0.025429281103811797,0.03390455172156006,1.0457647533150334,0.4738955823293173,0.588
2023-04-19,TSLA,lstm,-0.020389861131667686,-0.0008237040019594133,-0.026910223066806793,0.02121448516845703,380.45877250457386,277.9689467603823,380.45877250457386,277.9689467603823,51.04235923676514,1504.3312198353551,0.025429281103811797,0.03390455172156006,1.0457647533150334,0.4738955823293173,0.588
2023-04-20,TSLA,lstm,-0.10254036525166675,-0.0015006778994575143,-0.02312648668885231,0.022875305265188217,343.3799140480522,277.5521229701541,343.3799140480522,277.5521229701541,49.87547357970354,1539.1399398393082,0.025429281103811797,0.03390455172156006,1.0457647533150334,0.4738955823293173,0.588
2023-04-21,TSLA,lstm,0.012741333042302827,0.0003520011086948216,-0.02226836606860161,0.02377460151910782,347.7830230650387,277.64982826513636,347.7830230650387,277.64982826513636,48.777103565605834,1576.1707461850176,0.025429281103811797,0.03390455172156006,1.0457647533150334,0.4738955823293173,0.588
2023-04-24,TSLA,lstm,-0.015444550452118741,-0.0009771516779437661,-0.028592105954885483,0.02628745511174202,342.452936960998,277.3786527562824,342.452936960998,277.3786527562824,47.402212844315386,1618.15363719111,0.025429281103811797,0.03390455172156006,1.0457647533150334,0.4738955823293173,0.588
2023-04-25,TSLA,lstm,-0.011633104865311444,-0.0007669871556572616,-0.024505769833922386,0.021221881732344627,338.49222836959206,277.16598805610784,338.49222836959206,277.16598805610784,46.25470246303306,1652.8607870564956,0.025429281103811797,0.03390455172156006,1.0457647533150334,0.4738955823293173,0.588
2023-04-26,TSLA,lstm,-0.04402465397224694,0.0010542218806222081,-0.021194331347942352,0.02357485145330429,323.9134916594765,277.4583327052225,323.9134916594765,277.4583327052225,45.284681303706414,1692.2897330863823,0.025429281103811797,0.03390455172156006,1.0457647533150334,0.4738955823293173,0.588
2023-04-27,TSLA,lstm,0.041032719267455574,-0.0007908541010692716,-0.02610146626830101,0.01874401420354843,337.48099525031523,277.2389917927213,337.48099525031523,277.2389917927213,44.1179780923131,1724.3091735162768,0.025429281103811797,0.03390455172156006,1.0457647533150334,0.4738955823293173,0.588
2023-04-28,TSLA,lstm,0.025394246651119615,-0.0005455286591313779,-0.021504491567611694,0.02190837636590004,346.1608131626938,277.08779049836454,346.1608131626938,277.08779049836454,43.17937144908924,1762.5028956715958,0.025429281103811797,0.03390455172156006,1.0457647533150334,0.4738955823293173,0.588
2023-05-01,TSLA,lstm,-0.015208459761728233,0.001187080517411232,-0.021225223317742348,0.022178323939442635,340.93607120882217,277.4169157530583,340.93607120882217,277.4169157530583,42.27253653849718,1802.0290118931814,0.025429281103811797,0.03390455172156006,1.0457647533150334,0.4738955823293173,0.588
2023-05-02,TSLA,lstm,-0.009436987371174365,-0.0010003348579630256,-0.023274386301636696,0.019478244706988335,337.73379549350415,277.1395520149481,337.73379549350415,277.1395520149481,41.30003127136801,1837.4734361499043,0.025429281103811797,0.03390455172156006,1.0457647533150334,0.4738955823293173,0.588
2023-05-03,TSLA,lstm,0.001869644402715088,-0.0008852042374201119,-0.023769762367010117,0.020022835582494736,338.3658282479976,276.8943303613876,338.3658282479976,276.8943303613876,40.32991520898491,1874.635767582829,0.025429281103811797,0.03390455172156006,1.0457647533150334,0.4738955823293173,0.588
2023-05-04,TSLA,lstm,0.0036667412660127767,-0.0011061818804591894,-0.022523140534758568,0.024717679247260094,339.608805639038,276.58821067862596,339.608805639038,276.58821067862596,39.431711747953734,1921.5498874611724,0.025429281103811797,0.03390455172156006,1.0457647533150334,0.4738955823293173,0.588
2023-05-05,TSLA,lstm,0.05350549046047228,-0.00027526714256964624,-0.022177692502737045,0.024367384612560272,358.27465106215385,276.51207859825496,358.27465106215385,276.51207859825496,38.566834105807445,1968.9481186293922,0.025429281103811797,0.03390455172156006,1.0457647533150334,0.4738955823293173,0.588
2023-05-08,TSLA,lstm,0.01012145995502574,0.000305379246128723,-0.022366154938936234,0.02184785157442093,361.91932720305243,276.59652931348313,361.91932720305243,276.59652931348313,37.71381623326645,2012.4388142133128,0.025429281103811797,0.03390455172156006,1.0457647533150334,0.4738955823293173,0.588
2023-05-09,TSLA,lstm,-0.015486902413259212,-0.003260998986661434,-0.024483343586325645,0.01704196073114872,356.3574968272481,275.6960235902671,356.3574968272481,275.6960235902671,36.80166705535435,2047.0285179579291,0.025429281103811797,0.03390455172156006,1.0457647533150334,0.4738955823293173,0.588
2023-05-10,TSLA,lstm,-0.003612788634512576,-0.001727620605379343,-0.021037384867668152,0.022251229733228683,355.0723753468358,275.2201307577987,355.0723753468358,275.2201307577987,36.035543293278025,2093.087957824,0.025429281103811797,0.03390455172156006,1.0457647533150334,0.4738955823293173,0.588
2023-05-11,TSLA,lstm,0.020786425091438347,-0.00041396028245799243,-0.020313521847128868,0.018391842022538185,362.5303039861206,275.1062186171919,362.5303039861206,275.1062186171919,35.310919666886136,2131.9397712386713,0.025429281103811797,0.03390455172156006,1.0457647533150334,0.4738955823293173,0.588
2023-05-12,TSLA,lstm,-0.024114596337054404,-0.0006530724931508303,-0.02281385101377964,0.02083040215075016,353.89259801659273,274.9266156119905,353.89259801659273,274.9266156119905,34.51446105180107,2176.8147656772458,0.025429281103811797,0.03390455172156006,1.0457647533150334,0.4738955823293173,0.588
2023-05-15,TSLA,lstm,-0.009750860107846383,-0.0014977571554481983,-0.027004752308130264,0.022067930549383163,350.45861017603244,274.5151568579635,350.45861017603244,274.5151568579635,33.59487861815551,2225.386549863033,0.025429281103811797,0.03390455172156006,1.0457647533150334,0.4738955823293173,0.588
2023-05-16,TSLA,lstm,0.0010214088288270423,-0.000332557043293491,-0.01777450554072857,0.017415592446923256,350.8167545693904,274.4238875111927,350.8167545693904,274.4238875111927,33.003022051313586,2264.482388722879,0.025429281103811797,0.03390455172156006,1.0457647533150334,0.4738955823293173,0.588
2023-05-17,TSLA,lstm,0.04313493317739194,-0.0006928345537744462,-0.02657204493880272,0.025606323033571243,366.28032427718824,274.2338198877634,366.28032427718824,274.2338198877634,32.137613183529886,2323.2161805184164,0.025429281103811797,0.03390455172156006,1.0457647533150334,0.4738955823293173,0.588
2023-05-18,TSLA,lstm,0.01727768584344739,-0.0008886028663255274,-0.024793440476059914,0.020561659708619118,372.6637875898777,273.9902376161894,372.6637875898777,273.9902376161894,31.35060713234318,2371.4797971473927,0.025429281103811797,0.03390455172156006,1.0457647533150334,0.4738955823293173,0.588
2023-05-19,TSLA,lstm,0.018206255962432197,-0.00036481476854532957,-0.023628585040569305,0.02421991527080536,379.5107394460943,273.89030767167577,379.5107394460943,273.89030767167577,30.618519990515015,2429.6181155958116,0.025429281103811797,0.03390455172156006,1.0457647533150334,0.4738955823293173,0.588
2023-05-22,TSLA,lstm,0.0473245988875953,-0.004358634352684021,-0.025551781058311462,0.01604956015944481,397.90269650807477,272.6991115828921,397.90269650807477,272.6991115828921,29.846073422763524,2468.9271130657926,0.025429281103811797,0.03390455172156006,1.0457647533150334,0.4738955823293173,0.588
2023-05-23,TSLA,lstm,-0.016549549453013485,0.0009595589945092797,-0.020404990762472153,0.02104165032505989,391.37177710236557,272.9609006598852,391.37177710236557,272.9609006598852,29.243235687303013,2521.427744687711,0.025429281103811797,0.03390455172156006,1.0457647533150334,0.4738955823293173,0.588
2023-05-24,TSLA,lstm,-0.015569850375932186,-0.0007222445565275848,-0.02177303656935692,0.02325885370373726,385.32537006508755,272.76382532928847,385.32537006508755,272.76382532928847,28.613403031339285,2580.760562610586,0.025429281103811797,0.03390455172156006,1.0457647533150334,0.4738955823293173,0.588
2023-05-25,TSLA,lstm,0.008547333224801432,0.00019769498612731695,-0.020801791921257973,0.022537967190146446,388.6329899305747,272.8177693431488,388.6329899305747,272.8177693431488,28.024341539468566,2639.5861325282895,0.025429281103811797,0.03390455172156006,1.0457647533150334,0.4738955823293173,0.588
2023-05-26,TSLA,lstm,0.04608376548838008,-0.0009458593558520079,-0.024737648665905,0.02235759049654007,406.9617469317579,272.559850351133,406.9617469317579,272.559850351133,27.33958892485082,2699.265467345395,0.025429281103811797,0.03390455172156006,1.0457647533150334,0.4738955823293173,0.588
2023-05-30,TSLA,lstm,0.040530008769500823,0.0010643299901857972,-0.02244074083864689,0.023466931656003,423.79472629871185,272.85009840458673,423.79472629871185,272.85009840458673,26.73290132204938,2763.3580788468807,0.025429281103811797,0.03390455172156006,1.0457647533150334,0.4738955823293173,0.588
2023-05-31,TSLA,lstm,0.013676132280176065,0.002366323722526431,-0.016821229830384254,0.019879991188645363,429.6304128891303,273.4965254227157,429.6304128891303,273.4965254227157,26.286982128204613,2818.843262402066,0.025429281103811797,0.03390455172156006,1.0457647533150334,0.4738955823293173,0.588
2023-06-01,TSLA,lstm,0.017450979367424225,0.0018325847340747714,-0.023871947079896927,0.027067072689533234,437.1936856785842,273.99819280742116,437.1936856785842,273.99819280742116,25.666891844988225,2896.183113054452,0.025429281103811797,0.03390455172156006,1.0457647533150334,0.4738955823293173,0.588
2023-06-02,TSLA,lstm,0.030608082827557156,0.003215462202206254,-0.024771790951490402,0.02609776332974434,450.7822452408482,274.8806525880043,450.7822452408482,274.8806525880043,25.03888798339401,2972.762062931971,0.025429281103811797,0.03390455172156006,1.0457647533150334,0.4738955823293173,0.588
2023-06-05,TSLA,lstm,0.016868648629117366,0.0035857188049703836,-0.02107245847582817,0.028405435383319855,458.45083003394996,275.86806059472417,458.45083003394996,275.86806059472417,24.51677784936852,3058.4155608482633,0.025429281103811797,0.03390455172156006,1.0457647533150334,0.4738955823293173,0.588
2023-06-06,TSLA,lstm,0.0168599499197107,0.004869457334280014,-0.022336648777127266,0.03260435163974762,466.24581494864606,277.2146779769207,466.24581494864606,277.2146779769207,23.975226632721302,3159.776750370781,0.025429281103811797,0.03390455172156006,1.0457647533150334,0.4738955823293173,0.588
2023-06-07,TSLA,lstm,0.01462307267215497,0.002627929439768195,-0.02097921073436737,0.02614116296172142,473.1138549228092,277.9441478486399,473.1138549228092,277.9441478486399,23.477485214387258,3243.465967773791,0.025429281103811797,0.03390455172156006,1.0457647533150334,0.4738955823293173,0.588
2023-06-08,TSLA,lstm,0.04480209933086133,0.0017077599186450243,-0.019330983981490135,0.02501588501036167,494.79234373233015,278.4192163214847,494.79234373233015,278.4192163214847,23.028001483696347,3325.627430178768,0.025429281103811797,0.03390455172156006,1.0457647533150334,0.4738955823293173,0.588
2023-06-09,TSLA,lstm,0.03981660778824774,0.0009859869023784995,-0.026854082942008972,0.02569631114602089,514.890766728878,278.6938648704526,514.890766728878,278.6938648704526,22.417835243507042,3412.19134511907,0.025429281103811797,0.03390455172156006,1.0457647533150334,0.4738955823293173,0.588
2023-06-12,TSLA,lstm,0.021974491562613167,0.002564298454672098,-0.0194313395768404,0.02545337565243244,526.330459930994,279.4094196396801,526.330459930994,279.4094196396801,21.986431425781088,3500.1579169393412,0.025429281103811797,0.03390455172156006,1.0457647533150334,0.4738955823293173,0.588
2023-06-13,TSLA,lstm,0.03492701634188564,0.0030575611162930727,-0.01707550324499607,0.024475133046507835,545.0384172969606,280.2650406404116,545.0384172969606,280.2650406404116,21.614189697046186,3586.8815214093866,0.025429281103811797,0.03390455172156006,1.0457647533150334,0.4738955823293173,0.588
2023-06-14,TSLA,lstm,-0.007449046704933148,0.002330664312466979,-0.02111685648560524,0.026126746088266373,540.9934848198533,280.91901182436675,540.9934848198533,280.91901182436675,21.162550804531833,3681.829929564418,0.025429281103811797,0.03390455172156006,1.0457647533150334,0.4738955823293173,0.588
2023-06-15,TSLA,lstm,-0.0034719442089692484,0.0020263500045984983,-0.025105897337198257,0.02497522160410881,539.1184425277982,281.4888127956592,539.1184425277982,281.4888127956592,20.637859503969434,3774.9425761724574,0.025429281103811797,0.03390455172156006,1.0457647533150334,0.4738955823293173,0.588
2023-06-16,TSLA,lstm,0.01796971375181672,-0.0019005900248885155,-0.023571709170937538,0.019099628552794456,548.8938138847185,280.95433153128147,548.8938138847185,280.95433153128147,20.157078728296646,3847.735456252094,0.025429281103811797,0.03390455172156006,1.0457647533150334,0.4738955823293173,0.588
2023-06-20,TSLA,lstm,0.05201270640767318,-0.0003641250659711659,-0.028338268399238586,0.02748936414718628,578.1987755444904,280.85204584472933,578.1987755444904,280.85204584472933,19.59387963418048,3954.974363914714,0.025429281103811797,0.03390455172156006,1.0457647533150334,0.4738955823293173,0.588
2023-06-21,TSLA,lstm,-0.05616662426467672,0.001057951943948865,-0.018635861575603485,0.023261282593011856,546.6184831099334,281.1493162995003,546.6184831099334,281.1493162995003,19.232111690254467,4048.050494543413,0.025429281103811797,0.03390455172156006,1.0457647533150334,0.4738955823293173,0.588
2023-06-22,TSLA,lstm,0.019654473293680905,-0.0005448335432447493,-0.0241127647459507,0.02180887758731842,557.4682555004066,280.9961834762509,557.4682555004066,280.9961834762509,18.77391828871654,4137.3038280248165,0.025429281103811797,0.03390455172156006,1.0457647533150334,0.4738955823293173,0.588
2023-06-23,TSLA,lstm,-0.03073851253541729,0.00012740759120788425,-0.025346888229250908,0.02325296215713024,540.5931963371232,281.0319921491721,540.5931963371232,281.0319921491721,18.304038129043935,4234.635871821044,0.025429281103811797,0.03390455172156006,1.0457647533150334,0.4738955823293173,0.588
2023-06-26,TSLA,lstm,-0.06251408245574486,0.0008076655212789774,-0.025635700672864914,0.027902595698833466,507.83315871884435,281.2590661574923,507.83315871884435,281.2590661574923,17.8407643826288,4354.457082984499,0.025429281103811797,0.03390455172156006,1.0457647533150334,0.4738955823293173,0.588
2023-06-27,TSLA,lstm,0.03729619858071868,-5.359588249120861e-05,-0.02649417705833912,0.028093727305531502,527.1310368964537,281.2439950097837,527.1310368964537,281.2439950097837,17.374294535330375,4478.524679532942,0.025429281103811797,0.03390455172156006,1.0457647533150334,0.4738955823293173,0.588
2023-06-28,TSLA,lstm,0.023813875097039847,0.0002184488985221833,-0.0267170537263155,0.0229488518089056,539.8347313145141,281.3054498116833,539.8347313145141,281.3054498116833,16.916250566899603,4582.490141200581,0.025429281103811797,0.03390455172156006,1.0457647533150334,0.4738955823293173,0.588
2023-06-29,TSLA,lstm,0.004905252914132209,-0.0022347935009747744,-0.02442285045981407,0.023991789668798447,542.4892624540824,280.67748795517815,542.4892624540824,280.67748795517815,16.508112078996014,4693.761522501422,0.025429281103811797,0.03390455172156006,1.0457647533150334,0.4738955823293173,0.588
2023-06-30,TSLA,lstm,0.016446493545468958,-0.0005538710975088179,-0.023148581385612488,0.02286660671234131,551.4850806704471,280.52206920971383,551.4850806704471,280.52206920971383,16.13036190328014,4802.3285045858665,0.025429281103811797,0.03390455172156006,1.0457647533150334,0.4738955823293173,0.588
2023-07-03,TSLA,lstm,0.06668035183063045,0.0023123931605368853,-0.023876335471868515,0.026958156377077103,589.5120364784908,281.1714902559771,589.5120364784908,281.1714902559771,15.749789484493673,4933.55114996823,0.025429281103811797,0.03390455172156006,1.0457647533150334,0.4738955823293173,0.588
2023-07-05,TSLA,lstm,0.009461225032650612,-0.0004813028790522367,-0.019356653094291687,0.022038239985704422,595.1160109436671,281.03619382533947,595.1160109436671,281.03619382533947,15.44785778782131,5043.484675060159,0.025429281103811797,0.03390455172156006,1.0457647533150334,0.4738955823293173,0.588
2023-07-06,TSLA,lstm,-0.02125228365266279,0.002371228765696287,-0.02053874544799328,0.02672765962779522,582.6018845614772,281.7033886447936,582.6018845614772,281.7033886447936,15.133814625953653,5180.1028203112655,0.025429281103811797,0.03390455172156006,1.0457647533150334,0.4738955823293173,0.588
2023-07-07,TSLA,lstm,-0.007659314226953743,-0.0011093426728621125,-0.02814830094575882,0.028815697878599167,578.1565993085975,281.39106240829636,578.1565993085975,281.39106240829636,14.713762638686555,5331.542536609028,0.025429281103811797,0.03390455172156006,1.0457647533150334,0.4738955823293173,0.588
2023-07-10,TSLA,lstm,-0.01771977662648564,-0.002350530819967389,-0.028005361557006836,0.024179603904485703,568.0020275868937,280.7304216585319,568.0020275868937,280.7304216585319,14.3074147381509,5462.028111865198,0.025429281103811797,0.03390455172156006,1.0457647533150334,0.4738955823293173,0.588
2023-07-11,TSLA,lstm,0.0006674942605875906,5.45397779205814e-05,-0.018538011237978935,0.018637118861079216,568.3812922447196,280.7457489372794,568.3812922447196,280.7457489372794,14.044627148185084,5564.778812123559,0.025429281103811797,0.03390455172156006,1.0457647533150334,0.4738955823293173,0.588
2023-07-12,TSLA,lstm,0.008121354742896705,-0.004727539606392384,-0.02484729140996933,0.013829377479851246,573.0161133869484,279.4216407168268,573.0161133869484,279.4216407168268,13.69995599267415,5642.270767515707,0.025429281103811797,0.03390455172156006,1.0457647533150334,0.4738955823293173,0.588
2023-07-13,TSLA,lstm,0.021496049775542363,-0.0019076262833550572,-0.02732364647090435,0.023029012605547905,585.4670397083412,278.88911925794594,585.4670397083412,278.88911925794594,13.330690710550394,5773.714444488123,0.025429281103811797,0.03390455172156006,1.0457647533150334,0.4738955823293173,0.588
2023-07-14,TSLA,lstm,0.012444771516691934,-0.000640236190520227,-0.02249656617641449,0.02348775416612625,592.7985682260315,278.71062055097383,592.7985682260315,278.71062055097383,13.034144068710129,5910.931400994142,0.025429281103811797,0.03390455172156006,1.0457647533150334,0.4738955823293173,0.588
2023-07-17,TSLA,lstm,0.03148434056863512,-0.004463164601475,-0.02553933672606945,0.021199798211455345,611.7593579817083,277.46945475843563,611.7593579817083,277.46945475843563,12.705475308360134,6037.579499863189,0.025429281103811797,0.03390455172156006,1.0457647533150334,0.4738955823293173,0.588
2023-07-18,TSLA,lstm,0.010141906463636843,-0.0009292278555221856,-0.027486808598041534,0.024023253470659256,617.9953330548567,277.2117358071209,617.9953330548567,277.2117358071209,12.360998312625895,6184.378204719954,0.025429281103811797,0.03390455172156006,1.0457647533150334,0.4738955823293173,0.588
2023-07-19,TSLA,lstm,-0.00711596075110357,-0.0005183365428820252,-0.025939062237739563,0.025136351585388184,613.6133121558169,277.06808391451204,613.6133121558169,277.06808391451204,12.044488036718322,6341.800802418173,0.025429281103811797,0.03390455172156006,1.0457647533150334,0.4738955823293173,0.588
2023-07-20,TSLA,lstm,-0.1024426640636013,-0.0019185933051630855,-0.02641410194337368,0.02421455644071102,553.8657234488803,276.5370091853959,553.8657234488803,276.5370091853959,11.730508350171347,6497.239260834872,0.025429281103811797,0.03390455172156006,1.0457647533150334,0.4738955823293173,0.588
2023-07-21,TSLA,lstm,-0.011015199637560409,-0.0031351647339761257,-0.02429935149848461,0.016517778858542442,547.7982604401769,275.67137724077594,547.7982604401769,275.67137724077594,11.448900066405333,6605.45057451287,0.025429281103811797,0.03390455172156006,1.0457647533150334,0.4738955823293173,0.588
2023-07-24,TSLA,lstm,0.03417588510139735,-0.00035409495467320085,-0.025649555027484894,0.024985332041978836,566.8433383745975,275.5737753513558,566.8433383745975,275.5737753513558,11.158975093953842,6772.568645393047,0.025429281103811797,0.03390455172156006,1.0457647533150334,0.4738955823293173,0.588
2023-07-25,TSLA,lstm,-0.014148526638195701,-0.0002488349564373493,-0.023650694638490677,0.02412935346364975,558.879809248935,275.50521541040274,558.879809248935,275.50521541040274,10.898154286948808,6937.973496363268,0.025429281103811797,0.03390455172156006,1.0457647533150334,0.4738955823293173,0.588
2023-07-26,TSLA,lstm,-0.003511861575139069,-0.0034594452008605003,-0.023798344656825066,0.01774902455508709,556.9205430711786,274.553760044931,556.9205430711786,274.553760044931,10.64185835782437,7062.215258602032,0.025429281103811797,0.03390455172156006,1.0457647533150334,0.4738955823293173,0.588
2023-07-27,TSLA,lstm,-0.03322998965193553,-0.00083031045505777,-0.02408459782600403,0.02172880619764328,538.7181861915899,274.3258818851323,538.7181861915899,274.3258818851323,10.388615582618424,7217.347950877954,0.025429281103811797,0.03390455172156006,1.0457647533150334,0.4738955823293173,0.588
2023-07-28,TSLA,lstm,0.041105070589749985,-0.002896190620958805,-0.026648635044693947,0.020339054986834526,561.3236520881651,273.5325266711882,561.3236520881651,273.5325266711882,10.115429532810309,7365.644753500889,0.025429281103811797,0.03390455172156006,1.0457647533150334,0.4738955823293173,0.588
2023-07-31,TSLA,lstm,0.0037087357528333273,-0.0033346889540553093,-0.025114836171269417,0.01753888837993145,563.4093183875159,272.62189371845676,563.4093183875159,272.62189371845676,9.864545751919742,7495.969811310048,0.025429281103811797,0.03390455172156006,1.0457647533150334,0.4738955823293173,0.588
2023-08-01,TSLA,lstm,-0.02406922380883306,-0.0006560601177625358,-0.022744223475456238,0.023007377982139587,550.0103911541648,272.4431001273995,550.0103911541648,272.4431001273995,9.642716570475528,7670.431492920482,0.025429281103811797,0.03390455172156006,1.0457647533150334,0.4738955823293173,0.588
2023-08-02,TSLA,lstm,-0.027021352113566002,-0.002932728733867407,-0.022826489061117172,0.01611366868019104,535.3473662653055,271.6452679988533,535.3473662653055,271.6452679988533,9.425100438756807,7795.03130945909,0.025429281103811797,0.03390455172156006,1.0457647533150334,0.4738955823293173,0.588
2023-08-03,TSLA,lstm,0.020295602012260543,0.00029688383801840246,-0.023167598992586136,0.020361974835395813,546.3235709238943,271.72593315361854,546.3235709238943,271.72593315361854,9.20925341797701,7955.380059541219,0.025429281103811797,0.03390455172156006,1.0457647533150334,0.4738955823293173,0.588
2023-08-04,TSLA,lstm,-0.021279912186420162,-0.0012659613275900483,-0.022002719342708588,0.02246985211968422,534.8206776609811,271.38215414659385,534.8206776609811,271.38215414659385,9.008837678965374,8136.159322139971,0.025429281103811797,0.03390455172156006,1.0457647533150334,0.4738955823293173,0.588
2023-08-07,TSLA,lstm,-0.009538785882980292,-0.001565641025081277,-0.029774045571684837,0.02283085696399212,529.7433918001292,270.957592204977,529.7433918001292,270.957592204977,8.744562153767692,8324.051408193294,0.025429281103811797,0.03390455172156006,1.0457647533150334,0.4738955823293173,0.588
2023-08-08,TSLA,lstm,-0.00698396541730477,-0.0031765855383127928,-0.02570393681526184,0.019167762249708176,526.0565715698588,270.0982330907338,526.0565715698588,270.0982330907338,8.522656826080677,8485.144065486247,0.025429281103811797,0.03390455172156006,1.0457647533150334,0.4738955823293173,0.588
2023-08-09,TSLA,lstm,-0.030537632908455258,-0.003398661036044359,-0.02421211078763008,0.022165469825267792,510.2348574687029,269.18182349558856,510.2348574687029,269.18182349558856,8.318783194446068,8675.32071829733,0.025429281103811797,0.03390455172156006,1.0457647533150334,0.4738955823293173,0.588
2023-08-10,TSLA,lstm,0.012922436522360333,-0.004311399534344673,-0.028833959251642227,0.0221988745033741,516.8711210245813,268.02376451510787,516.8711210245813,268.02376451510787,8.082344771579079,8870.056590000404,0.025429281103811797,0.03390455172156006,1.0457647533150334,0.4738955823293173,0.588
2023-08-11,TSLA,lstm,-0.011024937980288016,0.00032343491329811513,-0.024058157578110695,0.027043094858527184,511.2039464986078,268.1104793189101,511.2039464986078,268.1104793189101,7.890218969357602,9113.20308615495,0.025429281103811797,0.03390455172156006,1.0457647533150334,0.4738955823293173,0.588
2023-08-14,TSLA,lstm,-0.011981650600334395,-0.001725415582768619,-0.02731706202030182,0.018916800618171692,505.1154275184791,267.64827156088035,505.1154275184791,267.64827156088035,7.677598717805405,9287.236570803378,0.025429281103811797,0.03390455172156006,1.0457647533150334,0.4738955823293173,0.588
2023-08-15,TSLA,lstm,-0.028771606269163794,0.00042017028317786753,-0.02317214012145996,0.023273754864931107,490.78952319807377,267.76074077594586,490.78952319807377,267.76074077594586,7.5017378883531105,9505.920304315703,0.025429281103811797,0.03390455172156006,1.0457647533150334,0.4738955823293173,0.588
2023-08-16,TSLA,lstm,-0.03210324714965498,-0.0017484207637608051,-0.027947917580604553,0.0213734470307827,475.283809400904,267.2929914311999,475.283809400904,267.2929914311999,7.2949824234201435,9711.281121665734,0.025429281103811797,0.03390455172156006,1.0457647533150334,0.4738955823293173,0.588
2023-08-17,TSLA,lstm,-0.02868774932252366,-0.004563116934150457,-0.029141472652554512,0.01807274855673313,461.8427059316597,266.0760807547505,461.8427059316597,266.0760807547505,7.085463416179349,9888.385704432718,0.025429281103811797,0.03390455172156006,1.0457647533150334,0.4738955823293173,0.588
2023-08-18,TSLA,lstm,-0.017161267109647337,-0.0034422138705849648,-0.026717564091086388,0.019099770113825798,453.9845209561663,265.16177219893336,453.9845209561663,265.16177219893336,6.898663746372766,10079.06635985839,0.025429281103811797,0.03390455172156006,1.0457647533150334,0.4738955823293173,0.588
2023-08-21,TSLA,lstm,0.07071456218373605,-0.0018238173797726631,-0.02477256953716278,0.02167540416121483,487.250159060823,264.67860141911547,487.250159060823,264.67860141911547,6.729865564608894,10299.91864746939,0.025429281103811797,0.03390455172156006,1.0457647533150334,0.4738955823293173,0.588
2023-08-22,TSLA,lstm,0.00822448994977978,-0.003744071116670966,-0.02921956032514572,0.02104807272553444,491.27406771302617,263.68947313038296,491.27406771302617,263.68947313038296,6.536067025552742,10519.009345695033,0.025429281103811797,0.03390455172156006,1.0457647533150334,0.4738955823293173,0.588
2023-08-23,TSLA,lstm,0.015615669490355368,-0.00027284189127385616,-0.021477174013853073,0.02357078716158867,499.0058525669251,263.6175358841487,499.0058525669251,263.6175358841487,6.397187615905506,10769.896119143015,0.025429281103811797,0.03390455172156006,1.0457647533150334,0.4738955823293173,0.588
2023-08-24,TSLA,lstm,-0.02921607421029239,-0.002162994584068656,-0.028964795172214508,0.02340385690331459,484.6377720106266,263.0479458117672,484.6377720106266,263.0479458117672,6.214552300851376,11024.925670530169,0.025429281103811797,0.03390455172156006,1.0457647533150334,0.4738955823293173,0.588
2023-08-25,TSLA,lstm,0.036493404628287436,-0.004793438129127026,-0.031168725341558456,0.02224493771791458,502.65052870782375,261.79006067775055,502.65052870782375,261.79006067775055,6.023840195632963,11272.922519280366,0.025429281103811797,0.03390455172156006,1.0457647533150334,0.4738955823293173,0.588
2023-08-28,TSLA,lstm,0.0009635784854130897,-0.0008255480206571519,-0.02389540895819664,0.023990731686353683,503.13510536929743,261.5740246327903,503.13510536929743,261.5740246327903,5.88160406885368,11546.637944363058,0.025429281103811797,0.03390455172156006,1.0457647533150334,0.4738955823293173,0.588
2023-08-29,TSLA,lstm,0.07406603958973092,-0.0014174479292705655,-0.02533569000661373,0.02455410175025463,541.8150856102175,261.2035194714231,541.8150856102175,261.2035194714231,5.734461390080785,11833.66424607013,0.025429281103811797,0.03390455172156006,1.0457647533150334,0.4738955823293173,0.588
2023-08-30,TSLA,lstm,-0.001089320005828064,0.0007499841740354896,-0.024464663118124008,0.027148406952619553,541.225196945096,261.3995013258086,541.225196945096,261.3995013258086,5.595871869306023,12159.3302238885,0.025429281103811797,0.03390455172156006,1.0457647533150334,0.4738955823293173,0.588
2023-08-31,TSLA,lstm,0.004582681990043304,0.0011502198176458478,-0.023438677191734314,0.02499973401427269,543.7111517271767,261.7003320221291,543.7111517271767,261.7003320221291,5.466237229784181,12467.141332599751,0.025429281103811797,0.03390455172156006,1.0457647533150334,0.4738955823293173,0.588
2023-09-01,TSLA,lstm,-0.05197055872941742,-0.002038580132648349,-0.02385852485895157,0.01993212103843689,516.1758882092905,261.1673761822448,516.1758882092905,261.1673761822448,5.3373644533745965,12718.130630019472,0.025429281103811797,0.03390455172156006,1.0457647533150334,0.4738955823293173,0.588
2023-09-05,TSLA,lstm,0.04579063580383254,-0.001332777552306652,-0.027114171534776688,0.025489281862974167,540.3614199188388,260.81953628909497,540.3614199188388,260.81953628909497,5.194590440352083,13046.473558224254,0.025429281103811797,0.03390455172156006,1.0457647533150334,0.4738955823293173,0.588
2023-09-06,TSLA,lstm,-0.017978069897591802,-0.0005463960114866495,-0.024929415434598923,0.0258529931306839,530.7335689479808,260.6770566875872,530.7335689479808,260.6770566875872,5.066693139587827,13388.161255133533,0.025429281103811797,0.03390455172156006,1.0457647533150334,0.4738955823293173,0.588
2023-09-07,TSLA,lstm,-0.0017083203640211426,-6.651481817243621e-05,-0.02134884148836136,0.02311898022890091,529.8276799788731,260.6597167668719,529.8276799788731,260.6597167668719,4.9596715347267555,13701.287139362588,0.025429281103811797,0.03390455172156006,1.0457647533150334,0.4738955823293173,0.588
2023-09-08,TSLA,lstm,-0.01196040362366716,-0.001076731365174055,-0.03204656019806862,0.02662639692425728,523.5284726984062,260.37920472087893,523.5284726984062,260.37920472087893,4.80325100108,14071.003981010092,0.025429281103811797,0.03390455172156006,1.0457647533150334,0.4738955823293173,0.588
2023-09-11,TSLA,lstm,0.09615118904304938,-0.0008148293709382415,-0.023604368790984154,0.020037641748785973,576.3658451952865,260.16712651717035,576.3658451952865,260.16712651717035,4.691201017918271,14355.797032361143,0.025429281103811797,0.03390455172156006,1.0457647533150334,0.4738955823293173,0.588
2023-09-12,TSLA,lstm,-0.022549196320499374,-0.00126232102047652,-0.02742311917245388,0.023971961811184883,563.5146946842063,259.83891728193515,563.5146946842063,259.83891728193515,4.564301707546163,14704.091548903478,0.025429281103811797,0.03390455172156006,1.0457647533150334,0.4738955823293173,0.588
2023-09-13,TSLA,lstm,0.01418033641106544,0.0013755391119048,-0.02213386446237564,0.02996295690536499,571.5624476955702,260.1965880632918,571.5624476955702,260.1965880632918,4.464385948780111,15151.336629707619,0.025429281103811797,0.03390455172156006,1.0457647533150334,0.4738955823293173,0.588
2023-09-14,TSLA,lstm,0.017320639037477315,0.0007399381138384342,-0.023870175704360008,0.026019135490059853,581.5485073528288,260.38917789646615,581.5485073528288,260.38917789646615,4.359082134090678,15550.735423594593,0.025429281103811797,0.03390455172156006,1.0457647533150334,0.4738955823293173,0.588
2023-09-15,TSLA,lstm,-0.0059953082833390835,-4.7659668780397624e-05,-0.02469852939248085,0.02346615493297577,578.0723754228966,260.3767615729046,578.0723754228966,260.3767615729046,4.252737956353626,15919.966323253973,0.025429281103811797,0.03390455172156006,1.0457647533150334,0.4738955823293173,0.588
2023-09-18,TSLA,lstm,-0.03376463807907184,-0.00467283371835947,-0.02929145097732544,0.022022008895874023,558.8798092489351,259.1629065429841,558.8798092489351,259.1629065429841,4.129975917347869,16274.4445715827,0.025429281103811797,0.03390455172156006,1.0457647533150334,0.4738955823293173,0.588
2023-09-19,TSLA,lstm,0.004588376260533905,0.0007904070080257952,-0.02400846593081951,0.02484573982656002,561.4500522097596,259.3678305970226,561.4500522097596,259.3678305970226,4.032002442180557,16683.860363431628,0.025429281103811797,0.03390455172156006,1.0457647533150334,0.4738955823293173,0.588
2023-09-20,TSLA,lstm,-0.014780377139554338,-0.0017869494622573256,-0.026560381054878235,0.02071569114923477,553.2126347229616,258.90477137254385,553.2126347229616,258.90477137254385,3.926320493403463,17033.082269318067,0.025429281103811797,0.03390455172156006,1.0457647533150334,0.4738955823293173,0.588
2023-09-21,TSLA,lstm,-0.026588996104119158,0.0010659960098564625,-0.021477971225976944,0.025518666952848434,538.6970980736434,259.1809102729991,538.6970980736434,259.1809102729991,3.8428903579592184,17473.337664577426,0.025429281103811797,0.03390455172156006,1.0457647533150334,0.4738955823293173,0.588
2023-09-22,TSLA,lstm,-0.043236555785455495,-0.0010096320183947682,-0.02155865728855133,0.024304930120706558,515.9020319946765,258.9193690965058,515.9020319946765,258.9193690965058,3.760929527476018,17903.2281033595,0.025429281103811797,0.03390455172156006,1.0457647533150334,0.4738955823293173,0.588
2023-09-25,TSLA,lstm,0.008579557642104906,0.0023338249884545803,-0.026162683963775635,0.0276116281747818,520.3472851010348,259.5243347397081,520.3472851010348,259.5243347397081,3.6638094860381925,18404.454412098934,0.025429281103811797,0.03390455172156006,1.0457647533150334,0.4738955823293173,0.588
2023-09-26,TSLA,lstm,-0.011687984544270934,-0.002492401981726289,-0.024368546903133392,0.018371831625699997,514.3008780637567,258.8783089156539,514.3008780637567,258.8783089156539,3.575606870517036,18745.70197431057,0.025429281103811797,0.03390455172156006,1.0457647533150334,0.4738955823293173,0.588
2023-09-27,TSLA,lstm,-0.014939798128788435,-0.0007793243275955319,-0.024365603923797607,0.028087038546800613,506.6744373600269,258.6766342458203,506.6744373600269,258.6766342458203,3.489537876243034,19279.676649544348,0.025429281103811797,0.03390455172156006,1.0457647533150334,0.4738955823293173,0.588
2023-09-28,TSLA,lstm,0.0241549898062297,-0.0022350046783685684,-0.026597365736961365,0.0267561674118042,519.0621636206224,258.0991407370238,519.0621636206224,258.0991407370238,3.3979487219561806,19802.490804790177,0.025429281103811797,0.03390455172156006,1.0457647533150334,0.4738955823293173,0.588
2023-09-29,TSLA,lstm,0.015465456415727708,-0.0038265904877334833,-0.03104511648416519,0.01915803924202919,527.1520928678793,257.11338608970885,527.1520928678793,257.11338608970885,3.2940796054051087,20185.5260301213,0.025429281103811797,0.03390455172156006,1.0457647533150334,0.4738955823293173,0.588
2023-10-02,TSLA,lstm,0.005500013317318054,-0.0007983754621818662,-0.032233282923698425,0.024167321622371674,530.0594242506367,256.90819762898,530.0594242506367,256.90819762898,3.1895936173263,20679.29924510296,0.025429281103811797,0.03390455172156006,1.0457647533150334,0.4738955823293173,0.588
2023-10-03,TSLA,lstm,-0.020356864105244222,-0.0008439834346063435,-0.02344553917646408,0.021638762205839157,519.3781639246085,256.69145853297977,519.3781639246085,256.69145853297977,3.1156816257199664,21131.649548464215,0.025429281103811797,0.03390455172156006,1.0457647533150334,0.4738955823293173,0.588
2023-10-04,TSLA,lstm,0.05764957536105983,-0.0008689715759828687,-0.025684811174869537,0.020756691694259644,550.1999913365564,256.4684915863063,550.1999913365564,256.4684915863063,3.036674847654111,21574.8555356682,0.025429281103811797,0.03390455172156006,1.0457647533150334,0.4738955823293173,0.588
2023-10-05,TSLA,lstm,-0.0042593870629195184,0.0018990434473380446,-0.023392094299197197,0.02778024412691593,547.8614605009742,256.95598487462587,547.8614605009742,256.95598487462587,2.966464976516669,22182.613847578363,0.025429281103811797,0.03390455172156006,1.0457647533150334,0.4738955823293173,0.588
2023-10-06,TSLA,lstm,0.0018441397469999051,-0.001328629907220602,-0.025608042255043983,0.02007324807345867,548.8727257667723,256.61481077762033,548.8727257667723,256.61481077762033,2.8914640815920336,22632.390070773785,0.025429281103811797,0.03390455172156006,1.0457647533150334,0.4738955823293173,0.588
2023-10-09,TSLA,lstm,-0.0033063672235030548,0.0015055180992931128,-0.025582153350114822,0.0245826356112957,547.060947828557,257.001448774463,547.060947828557,257.001448774463,2.818432330052866,23195.649681316492,0.025429281103811797,0.03390455172156006,1.0457647533150334,0.4738955823293173,0.588
2023-10-10,TSLA,lstm,0.015097007960672728,-0.00066716643050313,-0.026312585920095444,0.025060229003429413,555.3825892010562,256.83005030106085,555.3825892010562,256.83005030106085,2.745239204683175,23784.283733260465,0.025429281103811797,0.03390455172156006,1.0457647533150334,0.4738955823293173,0.588
2023-10-11,TSLA,lstm,-0.0023926822540326844,0.00021406188898254186,-0.027664296329021454,0.024664822965860367,554.055323631272,256.8850375850466,554.055323631272,256.8850375850466,2.6703349174946087,24378.212621022114,0.025429281103811797,0.03390455172156006,1.0457647533150334,0.4738955823293173,0.588
2023-10-12,TSLA,lstm,-0.015789985181823882,-0.0010245289886370301,-0.02985842525959015,0.03041265532374382,545.3755057188936,256.6219853035649,545.3755057188936,256.6219853035649,2.5917815738504295,25131.0082957201,0.025429281103811797,0.03390455172156006,1.0457647533150334,0.4738955823293173,0.588
2023-10-13,TSLA,lstm,-0.030395093236742683,-0.0013412977568805218,-0.02472872845828533,0.025565264746546745,529.0481589848387,256.2780119527118,529.0481589848387,256.2780119527118,2.528475995933848,25781.772747225394,0.025429281103811797,0.03390455172156006,1.0457647533150334,0.4738955823293173,0.588
2023-10-16,TSLA,lstm,0.011088356477393282,-0.0002954757655970752,-0.03131717070937157,0.026654675602912903,534.9470777825757,256.2022919938551,534.9470777825757,256.2022919938551,2.4505183440895437,26478.217409804307,0.025429281103811797,0.03390455172156006,1.0457647533150334,0.4738955823293173,0.588
2023-10-17,TSLA,lstm,0.003655911168542864,-0.002214783802628517,-0.02960873395204544,0.022399235516786575,536.9063761068534,255.63548398041976,536.9063761068534,255.63548398041976,2.3790252421421463,27078.00278468338,0.025429281103811797,0.03390455172156006,1.0457647533150334,0.4738955823293173,0.588
2023-10-18,TSLA,lstm,-0.04893148784195894,-0.00027944150497205555,-0.02709958888590336,0.025613980367779732,511.2671465594052,255.56405263275755,511.2671465594052,255.56405263275755,2.3154204240148206,27780.536936244793,0.025429281103811797,0.03390455172156006,1.0457647533150334,0.4738955823293173,0.588
2023-10-19,TSLA,lstm,-0.09761624872658338,-0.00010153042239835486,-0.023649588227272034,0.023247484117746353,463.7177160771937,255.53811116656712,463.7177160771937,255.53811116656712,2.2613041545906047,28433.928342357372,0.025429281103811797,0.03390455172156006,1.0457647533150334,0.4738955823293173,0.588
2023-10-20,TSLA,lstm,-0.037588294506417,-0.0021269898861646652,-0.024626921862363815,0.021585825830698013,446.61088049562557,254.9951625004264,446.61088049562557,254.9951625004264,2.2062953403694436,29054.368771278372,0.025429281103811797,0.03390455172156006,1.0457647533150334,0.4738955823293173,0.588
2023-10-23,TSLA,lstm,0.00042444095402800134,-0.0037231496535241604,-0.028621725738048553,0.022267721593379974,446.8004806780172,254.04754172761304,446.8004806780172,254.04754172761304,2.1440425014004436,29708.598855364642,0.025429281103811797,0.03390455172156006,1.0457647533150334,0.4738955823293173,0.588
2023-10-24,TSLA,lstm,0.020719371046622376,-0.0037532029673457146,-0.03163382038474083,0.024877041578292847,456.15447543426114,253.0958410403488,456.15447543426114,253.0958410403488,2.077279766294445,30456.930002408037,0.025429281103811797,0.03390455172156006,1.0457647533150334,0.4738955823293173,0.588
2023-10-25,TSLA,lstm,-0.01911750338776431,0.0010824666824191809,-0.024943966418504715,0.023777570575475693,447.5167694647333,253.36994798584578,447.5167694647333,253.36994798584578,2.0261050773993254,31189.80031628086,0.025429281103811797,0.03390455172156006,1.0457647533150334,0.4738955823293173,0.588
2023-10-26,TSLA,lstm,-0.031855023921114375,-0.006123655941337347,-0.030016988515853882,0.017258036881685257,433.48577733036745,251.82313810079083,433.48577733036745,251.82313810079083,1.9661912514827253,31732.745340149606,0.025429281103811797,0.03390455172156006,1.0457647533150334,0.4738955823293173,0.588
2023-10-27,TSLA,lstm,0.007456619810883741,-0.0022520804777741432,-0.0312691330909729,0.024261195212602615,436.7301971350574,251.25665215609882,436.7301971350574,251.25665215609882,1.9056614203199855,32512.03645367979,0.025429281103811797,0.03390455172156006,1.0457647533150334,0.4738955823293173,0.588
2023-10-30,TSLA,lstm,-0.0491375588495086,-0.0013587898574769497,-0.028653446584939957,0.025819972157478333,415.78905308367774,250.91548245352314,415.78905308367774,250.91548245352314,1.8518325452507307,33362.42736078234,0.025429281103811797,0.03390455172156006,1.0457647533150334,0.4738955823293173,0.588
2023-10-31,TSLA,lstm,0.017479077618859314,-0.0012505619088187814,-0.02795189619064331,0.024490859359502792,423.1205494548468,250.6018907446195,423.1205494548468,250.6018907446195,1.8007869973754609,34189.590938448964,0.025429281103811797,0.03390455172156006,1.0457647533150334,0.4738955823293173,0.588
2023-11-01,TSLA,lstm,0.02371578467512363,-0.004197909962385893,-0.02701977640390396,0.01726021245121956,433.27512117655056,249.55208593282515,433.27512117655056,249.55208593282515,1.7527816201892112,34784.8330809113,0.025429281103811797,0.03390455172156006,1.0457647533150334,0.4738955823293173,0.588
2023-11-02,TSLA,lstm,0.06060741733192271,-0.005253961775451899,-0.03243289142847061,0.022564690560102463,460.3468961509095,248.24438260547512,460.3468961509095,248.24438260547512,1.6968458623986586,35578.66429526099,0.025429281103811797,0.03390455172156006,1.0457647533150334,0.4738955823293173,0.588
2023-11-03,TSLA,lstm,0.0066139872231546415,-0.002039263490587473,-0.02921249158680439,0.02183867059648037,463.4017157732078,247.73866720497662,463.4017157732078,247.73866720497662,1.6479937760795407,36364.20106045369,0.025429281103811797,0.03390455172156006,1.0457647533150334,0.4738955823293173,0.588
2023-11-06,TSLA,lstm,-0.0031418755173999516,-0.0013093911111354828,-0.02480505034327507,0.022256799042224884,461.94805008182914,247.414486202609,461.94805008182914,247.414486202609,1.607618006362234,37182.62672387848,0.025429281103811797,0.03390455172156006,1.0457647533150334,0.4738955823293173,0.588
2023-11-07,TSLA,lstm,0.013183964542986627,0.0003489027149043977,-0.02657211199402809,0.029355749487876892,468.07868100480846,247.50081544830925,468.07868100480846,247.50081544830925,1.5654627746701006,38290.329831331364,0.025429281103811797,0.03390455172156006,1.0457647533150334,0.4738955823293173,0.588
2023-11-08,TSLA,lstm,-0.0003150737899407528,0.00037846757913939655,-0.0247981995344162,0.024438519030809402,467.9312249117887,247.594491906793,467.9312249117887,247.594491906793,1.527119461182785,39237.61815857541,0.025429281103811797,0.03390455172156006,1.0457647533150334,0.4738955823293173,0.588
2023-11-09,TSLA,lstm,-0.056160489658582134,0.0026722741313278675,-0.018928643316030502,0.02624838799238205,442.3762835430843,248.25702776015888,442.3762835430843,248.25702776015888,1.498485042846795,40281.17989420934,0.025429281103811797,0.03390455172156006,1.0457647533150334,0.4738955823293173,0.588
2023-11-10,TSLA,lstm,0.021996498496030296,-0.002750089857727289,-0.027719365432858467,0.02124025486409664,452.2148228142807,247.57524345494105,452.2148228142807,247.57524345494105,1.4575184343732908,41145.91400000007,0.025429281103811797,0.03390455172156006,1.0457647533150334,0.4738955823293173,0.588
2023-11-13,TSLA,lstm,0.04134183399945281,-0.0002697571471799165,-0.022878970950841904,0.023886576294898987,471.3020448380731,247.5084696840941,471.3020448380731,247.5084696840941,1.424550464262907,42140.57920098669,0.025429281103811797,0.03390455172156006,1.0457647533150334,0.4738955823293173,0.588
2023-11-14,TSLA,lstm,0.059438019477541446,0.00015161132614593953,-0.023814957588911057,0.024022910743951797,500.1645739257433,247.5460004369244,500.1645739257433,247.5460004369244,1.3910256032100088,43165.17713109071,0.025429281103811797,0.03390455172156006,1.0457647533150334,0.4738955823293173,0.588
2023-11-15,TSLA,lstm,0.022614155469065075,2.83035642496543e-05,-0.025994040071964264,0.026797011494636536,511.60423498133804,247.55299425545826,511.60423498133804,247.55299425545826,1.3553331599658691,44337.51456068562,0.025429281103811797,0.03390455172156006,1.0457647533150334,0.4738955823293173,0.588
2023-11-16,TSLA,lstm,-0.03883534904080814,0.002272202167659998,-0.021041858941316605,0.025453802198171616,492.116756621337,248.116115840873,492.116756621337,248.116115840873,1.327112347599274,45480.56045238035,0.025429281103811797,0.03390455172156006,1.0457647533150334,0.4738955823293173,0.588
2023-11-17,TSLA,lstm,0.0030349323976646067,0.0032881665974855423,-0.02006150595843792,0.023758599534630775,493.6125664020875,248.93331938221948,493.6125664020875,248.93331938221948,1.3007537218413372,46574.053350906506,0.025429281103811797,0.03390455172156006,1.0457647533150334,0.4738955823293173,0.588
2023-11-20,TSLA,lstm,0.005533119144943252,-0.0003208339330740273,-0.02155938744544983,0.02270784229040146,496.3513535738783,248.85346351549433,496.3513535738783,248.85346351549433,1.2730104295063578,47643.746506541596,0.025429281103811797,0.03390455172156006,1.0457647533150334,0.4738955823293173,0.588
2023-11-21,TSLA,lstm,0.023490974516940124,0.00040332996286451817,-0.018487978726625443,0.02226727455854416,508.14915902283104,248.95385205677988,508.14915902283104,248.95385205677988,1.2496912759430432,48716.544799939154,0.025429281103811797,0.03390455172156006,1.0457647533150334,0.4738955823293173,0.588
2023-11-22,TSLA,lstm,-0.029408274734311717,0.0007420011679641902,-0.022296994924545288,0.022219564765691757,493.42296621969575,249.13865454567406,493.42296621969575,249.13865454567406,1.2221352565173578,49811.11832325293,0.025429281103811797,0.03390455172156006,1.0457647533150334,0.4738955823293173,0.588
2023-11-24,TSLA,lstm,0.005280386261856706,-0.0033356582280248404,-0.026903733611106873,0.023015715181827545,496.035321123371,248.3089950461798,496.035321123371,248.3089950461798,1.1896936177639128,50970.85301446704,0.025429281103811797,0.03390455172156006,1.0457647533150334,0.4738955823293173,0.588
2023-11-27,TSLA,lstm,0.0026721746625813217,0.0009498950676061213,-0.021789375692605972,0.022758252918720245,497.36258669315515,248.5449721365991,497.36258669315515,248.5449721365991,1.1640513241430148,52144.16099908625,0.025429281103811797,0.03390455172156006,1.0457647533150334,0.4738955823293173,0.588
2023-11-28,TSLA,lstm,0.04408335693193017,-0.0005138672422617674,-0.023870248347520828,0.024856042116880417,519.7784524073387,248.41728652327416,519.7784524073387,248.41728652327416,1.136594165177641,53456.50357300174,0.025429281103811797,0.03390455172156006,1.0457647533150334,0.4738955823293173,0.588
2023-11-29,TSLA,lstm,-0.010512266581044115,0.0010320835281163454,-0.023264847695827484,0.024168428033590317,514.3430221531288,248.67379994431667,514.3430221531288,248.67379994431667,1.110456697480745,54764.200349595914,0.025429281103811797,0.03390455172156006,1.0457647533150334,0.4738955823293173,0.588
2023-11-30,TSLA,lstm,-0.01676961998268328,-0.0009721254464238882,-0.019791875034570694,0.02189190313220024,505.78960436234473,248.43216984986643,505.78960436234473,248.43216984986643,1.0886947533863673,55976.30905539173,0.025429281103811797,0.03390455172156006,1.0457647533150334,0.4738955823293173,0.588
2023-12-01,TSLA,lstm,-0.005220199323597404,-0.002709676045924425,-0.025436554104089737,0.019839782267808914,503.156161340723,247.75991456752314,503.156161340723,247.75991456752314,1.0613513267821755,57097.95614977506,0.025429281103811797,0.03390455172156006,1.0457647533150334,0.4738955823293173,0.588
2023-12-04,TSLA,lstm,-0.01370144313218934,-0.0001390275574522093,-0.02304351143538952,0.023218100890517235,496.30920948450637,247.72547642708486,496.30920948450637,247.72547642708486,1.0371736790617447,58439.170790808304,0.025429281103811797,0.03390455172156006,1.0457647533150334,0.4738955823293173,0.588
2023-12-05,TSLA,lstm,0.013240755825754019,-0.0025785393081605434,-0.03189624100923538,0.02447718381881714,502.9244170689594,247.0875291532921,502.9244170689594,247.0875291532921,1.0046137563468966,59887.24672403701,0.025429281103811797,0.03390455172156006,1.0457647533150334,0.4738955823293173,0.588
2023-12-06,TSLA,lstm,0.002719129460769398,-0.0008646795758977532,-0.023219095543026924,0.021289782598614693,504.29379458159417,246.87396474187534,504.29379458159417,246.87396474187534,0.9815562603073892,61175.900021123845,0.025429281103811797,0.03390455172156006,1.0457647533150334,0.4738955823293173,0.588
2023-12-07,TSLA,lstm,0.013568409275163597,-0.0008535447996109724,-0.02376827411353588,0.0212783832103014,511.1828905271827,246.66333659407564,511.1828905271827,246.66333659407564,0.95850142295167,62491.57515422232,0.025429281103811797,0.03390455172156006,1.0457647533150334,0.4738955823293173,0.588
2023-12-08,TSLA,lstm,0.004933396614923965,-0.0017345179803669453,-0.025520138442516327,0.023951470851898193,513.7109893986353,246.23586778688662,513.7109893986353,246.23586778688662,0.9343498061674199,64006.409242277856,0.025429281103811797,0.03390455172156006,1.0457647533150334,0.4738955823293173,0.588
2023-12-11,TSLA,lstm,-0.016957231787828677,0.0010469917906448245,-0.025367330759763718,0.022556137293577194,505.07331557562867,246.49379789522442,505.07331557562867,246.49379789522442,0.9109459731033528,65466.55453749829,0.025429281103811797,0.03390455172156006,1.0457647533150334,0.4738955823293173,0.588
2023-12-12,TSLA,lstm,-0.011452714531076777,0.0005867760046385229,-0.02448592148721218,0.02486261911690235,499.32185287091147,246.6384864372133,499.32185287091147,246.6384864372133,0.8889114852618132,67114.62661185977,0.025429281103811797,0.03390455172156006,1.0457647533150334,0.4738955823293173,0.588
2023-12-13,TSLA,lstm,0.009573866272891631,-0.0005436457577161491,-0.02906574308872223,0.02520475909113884,504.1252503706279,246.5044445485391,504.1252503706279,246.5044445485391,0.8634464621201624,68827.73370306387,0.025429281103811797,0.03390455172156006,1.0457647533150334,0.4738955823293173,0.588
2023-12-14,TSLA,lstm,0.04797595720291628,0.001426644274033606,-0.020434238016605377,0.022854071110486984,528.900702891819,246.85636673013508,528.900702891819,246.85636673013508,0.8459816204940583,70418.83713135995,0.025429281103811797,0.03390455172156006,1.0457647533150334,0.4738955823293173,0.588
2023-12-15,TSLA,lstm,0.009711688394547188,0.002585366368293762,-0.019046379253268242,0.027723977342247963,534.0622447848934,247.49541588583668,534.0622447848934,247.49541588583668,0.8300212282275226,72398.43848518173,0.025429281103811797,0.03390455172156006,1.0457647533150334,0.4738955823293173,0.588
2023-12-18,TSLA,lstm,-0.0056173183184346845,-0.0003146790841128677,-0.022809967398643494,0.021974880248308182,531.0706573699136,247.4175407305987,531.0706573699136,247.4175407305987,0.811302776261043,74006.99482330478,0.025429281103811797,0.03390455172156006,1.0457647533150334,0.4738955823293173,0.588
2023-12-19,TSLA,lstm,0.020185249870892544,0.0013194221537560225,-0.02155759185552597,0.02579803764820099,541.8993737889615,247.7441919775745,541.8993737889615,247.7441919775745,0.7940002034645278,75941.0682047453,0.025429281103811797,0.03390455172156006,1.0457647533150334,0.4738955823293173,0.588
2023-12-20,TSLA,lstm,-0.0399767793773106,0.0019470305414870381,-0.02300041727721691,0.0250974353402853,520.663285405021,248.22703368321163,520.663285405021,248.22703368321163,0.7759462901324562,77871.11523019304,0.025429281103811797,0.03390455172156006,1.0457647533150334,0.4738955823293173,0.588
2023-12-21,TSLA,lstm,0.029345860784192233,0.0002401264209765941,-0.022933712229132652,0.028787462040781975,536.1689992021909,248.28665948440198,536.1689992021909,248.28665948440198,0.7583534827458174,80145.40337751574,0.025429281103811797,0.03390455172156006,1.0457647533150334,0.4738955823293173,0.588
2023-12-22,TSLA,lstm,-0.007731210565404946,-0.0015445426106452942,-0.028524883091449738,0.026628978550434113,532.0397463998187,247.90346798981614,532.0397463998187,247.90346798981614,0.7370271505561469,82308.26479171049,0.025429281103811797,0.03390455172156006,1.0457647533150334,0.4738955823293173,0.588
2023-12-26,TSLA,lstm,0.01598774007390915,-0.00047949663712643087,-0.022264521569013596,0.021300222724676132,540.6142201620281,247.78462302811081,540.6142201620281,247.78462302811081,0.7207989239743472,84080.25644852933,0.025429281103811797,0.03390455172156006,1.0457647533150334,0.4738955823293173,0.588
2023-12-27,TSLA,lstm,0.018647455510860632,-0.000788043369539082,-0.02882234752178192,0.023493435233831406,550.7898800016784,247.58943441171942,550.7898800016784,247.58943441171942,0.7003203265297628,86078.97231871914,0.025429281103811797,0.03390455172156006,1.0457647533150334,0.4738955823293173,0.588
2023-12-28,TSLA,lstm,-0.032104151730159784,-0.0015460167778655887,-0.02547690086066723,0.024427132681012154,533.3880679410282,247.20695003760855,533.3880679410282,247.20695003760855,0.682703679741265,88207.52802962957,0.025429281103811797,0.03390455172156006,1.0457647533150334,0.4738955823293173,0.588
2023-12-29,TSLA,lstm,-0.018738327073791184,-0.0032528843730688095,-0.029109524562954903,0.02044626884162426,523.4863286090347,246.40411613001928,523.4863286090347,246.40411613001928,0.6631169651698116,90029.60490632975,0.025429281103811797,0.03390455172156006,1.0457647533150334,0.4738955823293173,0.588
2023-01-03,TSLA,gru,-0.13058999220665155,0.028488514944911003,-0.024308372288942337,0.08275006711483002,227.74014929519757,267.0093920859508,227.74014929519757,267.0093920859508,253.2777971008618,281.89802455273457,0.029564780608095066,0.038062776290400606,2.7731727519683713,0.4779116465863454,0.828
2023-01-04,TSLA,gru,0.04997884108534127,0.0213672686368227,-0.02189772203564644,0.07341468334197998,239.41157069581647,272.77603317398496,239.41157069581647,272.77603317398496,247.79186792831717,303.3721034411049,0.029564780608095066,0.038062776290400606,2.7731727519683713,0.4779116465863454,0.828
2023-01-05,TSLA,gru,-0.02946907696009933,0.024131150916218758,-0.022514503449201584,0.06076249107718468,232.45927468943077,279.43849834830047,232.45927468943077,279.43849834830047,242.27529470246697,322.37730641209356,0.029564780608095066,0.038062776290400606,2.7731727519683713,0.4779116465863454,0.828
2023-01-06,TSLA,gru,0.02435215499827936,0.017769649624824524,-0.028205834329128265,0.06183578819036484,238.18964927620144,284.44840618510636,238.18964927620144,284.44840618510636,235.53719097838368,342.9410129159673,0.029564780608095066,0.038062776290400606,2.7731727519683713,0.4779116465863454,0.828
2023-01-09,TSLA,gru,0.057654579278002493,0.030911043286323547,-0.01887182705104351,0.08056899160146713,252.32596948747576,293.37831300264367,252.32596948747576,293.37831300264367,231.13385201702155,371.7150225997801,0.029564780608095066,0.038062776290400606,2.7731727519683713,0.4779116465863454,0.828
2023-01-10,TSLA,gru,-0.007711027963739906,0.0316612608730793,-0.017436588183045387,0.07861052453517914,250.3877592811447,302.81564564657845,250.3877592811447,302.81564564657845,227.138595631657,402.11496889354737,0.029564780608095066,0.038062776290400606,2.7731727519683713,0.4779116465863454,0.828
2023-01-11,TSLA,gru,0.036109204525613114,0.027403177693486214,-0.019399521872401237,0.07219882309436798,259.5942818711082,311.22849491368834,259.5942818711082,311.22849491368834,222.77468537707492,432.2209292470036,0.029564780608095066,0.038062776290400606,2.7731727519683713,0.4779116465863454,0.828
2023-01-12,TSLA,gru,0.00275546279838757,0.026690954342484474,-0.015799924731254578,0.06726321578025818,260.3105706578242,319.6473427038508,260.3105706578242,319.6473427038508,219.28251771615732,462.29355562777266,0.029564780608095066,0.038062776290400606,2.7731727519683713,0.4779116465863454,0.828
2023-01-13,TSLA,gru,-0.009432465746951967,0.025538912042975426,-0.014946628361940384,0.0654371976852417,257.86674389185475,327.91592256001076,257.86674389185475,327.91592256001076,216.02935699542056,493.556454037652,0.029564780608095066,0.038062776290400606,2.7731727519683713,0.4779116465863454,0.828
2023-01-17,TSLA,gru,0.07163646233055776,0.020911982282996178,-0.028691399842500687,0.06760625541210175,277.01714990318374,334.8454784143659,277.01714990318374,334.8454784143659,209.91924417693022,528.0777197101473,0.029564780608095066,0.038062776290400606,2.7731727519683713,0.4779116465863454,0.828
2023-01-18,TSLA,gru,-0.020825332244057446,0.023327240720391273,-0.02864106371998787,0.07635049521923065,271.30783128783844,342.74830476564034,271.30783128783844,342.74830476564034,203.99222053451803,569.975836662634,0.029564780608095066,0.038062776290400606,2.7731727519683713,0.4779116465863454,0.828
2023-01-19,TSLA,gru,-0.012580752996881307,0.019567854702472687,-0.03240251541137695,0.08028639107942581,267.9159553901288,349.52121988948113,267.9159553901288,349.52121988948113,197.4882998197618,617.6242790618047,0.029564780608095066,0.038062776290400606,2.7731727519683713,0.4779116465863454,0.828
2023-01-20,TSLA,gru,0.04797727392320426,0.019459974020719528,-0.025262758135795593,0.0665007159113884,281.08317049823756,356.38951405792983,281.08317049823756,356.38951405792983,192.561691130718,660.0931783746627,0.029564780608095066,0.038062776290400606,2.7731727519683713,0.4779116465863454,0.828
2023-01-23,TSLA,gru,0.07457364612008015,0.019230639562010765,-0.022321417927742004,0.06499353051185608,302.8459474865023,363.3094187262898,302.8459474865023,363.3094187262898,188.31105298083523,704.419849568473,0.029564780608095066,0.038062776290400606,2.7731727519683713,0.4779116465863454,0.828
2023-01-24,TSLA,gru,0.0009734348560736818,0.020431794226169586,-0.02273958921432495,0.06509724259376526,303.14089181906314,370.8088237549177,303.14089181906314,370.8088237549177,184.07725723030802,751.8010790096823,0.029564780608095066,0.038062776290400606,2.7731727519683713,0.4779116465863454,0.828
2023-01-25,TSLA,gru,0.0037457958683397114,0.017644578590989113,-0.02667289972305298,0.06453559547662735,304.2785250599344,377.40965302538194,304.2785250599344,377.40965302538194,179.23228155602013,801.9187729819505,0.029564780608095066,0.038062776290400606,2.7731727519683713,0.4779116465863454,0.828
2023-01-26,TSLA,gru,0.1040650092615062,0.01776517555117607,-0.0320977084338665,0.06705252826213837,337.6495394612815,384.17432520936495,337.6495394612815,384.17432520936495,173.570689030708,857.5331815995747,0.029564780608095066,0.038062776290400606,2.7731727519683713,0.4779116465863454,0.828
2023-01-27,TSLA,gru,0.10436164069972145,0.022675421088933945,-0.02887256070971489,0.07375651597976685,374.79159797860035,392.9851469903302,374.79159797860035,392.9851469903302,168.63091447306164,923.1727523727748,0.029564780608095066,0.038062776290400606,2.7731727519683713,0.4779116465863454,0.828
2023-01-30,TSLA,gru,-0.06526572943550507,0.019445275887846947,-0.027967005968093872,0.06855732947587967,351.11169890195106,400.7016296876397,351.11169890195106,400.7016296876397,163.98015041459084,988.6830031585068,0.029564780608095066,0.038062776290400606,2.7731727519683713,0.4779116465863454,0.828
2023-01-31,TSLA,gru,0.03860663902242871,0.01642180234193802,-0.03154702112078667,0.061408545821905136,364.93200273597864,407.33618114745343,364.93200273597864,407.33618114745343,158.88780981603708,1051.2995336427118,0.029564780608095066,0.038062776290400606,2.7731727519683713,0.4779116465863454,0.828
2023-02-01,TSLA,gru,0.046197213190127824,0.022866206243634224,-0.02360980026423931,0.06788813322782516,382.18632655708785,416.757745474135,382.18632655708785,416.757745474135,155.1804405930829,1125.1487249618085,0.029564780608095066,0.038062776290400606,2.7731727519683713,0.4779116465863454,0.828
2023-02-02,TSLA,gru,0.03711744228973266,0.022808218374848366,-0.020224403589963913,0.06570516526699066,396.6386631456089,426.37248643784653,396.6386631456089,426.37248643784653,152.0735326784648,1201.5596713939929,0.029564780608095066,0.038062776290400606,2.7731727519683713,0.4779116465863454,0.828
2023-02-03,TSLA,gru,0.009041655543147504,0.019096164032816887,-0.028235310688614845,0.06649316847324371,400.2411951971356,434.5928279094701,400.2411951971356,434.5928279094701,147.83973929992567,1284.171367799063,0.029564780608095066,0.038062776290400606,2.7731727519683713,0.4779116465863454,0.828
2023-02-06,TSLA,gru,0.024849222136681733,0.016939055174589157,-0.022947363555431366,0.05980838090181351,410.31147874009554,442.0171020206893,410.31147874009554,442.0171020206893,144.48583747645236,1363.3188430290418,0.029564780608095066,0.038062776290400606,2.7731727519683713,0.4779116465863454,0.828
2023-02-07,TSLA,gru,0.010470780820742525,0.02114783599972725,-0.028311647474765778,0.07036702334880829,414.63033172485945,451.46434836016414,414.63033172485945,451.46434836016414,140.45256686317856,1462.7073019795846,0.029564780608095066,0.038062776290400606,2.7731727519683713,0.4779116465863454,0.828
2023-02-08,TSLA,gru,0.02250783702828191,0.021090542897582054,-0.023595206439495087,0.07600736618041992,424.0685825133259,461.0870860089432,424.0685825133259,461.0870860089432,137.17735261852988,1578.2181042865086,0.029564780608095066,0.038062776290400606,2.7731727519683713,0.4779116465863454,0.828
2023-02-09,TSLA,gru,0.029516907690852447,0.01928945630788803,-0.02221105806529522,0.061620473861694336,436.7723412244288,470.0675187918689,436.7723412244288,470.0675187918689,134.1640848561543,1678.5274035440527,0.029564780608095066,0.038062776290400606,2.7731727519683713,0.4779116465863454,0.828
2023-02-10,TSLA,gru,-0.05161833459581209,0.02217390574514866,-0.01852763257920742,0.06272900849580765,414.79887593582583,480.60718393529766,414.79887593582583,480.60718393529766,131.70122958541103,1787.1923698743722,0.029564780608095066,0.038062776290400606,2.7731727519683713,0.4779116465863454,0.828
2023-02-13,TSLA,gru,-0.011493498714308886,0.019469868391752243,-0.025006268173456192,0.06083063408732414,410.0586784969067,490.0562057289646,410.0586784969067,490.0562057289646,128.44871346129293,1899.2830526679636,0.029564780608095066,0.038062776290400606,2.7731727519683713,0.4779116465863454,0.828
2023-02-14,TSLA,gru,0.07237801403011461,0.01582077331840992,-0.032974615693092346,0.061562322080135345,440.8383618194826,497.87094908571265,440.8383618194826,497.87094908571265,124.28223445104777,2019.8815021370044,0.029564780608095066,0.038062776290400606,2.7731727519683713,0.4779116465863454,0.828
2023-02-15,TSLA,gru,0.023567198213512965,0.013319993391633034,-0.039256639778614044,0.06333031505346298,451.3510779345444,504.5469692116927,451.3510779345444,504.5469692116927,119.49785597634431,2151.938660071433,0.029564780608095066,0.038062776290400606,2.7731727519683713,0.4779116465863454,0.828
2023-02-16,TSLA,gru,-0.058631243213632354,0.021690139546990395,-0.021686377003788948,0.058328866958618164,425.648648326299,515.6102302942061,425.648648326299,515.6102302942061,116.93427997404417,2281.191844136893,0.029564780608095066,0.038062776290400606,2.7731727519683713,0.4779116465863454,0.828
2023-02-17,TSLA,gru,0.030561678706295534,0.02117314375936985,-0.03145873546600342,0.06991425901651382,438.85800752377975,526.6437230512191,438.85800752377975,526.6437230512191,113.31293251582977,2446.387057782552,0.029564780608095066,0.038062776290400606,2.7731727519683713,0.4779116465863454,0.828
2023-02-21,TSLA,gru,-0.05394722804913025,0.018149476498365402,-0.026762958616018295,0.07444754242897034,415.8101090551027,536.2893060807118,415.8101090551027,536.2893060807118,110.32056270370266,2635.4655393810585,0.029564780608095066,0.038062776290400606,2.7731727519683713,0.4779116465863454,0.828
2023-02-22,TSLA,gru,0.017528035977254008,0.014826199971139431,-0.03106031008064747,0.059685543179512024,423.16269354421837,544.2996908159743,423.16269354421837,544.2996908159743,106.94663943532375,2797.5537728529953,0.029564780608095066,0.038062776290400606,2.7731727519683713,0.4779116465863454,0.828
2023-02-23,TSLA,gru,0.006006057267467943,0.016183903440833092,-0.025391876697540283,0.05952524393796921,425.7118805336176,553.180255646698,425.7118805336176,553.180255646698,104.26525008530564,2969.134973019221,0.029564780608095066,0.038062776290400606,2.7731727519683713,0.4779116465863454,0.828
2023-02-24,TSLA,gru,-0.02601977738759486,0.016237765550613403,-0.03787325322628021,0.06266020238399506,414.77781996440063,562.2359804375604,414.77781996440063,562.2359804375604,100.39022729697828,3161.1339670095595,0.029564780608095066,0.038062776290400606,2.7731727519683713,0.4779116465863454,0.828
2023-02-27,TSLA,gru,0.05316324215501689,0.020855242386460304,-0.02820703014731407,0.07144807279109955,437.4254299503478,574.0846403498716,437.4254299503478,574.0846403498716,97.59808412900584,3395.254969090441,0.029564780608095066,0.038062776290400606,2.7731727519683713,0.4779116465863454,0.828
2023-02-28,TSLA,gru,-0.009290230436857878,0.021776827052235603,-0.022024672478437424,0.07111003994941711,433.38046532671933,586.7235102868689,433.38046532671933,586.7235102868689,95.47201836214201,3645.483070798809,0.029564780608095066,0.038062776290400606,2.7731727519683713,0.4779116465863454,0.828
2023-03-01,TSLA,gru,-0.014395089751065829,0.024912767112255096,-0.023356005549430847,0.07275740802288055,427.1866021964215,601.523985951578,427.1866021964215,601.523985951578,93.26801285325398,3920.6062676243923,0.029564780608095066,0.038062776290400606,2.7731727519683713,0.4779116465863454,0.828
2023-03-02,TSLA,gru,-0.060322654091468045,0.02168828435242176,-0.023752287030220032,0.07045276463031769,402.1794054034668,614.7125262367107,402.1794054034668,614.7125262367107,91.07878610683568,4206.7865096827845,0.029564780608095066,0.038062776290400606,2.7731727519683713,0.4779116465863454,0.828
2023-03-03,TSLA,gru,0.03545612908951283,0.01837916299700737,-0.034173861145973206,0.06271665543317795,416.69494205278505,626.1148809295224,416.69494205278505,626.1148809295224,88.01885624351183,4479.071442126678,0.029564780608095066,0.038062776290400606,2.7731727519683713,0.4779116465863454,0.828
2023-03-06,TSLA,gru,-0.02032754273314496,0.02079058438539505,-0.02250320464372635,0.06390422582626343,408.3100684729673,639.2684608162223,408.3100684729673,639.2684608162223,86.0602691032432,4774.646839260951,0.029564780608095066,0.038062776290400606,2.7731727519683713,0.4779116465863454,0.828
2023-03-07,TSLA,gru,-0.03198003067013721,0.020570941269397736,-0.023981165140867233,0.06262531876564026,395.4588858153659,652.5550295621748,395.4588858153659,652.5550295621748,84.02099476581657,5083.222170012282,0.029564780608095066,0.038062776290400606,2.7731727519683713,0.4779116465863454,0.828
2023-03-08,TSLA,gru,-0.03089156736881823,0.01852739416062832,-0.031880512833595276,0.06732077896595001,383.4293039481283,664.7578887704439,383.4293039481283,664.7578887704439,81.38461145439179,5437.210089707191,0.029564780608095066,0.038062776290400606,2.7731727519683713,0.4779116465863454,0.828
2023-03-09,TSLA,gru,-0.05117763786639216,0.02025865763425827,-0.01961023174226284,0.06794366240501404,364.2999699814853,678.3623283335592,364.2999699814853,678.3623283335592,79.80418795553233,5819.473089684757,0.029564780608095066,0.038062776290400606,2.7731727519683713,0.4779116465863454,0.828
2023-03-10,TSLA,gru,0.0030026831172517087,0.020915012806653976,-0.02222738228738308,0.06462499499320984,365.39549127950585,692.6996592711711,365.39549127950585,692.6996592711711,78.04991689423107,6207.97454342377,0.029564780608095066,0.038062776290400606,2.7731727519683713,0.4779116465863454,0.828
2023-03-13,TSLA,gru,0.005978365078895034,0.02294125407934189,-0.026399405673146248,0.0714554414153099,367.5865017290258,708.7747747933553,367.5865017290258,708.7747747933553,76.01640708405827,6667.801294016089,0.029564780608095066,0.038062776290400606,2.7731727519683713,0.4779116465863454,0.828
2023-03-14,TSLA,gru,0.04909578215581386,0.020641259849071503,-0.0283389613032341,0.06453542411327362,386.0838029411754,723.5568286960853,386.0838029411754,723.5568286960853,73.89241993202843,7112.29949503235,0.029564780608095066,0.038062776290400606,2.7731727519683713,0.4779116465863454,0.828
2023-03-15,TSLA,gru,-0.015452165385496644,0.023638904094696045,-0.018076157197356224,0.07083246111869812,380.1638281720131,740.8646958948096,380.1638281720131,740.8646958948096,72.56872894756286,7634.351750850448,0.029564780608095066,0.038062776290400606,2.7731727519683713,0.4779116465863454,0.828
2023-03-16,TSLA,gru,0.020188342220549882,0.02679596096277237,-0.01633772999048233,0.06757792830467224,387.91670114385863,760.9852921866802,387.91670114385863,760.9852921866802,71.39275176621057,8168.096961752575,0.029564780608095066,0.038062776290400606,2.7731727519683713,0.4779116465863454,0.828
2023-03-17,TSLA,gru,-0.021963216854791676,0.016902588307857513,-0.035153307020664215,0.06471437960863113,379.489683474669,773.957209681328,379.489683474669,773.957209681328,68.92665905819987,8714.168864207466,0.029564780608095066,0.038062776290400606,2.7731727519683713,0.4779116465863454,0.828
2023-03-20,TSLA,gru,0.01717250122413543,0.0245603509247303,-0.018892861902713776,0.07197239995002747,386.0627469697501,793.2012185658666,386.0627469697501,793.2012185658666,67.63666211327644,9364.47008152589,0.029564780608095066,0.038062776290400606,2.7731727519683713,0.4779116465863454,0.828
2023-03-21,TSLA,gru,0.07529223411697607,0.016866520047187805,-0.030708609148859978,0.06610071659088135,416.2525416272045,806.6932666236025,416.2525416272045,806.6932666236025,65.59120049200843,10004.384973821856,0.029564780608095066,0.038062776290400606,2.7731727519683713,0.4779116465863454,0.828
2023-03-22,TSLA,gru,-0.0330851466718186,0.01977260783314705,-0.024027571082115173,0.06913134455680847,402.7060940077911,822.8024020795033,402.7060940077911,822.8024020795033,64.03398762312885,10720.468366229372,0.029564780608095066,0.038062776290400606,2.7731727519683713,0.4779116465863454,0.828
2023-03-23,TSLA,gru,0.0055821275337720674,0.02341296151280403,-0.0207591000944376,0.07133477926254272,404.96033666462955,842.2938922693937,404.96033666462955,842.2938922693937,62.718401342674674,11513.147879783639,0.029564780608095066,0.038062776290400606,2.7731727519683713,0.4779116465863454,0.828
2023-03-24,TSLA,gru,-0.009460894526444498,0.025054311379790306,-0.023534391075372696,0.06977050006389618,401.14711631276464,863.6635926912189,401.14711631276464,863.6635926912189,61.25959392237594,12345.11153280825,0.029564780608095066,0.038062776290400606,2.7731727519683713,0.4779116465863454,0.828
2023-03-27,TSLA,gru,0.007325624786097459,0.017174916341900826,-0.030964255332946777,0.061590246856212616,404.09655963837247,878.6250578070883,404.09655963837247,878.6250578070883,59.39180466235242,13129.353398767655,0.029564780608095066,0.038062776290400606,2.7731727519683713,0.4779116465863454,0.828
2023-03-28,TSLA,gru,-0.013753472002494866,0.017513081431388855,-0.023363638669252396,0.05799047276377678,398.5768733519401,894.1479846225077,398.5768733519401,894.1479846225077,58.020281219145325,13913.24012772104,0.029564780608095066,0.038062776290400606,2.7731727519683713,0.4779116465863454,0.828
2023-03-29,TSLA,gru,0.0244876221590413,0.022768940776586533,-0.016753064468503,0.06369528919458389,408.4575567125084,914.7403574330153,408.4575567125084,914.7403574330153,57.05636223856774,14828.281176870501,0.029564780608095066,0.038062776290400606,2.7731727519683713,0.4779116465863454,0.828
2023-03-30,TSLA,gru,0.0071949836717746535,0.01978309080004692,-0.034305963665246964,0.07245676219463348,411.4070000381162,933.0169365278497,411.4070000381162,933.0169365278497,55.132182705929125,15942.571901899897,0.029564780608095066,0.038062776290400606,2.7731727519683713,0.4779116465863454,0.828
2023-03-31,TSLA,gru,0.060504162532241994,0.021859103813767433,-0.023424819111824036,0.06165825575590134,437.0672855569897,953.6363620386319,437.0672855569897,953.6363620386319,53.85572989507181,16956.499578878378,0.029564780608095066,0.038062776290400606,2.7731727519683713,0.4779116465863454,0.828
2023-04-03,TSLA,gru,-0.06311918518816903,0.022706255316734314,-0.02944704331457615,0.07949944585561752,410.3325668580422,975.537600725173,410.3325668580422,975.537600725173,52.29296119022846,18359.56439072716,0.029564780608095066,0.038062776290400606,2.7731727519683713,0.4779116465863454,0.828
2023-04-04,TSLA,gru,-0.011307735857578558,0.01343538612127304,-0.034022748470306396,0.06227809935808182,405.71876954071746,988.7328023445932,405.71876954071746,988.7328023445932,50.54373631419877,19539.317278272316,0.029564780608095066,0.038062776290400606,2.7731727519683713,0.4779116465863454,0.828
2023-04-05,TSLA,gru,-0.03734894534323148,0.01936139538884163,-0.022752191871404648,0.061350781470537186,390.84508849804115,1008.0626127397039,390.84508849804115,1008.0626127397039,49.40673831771321,20775.606619312886,0.029564780608095066,0.038062776290400606,2.7731727519683713,0.4779116465863454,0.828
2023-04-06,TSLA,gru,-0.002482632348555218,0.025194289162755013,-0.02991182543337345,0.07894522696733475,389.87596732161495,1033.7826894204452,389.87596732161495,1033.7826894204452,47.950776383104554,22482.22079606974,0.029564780608095066,0.038062776290400606,2.7731727519683713,0.4779116465863454,0.828
2023-04-10,TSLA,gru,-0.0029764508462149673,0.0177442729473114,-0.02461765706539154,0.06491498649120331,388.7172459627971,1052.2901005107933,388.7172459627971,1052.2901005107933,46.784753242355556,23990.06598827288,0.029564780608095066,0.038062776290400606,2.7731727519683713,0.4779116465863454,0.828
2023-04-11,TSLA,gru,0.012281322445656457,0.019324393942952156,-0.031769271939992905,0.06959083676338196,393.5206434625135,1072.8226961383048,393.5206434625135,1072.8226961383048,45.32179831494024,25719.015806169034,0.029564780608095066,0.038062776290400606,2.7731727519683713,0.4779116465863454,0.828
2023-04-12,TSLA,gru,-0.03403263254550459,0.013676605187356472,-0.035227514803409576,0.06310699135065079,380.3534283544047,1087.5960872142869,380.3534283544047,1087.5960872142869,43.75301757937401,27394.37418698011,0.029564780608095066,0.038062776290400606,2.7731727519683713,0.4779116465863454,0.828
2023-04-13,TSLA,gru,0.029256539212836878,0.018745914101600647,-0.027986377477645874,0.06806531548500061,391.6456333169797,1108.1763270948438,391.6456333169797,1108.1763270948438,42.5455051284601,29323.901490139317,0.029564780608095066,0.038062776290400606,2.7731727519683713,0.4779116465863454,0.828
2023-04-14,TSLA,gru,-0.004853036816821088,0.019778067246079445,-0.018426205962896347,0.06256678700447083,389.7495672000205,1130.3120904682983,389.7495672000205,1130.3120904682983,41.76873062213565,31217.21500599103,0.029564780608095066,0.038062776290400606,2.7731727519683713,0.4779116465863454,0.828
2023-04-17,TSLA,gru,0.010966636750077955,0.016691597178578377,-0.03383158519864082,0.07346759736537933,394.0473320668379,1149.3370926261748,394.0473320668379,1149.3370926261748,40.37926414732853,33597.01648116322,0.029564780608095066,0.038062776290400606,2.7731727519683713,0.4779116465863454,0.828
2023-04-18,TSLA,gru,-0.014703352511066695,0.016849659383296967,-0.026303326711058617,0.0667559877038002,388.2959015086419,1168.8671454304317,388.2959015086419,1168.8671454304317,39.33100287176768,35916.37228278222,0.029564780608095066,0.038062776290400606,2.7731727519683713,0.4779116465863454,0.828
2023-04-19,TSLA,gru,-0.020389861131667686,0.017112374305725098,-0.022347858175635338,0.0666651502251625,380.45877250457386,1189.0413222168545,380.45877250457386,1189.0413222168545,38.461788818567044,38392.35863563244,0.029564780608095066,0.038062776290400606,2.7731727519683713,0.4779116465863454,0.828
2023-04-20,TSLA,gru,-0.10254036525166675,0.01947285234928131,-0.025871004909276962,0.06934483349323273,343.3799140480522,1212.4222639822813,343.3799140480522,1212.4222639822813,37.47950475620454,41149.14941953523,0.029564780608095066,0.038062776290400606,2.7731727519683713,0.4779116465863454,0.828
2023-04-21,TSLA,gru,0.012741333042302827,0.014904054813086987,-0.026245778426527977,0.06169801950454712,347.7830230650387,1230.6276588217436,347.7830230650387,1230.6276588217436,36.50862226857603,43767.92537248393,0.029564780608095066,0.038062776290400606,2.7731727519683713,0.4779116465863454,0.828
2023-04-24,TSLA,gru,-0.015444550452118741,0.015537917613983154,-0.027141833677887917,0.06565210968255997,342.452936960998,1249.8983195362705,342.452936960998,1249.8983195362705,35.53103853430599,46737.8031878821,0.029564780608095066,0.038062776290400606,2.7731727519683713,0.4779116465863454,0.828
2023-04-25,TSLA,gru,-0.011633104865311444,0.024825649335980415,-0.013338722288608551,0.07067880779504776,338.49222836959206,1281.31620314212,338.49222836959206,1281.31620314212,35.06024615747692,50160.71469645202,0.029564780608095066,0.038062776290400606,2.7731727519683713,0.4779116465863454,0.828
2023-04-26,TSLA,gru,-0.04402465397224694,0.017622770741581917,-0.020952537655830383,0.05731091648340225,323.9134916594765,1304.0967145038167,323.9134916594765,1304.0967145038167,34.33328778069324,53119.444196416,0.029564780608095066,0.038062776290400606,2.7731727519683713,0.4779116465863454,0.828
2023-04-27,TSLA,gru,0.041032719267455574,0.012777488678693771,-0.04308169707655907,0.06881488859653473,337.48099525031523,1320.8666988544587,337.48099525031523,1320.8666988544587,32.88555985566462,56903.56300361305,0.029564780608095066,0.038062776290400606,2.7731727519683713,0.4779116465863454,0.828
2023-04-28,TSLA,gru,0.025394246651119615,0.02438027784228325,-0.02177283726632595,0.06800678372383118,346.1608131626938,1353.465555859559,346.1608131626938,1353.465555859559,32.177285717795385,60908.01362769715,0.029564780608095066,0.038062776290400606,2.7731727519683713,0.4779116465863454,0.828
2023-05-01,TSLA,gru,-0.015208459761728233,0.018624039366841316,-0.028072621673345566,0.06198306009173393,340.93607120882217,1378.9087995259356,340.93607120882217,1378.9087995259356,31.286546218274044,64802.736344738085,0.029564780608095066,0.038062776290400606,2.7731727519683713,0.4779116465863454,0.828
2023-05-02,TSLA,gru,-0.009436987371174365,0.01975402422249317,-0.0333339087665081,0.06837251782417297,337.73379549350415,1406.418567660704,337.73379549350415,1406.418567660704,30.260833633448904,69388.44137792985,0.029564780608095066,0.038062776290400606,2.7731727519683713,0.4779116465863454,0.828
2023-05-03,TSLA,gru,0.001869644402715088,0.021861117333173752,-0.023098338395357132,0.06748166680335999,338.3658282479976,1437.5030608350858,338.3658282479976,1437.5030608350858,29.569870294141825,74232.4921082888,0.029564780608095066,0.038062776290400606,2.7731727519683713,0.4779116465863454,0.828
2023-05-04,TSLA,gru,0.0036667412660127767,0.016381146386265755,-0.029028505086898804,0.0680784359574318,339.608805639038,1461.244989957238,339.608805639038,1461.244989957238,28.723839556444755,79462.1142450876,0.029564780608095066,0.038062776290400606,2.7731727519683713,0.4779116465863454,0.828
2023-05-05,TSLA,gru,0.05350549046047228,0.01876390166580677,-0.032180145382881165,0.06509080529212952,358.27465106215385,1488.9224967866567,358.27465106215385,1488.9224967866567,27.81421621771564,84806.4161201127,0.029564780608095066,0.038062776290400606,2.7731727519683713,0.4779116465863454,0.828
2023-05-08,TSLA,gru,0.01012145995502574,0.018609823659062386,-0.03207606077194214,0.06821399182081223,361.91932720305243,1516.8904857144582,361.91932720305243,1516.8904857144582,26.936202164452457,90793.27672389266,0.029564780608095066,0.038062776290400606,2.7731727519683713,0.4779116465863454,0.828
2023-05-09,TSLA,gru,-0.015486902413259212,0.01821925863623619,-0.026950079947710037,0.06404121220111847,356.3574968272481,1544.7804054799508,356.3574968272481,1544.7804054799508,26.219964010793248,96798.01357417842,0.029564780608095066,0.038062776290400606,2.7731727519683713,0.4779116465863454,0.828
2023-05-10,TSLA,gru,-0.003612788634512576,0.024572592228651047,-0.01838357001543045,0.07005365192890167,355.0723753468358,1583.2098337422767,355.0723753468358,1583.2098337422767,25.742351721516737,103822.22674672645,0.029564780608095066,0.038062776290400606,2.7731727519683713,0.4779116465863454,0.828
2023-05-11,TSLA,gru,0.020786425091438347,0.016824275255203247,-0.023058604449033737,0.05170223489403725,362.5303039861206,1610.0714921720428,362.5303039861206,1610.0714921720428,25.155560397144754,109331.25018694712,0.029564780608095066,0.038062776290400606,2.7731727519683713,0.4779116465863454,0.828
2023-05-12,TSLA,gru,-0.024114596337054404,0.016772553324699402,-0.025092188268899918,0.05453060194849968,353.89259801659273,1637.3042575684983,353.89259801659273,1637.3042575684983,24.53220622897117,115458.70009286607,0.029564780608095066,0.038062776290400606,2.7731727519683713,0.4779116465863454,0.828
2023-05-15,TSLA,gru,-0.009750860107846383,0.021503161638975143,-0.02746778167784214,0.06856606900691986,350.45861017603244,1672.892745170226,350.45861017603244,1672.892745170226,23.867531935235704,123652.9621872431,0.029564780608095066,0.038062776290400606,2.7731727519683713,0.4779116465863454,0.828
2023-05-16,TSLA,gru,0.0010214088288270423,0.021019553765654564,-0.02136852592229843,0.06276444345712662,350.8167545693904,1708.4283705272132,350.8167545693904,1708.4283705272132,23.36292870160266,131662.69951115956,0.029564780608095066,0.038062776290400606,2.7731727519683713,0.4779116465863454,0.828
2023-05-17,TSLA,gru,0.04313493317739194,0.013621734455227852,-0.03435051813721657,0.06314103305339813,366.28032427718824,1731.859311107675,366.28032427718824,1731.859311107675,22.57402746983501,140244.0902072356,0.029564780608095066,0.038062776290400606,2.7731727519683713,0.4779116465863454,0.828
2023-05-18,TSLA,gru,0.01727768584344739,0.018484747037291527,-0.01950792409479618,0.06166919320821762,372.6637875898777,1764.1699373482008,372.6637875898777,1764.1699373482008,22.13792257248848,149165.07772588608,0.029564780608095066,0.038062776290400606,2.7731727519683713,0.4779116465863454,0.828
2023-05-19,TSLA,gru,0.018206255962432197,0.01976599171757698,-0.02256602793931961,0.0649983137845993,379.5107394460943,1799.387476842047,379.5107394460943,1799.387476842047,21.64395253570622,159182.59690515208,0.029564780608095066,0.038062776290400606,2.7731727519683713,0.4779116465863454,0.828
2023-05-22,TSLA,gru,0.0473245988875953,0.019056688994169235,-0.03190317004919052,0.06596629321575165,397.90269650807477,1834.0066584348083,397.90269650807477,1834.0066584348083,20.96434091790831,170037.36863780065,0.029564780608095066,0.038062776290400606,2.7731727519683713,0.4779116465863454,0.828
2023-05-23,TSLA,gru,-0.016549549453013485,0.023374218493700027,-0.023742960765957832,0.0721287876367569,391.37177710236557,1877.380133384038,391.37177710236557,1877.380133384038,20.472448112928408,182755.11223498083,0.029564780608095066,0.038062776290400606,2.7731727519683713,0.4779116465863454,0.828
2023-05-24,TSLA,gru,-0.015569850375932186,0.018363798037171364,-0.03239748626947403,0.06888662278652191,385.32537006508755,1912.1744984726456,385.32537006508755,1912.1744984726456,19.819821422553236,195788.23686631952,0.029564780608095066,0.038062776290400606,2.7731727519683713,0.4779116465863454,0.828
2023-05-25,TSLA,gru,0.008547333224801432,0.016910700127482414,-0.02799881063401699,0.0612952783703804,388.6329899305747,1944.78556103213,388.6329899305747,1944.78556103213,19.272586623996368,208164.57353464753,0.029564780608095066,0.038062776290400606,2.7731727519683713,0.4779116465863454,0.828
2023-05-26,TSLA,gru,0.04608376548838008,0.02094457857310772,-0.028780771419405937,0.06626658141613007,406.9617469317579,1985.9479006688962,406.9617469317579,1985.9479006688962,18.725812563943546,222426.2378111924,0.029564780608095066,0.038062776290400606,2.7731727519683713,0.4779116465863454,0.828
2023-05-30,TSLA,gru,0.040530008769500823,0.021278955042362213,-0.03226369619369507,0.07371688634157181,423.79472629871185,2028.659731350611,423.79472629871185,2028.659731350611,18.131291016562866,239442.2821875828,0.029564780608095066,0.038062776290400606,2.7731727519683713,0.4779116465863454,0.828
2023-05-31,TSLA,gru,0.013676132280176065,0.019254477694630623,-0.017921945080161095,0.0648912787437439,429.6304128891303,2068.0989225689696,429.6304128891303,2068.0989225689696,17.80923752535683,255495.226921409,0.029564780608095066,0.038062776290400606,2.7731727519683713,0.4779116465863454,0.828
2023-06-01,TSLA,gru,0.017450979367424225,0.022215867415070534,-0.03398936986923218,0.071748748421669,437.1936856785842,2114.557759310707,437.1936856785842,2114.557759310707,17.21408418423312,274500.34274595225,0.029564780608095066,0.038062776290400606,2.7731727519683713,0.4779116465863454,0.828
2023-06-02,TSLA,gru,0.030608082827557156,0.020252639427781105,-0.03246663510799408,0.07344834506511688,450.7822452408482,2157.8196147134367,450.7822452408482,2157.8196147134367,16.66417633022992,295420.83797289396,0.029564780608095066,0.038062776290400606,2.7731727519683713,0.4779116465863454,0.828
2023-06-05,TSLA,gru,0.016868648629117366,0.021688617765903473,-0.02433505281805992,0.0631650984287262,458.45083003394996,2205.1310366604594,458.45083003394996,2205.1310366604594,16.263546957021084,314683.07808921055,0.029564780608095066,0.038062776290400606,2.7731727519683713,0.4779116465863454,0.828
2023-06-06,TSLA,gru,0.0168599499197107,0.01712595298886299,-0.030609164386987686,0.06658197939395905,466.24581494864606,2243.221204565802,466.24581494864606,2243.221204565802,15.77327474985977,336348.5705823578,0.029564780608095066,0.038062776290400606,2.7731727519683713,0.4779116465863454,0.828
2023-06-07,TSLA,gru,0.01462307267215497,0.02325485646724701,-0.023803818970918655,0.06901516020298004,473.1138549228092,2295.9983308036135,473.1138549228092,2295.9983308036135,15.402244193483005,360381.51629583584,0.029564780608095066,0.038062776290400606,2.7731727519683713,0.4779116465863454,0.828
2023-06-08,TSLA,gru,0.04480209933086133,0.02161329984664917,-0.02367566153407097,0.06631205976009369,494.79234373233015,2346.162586669587,494.79234373233015,2346.162586669587,15.041869185545158,385089.3175398714,0.029564780608095066,0.038062776290400606,2.7731727519683713,0.4779116465863454,0.828
2023-06-09,TSLA,gru,0.03981660778824774,0.02529693767428398,-0.026360472664237022,0.07177510857582092,514.890766728878,2406.2703947813648,514.890766728878,2406.2703947813648,14.650539066382407,413745.2220022043,0.029564780608095066,0.038062776290400606,2.7731727519683713,0.4779116465863454,0.828
2023-06-12,TSLA,gru,0.021974491562613167,0.014872708357870579,-0.03503583371639252,0.06667107343673706,526.330459930994,2442.32569156024,526.330459930994,2442.32569156024,14.146132836006748,442270.4138967857,0.029564780608095066,0.038062776290400606,2.7731727519683713,0.4779116465863454,0.828
2023-06-13,TSLA,gru,0.03492701634188564,0.027673156931996346,-0.012405987828969955,0.07309970259666443,545.0384172969606,2510.856377891648,545.0384172969606,2510.856377891648,13.971720354854114,475811.25145772233,0.029564780608095066,0.038062776290400606,2.7731727519683713,0.4779116465863454,0.828
2023-06-14,TSLA,gru,-0.007449046704933148,0.025280749425292015,-0.022117890417575836,0.07172571867704391,540.9934848198533,2575.141974227214,540.9934848198533,2575.141974227214,13.66608780620048,511192.86591113353,0.029564780608095066,0.038062776290400606,2.7731727519683713,0.4779116465863454,0.828
2023-06-15,TSLA,gru,-0.0034719442089692484,0.020303400233387947,-0.03418707102537155,0.07321513444185257,539.1184425277982,2627.960484497522,539.1184425277982,2627.960484497522,13.206780556935628,550024.0715237409,0.029564780608095066,0.038062776290400606,2.7731727519683713,0.4779116465863454,0.828
2023-06-16,TSLA,gru,0.01796971375181672,0.020328158512711525,-0.02620975486934185,0.07326745241880417,548.8938138847185,2681.9287653689594,548.8938138847185,2681.9287653689594,12.865131045083492,591835.9847901411,0.029564780608095066,0.038062776290400606,2.7731727519683713,0.4779116465863454,0.828
2023-06-20,TSLA,gru,0.05201270640767318,0.02403196506202221,-0.024657946079969406,0.06825841963291168,578.1987755444904,2747.1616025094704,578.1987755444904,2747.1616025094704,12.55178244813239,633644.4591585727,0.029564780608095066,0.038062776290400606,2.7731727519683713,0.4779116465863454,0.828
2023-06-21,TSLA,gru,-0.05616662426467672,0.022461900487542152,-0.028553783893585205,0.06883325427770615,546.6184831099334,2809.5662501372763,546.6184831099334,2809.5662501372763,12.198450243847777,678796.4370255746,0.029564780608095066,0.038062776290400606,2.7731727519683713,0.4779116465863454,0.828
2023-06-22,TSLA,gru,0.019654473293680905,0.019600683823227882,-0.02079615369439125,0.06162332370877266,557.4682555004066,2865.178768738431,557.4682555004066,2865.178768738431,11.947388764353779,721941.8775376851,0.029564780608095066,0.038062776290400606,2.7731727519683713,0.4779116465863454,0.828
2023-06-23,TSLA,gru,-0.03073851253541729,0.02550777606666088,-0.013299036771059036,0.060350771993398666,540.5931963371232,2939.203159795013,540.5931963371232,2939.203159795013,11.78955166937411,766853.253168694,0.029564780608095066,0.038062776290400606,2.7731727519683713,0.4779116465863454,0.828
2023-06-26,TSLA,gru,-0.06251408245574486,0.01441098190844059,-0.02969040907919407,0.06347072124481201,507.83315871884435,2981.8665187630468,507.83315871884435,2981.8665187630468,11.444660600478722,817103.8229399305,0.029564780608095066,0.038062776290400606,2.7731727519683713,0.4779116465863454,0.828
2023-06-27,TSLA,gru,0.03729619858071868,0.01897345297038555,-0.02771850675344467,0.06114114075899124,527.1310368964537,3038.982826049649,527.1310368964537,3038.982826049649,11.131788195522418,868621.368190128,0.029564780608095066,0.038062776290400606,2.7731727519683713,0.4779116465863454,0.828
2023-06-28,TSLA,gru,0.023813875097039847,0.01829219050705433,-0.034516382962465286,0.06344390660524368,539.8347313145141,3095.084005467783,539.8347313145141,3095.084005467783,10.754114448758646,925515.7753877743,0.029564780608095066,0.038062776290400606,2.7731727519683713,0.4779116465863454,0.828
2023-06-29,TSLA,gru,0.004905252914132209,0.021988144144415855,-0.023410150781273842,0.06781987845897675,542.4892624540824,3163.8929784739958,542.4892624540824,3163.8929784739958,10.505282687127258,990461.5758330942,0.029564780608095066,0.038062776290400606,2.7731727519683713,0.4779116465863454,0.828
2023-06-30,TSLA,gru,0.016446493545468958,0.01802835427224636,-0.027155181393027306,0.06348621845245361,551.4850806704471,3221.449932391385,551.4850806704471,3221.449932391385,10.223848428547596,1055381.2249858868,0.029564780608095066,0.038062776290400606,2.7731727519683713,0.4779116465863454,0.828
2023-07-03,TSLA,gru,0.06668035183063045,0.01637941785156727,-0.032848015427589417,0.06794826686382294,589.5120364784908,3274.6499271979183,589.5120364784908,3274.6499271979183,9.893471308392801,1129584.9495202943,0.029564780608095066,0.038062776290400606,2.7731727519683713,0.4779116465863454,0.828
2023-07-05,TSLA,gru,0.009461225032650612,0.017012380063533783,-0.03058985434472561,0.0665353462100029,595.1160109436671,3330.8360833124398,595.1160109436671,3330.8360833124398,9.595413756707428,1207299.0164521202,0.029564780608095066,0.038062776290400606,2.7731727519683713,0.4779116465863454,0.828
2023-07-06,TSLA,gru,-0.02125228365266279,0.017554135993123055,-0.02441488578915596,0.059449415653944016,582.6018845614772,3389.822312536225,582.6018845614772,3389.822312536225,9.363979497393684,1281248.637251355,0.029564780608095066,0.038062776290400606,2.7731727519683713,0.4779116465863454,0.828
2023-07-07,TSLA,gru,-0.007659314226953743,0.018777789548039436,-0.01805216819047928,0.05761688947677612,578.1565993085975,3454.0771765460536,578.1565993085975,3454.0771765460536,9.196455891678426,1357238.3727657492,0.029564780608095066,0.038062776290400606,2.7731727519683713,0.4779116465863454,0.828
2023-07-10,TSLA,gru,-0.01771977662648564,0.016438767313957214,-0.030501361936330795,0.06680470705032349,568.0020275868937,3511.3271973448095,568.0020275868937,3511.3271973448095,8.920186446120967,1451005.4535246827,0.029564780608095066,0.038062776290400606,2.7731727519683713,0.4779116465863454,0.828
2023-07-11,TSLA,gru,0.0006674942605875906,0.022690940648317337,-0.0221369881182909,0.06407779455184937,568.3812922447196,3591.913180544885,568.3812922447196,3591.913180544885,8.724890205991295,1547026.2350840508,0.029564780608095066,0.038062776290400606,2.7731727519683713,0.4779116465863454,0.828
2023-07-12,TSLA,gru,0.008121354742896705,0.015598347410559654,-0.027136748656630516,0.05600468069314957,573.0161133869484,3648.3802319044403,573.0161133869484,3648.3802319044403,8.491308811423064,1636139.0365107027,0.029564780608095066,0.038062776290400606,2.7731727519683713,0.4779116465863454,0.828
2023-07-13,TSLA,gru,0.021496049775542363,0.019397607073187828,-0.03157341480255127,0.06931081414222717,585.4670397083412,3719.840766329642,585.4670397083412,3719.840766329642,8.22739735106399,1753563.487635019,0.029564780608095066,0.038062776290400606,2.7731727519683713,0.4779116465863454,0.828
2023-07-14,TSLA,gru,0.012444771516691934,0.01287202350795269,-0.047769516706466675,0.06972532719373703,592.7985682260315,3768.032005581928,592.7985682260315,3768.032005581928,7.843618259696985,1880194.7071450546,0.029564780608095066,0.038062776290400606,2.7731727519683713,0.4779116465863454,0.828
2023-07-17,TSLA,gru,0.03148434056863512,0.015520899556577206,-0.032899223268032074,0.06481493264436722,611.7593579817083,3826.9712898565567,611.7593579817083,3826.9712898565567,7.5897677810600355,2006095.4155497479,0.029564780608095066,0.038062776290400606,2.7731727519683713,0.4779116465863454,0.828
2023-07-18,TSLA,gru,0.010141906463636843,0.01712368056178093,-0.03376656770706177,0.06718142330646515,617.9953330548567,3893.0675274499345,617.9953330548567,3893.0675274499345,7.337766034631589,2145497.940930867,0.029564780608095066,0.038062776290400606,2.7731727519683713,0.4779116465863454,0.828
2023-07-19,TSLA,gru,-0.00711596075110357,0.019032208248972893,-0.02857857756316662,0.0685923770070076,613.6133121558169,3967.8709159593227,613.6133121558169,3967.8709159593227,7.131031063671702,2297827.2287155855,0.029564780608095066,0.038062776290400606,2.7731727519683713,0.4779116465863454,0.828
2023-07-20,TSLA,gru,-0.1024426640636013,0.014872119762003422,-0.029078857973217964,0.061580076813697815,553.8657234488803,4027.322701947655,553.8657234488803,4027.322701947655,6.926654867790173,2443775.248944626,0.029564780608095066,0.038062776290400606,2.7731727519683713,0.4779116465863454,0.828
2023-07-21,TSLA,gru,-0.011015199637560409,0.019773706793785095,-0.027126479893922806,0.06765148043632507,547.7982604401769,4107.750495884835,547.7982604401769,4107.750495884835,6.741284495906715,2614820.708705632,0.029564780608095066,0.038062776290400606,2.7731727519683713,0.4779116465863454,0.828
2023-07-24,TSLA,gru,0.03417588510139735,0.01080817449837923,-0.033631667494773865,0.05831918865442276,566.8433383745975,4152.388439623936,566.8433383745975,4152.388439623936,6.518333957554447,2771849.448098435,0.029564780608095066,0.038062776290400606,2.7731727519683713,0.4779116465863454,0.828
2023-07-25,TSLA,gru,-0.014148526638195701,0.018745582550764084,-0.03055613487958908,0.06494025886058807,558.879809248935,4230.96129960242,558.879809248935,4230.96129960242,6.3221710360562975,2957827.46208716,0.029564780608095066,0.038062776290400606,2.7731727519683713,0.4779116465863454,0.828
2023-07-26,TSLA,gru,-0.003511861575139069,0.022562114521861076,-0.022291379049420357,0.06955739110708237,556.9205430711786,4327.505766589636,556.9205430711786,4327.505766589636,6.182800179909162,3170890.1990833636,0.029564780608095066,0.038062776290400606,2.7731727519683713,0.4779116465863454,0.828
2023-07-27,TSLA,gru,-0.03322998965193553,0.0182674340903759,-0.02373313158750534,0.06918276846408844,538.7181861915899,4407.2848889763045,538.7181861915899,4407.2848889763045,6.037790562271045,3398027.493423235,0.029564780608095066,0.038062776290400606,2.7731727519683713,0.4779116465863454,0.828
2023-07-28,TSLA,gru,0.041105070589749985,0.011338924057781696,-0.03265213966369629,0.054548271000385284,561.3236520881651,4457.543104069272,561.3236520881651,4457.543104069272,5.843827643131516,3588532.5142791374,0.029564780608095066,0.038062776290400606,2.7731727519683713,0.4779116465863454,0.828
2023-07-31,TSLA,gru,0.0037087357528333273,0.018789421766996384,-0.02760348469018936,0.06246601790189743,563.4093183875159,4542.089468693671,563.4093183875159,4542.089468693671,5.684723759893735,3819843.043804232,0.029564780608095066,0.038062776290400606,2.7731727519683713,0.4779116465863454,0.828
2023-08-01,TSLA,gru,-0.02406922380883306,0.02033093385398388,-0.03629428148269653,0.0716707780957222,550.0103911541648,4635.3796502016285,550.0103911541648,4635.3796502016285,5.482100206397571,4103663.4954505134,0.029564780608095066,0.038062776290400606,2.7731727519683713,0.4779116465863454,0.828
2023-08-02,TSLA,gru,-0.027021352113566002,0.020241709426045418,-0.02891184389591217,0.06705641001462936,535.3473662653055,4730.1637516162,535.3473662653055,4730.1637516162,5.325872001421145,4388276.546625346,0.029564780608095066,0.038062776290400606,2.7731727519683713,0.4779116465863454,0.828
2023-08-03,TSLA,gru,0.020295602012260543,0.014183041639626026,-0.035113852471113205,0.07184074819087982,546.3235709238943,4797.730044065872,546.3235709238943,4797.730044065872,5.142105276184807,4715133.9422249375,0.029564780608095066,0.038062776290400606,2.7731727519683713,0.4779116465863454,0.828
2023-08-04,TSLA,gru,-0.021279912186420162,0.01776035875082016,-0.02723124623298645,0.06057329475879669,534.8206776609811,4883.700873708144,534.8206776609811,4883.700873708144,5.003968719560842,5009572.939504299,0.029564780608095066,0.038062776290400606,2.7731727519683713,0.4779116465863454,0.828
2023-08-07,TSLA,gru,-0.009538785882980292,0.01809750497341156,-0.029942411929368973,0.0641210526227951,529.7433918001292,4972.888323562484,529.7433918001292,4972.888323562484,4.856358762391218,5341314.251690096,0.029564780608095066,0.038062776290400606,2.7731727519683713,0.4779116465863454,0.828
2023-08-08,TSLA,gru,-0.00698396541730477,0.016182832419872284,-0.03101704642176628,0.06790412962436676,526.0565715698588,5054.0185425939935,526.0565715698588,5054.0185425939935,4.708040985533653,5716609.255084182,0.029564780608095066,0.038062776290400606,2.7731727519683713,0.4779116465863454,0.828
2023-08-09,TSLA,gru,-0.030537632908455258,0.017250636592507362,-0.03065468929708004,0.07430144399404526,510.2348574687029,5141.959803235949,510.2348574687029,5141.959803235949,4.565907234913179,6157539.957756199,0.029564780608095066,0.038062776290400606,2.7731727519683713,0.4779116465863454,0.828
2023-08-10,TSLA,gru,0.012922436522360333,0.01749364100396633,-0.031916290521621704,0.06516272574663162,516.8711210245813,5232.70256357848,516.8711210245813,5232.70256357848,4.422481299186652,6572144.02308617,0.029564780608095066,0.038062776290400606,2.7731727519683713,0.4779116465863454,0.828
2023-08-11,TSLA,gru,-0.011024937980288016,0.020826853811740875,-0.03173918277025223,0.07612352818250656,511.2039464986078,5342.825877312313,511.2039464986078,5342.825877312313,4.2843196166532325,7091973.278177571,0.029564780608095066,0.038062776290400606,2.7731727519683713,0.4779116465863454,0.828
2023-08-14,TSLA,gru,-0.011981650600334395,0.02030886337161064,-0.02695755660533905,0.0735877975821495,505.1154275184791,5452.442043381206,505.1154275184791,5452.442043381206,4.170367681668382,7633538.248496244,0.029564780608095066,0.038062776290400606,2.7731727519683713,0.4779116465863454,0.828
2023-08-15,TSLA,gru,-0.028771606269163794,0.01681552454829216,-0.03068711794912815,0.061137862503528595,490.78952319807377,5544.903246188043,490.78952319807377,5544.903246188043,4.044334812222229,8114798.497187411,0.029564780608095066,0.038062776290400606,2.7731727519683713,0.4779116465863454,0.828
2023-08-16,TSLA,gru,-0.03210324714965498,0.017330214381217957,-0.02432197332382202,0.05828918516635895,475.283809400904,5641.834852329462,475.283809400904,5641.834852329462,3.9471551117370245,8601861.034730991,0.029564780608095066,0.038062776290400606,2.7731727519683713,0.4779116465863454,0.828
2023-08-17,TSLA,gru,-0.02868774932252366,0.018505552783608437,-0.027769148349761963,0.06505877524614334,461.8427059316597,5747.212088516661,461.8427059316597,5747.212088516661,3.8390538134798566,9180093.27921085,0.029564780608095066,0.038062776290400606,2.7731727519683713,0.4779116465863454,0.828
2023-08-18,TSLA,gru,-0.017161267109647337,0.018647855147719383,-0.02653324417769909,0.06600801646709442,453.9845209561663,5855.390650101673,453.9845209561663,5855.390650101673,3.738530798203562,9806499.49737327,0.029564780608095066,0.038062776290400606,2.7731727519683713,0.4779116465863454,0.828
2023-08-21,TSLA,gru,0.07071456218373605,0.013347872532904148,-0.03349772468209267,0.0572514571249485,487.250159060823,5934.071819786811,487.250159060823,5934.071819786811,3.6153727851661706,10384318.574455507,0.029564780608095066,0.038062776290400606,2.7731727519683713,0.4779116465863454,0.828
2023-08-22,TSLA,gru,0.00822448994977978,0.023150408640503883,-0.028080780059099197,0.07230362296104431,491.27406771302617,6073.050470365598,491.27406771302617,6073.050470365598,3.5152624901942313,11162952.324987648,0.029564780608095066,0.038062776290400606,2.7731727519683713,0.4779116465863454,0.828
2023-08-23,TSLA,gru,0.015615669490355368,0.02555961161851883,-0.014059960842132568,0.06655123084783554,499.0058525669251,6230.275911082425,499.0058525669251,6230.275911082425,3.4661839646120884,11931138.794392461,0.029564780608095066,0.038062776290400606,2.7731727519683713,0.4779116465863454,0.828
2023-08-24,TSLA,gru,-0.02921607421029239,0.020705830305814743,-0.025398317724466324,0.07007743418216705,484.6377720106266,6360.623919178478,484.6377720106266,6360.623919178478,3.379257355062647,12797234.304674804,0.029564780608095066,0.038062776290400606,2.7731727519683713,0.4779116465863454,0.828
2023-08-25,TSLA,gru,0.036493404628287436,0.019322263076901436,-0.037577442824840546,0.08050684630870819,502.65052870782375,6484.720645653777,502.65052870782375,6484.720645653777,3.2546296843768223,13870107.297363061,0.029564780608095066,0.038062776290400606,2.7731727519683713,0.4779116465863454,0.828
2023-08-28,TSLA,gru,0.0009635784854130897,0.022077176719903946,-0.019186601042747498,0.06324487179517746,503.13510536929743,6629.476825609086,503.13510536929743,6629.476825609086,3.1927797131038664,14775654.829667434,0.029564780608095066,0.038062776290400606,2.7731727519683713,0.4779116465863454,0.828
2023-08-29,TSLA,gru,0.07406603958973092,0.02051122486591339,-0.02156701311469078,0.05860641971230507,541.8150856102175,6766.8593761983375,541.8150856102175,6766.8593761983375,3.124658314052757,15667480.982713036,0.029564780608095066,0.038062776290400606,2.7731727519683713,0.4779116465863454,0.828
2023-08-30,TSLA,gru,-0.001089320005828064,0.015636933967471123,-0.047117285430431366,0.06680048257112503,541.225196945096,6873.503900547496,541.225196945096,6873.503900547496,2.9808474733415258,16749824.111862134,0.029564780608095066,0.038062776290400606,2.7731727519683713,0.4779116465863454,0.828
2023-08-31,TSLA,gru,0.004582681990043304,0.022312216460704803,-0.01919063739478588,0.06947634369134903,543.7111517271767,7028.590636066003,543.7111517271767,7028.590636066003,2.9241884700921954,17954919.35480405,0.029564780608095066,0.038062776290400606,2.7731727519683713,0.4779116465863454,0.828
2023-09-01,TSLA,gru,-0.05197055872941742,0.01545659452676773,-0.03524601086974144,0.066157266497612,516.1758882092905,7138.073026069545,516.1758882092905,7138.073026069545,2.8229177213113688,19182942.116848387,0.029564780608095066,0.038062776290400606,2.7731727519683713,0.4779116465863454,0.828
2023-09-05,TSLA,gru,0.04579063580383254,0.01954830251634121,-0.025880156084895134,0.06322992593050003,540.3614199188388,7278.9827384825,540.3614199188388,7278.9827384825,2.7507973674855295,20435046.03489022,0.029564780608095066,0.038062776290400606,2.7731727519683713,0.4779116465863454,0.828
2023-09-06,TSLA,gru,-0.017978069897591802,0.020283622667193413,-0.02425973489880562,0.06734165549278259,530.7335689479808,7428.1346673764265,530.7335689479808,7428.1346673764265,2.6848667993965387,21858569.774568647,0.029564780608095066,0.038062776290400606,2.7731727519683713,0.4779116465863454,0.828
2023-09-07,TSLA,gru,-0.0017083203640211426,0.01908932812511921,-0.028442271053791046,0.0654258206486702,529.8276799788731,7571.294767336923,529.8276799788731,7571.294767336923,2.609578835383672,23336503.798956145,0.029564780608095066,0.038062776290400606,2.7731727519683713,0.4779116465863454,0.828
2023-09-08,TSLA,gru,-0.01196040362366716,0.018701104447245598,-0.031080245971679688,0.06915970891714096,523.5284726984062,7714.2183213994485,523.5284726984062,7714.2183213994485,2.529719938313819,25007569.02467414,0.029564780608095066,0.038062776290400606,2.7731727519683713,0.4779116465863454,0.828
2023-09-11,TSLA,gru,0.09615118904304938,0.022506026551127434,-0.024805845692753792,0.06399470567703247,576.3658451952865,7889.803385714816,576.3658451952865,7889.803385714816,2.467739959065555,26660238.46466022,0.029564780608095066,0.038062776290400606,2.7731727519683713,0.4779116465863454,0.828
2023-09-12,TSLA,gru,-0.022549196320499374,0.02301328256726265,-0.023902475833892822,0.07315489649772644,563.5146946842063,8073.4791425971825,563.5146946842063,8073.4791425971825,2.409454271400853,28683676.363268923,0.029564780608095066,0.038062776290400606,2.7731727519683713,0.4779116465863454,0.828
2023-09-13,TSLA,gru,0.01418033641106544,0.01860525831580162,-0.03554704412817955,0.07221390306949615,571.5624476955702,8225.094212674454,571.5624476955702,8225.094212674454,2.3253097205477724,30831660.613922592,0.029564780608095066,0.038062776290400606,2.7731727519683713,0.4779116465863454,0.828
2023-09-14,TSLA,gru,0.017320639037477315,0.021613309159874916,-0.03388994187116623,0.06907929480075836,581.5485073528288,8404.800671982692,581.5485073528288,8404.800671982692,2.247825527109977,33036776.837843277,0.029564780608095066,0.038062776290400606,2.7731727519683713,0.4779116465863454,0.828
2023-09-15,TSLA,gru,-0.0059953082833390835,0.02291177771985531,-0.022204183042049408,0.07407960295677185,578.0723754228966,8599.592958407908,578.0723754228966,8599.592958407908,2.19846443925891,35577057.040795006,0.029564780608095066,0.038062776290400606,2.7731727519683713,0.4779116465863454,0.828
2023-09-18,TSLA,gru,-0.03376463807907184,0.019495360553264618,-0.02780391089618206,0.061355993151664734,558.8798092489351,8768.88953060801,558.8798092489351,8768.88953060801,2.138180482141845,37828279.42128619,0.029564780608095066,0.038062776290400606,2.7731727519683713,0.4779116465863454,0.828
2023-09-19,TSLA,gru,0.004588376260533905,0.023233819752931595,-0.022659949958324432,0.06483536213636398,561.4500522097596,8975.009354842832,561.4500522097596,8975.009354842832,2.0902742329456023,40362144.00549163,0.029564780608095066,0.038062776290400606,2.7731727519683713,0.4779116465863454,0.828
2023-09-20,TSLA,gru,-0.014780377139554338,0.015505991876125336,-0.03135941922664642,0.06047655642032623,553.2126347229616,9115.259924579585,553.2126347229616,9115.259924579585,2.025741569022309,42878426.76971949,0.029564780608095066,0.038062776290400606,2.7731727519683713,0.4779116465863454,0.828
2023-09-21,TSLA,gru,-0.026588996104119158,0.01891590654850006,-0.03426346927881241,0.0646006166934967,538.6970980736434,9289.323995376379,538.6970980736434,9289.323995376379,1.957508270224187,45739827.826007,0.029564780608095066,0.038062776290400606,2.7731727519683713,0.4779116465863454,0.828
2023-09-22,TSLA,gru,-0.043236555785455495,0.015956850722432137,-0.027916310355067253,0.06096913665533066,515.9020319946765,9438.740823218632,515.9020319946765,9438.740823218632,1.903617572425493,48615312.03774931,0.029564780608095066,0.038062776290400606,2.7731727519683713,0.4779116465863454,0.828
2023-09-25,TSLA,gru,0.008579557642104906,0.01816146820783615,-0.029499024152755737,0.06566401571035385,520.3472851010348,9611.72798067103,520.3472851010348,9611.72798067103,1.848282889449892,51914729.96303505,0.029564780608095066,0.038062776290400606,2.7731727519683713,0.4779116465863454,0.828
2023-09-26,TSLA,gru,-0.011687984544270934,0.02090161107480526,-0.023387517780065536,0.06498406827449799,514.3008780637567,9814.743257501617,514.3008780637567,9814.743257501617,1.805557665455583,55400389.26760862,0.029564780608095066,0.038062776290400606,2.7731727519683713,0.4779116465863454,0.828
2023-09-27,TSLA,gru,-0.014939798128788435,0.01694297231733799,-0.031140292063355446,0.07145170122385025,506.6744373600269,9982.451116038697,506.6744373600269,9982.451116038697,1.750198454103869,59503690.08426684,0.029564780608095066,0.038062776290400606,2.7731727519683713,0.4779116465863454,0.828
2023-09-28,TSLA,gru,0.0241549898062297,0.015530279837548733,-0.031972985714673996,0.06051354482769966,519.0621636206224,10138.691094927826,519.0621636206224,10138.691094927826,1.6951245061693359,63215648.25583913,0.029564780608095066,0.038062776290400606,2.7731727519683713,0.4779116465863454,0.828
2023-09-29,TSLA,gru,0.015465456415727708,0.017587075009942055,-0.034648265689611435,0.07285235822200775,527.1520928678793,10318.578178434967,527.1520928678793,10318.578178434967,1.6373972523685965,67992967.02989595,0.029564780608095066,0.038062776290400606,2.7731727519683713,0.4779116465863454,0.828
2023-10-02,TSLA,gru,0.005500013317318054,0.016998322680592537,-0.03120574913918972,0.06503517925739288,530.0594242506367,10495.475828965176,530.0594242506367,10495.475828965176,1.5870900723750165,72561863.75426474,0.029564780608095066,0.038062776290400606,2.7731727519683713,0.4779116465863454,0.828
2023-10-03,TSLA,gru,-0.020356864105244222,0.022915123030543327,-0.026302337646484375,0.07425511628389359,519.3781639246085,10738.75728848303,519.3781639246085,10738.75728848303,1.5458901153647906,78155045.48793902,0.029564780608095066,0.038062776290400606,2.7731727519683713,0.4779116465863454,0.828
2023-10-04,TSLA,gru,0.05764957536105983,0.017704438418149948,-0.02711901254951954,0.06002628058195114,550.1999913365564,10930.573846676203,550.1999913365564,10930.573846676203,1.504530416335848,82990067.93043298,0.029564780608095066,0.038062776290400606,2.7731727519683713,0.4779116465863454,0.828
2023-10-05,TSLA,gru,-0.0042593870629195184,0.01838979497551918,-0.023531271144747734,0.06250067055225372,547.8614605009742,11133.44456173843,547.8614605009742,11133.44456173843,1.4695401544010707,88342529.44753599,0.029564780608095066,0.038062776290400606,2.7731727519683713,0.4779116465863454,0.828
2023-10-06,TSLA,gru,0.0018441397469999051,0.02480471134185791,-0.025788921862840652,0.07494942843914032,548.8727257667723,11413.059840795753,548.8727257667723,11413.059840795753,1.432126793695093,95218193.12269714,0.029564780608095066,0.038062776290400606,2.7731727519683713,0.4779116465863454,0.828
2023-10-09,TSLA,gru,-0.0033063672235030548,0.02075866051018238,-0.021170996129512787,0.06119154393672943,547.060947828557,11652.455501833563,547.060947828557,11652.455501833563,1.4021259290384243,101226697.60686839,0.029564780608095066,0.038062776290400606,2.7731727519683713,0.4779116465863454,0.828
2023-10-10,TSLA,gru,0.015097007960672728,0.01563669741153717,-0.025136673822999,0.05578663945198059,555.3825892010562,11836.093391433113,555.3825892010562,11836.093391433113,1.3673204416864795,107034285.13636705,0.029564780608095066,0.038062776290400606,2.7731727519683713,0.4779116465863454,0.828
2023-10-11,TSLA,gru,-0.0023926822540326844,0.01928677037358284,-0.030356675386428833,0.06084727495908737,554.055323631272,12066.588412815816,554.055323631272,12066.588412815816,1.326436807302137,113749255.52735102,0.029564780608095066,0.038062776290400606,2.7731727519683713,0.4779116465863454,0.828
2023-10-12,TSLA,gru,-0.015789985181823882,0.018444078043103218,-0.033055588603019714,0.06515087932348251,545.3755057188936,12291.210922318187,545.3755057188936,12291.210922318187,1.2833074123575035,121406867.74142954,0.029564780608095066,0.038062776290400606,2.7731727519683713,0.4779116465863454,0.828
2023-10-13,TSLA,gru,-0.030395093236742683,0.016178956255316734,-0.024539558216929436,0.05950400233268738,529.0481589848387,12491.687610706098,529.0481589848387,12491.687610706098,1.2521988715800147,128850329.22164457,0.029564780608095066,0.038062776290400606,2.7731727519683713,0.4779116465863454,0.828
2023-10-16,TSLA,gru,0.011088356477393282,0.020785482600331306,-0.029754074290394783,0.07482078671455383,534.9470777825757,12754.050624138108,534.9470777825757,12754.050624138108,1.2154896978767435,138860834.8633435,0.029564780608095066,0.038062776290400606,2.7731727519683713,0.4779116465863454,0.828
2023-10-17,TSLA,gru,0.003655911168542864,0.026005474850535393,-0.02681080438196659,0.07780865579843521,536.9063761068534,13090.076038901963,536.9063761068534,13090.076038901963,1.1833344431212807,150096871.6099678,0.029564780608095066,0.038062776290400606,2.7731727519683713,0.4779116465863454,0.828
2023-10-18,TSLA,gru,-0.04893148784195894,0.0218640249222517,-0.021185606718063354,0.06812646239995956,511.2671465594052,13379.428768191676,511.2671465594052,13379.428768191676,1.1585284697319873,160678810.84955913,0.029564780608095066,0.038062776290400606,2.7731727519683713,0.4779116465863454,0.828
2023-10-19,TSLA,gru,-0.09761624872658338,0.014589489437639713,-0.03436797112226486,0.05879240483045578,463.7177160771937,13576.059260024049,463.7177160771937,13576.059260024049,1.1193886379369207,170408732.37929124,0.029564780608095066,0.038062776290400606,2.7731727519683713,0.4779116465863454,0.828
2023-10-20,TSLA,gru,-0.037588294506417,0.020639760419726372,-0.020522288978099823,0.06340407580137253,446.61088049562557,13859.177586071719,446.61088049562557,13859.177586071719,1.096650335644596,181563215.09034497,0.029564780608095066,0.038062776290400606,2.7731727519683713,0.4779116465863454,0.828
2023-10-23,TSLA,gru,0.00042444095402800134,0.014787659980356693,-0.031038682907819748,0.0626208484172821,446.8004806780172,14065.64586101452,446.8004806780172,14065.64586101452,1.0631345914532027,193296396.06316498,0.029564780608095066,0.038062776290400606,2.7731727519683713,0.4779116465863454,0.828
2023-10-24,TSLA,gru,0.020719371046622376,0.014598928391933441,-0.032683100551366806,0.06327152252197266,456.15447543426114,14272.495468285755,456.15447543426114,14272.495468285755,1.028949712878469,205921759.1345309,0.029564780608095066,0.038062776290400606,2.7731727519683713,0.4779116465863454,0.828
2023-10-25,TSLA,gru,-0.01911750338776431,0.024223055690526962,-0.026248794049024582,0.07447807490825653,447.5167694647333,14622.440607624909,447.5167694647333,14622.440607624909,1.0022924265562299,221843993.5807415,0.029564780608095066,0.038062776290400606,2.7731727519683713,0.4779116465863454,0.828
2023-10-26,TSLA,gru,-0.031855023921114375,0.020356977358460426,-0.031882524490356445,0.06674911081790924,433.48577733036745,14923.160296315289,433.48577733036745,14923.160296315289,0.9708408509335478,237157260.0644036,0.029564780608095066,0.038062776290400606,2.7731727519683713,0.4779116465863454,0.828
2023-10-27,TSLA,gru,0.007456619810883741,0.019837817177176476,-0.023597508668899536,0.06435929983854294,436.7301971350574,15222.158690385271,436.7301971350574,15222.158690385271,0.9481996084066967,252922410.01902464,0.029564780608095066,0.038062776290400606,2.7731727519683713,0.4779116465863454,0.828
2023-10-30,TSLA,gru,-0.0491375588495086,0.01882147043943405,-0.02393091842532158,0.06886716187000275,415.78905308367774,15511.375074585403,415.78905308367774,15511.375074585403,0.9257776920265314,270954217.5425539,0.029564780608095066,0.038062776290400606,2.7731727519683713,0.4779116465863454,0.828
2023-10-31,TSLA,gru,0.017479077618859314,0.018701815977692604,-0.030364438891410828,0.06758768111467361,423.1205494548468,15804.194852796662,423.1205494548468,15804.194852796662,0.8980894763154789,289900451.7171709,0.029564780608095066,0.038062776290400606,2.7731727519683713,0.4779116465863454,0.828
2023-11-01,TSLA,gru,0.02371578467512363,0.023952515795826912,-0.017210816964507103,0.06463688611984253,433.27512117655056,16187.315179803909,433.27512117655056,16187.315179803909,0.8827648743558856,309257576.39343107,0.029564780608095066,0.038062776290400606,2.7731727519683713,0.4779116465863454,0.828
2023-11-02,TSLA,gru,0.06060741733192271,0.02450362965464592,-0.029941417276859283,0.07137014716863632,460.3468961509095,16588.86194605707,460.3468961509095,16588.86194605707,0.8567254085028957,332136038.2601773,0.029564780608095066,0.038062776290400606,2.7731727519683713,0.4779116465863454,0.828
2023-11-03,TSLA,gru,0.0066139872231546415,0.027135269716382027,-0.024216506630182266,0.07690133154392242,463.4017157732078,17045.168923434125,463.4017157732078,17045.168923434125,0.8362276859173658,358685515.38239896,0.029564780608095066,0.038062776290400606,2.7731727519683713,0.4779116465863454,0.828
2023-11-06,TSLA,gru,-0.0031418755173999516,0.024996817111968994,-0.028390664607286453,0.07460744678974152,461.94805008182914,17476.61330165298,461.94805008182914,17476.61330165298,0.8128204905039468,386469698.3750772,0.029564780608095066,0.038062776290400606,2.7731727519683713,0.4779116465863454,0.828
2023-11-07,TSLA,gru,0.013183964542986627,0.029357776045799255,-0.017220299690961838,0.08077770471572876,468.07868100480846,17997.292378916143,468.07868100480846,17997.292378916143,0.7989433229692677,418983366.8696997,0.029564780608095066,0.038062776290400606,2.7731727519683713,0.4779116465863454,0.828
2023-11-08,TSLA,gru,-0.0003150737899407528,0.026936443522572517,-0.027759375050663948,0.06970103085041046,467.9312249117887,18488.66351862647,467.9312249117887,18488.66351862647,0.7770701679055049,449228746.6464216,0.029564780608095066,0.038062776290400606,2.7731727519683713,0.4779116465863454,0.828
2023-11-09,TSLA,gru,-0.056160489658582134,0.023185689002275467,-0.021374322474002838,0.06605251133441925,442.3762835430843,18922.344213115124,442.3762835430843,18922.344213115124,0.7606370846518709,479903362.4612954,0.029564780608095066,0.038062776290400606,2.7731727519683713,0.4779116465863454,0.828
2023-11-10,TSLA,gru,0.021996498496030296,0.019278371706604958,-0.018139159306883812,0.05981562286615372,452.2148228142807,19290.676091523455,452.2148228142807,19290.676091523455,0.7469641550891594,509484960.58359253,0.029564780608095066,0.038062776290400606,2.7731727519683713,0.4779116465863454,0.828
2023-11-13,TSLA,gru,0.04134183399945281,0.020857132971286774,-0.0320269912481308,0.07128166407346725,471.3020448380731,19697.250285118072,471.3020448380731,19697.250285118072,0.7234201943478362,547127570.4606377,0.029564780608095066,0.038062776290400606,2.7731727519683713,0.4779116465863454,0.828
2023-11-14,TSLA,gru,0.059438019477541446,0.019896866753697395,-0.02972067892551422,0.07108102738857269,500.1645739257433,20093.08982796176,500.1645739257433,20093.08982796176,0.7022360314007935,587433496.4531077,0.029564780608095066,0.038062776290400606,2.7731727519683713,0.4779116465863454,0.828
2023-11-15,TSLA,gru,0.022614155469065075,0.023240994662046432,-0.02681286633014679,0.0750686377286911,511.60423498133804,20565.542625486294,511.60423498133804,20565.542625486294,0.6836572574977927,633228699.821828,0.029564780608095066,0.038062776290400606,2.7731727519683713,0.4779116465863454,0.828
2023-11-16,TSLA,gru,-0.03883534904080814,0.020150508731603622,-0.029599005356431007,0.0681510642170906,492.116756621337,20984.151510030566,492.116756621337,20984.151510030566,0.6637182104007797,677888393.4294789,0.029564780608095066,0.038062776290400606,2.7731727519683713,0.4779116465863454,0.828
2023-11-17,TSLA,gru,0.0030349323976646067,0.0237810667604208,-0.023577621206641197,0.07716885954141617,493.6125664020875,21489.158001095173,493.6125664020875,21489.158001095173,0.6482523549707679,732271660.3437301,0.029564780608095066,0.038062776290400606,2.7731727519683713,0.4779116465863454,0.828
2023-11-20,TSLA,gru,0.005533119144943252,0.016469232738018036,-0.037746790796518326,0.06629391759634018,496.3513535738783,21845.998698769512,496.3513535738783,21845.998698769512,0.6242389657216638,782462066.9168935,0.029564780608095066,0.038062776290400606,2.7731727519683713,0.4779116465863454,0.828
2023-11-21,TSLA,gru,0.023490974516940124,0.015843426808714867,-0.021877292543649673,0.05705342814326286,508.14915902283104,22194.871303578708,508.14915902283104,22194.871303578708,0.610730618838539,828402264.0136673,0.029564780608095066,0.038062776290400606,2.7731727519683713,0.4779116465863454,0.828
2023-11-22,TSLA,gru,-0.029408274734311717,0.02169725112617016,-0.021946154534816742,0.06563587486743927,493.42296621969575,22681.702268261666,493.42296621969575,22681.702268261666,0.5974734174994304,884599279.5817971,0.029564780608095066,0.038062776290400606,2.7731727519683713,0.4779116465863454,0.828
2023-11-24,TSLA,gru,0.005280386261856706,0.016876626759767532,-0.02098732441663742,0.06708350032567978,496.035321123371,23067.74184454733,496.035321123371,23067.74184454733,0.585064705732621,945977035.4486046,0.029564780608095066,0.038062776290400606,2.7731727519683713,0.4779116465863454,0.828
2023-11-27,TSLA,gru,0.0026721746625813217,0.013962638564407825,-0.028601277619600296,0.055558908730745316,497.36258669315515,23392.08851598823,497.36258669315515,23392.08851598823,0.5685681300051026,1000021924.2064074,0.029564780608095066,0.038062776290400606,2.7731727519683713,0.4779116465863454,0.828
2023-11-28,TSLA,gru,0.04408335693193017,0.01771078258752823,-0.029233526438474655,0.06906169652938843,519.7784524073387,23810.070490093887,519.7784524073387,23810.070490093887,0.5521874650495459,1071525819.7572097,0.029564780608095066,0.038062776290400606,2.7731727519683713,0.4779116465863454,0.828
2023-11-29,TSLA,gru,-0.010512266581044115,0.016531843692064285,-0.026980917900800705,0.05805272236466408,514.3430221531288,24206.96706420616,514.3430221531288,24206.96706420616,0.5374881192028825,1135571799.3608992,0.029564780608095066,0.038062776290400606,2.7731727519683713,0.4779116465863454,0.828
2023-11-30,TSLA,gru,-0.01676961998268328,0.016481690108776093,-0.03036239929497242,0.06176301836967468,505.78960436234473,24609.244538206447,505.78960436234473,24609.244538206447,0.5214139489462098,1207919320.2428427,0.029564780608095066,0.038062776290400606,2.7731727519683713,0.4779116465863454,0.828
2023-12-01,TSLA,gru,-0.005220199323597404,0.01990843564271927,-0.032449133694171906,0.06515414267778397,503.156161340723,25104.086846991835,503.156161340723,25104.086846991835,0.5047660875129352,1289240755.6975052,0.029564780608095066,0.038062776290400606,2.7731727519683713,0.4779116465863454,0.828
2023-12-04,TSLA,gru,-0.01370144313218934,0.020349476486444473,-0.01999327540397644,0.05963936448097229,496.30920948450637,25620.173661983958,496.30920948450637,25620.173661983958,0.49477436287702814,1368469370.4105036,0.029564780608095066,0.038062776290400606,2.7731727519683713,0.4779116465863454,0.828
2023-12-05,TSLA,gru,0.013240755825754019,0.020672114565968513,-0.02189653366804123,0.06447523087263107,502.9244170689594,26155.308779536776,502.9244170689594,26155.308779536776,0.4840582726604734,1459608240.7743015,0.029564780608095066,0.038062776290400606,2.7731727519683713,0.4779116465863454,0.828
2023-12-06,TSLA,gru,0.002719129460769398,0.021805914118885994,-0.02495301514863968,0.07444196194410324,504.29379458159417,26731.912341486473,504.29379458159417,26731.912341486473,0.4721290168452807,1572410832.6289663,0.029564780608095066,0.038062776290400606,2.7731727519683713,0.4779116465863454,0.828
2023-12-07,TSLA,gru,0.013568409275163597,0.013686399906873703,-0.02441229484975338,0.054724499583244324,511.1828905271827,27100.290782196003,511.1828905271827,27100.290782196003,0.4607427972386545,1660858342.1372154,0.029564780608095066,0.038062776290400606,2.7731727519683713,0.4779116465863454,0.828
2023-12-08,TSLA,gru,0.004933396614923965,0.018930766731500626,-0.024646326899528503,0.06746569275856018,513.7109893986353,27618.20544893782,513.7109893986353,27618.20544893782,0.44952596779969706,1776775594.967413,0.029564780608095066,0.038062776290400606,2.7731727519683713,0.4779116465863454,0.828
2023-12-11,TSLA,gru,-0.016957231787828677,0.01654748246073723,-0.02935134619474411,0.07336556911468506,505.07331557562867,28079.018747838018,505.07331557562867,28079.018747838018,0.436523535627641,1912030564.8033054,0.029564780608095066,0.038062776290400606,2.7731727519683713,0.4779116465863454,0.828
2023-12-12,TSLA,gru,-0.011452714531076777,0.021031012758612633,-0.02397513948380947,0.0662039965391159,499.32185287091147,28675.80192968813,499.32185287091147,28675.80192968813,0.4261822734774838,2042898750.4348955,0.029564780608095066,0.038062776290400606,2.7731727519683713,0.4779116465863454,0.828
2023-12-13,TSLA,gru,0.009573866272891631,0.01519777625799179,-0.03028317540884018,0.07111983746290207,504.1252503706279,29114.939253483877,504.1252503706279,29114.939253483877,0.41346959546558476,2193480501.789251,0.029564780608095066,0.038062776290400606,2.7731727519683713,0.4779116465863454,0.828
2023-12-14,TSLA,gru,0.04797595720291628,0.018827123567461967,-0.0328485369682312,0.06909863650798798,528.900702891819,29668.280838910647,528.900702891819,29668.280838910647,0.4001083682476692,2350406276.3518834,0.029564780608095066,0.038062776290400606,2.7731727519683713,0.4779116465863454,0.828
2023-12-15,TSLA,gru,0.009711688394547188,0.018871089443564415,-0.021244008094072342,0.05798434838652611,534.0622447848934,30233.46872460779,534.0622447848934,30233.46872460779,0.3916981161109172,2490721917.268163,0.029564780608095066,0.038062776290400606,2.7731727519683713,0.4779116465863454,0.828
2023-12-18,TSLA,gru,-0.0056173183184346845,0.01698792353272438,-0.025067057460546494,0.06376200914382935,531.0706573699136,30751.458669070336,531.0706573699136,30751.458669070336,0.38200144205199615,2654707796.8440857,0.029564780608095066,0.038062776290400606,2.7731727519683713,0.4779116465863454,0.828
2023-12-19,TSLA,gru,0.020185249870892544,0.019192276522517204,-0.02995825931429863,0.07246817648410797,541.8993737889615,31347.347803252796,541.8993737889615,31347.347803252796,0.3707270686369224,2854231907.748192,0.029564780608095066,0.038062776290400606,2.7731727519683713,0.4779116465863454,0.828
2023-12-20,TSLA,gru,-0.0399767793773106,0.020327627658843994,-0.01735926792025566,0.057820241898298264,520.663285405021,31991.084030923386,520.663285405021,31991.084030923386,0.3643470521701658,3024128738.0723753,0.029564780608095066,0.038062776290400606,2.7731727519683713,0.4779116465863454,0.828
2023-12-21,TSLA,gru,0.029345860784192233,0.014789892360568047,-0.02406872808933258,0.057395778596401215,536.1689992021909,32467.746380855708,536.1689992021909,32467.746380855708,0.35568238405060926,3202778776.424888,0.029564780608095066,0.038062776290400606,2.7731727519683713,0.4779116465863454,0.828
2023-12-22,TSLA,gru,-0.007731210565404946,0.015492883510887623,-0.028555743396282196,0.06147819757461548,532.0397463998187,32974.683354186556,532.0397463998187,32974.683354186556,0.34566925989395875,3405858337.2294483,0.029564780608095066,0.038062776290400606,2.7731727519683713,0.4779116465863454,0.828
2023-12-26,TSLA,gru,0.01598774007390915,0.017259428277611732,-0.024020126089453697,0.05747339874505997,540.6142201620281,33548.74639090994,540.6142201620281,33548.74639090994,0.3374651754422884,3607339152.2129073,0.029564780608095066,0.038062776290400606,2.7731727519683713,0.4779116465863454,0.828
2023-12-27,TSLA,gru,0.018647455510860632,0.017884353175759315,-0.029734957963228226,0.05712975189089775,550.7898800016784,34154.13979303072,550.7898800016784,34154.13979303072,0.32757837969355114,3819426118.0715265,0.029564780608095066,0.038062776290400606,2.7731727519683713,0.4779116465863454,0.828
2023-12-28,TSLA,gru,-0.032104151730159784,0.015117227099835873,-0.040039174258708954,0.06388430297374725,533.3880679410282,34674.378593817964,533.3880679410282,34674.378593817964,0.3147215087355155,4071390258.016257,0.029564780608095066,0.038062776290400606,2.7731727519683713,0.4779116465863454,0.828
2023-12-29,TSLA,gru,-0.018738327073791184,0.014589257538318634,-0.03856123238801956,0.07448365539312363,523.4863286090347,35183.961598224,523.4863286090347,35183.961598224,0.3028164772513668,4386221617.575307,0.029564780608095066,0.038062776290400606,2.7731727519683713,0.4779116465863454,0.828
2023-01-03,TSLA,transformer,-0.13058999220665155,0.005540622863918543,-0.03375771641731262,0.0426945760846138,227.74014929519757,260.95184409918147,227.74014929519757,260.95184409918147,250.895755736914,270.8296173349954,0.025812839960549894,0.034300341635932076,1.5014210400843908,0.5180722891566265,0.752
2023-01-04,TSLA,transformer,0.04997884108534127,0.01978633925318718,-0.01763135939836502,0.05725410580635071,239.41157069581647,266.16655200803575,239.41157069581647,266.16655200803575,246.51088656512246,286.7882290843409,0.025812839960549894,0.034300341635932076,1.5014210400843908,0.5180722891566265,0.752
2023-01-05,TSLA,transformer,-0.02946907696009933,0.009306132793426514,-0.025431707501411438,0.04016656428575516,232.45927468943077,268.6550986982602,232.45927468943077,268.6550986982602,240.32074685817227,298.5420019581236,0.025812839960549894,0.034300341635932076,1.5014210400843908,0.5180722891566265,0.752
2023-01-06,TSLA,transformer,0.02435215499827936,0.01326315850019455,-0.018996121361851692,0.04638131707906723,238.18964927620144,272.2420632708453,238.18964927620144,272.2420632708453,235.79867252482376,312.71492174622205,0.025812839960549894,0.034300341635932076,1.5014210400843908,0.5180722891566265,0.752
2023-01-09,TSLA,transformer,0.057654579278002493,0.008123747073113918,-0.023581650108098984,0.042429368942976,252.32596948747576,274.4626809153036,252.32596948747576,274.4626809153036,230.3032020159359,326.26872193313443,0.025812839960549894,0.034300341635932076,1.5014210400843908,0.5180722891566265,0.752
2023-01-10,TSLA,transformer,-0.007711027963739906,0.010275126434862614,-0.028593268245458603,0.048553455621004105,250.3877592811447,277.2973464222793,250.3877592811447,277.2973464222793,223.81133525426458,342.5010868289438,0.025812839960549894,0.034300341635932076,1.5014210400843908,0.5180722891566265,0.752
2023-01-11,TSLA,transformer,0.036109204525613114,0.013642707839608192,-0.029499448835849762,0.05998871475458145,259.5942818711082,281.1063715470135,259.5942818711082,281.1063715470135,217.30545548910257,363.67606587831654,0.025812839960549894,0.034300341635932076,1.5014210400843908,0.5180722891566265,0.752
2023-01-12,TSLA,transformer,0.00275546279838757,0.006548239383846521,-0.02906370535492897,0.04400518909096718,260.3105706578242,282.95316820771427,260.3105706578242,282.95316820771427,211.0806546131105,380.03705117188235,0.025812839960549894,0.034300341635932076,1.5014210400843908,0.5180722891566265,0.752
2023-01-13,TSLA,transformer,-0.009432465746951967,0.012805315665900707,-0.03793339803814888,0.06554703414440155,257.86674389185475,286.5997546332294,257.86674389185475,286.5997546332294,203.2236159027593,405.78187975755407,0.025812839960549894,0.034300341635932076,1.5014210400843908,0.5180722891566265,0.752
2023-01-17,TSLA,transformer,0.07163646233055776,0.010228333063423634,-0.020990634337067604,0.04350189119577408,277.01714990318374,289.5462430183201,277.01714990318374,289.5462430183201,199.00228318579266,423.823739720577,0.025812839960549894,0.034300341635932076,1.5014210400843908,0.5180722891566265,0.752
2023-01-18,TSLA,transformer,-0.020825332244057446,0.0113027049228549,-0.02794668823480606,0.046787530183792114,271.30783128783844,292.8374700448164,271.30783128783844,292.8374700448164,193.51781671098556,444.12462790528957,0.025812839960549894,0.034300341635932076,1.5014210400843908,0.5180722891566265,0.752
2023-01-19,TSLA,transformer,-0.012580752996881307,0.006893050856888294,-0.03231387585401535,0.04421614855527878,267.9159553901288,294.8629918625495,267.9159553901288,294.8629918625495,187.3644630676501,464.2027098873103,0.025812839960549894,0.034300341635932076,1.5014210400843908,0.5180722891566265,0.752
2023-01-20,TSLA,transformer,0.04797727392320426,0.009816528297960758,-0.02955247461795807,0.05141591280698776,281.08317049823756,297.7717935571336,281.08317049823756,297.7717935571336,181.90839348557208,488.6943238670796,0.025812839960549894,0.034300341635932076,1.5014210400843908,0.5180722891566265,0.752
2023-01-23,TSLA,transformer,0.07457364612008015,0.007491616066545248,-0.028017941862344742,0.044334422796964645,302.8459474865023,300.01095465961737,302.8459474865023,300.01095465961737,176.88243239596648,510.84773468699854,0.025812839960549894,0.034300341635932076,1.5014210400843908,0.5180722891566265,0.752
2023-01-24,TSLA,transformer,0.0009734348560736818,0.010790008120238781,-0.024874821305274963,0.05132128298282623,303.14089181906314,303.2655943932763,303.14089181906314,303.2655943932763,172.53678102971676,537.7495185516381,0.025812839960549894,0.034300341635932076,1.5014210400843908,0.5180722891566265,0.752
2023-01-25,TSLA,transformer,0.0037457958683397114,0.012624264694750309,-0.02395080402493477,0.045761141926050186,304.2785250599344,307.1183572903011,304.2785250599344,307.1183572903011,168.45348025711104,562.9292827200694,0.025812839960549894,0.034300341635932076,1.5014210400843908,0.5180722891566265,0.752
2023-01-26,TSLA,transformer,0.1040650092615062,0.005824950523674488,-0.02694527804851532,0.03814876079559326,337.6495394612815,308.9125336563166,337.6495394612815,308.9125336563166,163.9750570042567,584.8191890353291,0.025812839960549894,0.034300341635932076,1.5014210400843908,0.5180722891566265,0.752
2023-01-27,TSLA,transformer,0.10436164069972145,0.013114257715642452,-0.018181554973125458,0.052471719682216644,374.79159797860035,312.99037701416955,374.79159797860035,312.99037701416955,161.0206705177713,616.3249803956214,0.025812839960549894,0.034300341635932076,1.5014210400843908,0.5180722891566265,0.752
2023-01-30,TSLA,transformer,-0.06526572943550507,0.010810606181621552,-0.029197627678513527,0.045073747634887695,351.11169890195106,316.39235224002323,351.11169890195106,316.39235224002323,156.3872180922988,644.7406603800562,0.025812839960549894,0.034300341635932076,1.5014210400843908,0.5180722891566265,0.752
2023-01-31,TSLA,transformer,0.03860663902242871,0.015278215520083904,-0.02285081520676613,0.05816040560603142,364.93200273597864,321.26337769677866,364.93200273597864,321.26337769677866,152.85416339927633,683.3509709611731,0.025812839960549894,0.034300341635932076,1.5014210400843908,0.5180722891566265,0.752
2023-02-01,TSLA,transformer,0.046197213190127824,0.010493135079741478,-0.02454700693488121,0.043121371418237686,382.18632655708785,324.65217727340416,382.18632655708785,324.65217727340416,149.1477277074665,713.4625861727861,0.025812839960549894,0.034300341635932076,1.5014210400843908,0.5180722891566265,0.752
2023-02-02,TSLA,transformer,0.03711744228973266,0.01071352232247591,-0.02275942824780941,0.04456155747175217,396.6386631456089,328.14905631192147,396.6386631456089,328.14905631192147,145.79155143851835,745.9745772657265,0.025812839960549894,0.034300341635932076,1.5014210400843908,0.5180722891566265,0.752
2023-02-03,TSLA,transformer,0.009041655543147504,0.005317101255059242,-0.027707986533641815,0.04205480217933655,400.2411951971356,329.89851010644634,400.2411951971356,329.89851010644634,141.80740996435276,778.0153668803026,0.025812839960549894,0.034300341635932076,1.5014210400843908,0.5180722891566265,0.752
2023-02-06,TSLA,transformer,0.024849222136681733,0.010833646170794964,-0.025067050009965897,0.04586855694651604,410.31147874009554,333.49193306338464,410.31147874009554,333.49193306338464,138.29689976017616,814.5328799722541,0.025812839960549894,0.034300341635932076,1.5014210400843908,0.5180722891566265,0.752
2023-02-07,TSLA,transformer,0.010470780820742525,0.010962649248540401,-0.020095884799957275,0.044372208416461945,414.63033172485945,337.1679897553378,414.63033172485945,337.1679897553378,135.5454393523737,851.4893878596271,0.025812839960549894,0.034300341635932076,1.5014210400843908,0.5180722891566265,0.752
2023-02-08,TSLA,transformer,0.02250783702828191,0.008686051703989506,-0.02677769772708416,0.04639904201030731,424.0685825133259,340.1093944148815,424.0685825133259,340.1093944148815,131.96400605663078,891.9285481096886,0.025812839960549894,0.034300341635932076,1.5014210400843908,0.5180722891566265,0.752
2023-02-09,TSLA,transformer,0.029516907690852447,0.008593914099037647,-0.02521553263068199,0.042236294597387314,436.7723412244288,343.04487553098875,436.7723412244288,343.04487553098875,128.67806831355114,930.4071378986632,0.025812839960549894,0.034300341635932076,1.5014210400843908,0.5180722891566265,0.752
2023-02-10,TSLA,transformer,-0.05161833459581209,0.005302705802023411,-0.035988740622997284,0.049796245992183685,414.79887593582583,344.8687539919542,414.79887593582583,344.8687539919542,124.12944881650866,977.9108066281409,0.025812839960549894,0.034300341635932076,1.5014210400843908,0.5180722891566265,0.752
2023-02-13,TSLA,transformer,-0.011493498714308886,0.010009382851421833,-0.02271399274468422,0.04351755604147911,410.0586784969067,348.3379940225248,410.0586784969067,348.3379940225248,121.34175495931675,1021.4066141532788,0.025812839960549894,0.034300341635932076,1.5014210400843908,0.5180722891566265,0.752
2023-02-14,TSLA,transformer,0.07237801403011461,0.0053435685113072395,-0.03476131334900856,0.042332883924245834,440.8383618194826,350.2043407562549,440.8383618194826,350.2043407562549,117.19622661754232,1065.5740126542855,0.025812839960549894,0.034300341635932076,1.5014210400843908,0.5180722891566265,0.752
2023-02-15,TSLA,transformer,0.023567198213512965,0.009230745024979115,-0.02622147463262081,0.04633183032274246,451.3510779345444,353.4519708846517,451.3510779345444,353.4519708846517,114.1631068928695,1116.1055912582597,0.025812839960549894,0.034300341635932076,1.5014210400843908,0.5180722891566265,0.752
2023-02-16,TSLA,transformer,-0.058631243213632354,0.010426187887787819,-0.02780144102871418,0.045022204518318176,425.648648326299,357.15641670310066,425.648648326299,357.15641670310066,111.03291960121942,1167.503531230067,0.025812839960549894,0.034300341635932076,1.5014210400843908,0.5180722891566265,0.752
2023-02-17,TSLA,transformer,0.030561678706295534,0.008830748498439789,-0.022305753082036972,0.042090799659490585,438.85800752377975,360.32435354568656,438.85800752377975,360.32435354568656,108.58366168598862,1217.6934979001815,0.025812839960549894,0.034300341635932076,1.5014210400843908,0.5180722891566265,0.752
2023-02-21,TSLA,transformer,-0.05394722804913025,0.008925598114728928,-0.02693147584795952,0.04852001741528511,415.8101090551027,363.55483874435885,415.8101090551027,363.55483874435885,105.69837134354312,1278.2327781946915,0.025812839960549894,0.034300341635932076,1.5014210400843908,0.5180722891566265,0.752
2023-02-22,TSLA,transformer,0.017528035977254008,0.011705310083925724,-0.019171331077814102,0.04453374817967415,423.16269354421837,367.8353563598086,423.16269354421837,367.8353563598086,103.69129366475045,1336.4437719248976,0.025812839960549894,0.034300341635932076,1.5014210400843908,0.5180722891566265,0.752
2023-02-23,TSLA,transformer,0.006006057267467943,0.008728930726647377,-0.02552943117916584,0.041637517511844635,425.7118805336176,371.06021600852813,425.7118805336176,371.06021600852813,101.07761696413017,1393.2646434010833,0.025812839960549894,0.034300341635932076,1.5014210400843908,0.5180722891566265,0.752
2023-02-24,TSLA,transformer,-0.02601977738759486,0.006343411281704903,-0.028175383806228638,0.03581850975751877,414.77781996440063,373.42150604031497,414.77781996440063,373.42150604031497,98.26946424020387,1444.0737605819977,0.025812839960549894,0.034300341635932076,1.5014210400843908,0.5180722891566265,0.752
2023-02-27,TSLA,transformer,0.05316324215501689,0.007475420832633972,-0.03187315911054611,0.04451923072338104,437.4254299503478,376.22343335110304,437.4254299503478,376.22343335110304,95.1866941314012,1509.815325401355,0.025812839960549894,0.034300341635932076,1.5014210400843908,0.5180722891566265,0.752
2023-02-28,TSLA,transformer,-0.009290230436857878,0.007964666932821274,-0.021409498527646065,0.03770098090171814,433.38046532671933,379.23188143757443,433.38046532671933,379.23188143757443,93.17045518923985,1567.8234526276547,0.025812839960549894,0.034300341635932076,1.5014210400843908,0.5180722891566265,0.752
2023-03-01,TSLA,transformer,-0.014395089751065829,0.008788365870714188,-0.018828880041837692,0.04075837880373001,427.1866021964215,382.5793954857703,427.1866021964215,382.5793954857703,91.43257117931974,1633.0454516100865,0.025812839960549894,0.034300341635932076,1.5014210400843908,0.5180722891566265,0.752
2023-03-02,TSLA,transformer,-0.060322654091468045,0.004486453719437122,-0.030799172818660736,0.04277842491865158,402.1794054034668,384.29969220218896,402.1794054034668,384.29969220218896,88.65944833346411,1704.420406583238,0.025812839960549894,0.034300341635932076,1.5014210400843908,0.5180722891566265,0.752
2023-03-03,TSLA,transformer,0.03545612908951283,0.010210340842604637,-0.028173085302114487,0.04440535232424736,416.69494205278505,388.2436095007437,416.69494205278505,388.2436095007437,86.19649446288287,1781.8112921657696,0.025812839960549894,0.034300341635932076,1.5014210400843908,0.5180722891566265,0.752
2023-03-06,TSLA,transformer,-0.02032754273314496,0.006727416999638081,-0.026431651785969734,0.04305349290370941,408.3100684729673,390.8642953337651,408.3100684729673,390.8642953337651,83.94802643119418,1860.1997840500737,0.025812839960549894,0.034300341635932076,1.5014210400843908,0.5180722891566265,0.752
2023-03-07,TSLA,transformer,-0.03198003067013721,0.00467434199526906,-0.028666391968727112,0.04064401239156723,395.4588858153659,392.6956050575599,395.4588858153659,392.6956050575599,81.57570586243001,1937.3632084055691,0.025812839960549894,0.034300341635932076,1.5014210400843908,0.5180722891566265,0.752
2023-03-08,TSLA,transformer,-0.03089156736881823,0.008311289362609386,-0.026412073522806168,0.04239433631300926,383.4293039481283,395.97302748636866,383.4293039481283,395.97302748636866,79.4493287753282,2021.2621841991136,0.025812839960549894,0.034300341635932076,1.5014210400843908,0.5180722891566265,0.752
2023-03-09,TSLA,transformer,-0.05117763786639216,0.011394983157515526,-0.021445341408252716,0.0454879030585289,364.2999699814853,400.51095165655306,364.2999699814853,400.51095165655306,77.7636485397723,2115.328397164824,0.025812839960549894,0.034300341635932076,1.5014210400843908,0.5180722891566265,0.752
2023-03-10,TSLA,transformer,0.0030026831172517087,0.008152441121637821,-0.02933170646429062,0.04991699010133743,365.39549127950585,403.7894318903893,365.39549127950585,403.7894318903893,75.5158366438712,2223.598984601391,0.025812839960549894,0.034300341635932076,1.5014210400843908,0.5180722891566265,0.752
2023-03-13,TSLA,transformer,0.005978365078895034,0.005798857659101486,-0.024778086692094803,0.04073077812790871,367.5865017290258,406.1377680176949,367.5865017290258,406.1377680176949,73.66769169478448,2316.0375902320357,0.025812839960549894,0.034300341635932076,1.5014210400843908,0.5180722891566265,0.752
2023-03-14,TSLA,transformer,0.04909578215581386,0.0037497656885534525,-0.03432905301451683,0.04520371928811073,386.0838029411754,407.6635307689535,386.0838029411754,407.6635307689535,71.18166634098206,2423.1333125662104,0.025812839960549894,0.034300341635932076,1.5014210400843908,0.5180722891566265,0.752
2023-03-15,TSLA,transformer,-0.015452165385496644,0.005824995692819357,-0.031188132241368294,0.04210420697927475,380.1638281720131,410.04508906669054,380.1638281720131,410.04508906669054,68.99590352090419,2527.3358026307355,0.025812839960549894,0.034300341635932076,1.5014210400843908,0.5180722891566265,0.752
2023-03-16,TSLA,transformer,0.020188342220549882,0.0013428445672616363,-0.02913256734609604,0.03596639633178711,387.91670114385863,410.59607776993664,387.91670114385863,410.59607776993664,67.01487021521359,2619.889302714702,0.025812839960549894,0.034300341635932076,1.5014210400843908,0.5180722891566265,0.752
2023-03-17,TSLA,transformer,-0.021963216854791676,0.0049184695817530155,-0.029783044010400772,0.040050555020570755,379.489683474669,412.6205691244787,379.489683474669,412.6205691244787,65.04839235972305,2726.9468734594147,0.025812839960549894,0.034300341635932076,1.5014210400843908,0.5180722891566265,0.752
2023-03-20,TSLA,transformer,0.01717250122413543,0.007469891104847193,-0.032106492668390274,0.047735054045915604,386.0627469697501,415.7143596480343,386.0627469697501,415.7143596480343,62.99308813721832,2860.27476821554,0.025812839960549894,0.034300341635932076,1.5014210400843908,0.5180722891566265,0.752
2023-03-21,TSLA,transformer,0.07529223411697607,0.004720367956906557,-0.031607698649168015,0.04709610715508461,416.2525416272045,417.6813270696602,416.2525416272045,417.6813270696602,61.03315986096108,2998.2051697539223,0.025812839960549894,0.034300341635932076,1.5014210400843908,0.5180722891566265,0.752
2023-03-22,TSLA,transformer,-0.0330851466718186,0.009508279152214527,-0.02768343687057495,0.049395255744457245,402.7060940077911,421.67171700253306,402.7060940077911,421.67171700253306,59.36672539994747,3150.021016234651,0.025812839960549894,0.034300341635932076,1.5014210400843908,0.5180722891566265,0.752
2023-03-23,TSLA,transformer,0.0055821275337720674,0.00987313874065876,-0.03060758486390114,0.04897426441311836,404.96033666462955,425.8555554116654,404.96033666462955,425.8555554116654,57.57717978026654,3308.1309969284243,0.025812839960549894,0.034300341635932076,1.5014210400843908,0.5180722891566265,0.752
2023-03-24,TSLA,transformer,-0.009460894526444498,0.00880734995007515,-0.029238484799861908,0.045441024005413055,401.14711631276464,429.62279415449245,401.14711631276464,429.62279415449245,55.91808469329785,3461.9234886245613,0.025812839960549894,0.034300341635932076,1.5014210400843908,0.5180722891566265,0.752
2023-03-27,TSLA,transformer,0.007325624786097459,0.008314617909491062,-0.030664490535855293,0.04476558417081833,404.09655963837247,433.2098435052055,404.09655963837247,433.2098435052055,54.2294082742512,3620.419642167167,0.025812839960549894,0.034300341635932076,1.5014210400843908,0.5180722891566265,0.752
2023-03-28,TSLA,transformer,-0.013753472002494866,0.007617133669555187,-0.024336548522114754,0.037251636385917664,398.5768733519401,436.5222539280394,398.5768733519401,436.5222539280394,52.92558226134221,3757.8298140254906,0.025812839960549894,0.034300341635932076,1.5014210400843908,0.5180722891566265,0.752
2023-03-29,TSLA,transformer,0.0244876221590413,0.00869721733033657,-0.025932855904102325,0.04198922961950302,408.4575567125084,440.33535434694454,408.4575567125084,440.33535434694454,51.57071489393993,3918.97787063145,0.025812839960549894,0.034300341635932076,1.5014210400843908,0.5180722891566265,0.752
2023-03-30,TSLA,transformer,0.0071949836717746535,0.007379316724836826,-0.031309135258197784,0.04106346517801285,411.4070000381162,443.59673882228657,411.4070000381162,443.59673882228657,49.98109581520351,4083.2546734713683,0.025812839960549894,0.034300341635932076,1.5014210400843908,0.5180722891566265,0.752
2023-03-31,TSLA,transformer,0.060504162532241994,0.007860216312110424,-0.03378555178642273,0.045744091272354126,437.0672855569897,447.09723970670984,437.0672855569897,447.09723970670984,48.32066457425948,4274.377348204348,0.025812839960549894,0.034300341635932076,1.5014210400843908,0.5180722891566265,0.752
2023-04-03,TSLA,transformer,-0.06311918518816903,0.012078952044248581,-0.017287470400333405,0.04494259133934975,410.3325668580422,452.53045253721785,410.3325668580422,452.53045253721785,47.49250161482233,4470.861145245727,0.025812839960549894,0.034300341635932076,1.5014210400843908,0.5180722891566265,0.752
2023-04-04,TSLA,transformer,-0.011307735857578558,0.010013530030846596,-0.02438245341181755,0.04629211500287056,405.71876954071746,457.08466771381177,405.71876954071746,457.08466771381177,46.348520859607234,4682.692013547553,0.025812839960549894,0.034300341635932076,1.5014210400843908,0.5180722891566265,0.752
2023-04-05,TSLA,transformer,-0.03734894534323148,0.0053069330751895905,-0.030817793682217598,0.04190262407064438,390.84508849804115,459.5168270456191,390.84508849804115,459.5168270456191,44.94194686400571,4883.078060932197,0.025812839960549894,0.034300341635932076,1.5014210400843908,0.5180722891566265,0.752
2023-04-06,TSLA,transformer,-0.002482632348555218,0.0110924718901515,-0.018953921273350716,0.041652776300907135,389.87596732161495,464.64235806018127,389.87596732161495,464.64235806018127,44.09814367757627,5090.767305107617,0.025812839960549894,0.034300341635932076,1.5014210400843908,0.5180722891566265,0.752
2023-04-10,TSLA,transformer,-0.0029764508462149673,0.007557920180261135,-0.030349351465702057,0.04330775886774063,388.7172459627971,468.1674130286943,388.7172459627971,468.1674130286943,42.779897676543015,5316.080545357873,0.025812839960549894,0.034300341635932076,1.5014210400843908,0.5180722891566265,0.752
2023-04-11,TSLA,transformer,0.012281322445656457,0.011077065020799637,-0.029337331652641296,0.04722028225660324,393.5206434625135,473.3821789038639,393.5206434625135,473.3821789038639,41.54308063919251,5573.128758163239,0.025812839960549894,0.034300341635932076,1.5014210400843908,0.5180722891566265,0.752
2023-04-12,TSLA,transformer,-0.03403263254550459,0.0033588141668587923,-0.03162504732608795,0.04014606028795242,380.3534283544047,474.97484663076256,380.3534283544047,474.97484663076256,40.249836451952135,5801.419802041891,0.025812839960549894,0.034300341635932076,1.5014210400843908,0.5180722891566265,0.752
2023-04-13,TSLA,transformer,0.029256539212836878,0.012587256729602814,-0.026695609092712402,0.05076522380113602,391.6456333169797,480.99126822042854,391.6456333169797,480.99126822042854,39.18955708441883,6103.533744188572,0.025812839960549894,0.034300341635932076,1.5014210400843908,0.5180722891566265,0.752
2023-04-14,TSLA,transformer,-0.004853036816821088,0.012578162364661694,-0.020930614322423935,0.047481004148721695,389.7495672000205,487.07948367401093,389.7495672000205,487.07948367401093,38.377820226331515,6400.32602951061,0.025812839960549894,0.034300341635932076,1.5014210400843908,0.5180722891566265,0.752
2023-04-17,TSLA,transformer,0.010966636750077955,0.005491666030138731,-0.03779252991080284,0.04751349613070488,394.0473320668379,489.76171053081924,394.0473320668379,489.76171053081924,36.95448967751648,6711.768438425656,0.025812839960549894,0.034300341635932076,1.5014210400843908,0.5180722891566265,0.752
2023-04-18,TSLA,transformer,-0.014703352511066695,0.008899846114218235,-0.030762791633605957,0.044790469110012054,388.2959015086419,494.1399959906258,388.2959015086419,494.1399959906258,35.834974907870794,7019.225643435387,0.025812839960549894,0.034300341635932076,1.5014210400843908,0.5180722891566265,0.752
2023-04-19,TSLA,transformer,-0.020389861131667686,0.008876410312950611,-0.028737597167491913,0.052093975245952606,380.45877250457386,498.5456993659809,380.45877250457386,498.5456993659809,34.819820325648195,7394.577217845182,0.025812839960549894,0.034300341635932076,1.5014210400843908,0.5180722891566265,0.752
2023-04-20,TSLA,transformer,-0.10254036525166675,0.0074637699872255325,-0.03017808310687542,0.04515354335308075,343.3799140480522,502.28065807148425,343.3799140480522,502.28065807148425,33.78472177240586,7736.121453205165,0.025812839960549894,0.034300341635932076,1.5014210400843908,0.5180722891566265,0.752
2023-04-21,TSLA,transformer,0.012741333042302827,0.014271464198827744,-0.01833820715546608,0.044595714658498764,347.7830230650387,509.5003293956929,347.7830230650387,509.5003293956929,33.170817160369175,8088.927762845874,0.025812839960549894,0.034300341635932076,1.5014210400843908,0.5180722891566265,0.752
2023-04-24,TSLA,transformer,-0.015444550452118741,0.010460905730724335,-0.02389688417315483,0.04469872638583183,342.452936960998,514.8581375751885,342.452936960998,514.8581375751885,32.38753369991658,8458.694567243869,0.025812839960549894,0.034300341635932076,1.5014210400843908,0.5180722891566265,0.752
2023-04-25,TSLA,transformer,-0.011633104865311444,0.00683835381641984,-0.02870728075504303,0.03978101164102554,338.49222836959206,518.3909941894165,338.49222836959206,518.3909941894165,31.470993933272336,8801.972883062786,0.025812839960549894,0.034300341635932076,1.5014210400843908,0.5180722891566265,0.752
2023-04-26,TSLA,transformer,-0.04402465397224694,0.00823228806257248,-0.025049418210983276,0.04245910793542862,323.9134916594765,522.676123297736,323.9134916594765,522.676123297736,30.692454673715485,9183.743901296006,0.025812839960549894,0.034300341635932076,1.5014210400843908,0.5180722891566265,0.752
2023-04-27,TSLA,transformer,0.041032719267455574,0.007329314947128296,-0.029404565691947937,0.04377300292253494,337.48099525031523,526.5210783716386,337.48099525031523,526.5210783716386,29.803096589221685,9594.672421659749,0.025812839960549894,0.034300341635932076,1.5014210400843908,0.5180722891566265,0.752
2023-04-28,TSLA,transformer,0.025394246651119615,0.009644916281104088,-0.02011231705546379,0.0402931272983551,346.1608131626938,531.6239079651225,346.1608131626938,531.6239079651225,29.20967496072252,9989.165821708071,0.025812839960549894,0.034300341635932076,1.5014210400843908,0.5180722891566265,0.752
2023-05-01,TSLA,transformer,-0.015208459761728233,0.009119885973632336,-0.026560332626104355,0.045897167176008224,340.93607120882217,536.4944290573995,340.93607120882217,536.4944290573995,28.444068194006697,10458.324886648461,0.025812839960549894,0.034300341635932076,1.5014210400843908,0.5180722891566265,0.752
2023-05-02,TSLA,transformer,-0.009436987371174365,0.009532686322927475,-0.023605119436979294,0.05015411600470543,337.73379549350415,541.6330950179384,337.73379549350415,541.6330950179384,27.780504448119387,10996.228814093187,0.025812839960549894,0.034300341635932076,1.5014210400843908,0.5180722891566265,0.752
2023-05-03,TSLA,transformer,0.001869644402715088,0.006284280214458704,-0.03271397575736046,0.04189259931445122,338.3658282479976,545.0475639418337,338.3658282479976,545.0475639418337,26.886398345751356,11466.6741582964,0.025812839960549894,0.034300341635932076,1.5014210400843908,0.5180722891566265,0.752
2023-05-04,TSLA,transformer,0.0036667412660127767,0.007802520878612995,-0.02686280943453312,0.04332248121500015,339.608805639038,549.3169236891827,339.608805639038,549.3169236891827,26.173768123789493,11974.35620944715,0.025812839960549894,0.034300341635932076,1.5014210400843908,0.5180722891566265,0.752
2023-05-05,TSLA,transformer,0.05350549046047228,0.006195510737597942,-0.02710210345685482,0.04297209531068802,358.27465106215385,552.7307843896335,358.27465106215385,552.7307843896335,25.47393110575153,12500.134806527178,0.025812839960549894,0.034300341635932076,1.5014210400843908,0.5180722891566265,0.752
2023-05-08,TSLA,transformer,0.01012145995502574,0.004499353934079409,-0.02305286005139351,0.03245797008275986,361.91932720305243,555.2232956754024,361.91932720305243,555.2232956754024,24.893401097373385,12912.519949198948,0.025812839960549894,0.034300341635932076,1.5014210400843908,0.5180722891566265,0.752
2023-05-09,TSLA,transformer,-0.015486902413259212,0.009563049301505089,-0.026403967291116714,0.05084974691271782,356.3574968272481,560.5583612486079,356.3574968272481,560.5583612486079,24.244718011993875,13586.098879644853,0.025812839960549894,0.034300341635932076,1.5014210400843908,0.5180722891566265,0.752
2023-05-10,TSLA,transformer,-0.003612788634512576,0.004725480452179909,-0.03643180429935455,0.04338444024324417,355.0723753468358,563.2135366872327,355.0723753468358,563.2135366872327,23.377335627214958,14188.496982856912,0.025812839960549894,0.034300341635932076,1.5014210400843908,0.5180722891566265,0.752
2023-05-11,TSLA,transformer,0.020786425091438347,0.006366954650729895,-0.03063836693763733,0.04517237842082977,362.5303039861206,566.8109131882806,362.5303039861206,566.8109131882806,22.671953079285892,14844.12108371953,0.025812839960549894,0.034300341635932076,1.5014210400843908,0.5180722891566265,0.752
2023-05-12,TSLA,transformer,-0.024114596337054404,0.003999140579253435,-0.027487561106681824,0.034497179090976715,353.89259801659273,569.0821817987473,353.89259801659273,569.0821817987473,22.057243898423113,15365.137097704543,0.025812839960549894,0.034300341635932076,1.5014210400843908,0.5180722891566265,0.752
2023-05-15,TSLA,transformer,-0.009750860107846383,0.009788086637854576,-0.028643915429711342,0.05036604404449463,350.45861017603244,574.679786190868,350.45861017603244,574.679786190868,21.43440068162301,16158.838738960341,0.025812839960549894,0.034300341635932076,1.5014210400843908,0.5180722891566265,0.752
2023-05-16,TSLA,transformer,0.0010214088288270423,0.01185742300003767,-0.02300569973886013,0.050809331238269806,350.8167545693904,581.5345450169416,350.8167545693904,581.5345450169416,20.94691583726718,17001.0735338574,0.025812839960549894,0.034300341635932076,1.5014210400843908,0.5180722891566265,0.752
2023-05-17,TSLA,transformer,0.04313493317739194,0.009879403747618198,-0.027601849287748337,0.04989747330546379,366.28032427718824,587.308221004869,366.28032427718824,587.308221004869,20.376648171364103,17870.904827550316,0.025812839960549894,0.034300341635932076,1.5014210400843908,0.5180722891566265,0.752
2023-05-18,TSLA,transformer,0.01727768584344739,0.0068660397082567215,-0.027919653803110123,0.04167618229985237,372.6637875898777,591.3545989775882,372.6637875898777,591.3545989775882,19.815607093411288,18631.43481382476,0.025812839960549894,0.034300341635932076,1.5014210400843908,0.5180722891566265,0.752
2023-05-19,TSLA,transformer,0.018206255962432197,0.009416380897164345,-0.021523499861359596,0.040347062051296234,379.5107394460943,596.9492906163748,379.5107394460943,596.9492906163748,19.393663049078018,19398.52876198154,0.025812839960549894,0.034300341635932076,1.5014210400843908,0.5180722891566265,0.752
2023-05-22,TSLA,transformer,0.0473245988875953,0.011565962806344032,-0.02732028067111969,0.046590760350227356,397.90269650807477,603.8936958709879,397.90269650807477,603.8936958709879,18.870994548994762,20323.705381101758,0.025812839960549894,0.034300341635932076,1.5014210400843908,0.5180722891566265,0.752
2023-05-23,TSLA,transformer,-0.016549549453013485,0.008230282925069332,-0.02984800562262535,0.04685226455330849,391.37177710236557,608.8844564787016,391.37177710236557,608.8844564787016,18.316055876949658,21298.57653062227,0.025812839960549894,0.034300341635932076,1.5014210400843908,0.5180722891566265,0.752
2023-05-24,TSLA,transformer,-0.015569850375932186,0.007721273228526115,-0.025689266622066498,0.045011527836322784,385.32537006508755,613.6039851829516,385.32537006508755,613.6039851829516,17.85152270553901,22279.1616933177,0.025812839960549894,0.034300341635932076,1.5014210400843908,0.5180722891566265,0.752
2023-05-25,TSLA,transformer,0.008547333224801432,0.0056647551245987415,-0.03517455980181694,0.04270126298069954,388.6329899305747,617.0897463855144,388.6329899305747,617.0897463855144,17.234518309468232,23251.113961394825,0.025812839960549894,0.034300341635932076,1.5014210400843908,0.5180722891566265,0.752
2023-05-26,TSLA,transformer,0.04608376548838008,0.005201310385018587,-0.031836144626140594,0.04351489245891571,406.9617469317579,620.3077523950495,406.9617469317579,620.3077523950495,16.69447987961478,24285.22016895976,0.025812839960549894,0.034300341635932076,1.5014210400843908,0.5180722891566265,0.752
2023-05-30,TSLA,transformer,0.040530008769500823,0.003299384145066142,-0.03292728587985039,0.047356169670820236,423.79472629871185,622.3577697304224,423.79472629871185,622.3577697304224,16.15372779119088,25462.941923476643,0.025812839960549894,0.034300341635932076,1.5014210400843908,0.5180722891566265,0.752
2023-05-31,TSLA,transformer,0.013676132280176065,0.004586866591125727,-0.03091057389974594,0.04562694579362869,429.6304128891303,625.2190131867173,429.6304128891303,625.2190131867173,15.662045343170332,26651.651549135448,0.025812839960549894,0.034300341635932076,1.5014210400843908,0.5180722891566265,0.752
2023-06-01,TSLA,transformer,0.017450979367424225,0.007546158041805029,-0.035738326609134674,0.047209642827510834,437.1936856785842,629.9548455580592,437.1936856785842,629.9548455580592,15.11219392376809,27940.039054691246,0.025812839960549894,0.034300341635932076,1.5014210400843908,0.5180722891566265,0.752
2023-06-02,TSLA,transformer,0.030608082827557156,0.011610012501478195,-0.026935650035738945,0.050458841025829315,450.7822452408482,637.3112206224348,450.7822452408482,637.3112206224348,14.710570719931871,29386.034451687225,0.025812839960549894,0.034300341635932076,1.5014210400843908,0.5180722891566265,0.752
2023-06-05,TSLA,transformer,0.016868648629117366,0.009217530488967896,-0.02962903305888176,0.04164089635014534,458.45083003394996,643.2128357197132,458.45083003394996,643.2128357197132,14.281104219101618,30635.529995210727,0.025812839960549894,0.034300341635932076,1.5014210400843908,0.5180722891566265,0.752
2023-06-06,TSLA,transformer,0.0168599499197107,0.007710090838372707,-0.03271794319152832,0.045668333768844604,466.24581494864606,648.1912397391612,466.24581494864606,648.1912397391612,13.821417251087729,32067.04193442671,0.025812839960549894,0.034300341635932076,1.5014210400843908,0.5180722891566265,0.752
2023-06-07,TSLA,transformer,0.01462307267215497,0.010987511835992336,-0.03144345059990883,0.04816560819745064,473.1138549228092,655.3525074627867,473.1138549228092,655.3525074627867,13.393585760133664,33649.37153368313,0.025812839960549894,0.034300341635932076,1.5014210400843908,0.5180722891566265,0.752
2023-06-08,TSLA,transformer,0.04480209933086133,0.0062359101139009,-0.031269293278455734,0.039749596267938614,494.79234373233015,659.4519918440574,494.79234373233015,659.4519918440574,12.98125831059767,35013.86135379365,0.025812839960549894,0.034300341635932076,1.5014210400843908,0.5180722891566265,0.752
2023-06-09,TSLA,transformer,0.03981660778824774,0.009955818764865398,-0.03123723715543747,0.049783267080783844,514.890766728878,666.0502002752354,514.890766728878,666.0502002752354,12.582027663850678,36801.08340329102,0.025812839960549894,0.034300341635932076,1.5014210400843908,0.5180722891566265,0.752
2023-06-12,TSLA,transformer,0.021974491562613167,0.004944027401506901,-0.039027418941259384,0.043003637343645096,526.330459930994,669.3513085314137,526.330459930994,669.3513085314137,12.100442262399644,38418.18690285699,0.025812839960549894,0.034300341635932076,1.5014210400843908,0.5180722891566265,0.752
2023-06-13,TSLA,transformer,0.03492701634188564,0.005309077445417643,-0.030340487137436867,0.04538439214229584,545.0384172969606,672.9143804178532,545.0384172969606,672.9143804178532,11.738822781355173,40201.943002735,0.025812839960549894,0.034300341635932076,1.5014210400843908,0.5180722891566265,0.752
2023-06-14,TSLA,transformer,-0.007449046704933148,0.011063890531659126,-0.02332484722137451,0.049147315323352814,540.9934848198533,680.4007723754792,540.9934848198533,680.4007723754792,11.468185422012608,42227.12006050987,0.025812839960549894,0.034300341635932076,1.5014210400843908,0.5180722891566265,0.752
2023-06-15,TSLA,transformer,-0.0034719442089692484,0.01030881330370903,-0.02571825496852398,0.04689460247755051,539.1184425277982,687.4511860720027,539.1184425277982,687.4511860720027,11.177003760760293,44254.50918208646,0.025812839960549894,0.034300341635932076,1.5014210400843908,0.5180722891566265,0.752
2023-06-16,TSLA,transformer,0.01796971375181672,0.008043634705245495,-0.024667859077453613,0.03940073400735855,548.8938138847185,693.0030911679161,548.8938138847185,693.0030911679161,10.9046639844601,46032.97574804342,0.025812839960549894,0.034300341635932076,1.5014210400843908,0.5180722891566265,0.752
2023-06-20,TSLA,transformer,0.05201270640767318,0.007505299523472786,-0.032151587307453156,0.04708261787891388,578.1987755444904,698.2238647872636,578.1987755444904,698.2238647872636,10.559637890369705,48252.160801324724,0.025812839960549894,0.034300341635932076,1.5014210400843908,0.5180722891566265,0.752
2023-06-21,TSLA,transformer,-0.05616662426467672,0.004433742258697748,-0.028734514489769936,0.04298217594623566,546.6184831099334,701.326440871394,546.6184831099334,701.326440871394,10.260529628519173,50371.363127472956,0.025812839960549894,0.034300341635932076,1.5014210400843908,0.5180722891566265,0.752
2023-06-22,TSLA,transformer,0.019654473293680905,0.007019526325166225,-0.033976055681705475,0.045098677277565,557.4682555004066,706.266721871237,557.4682555004066,706.266721871237,9.917772905963181,52695.05123134156,0.025812839960549894,0.034300341635932076,1.5014210400843908,0.5180722891566265,0.752
2023-06-23,TSLA,transformer,-0.03073851253541729,0.010311175137758255,-0.0190998837351799,0.042037393897771835,540.5931963371232,713.5868462430485,540.5931963371232,713.5868462430485,9.730142195605842,54957.43231901071,0.025812839960549894,0.034300341635932076,1.5014210400843908,0.5180722891566265,0.752
2023-06-26,TSLA,transformer,-0.06251408245574486,0.010029946453869343,-0.022183038294315338,0.045114658772945404,507.83315871884435,720.7801275723416,507.83315871884435,720.7801275723416,9.51667454410627,57493.5981965444,0.025812839960549894,0.034300341635932076,1.5014210400843908,0.5180722891566265,0.752
2023-06-27,TSLA,transformer,0.03729619858071868,0.008559128269553185,-0.03083363175392151,0.04609312117099762,527.1310368964537,726.975826865819,527.1310368964537,726.975826865819,9.227718398888932,60205.68335555529,0.025812839960549894,0.034300341635932076,1.5014210400843908,0.5180722891566265,0.752
2023-06-28,TSLA,transformer,0.023813875097039847,0.00678752176463604,-0.03218584880232811,0.045883212238550186,539.8347313145141,731.9270157806543,539.8347313145141,731.9270157806543,8.935445443250524,63032.46833149755,0.025812839960549894,0.034300341635932076,1.5014210400843908,0.5180722891566265,0.752
2023-06-29,TSLA,transformer,0.004905252914132209,0.008495425805449486,-0.02069980651140213,0.041776660829782486,542.4892624540824,738.1715026687518,542.4892624540824,738.1715026687518,8.752384878820356,65721.53098340135,0.025812839960549894,0.034300341635932076,1.5014210400843908,0.5180722891566265,0.752
2023-06-30,TSLA,transformer,0.016446493545468958,0.011106867343187332,-0.024961911141872406,0.05229555070400238,551.4850806704471,746.4159322672067,551.4850806704471,746.4159322672067,8.536612702735889,69249.92910305178,0.025812839960549894,0.034300341635932076,1.5014210400843908,0.5180722891566265,0.752
2023-07-03,TSLA,transformer,0.06668035183063045,0.007853521965444088,-0.026512201875448227,0.042869847267866135,589.5120364784908,752.3009615049803,589.5120364784908,752.3009615049803,8.31326233485947,72283.21608579875,0.025812839960549894,0.034300341635932076,1.5014210400843908,0.5180722891566265,0.752
2023-07-05,TSLA,transformer,0.009461225032650612,0.01393912360072136,-0.02039743959903717,0.05035797506570816,595.1160109436671,762.8608405595564,595.1160109436671,762.8608405595564,8.145410626752218,76016.46666234118,0.025812839960549894,0.034300341635932076,1.5014210400843908,0.5180722891566265,0.752
2023-07-06,TSLA,transformer,-0.02125228365266279,0.011057154275476933,-0.028614360839128494,0.04631723836064339,582.6018845614772,771.3427326372587,582.6018845614772,771.3427326372587,7.915637945415784,79620.15447281142,0.025812839960549894,0.034300341635932076,1.5014210400843908,0.5180722891566265,0.752
2023-07-07,TSLA,transformer,-0.007659314226953743,0.009870550595223904,-0.033451713621616364,0.04737594723701477,578.1565993085975,778.993993583383,578.1565993085975,778.993993583383,7.65522638759197,83483.01817174791,0.025812839960549894,0.034300341635932076,1.5014210400843908,0.5180722891566265,0.752
2023-07-10,TSLA,transformer,-0.01771977662648564,0.006712229456752539,-0.030182529240846634,0.03929929807782173,568.0020275868937,784.240399740577,568.0020275868937,784.240399740577,7.427624475565928,86829.16275257549,0.025812839960549894,0.034300341635932076,1.5014210400843908,0.5180722891566265,0.752
2023-07-11,TSLA,transformer,0.0006674942605875906,0.005037070717662573,-0.03202589601278305,0.04621647298336029,568.3812922447196,788.2006762934224,568.3812922447196,788.2006762934224,7.193516752967141,90936.27366878405,0.025812839960549894,0.034300341635932076,1.5014210400843908,0.5180722891566265,0.752
2023-07-12,TSLA,transformer,0.008121354742896705,0.008712991140782833,-0.03493499755859375,0.05081574618816376,573.0161133869484,795.098247791104,573.0161133869484,795.098247791104,6.946550384913285,95676.69342765496,0.025812839960549894,0.034300341635932076,1.5014210400843908,0.5180722891566265,0.752
2023-07-13,TSLA,transformer,0.021496049775542363,0.008059076964855194,-0.028648115694522858,0.043501757085323334,585.4670397083412,801.5319348657133,585.4670397083412,801.5319348657133,6.750368448817446,99930.65587026674,0.025812839960549894,0.034300341635932076,1.5014210400843908,0.5180722891566265,0.752
2023-07-14,TSLA,transformer,0.012444771516691934,0.005837282631546259,-0.027529332786798477,0.041316624730825424,592.7985682260315,806.2243979443617,592.7985682260315,806.2243979443617,6.567069959201889,104145.93957991654,0.025812839960549894,0.034300341635932076,1.5014210400843908,0.5180722891566265,0.752
2023-07-17,TSLA,transformer,0.03148434056863512,0.008957612328231335,-0.03268558531999588,0.05040085315704346,611.7593579817083,813.4786421923278,611.7593579817083,813.4786421923278,6.35589149076296,109529.51449891378,0.025812839960549894,0.034300341635932076,1.5014210400843908,0.5180722891566265,0.752
2023-07-18,TSLA,transformer,0.010141906463636843,0.005641705822199583,-0.027276011183857918,0.03816649317741394,617.9953330548567,818.0810382464107,617.9953330548567,818.0810382464107,6.184871075244282,113790.67154853983,0.025812839960549894,0.034300341635932076,1.5014210400843908,0.5180722891566265,0.752
2023-07-19,TSLA,transformer,-0.00711596075110357,0.008115794509649277,-0.026529621332883835,0.042753953486680984,613.6133121558169,824.7474083439776,613.6133121558169,824.7474083439776,6.0229461792447685,118761.16477469017,0.025812839960549894,0.034300341635932076,1.5014210400843908,0.5180722891566265,0.752
2023-07-20,TSLA,transformer,-0.1024426640636013,0.007180738262832165,-0.03536732494831085,0.04628733545541763,553.8657234488803,830.6909993517608,553.8657234488803,830.6909993517608,5.813653558361255,124387.5131243334,0.025812839960549894,0.034300341635932076,1.5014210400843908,0.5180722891566265,0.752
2023-07-21,TSLA,transformer,-0.011015199637560409,0.014115538448095322,-0.023926645517349243,0.052837006747722626,547.7982604401769,842.4997608270494,547.7982604401769,842.4997608270494,5.676203328647788,131136.4997781383,0.025812839960549894,0.034300341635932076,1.5014210400843908,0.5180722891566265,0.752
2023-07-24,TSLA,transformer,0.03417588510139735,0.003774689044803381,-0.03764206916093826,0.04516710340976715,566.8433383745975,845.685922632736,566.8433383745975,845.685922632736,5.4665106277094475,137195.35483943234,0.025812839960549894,0.034300341635932076,1.5014210400843908,0.5180722891566265,0.752
2023-07-25,TSLA,transformer,-0.014148526638195701,0.006099743768572807,-0.024998806416988373,0.03868923336267471,558.879809248935,850.86018157762,558.879809248935,850.86018157762,5.331548496112992,142607.35855620654,0.025812839960549894,0.034300341635932076,1.5014210400843908,0.5180722891566265,0.752
2023-07-26,TSLA,transformer,-0.003511861575139069,0.006579591426998377,-0.029707342386245728,0.04151519387960434,556.9205430711786,856.4769934986255,556.9205430711786,856.4769934986255,5.175491882830003,148652.3469013776,0.025812839960549894,0.034300341635932076,1.5014210400843908,0.5180722891566265,0.752
2023-07-27,TSLA,transformer,-0.03322998965193553,0.006267420016229153,-0.029263507574796677,0.04330049082636833,538.7181861915899,861.8617482323211,538.7181861915899,861.8617482323211,5.02623344534313,155230.46304332398,0.025812839960549894,0.034300341635932076,1.5014210400843908,0.5180722891566265,0.752
2023-07-28,TSLA,transformer,0.041105070589749985,0.0081861587241292,-0.022466812282800674,0.040240127593278885,561.3236520881651,868.9460095619858,561.3236520881651,868.9460095619858,4.914569034536482,161604.33236128098,0.025812839960549894,0.034300341635932076,1.5014210400843908,0.5180722891566265,0.752
2023-07-31,TSLA,transformer,0.0037087357528333273,0.007942563854157925,-0.02771960385143757,0.04541315883398056,563.4093183875159,875.8751134695257,563.4093183875159,875.8751134695257,4.780210014920839,169112.4941536971,0.025812839960549894,0.034300341635932076,1.5014210400843908,0.5180722891566265,0.752
2023-08-01,TSLA,transformer,-0.02406922380883306,0.005930029321461916,-0.030729256570339203,0.04146592319011688,550.0103911541648,881.08445942552,550.0103911541648,881.08445942552,4.635551615882198,176272.32076004968,0.025812839960549894,0.034300341635932076,1.5014210400843908,0.5180722891566265,0.752
2023-08-02,TSLA,transformer,-0.027021352113566002,0.0076879882253706455,-0.033036008477211,0.04318656772375107,535.3473662653055,887.8843251366377,535.3473662653055,887.8843251366377,4.484913462667498,184051.69588560323,0.025812839960549894,0.034300341635932076,1.5014210400843908,0.5180722891566265,0.752
2023-08-03,TSLA,transformer,0.020295602012260543,0.006509615574032068,-0.03313213214278221,0.04480931535363197,546.3235709238943,893.6829919419779,546.3235709238943,893.6829919419779,4.338753466270736,192486.5019715681,0.025812839960549894,0.034300341635932076,1.5014210400843908,0.5180722891566265,0.752
2023-08-04,TSLA,transformer,-0.021279912186420162,0.0069353459402918816,-0.03546353057026863,0.04432571306824684,534.8206776609811,899.9025236055832,534.8206776609811,899.9025236055832,4.1875822972896035,201210.52455279735,0.025812839960549894,0.034300341635932076,1.5014210400843908,0.5180722891566265,0.752
2023-08-07,TSLA,transformer,-0.009538785882980292,0.003983392845839262,-0.02735034190118313,0.034132473170757294,529.7433918001292,903.4943634311373,529.7433918001292,903.4943634311373,4.074602646710249,208196.87850382176,0.025812839960549894,0.034300341635932076,1.5014210400843908,0.5180722891566265,0.752
2023-08-08,TSLA,transformer,-0.00698396541730477,0.003262003418058157,-0.03792328014969826,0.045967284590005875,526.0565715698588,906.4463399107774,526.0565715698588,906.4463399107774,3.9229736178635566,217990.4815014212,0.025812839960549894,0.034300341635932076,1.5014210400843908,0.5180722891566265,0.752
2023-08-09,TSLA,transformer,-0.030537632908455258,0.00635285722091794,-0.02911059558391571,0.04462487995624542,510.2348574687029,912.2231657891556,510.2348574687029,912.2231657891556,3.810419606171348,227938.60378081398,0.025812839960549894,0.034300341635932076,1.5014210400843908,0.5180722891566265,0.752
2023-08-10,TSLA,transformer,0.012922436522360333,0.0052253748290240765,-0.029702764004468918,0.04196537658572197,516.8711210245813,917.0023119466708,516.8711210245813,917.0023119466708,3.6989038667620595,237707.67902053025,0.025812839960549894,0.034300341635932076,1.5014210400843908,0.5180722891566265,0.752
2023-08-11,TSLA,transformer,-0.011024937980288016,0.007660719566047192,-0.030793234705924988,0.04476945102214813,511.2039464986078,924.0542351195834,511.2039464986078,924.0542351195834,3.586738592075302,248591.53833449015,0.025812839960549894,0.034300341635932076,1.5014210400843908,0.5180722891566265,0.752
2023-08-14,TSLA,transformer,-0.011981650600334395,0.004949201364070177,-0.031353797763586044,0.04083733633160591,505.1154275184791,928.6389215497608,505.1154275184791,928.6389215497608,3.4760255189885125,258953.48023265722,0.025812839960549894,0.034300341635932076,1.5014210400843908,0.5180722891566265,0.752
2023-08-15,TSLA,transformer,-0.028771606269163794,0.0065002646297216415,-0.030792370438575745,0.04020910710096359,490.78952319807377,934.6950062830444,490.78952319807377,934.6950062830444,3.3706216906981896,269577.92212398816,0.025812839960549894,0.034300341635932076,1.5014210400843908,0.5180722891566265,0.752
2023-08-16,TSLA,transformer,-0.03210324714965498,0.00781158497557044,-0.034518614411354065,0.046083174645900726,475.283809400904,942.0250556772145,475.283809400904,942.0250556772145,3.2562576898817555,282291.61049430777,0.025812839960549894,0.034300341635932076,1.5014210400843908,0.5180722891566265,0.752
2023-08-17,TSLA,transformer,-0.02868774932252366,0.0002651416580192745,-0.0271000936627388,0.03021629899740219,461.8427059316597,942.2748067352954,461.8427059316597,942.2748067352954,3.1691977335030765,290951.5938117087,0.025812839960549894,0.034300341635932076,1.5014210400843908,0.5180722891566265,0.752
2023-08-18,TSLA,transformer,-0.017161267109647337,0.0078060985542833805,-0.02626023069024086,0.04726751521229744,453.9845209561663,949.6591312287003,453.9845209561663,949.6591312287003,3.087057122495938,305034.35756509594,0.025812839960549894,0.034300341635932076,1.5014210400843908,0.5180722891566265,0.752
2023-08-21,TSLA,transformer,0.07071456218373605,0.001724471803754568,-0.03168901428580284,0.03382837399840355,487.250159060823,951.2981594085758,487.250159060823,951.2981594085758,2.990765070272832,315529.68068914,0.025812839960549894,0.034300341635932076,1.5014210400843908,0.5180722891566265,0.752
2023-08-22,TSLA,transformer,0.00822448994977978,0.0026540816761553288,-0.030474822968244553,0.04409007355570793,491.27406771302617,953.8263787705789,491.27406771302617,953.8263787705789,2.900996746541269,329752.6510114275,0.025812839960549894,0.034300341635932076,1.5014210400843908,0.5180722891566265,0.752
2023-08-23,TSLA,transformer,0.015615669490355368,0.008920027874410152,-0.023750565946102142,0.04603508114814758,499.0058525669251,962.3725576425414,499.0058525669251,962.3725576425414,2.8329081499068485,345287.67880409147,0.025812839960549894,0.034300341635932076,1.5014210400843908,0.5180722891566265,0.752
2023-08-24,TSLA,transformer,-0.02921607421029239,0.008871243335306644,-0.027400795370340347,0.048304181545972824,484.6377720106266,970.9479284238039,484.6377720106266,970.9479284238039,2.7563380447760593,362375.9162259852,0.025812839960549894,0.034300341635932076,1.5014210400843908,0.5180722891566265,0.752
2023-08-25,TSLA,transformer,0.036493404628287436,0.008727018721401691,-0.023639030754566193,0.04029392451047897,502.65052870782375,979.4585012484185,502.65052870782375,979.4585012484185,2.691945020850171,377275.62330698565,0.025812839960549894,0.034300341635932076,1.5014210400843908,0.5180722891566265,0.752
2023-08-28,TSLA,transformer,0.0009635784854130897,0.0069951401092112064,-0.029399491846561432,0.04094179719686508,503.13510536929743,986.333946357549,503.13510536929743,986.333946357549,2.613955193412503,393042.51452588354,0.025812839960549894,0.034300341635932076,1.5014210400843908,0.5180722891566265,0.752
2023-08-29,TSLA,transformer,0.07406603958973092,0.0036142487078905106,-0.030925873667001724,0.03711527958512306,541.8150856102175,989.905208830741,541.8150856102175,989.905208830741,2.5343535936052892,407904.5170699948,0.025812839960549894,0.034300341635932076,1.5014210400843908,0.5180722891566265,0.752
2023-08-30,TSLA,transformer,-0.001089320005828064,0.007645132020115852,-0.029939226806163788,0.04425857216119766,541.225196945096,997.5021924463904,541.225196945096,997.5021924463904,2.4596016237610216,426363.2413430652,0.025812839960549894,0.034300341635932076,1.5014210400843908,0.5180722891566265,0.752
2023-08-31,TSLA,transformer,0.004582681990043304,0.0059966291300952435,-0.03938606381416321,0.047216981649398804,543.7111517271767,1003.501873575832,543.7111517271767,1003.501873575832,2.364610501628015,446977.6907535189,0.025812839960549894,0.034300341635932076,1.5014210400843908,0.5180722891566265,0.752
2023-09-01,TSLA,transformer,-0.05197055872941742,0.006905291695147753,-0.031854938715696335,0.04277903214097023,516.1758882092905,1010.4552977796413,516.1758882092905,1010.4552977796413,2.290473017017108,466513.85711996997,0.025812839960549894,0.034300341635932076,1.5014210400843908,0.5180722891566265,0.752
2023-09-05,TSLA,transformer,0.04579063580383254,0.009180624969303608,-0.031013350933790207,0.05395044758915901,540.3614199188388,1019.7745906853675,540.3614199188388,1019.7745906853675,2.2205280021973426,492373.8023648528,0.025812839960549894,0.034300341635932076,1.5014210400843908,0.5180722891566265,0.752
2023-09-06,TSLA,transformer,-0.017978069897591802,0.008740066550672054,-0.03036455251276493,0.04350493848323822,530.7335689479808,1028.726512304412,530.7335689479808,1028.726512304412,2.1541160504867265,514267.2941880364,0.025812839960549894,0.034300341635932076,1.5014210400843908,0.5180722891566265,0.752
2023-09-07,TSLA,transformer,-0.0017083203640211426,0.011314548552036285,-0.02612079679965973,0.04680036008358002,529.8276799788731,1040.4321496464454,529.8276799788731,1040.4321496464454,2.098577370004903,538907.2987531137,0.025812839960549894,0.034300341635932076,1.5014210400843908,0.5180722891566265,0.752
2023-09-08,TSLA,transformer,-0.01196040362366716,0.009407779201865196,-0.025866251438856125,0.04440661147236824,523.5284726984062,1050.2665471504909,523.5284726984062,1050.2665471504909,2.0449910987944273,563377.6215676088,0.025812839960549894,0.034300341635932076,1.5014210400843908,0.5180722891566265,0.752
2023-09-11,TSLA,transformer,0.09615118904304938,0.012652968056499958,-0.02056456170976162,0.0509343147277832,576.3658451952865,1063.6399484625892,576.3658451952865,1063.6399484625892,2.0033661864549424,592816.1998308271,0.025812839960549894,0.034300341635932076,1.5014210400843908,0.5180722891566265,0.752
2023-09-12,TSLA,transformer,-0.022549196320499374,0.01155827660113573,-0.025804147124290466,0.05235469341278076,563.5146946842063,1076.0050712307616,563.5146946842063,1076.0050712307616,1.9523322929751268,624679.7398398874,0.025812839960549894,0.034300341635932076,1.5014210400843908,0.5180722891566265,0.752
2023-09-13,TSLA,transformer,0.01418033641106544,0.010912860743701458,-0.02958279475569725,0.05423743650317192,571.5624476955702,1087.8116649804558,571.5624476955702,1087.8116649804558,1.8954227197053484,659496.4090947245,0.025812839960549894,0.034300341635932076,1.5014210400843908,0.5180722891566265,0.752
2023-09-14,TSLA,transformer,0.017320639037477315,0.008833933621644974,-0.020587045699357986,0.04148309305310249,581.5485073528288,1097.4639321575,581.5485073528288,1097.4639321575,1.8568005191087829,687429.733924898,0.025812839960549894,0.034300341635932076,1.5014210400843908,0.5180722891566265,0.752
2023-09-15,TSLA,transformer,-0.0059953082833390835,0.011755704879760742,-0.024607887491583824,0.04363470524549484,578.0723754228966,1110.4415360953994,578.0723754228966,1110.4415360953994,1.811666138833782,718089.598564084,0.025812839960549894,0.034300341635932076,1.5014210400843908,0.5180722891566265,0.752
2023-09-18,TSLA,transformer,-0.03376463807907184,0.01044328324496746,-0.024519439786672592,0.051756832748651505,558.8798092489351,1122.099003393276,558.8798092489351,1122.099003393276,1.7677852278308284,756234.2734756017,0.025812839960549894,0.034300341635932076,1.5014210400843908,0.5180722891566265,0.752
2023-09-19,TSLA,transformer,0.004588376260533905,0.011126612313091755,-0.026542311534285545,0.047432705760002136,561.4500522097596,1134.6538835665403,561.4500522097596,1134.6538835665403,1.7214813784436713,792968.8370914465,0.025812839960549894,0.034300341635932076,1.5014210400843908,0.5180722891566265,0.752
2023-09-20,TSLA,transformer,-0.014780377139554338,0.00817948766052723,-0.026534132659435272,0.040125370025634766,553.2126347229616,1143.9728449439465,553.2126347229616,1143.9728449439465,1.676404019257798,825433.9632972111,0.025812839960549894,0.034300341635932076,1.5014210400843908,0.5180722891566265,0.752
2023-09-21,TSLA,transformer,-0.026588996104119158,0.010235470719635487,-0.03110075555741787,0.050037212669849396,538.6970980736434,1155.7420376949192,538.6970980736434,1155.7420376949192,1.625068966379551,867787.1298674393,0.025812839960549894,0.034300341635932076,1.5014210400843908,0.5180722891566265,0.752
2023-09-22,TSLA,transformer,-0.043236555785455495,0.011319506913423538,-0.021669134497642517,0.04762464761734009,515.9020319946765,1168.898741423075,515.9020319946765,1168.898741423075,1.5902339301100148,910115.0655544878,0.025812839960549894,0.034300341635932076,1.5014210400843908,0.5180722891566265,0.752
2023-09-25,TSLA,transformer,0.008579557642104906,0.008768369443714619,-0.027005139738321304,0.040727291256189346,520.3472851010348,1179.193167055892,520.3472851010348,1179.193167055892,1.5478641299816374,947946.7657756351,0.025812839960549894,0.034300341635932076,1.5014210400843908,0.5180722891566265,0.752
2023-09-26,TSLA,transformer,-0.011687984544270934,0.0024366637226194143,-0.03135246783494949,0.03444389998912811,514.3008780637567,1182.0699480622043,514.3008780637567,1182.0699480622043,1.5000876218816879,981166.5694349626,0.025812839960549894,0.034300341635932076,1.5014210400843908,0.5180722891566265,0.752
2023-09-27,TSLA,transformer,-0.014939798128788435,0.002285560593008995,-0.033362552523612976,0.04409682750701904,506.6744373600269,1184.7747868928009,506.6744373600269,1184.7747868928009,1.45086647961452,1025401.0148353758,0.025812839960549894,0.034300341635932076,1.5014210400843908,0.5180722891566265,0.752
2023-09-28,TSLA,transformer,0.0241549898062297,0.007043127901852131,-0.026377372443675995,0.04065829515457153,519.0621636206224,1193.1488200923093,519.0621636206224,1193.1488200923093,1.4130967872191262,1067951.2169975368,0.025812839960549894,0.034300341635932076,1.5014210400843908,0.5180722891566265,0.752
2023-09-29,TSLA,transformer,0.015465456415727708,0.007792608346790075,-0.026781117543578148,0.04334590584039688,527.1520928678793,1202.4828118785194,527.1520928678793,1202.4828118785194,1.3757547724583452,1115260.3948605151,0.025812839960549894,0.034300341635932076,1.5014210400843908,0.5180722891566265,0.752
2023-10-02,TSLA,transformer,0.005500013317318054,0.002271767472848296,-0.03869069740176201,0.04463915154337883,530.0594242506367,1205.2177316134541,530.0594242506367,1205.2177316134541,1.323542447273193,1166172.569639628,0.025812839960549894,0.034300341635932076,1.5014210400843908,0.5180722891566265,0.752
2023-10-03,TSLA,transformer,-0.020356864105244222,0.009219433180987835,-0.03440149873495102,0.05068524181842804,519.3781639246085,1216.3805606400863,519.3781639246085,1216.3805606400863,1.2787848523996987,1226803.865341786,0.025812839960549894,0.034300341635932076,1.5014210400843908,0.5180722891566265,0.752
2023-10-04,TSLA,transformer,0.05764957536105983,0.006818645168095827,-0.026771076023578644,0.04927556961774826,550.1999913365564,1224.7029123219597,550.1999913365564,1224.7029123219597,1.2450046194450322,1288769.4960366967,0.025812839960549894,0.034300341635932076,1.5014210400843908,0.5180722891566265,0.752
2023-10-05,TSLA,transformer,-0.0042593870629195184,0.0050430274568498135,-0.03362753242254257,0.0433407723903656,547.8614605009742,1230.8947471549245,547.8614605009742,1230.8947471549245,1.2038342856512951,1345853.7907714592,0.025812839960549894,0.034300341635932076,1.5014210400843908,0.5180722891566265,0.752
2023-10-06,TSLA,transformer,0.0018441397469999051,0.00775680597871542,-0.032073237001895905,0.04632271081209183,548.8727257667723,1240.479711272172,548.8727257667723,1240.479711272172,1.1658360330223685,1409663.942954132,0.025812839960549894,0.034300341635932076,1.5014210400843908,0.5180722891566265,0.752
2023-10-09,TSLA,transformer,-0.0033063672235030548,0.006822844035923481,-0.03638742119073868,0.04514123499393463,547.060947828557,1248.9722704450837,547.060947828557,1248.9722704450837,1.124176815139431,1474756.0200471778,0.025812839960549894,0.034300341635932076,1.5014210400843908,0.5180722891566265,0.752
2023-10-10,TSLA,transformer,0.015097007960672728,0.007365264929831028,-0.022600451484322548,0.03813059255480766,555.3825892010562,1258.205181130008,555.3825892010562,1258.205181130008,1.099054865733041,1532075.1817031,0.025812839960549894,0.034300341635932076,1.5014210400843908,0.5180722891566265,0.752
2023-10-11,TSLA,transformer,-0.0023926822540326844,0.008103422820568085,-0.03249388933181763,0.0475974902510643,554.055323631272,1268.4424312467934,554.055323631272,1268.4424312467934,1.0639162864416452,1606761.5382719387,0.025812839960549894,0.034300341635932076,1.5014210400843908,0.5180722891566265,0.752
2023-10-12,TSLA,transformer,-0.015789985181823882,0.006589757278561592,-0.02820665016770363,0.0429183654487133,545.3755057188936,1276.8286957711791,545.3755057188936,1276.8286957711791,1.0343260716032274,1677222.3489038493,0.025812839960549894,0.034300341635932076,1.5014210400843908,0.5180722891566265,0.752
2023-10-13,TSLA,transformer,-0.030395093236742683,0.005536577198654413,-0.030378783121705055,0.040286146104335785,529.0481589848387,1283.9175647287166,529.0481589848387,1283.9175647287166,1.0033769580820453,1746170.6253861212,0.025812839960549894,0.034300341635932076,1.5014210400843908,0.5180722891566265,0.752
2023-10-16,TSLA,transformer,0.011088356477393282,0.008909773081541061,-0.03417222946882248,0.04591424763202667,534.9470777825757,1295.4081614012525,534.9470777825757,1295.4081614012525,0.9696685433555625,1828213.8804300074,0.025812839960549894,0.034300341635932076,1.5014210400843908,0.5180722891566265,0.752
2023-10-17,TSLA,transformer,0.003655911168542864,0.009461762383580208,-0.03600155562162399,0.04932323098182678,536.9063761068534,1307.7232213081438,536.9063761068534,1307.7232213081438,0.9353798706081442,1920648.151821058,0.025812839960549894,0.034300341635932076,1.5014210400843908,0.5180722891566265,0.752
2023-10-18,TSLA,transformer,-0.04893148784195894,0.007584378123283386,-0.02538279816508293,0.04375973716378212,511.2671465594052,1317.6791562863457,511.2671465594052,1317.6791562863457,0.9119361307211671,2006561.1624125973,0.025812839960549894,0.034300341635932076,1.5014210400843908,0.5180722891566265,0.752
2023-10-19,TSLA,transformer,-0.09761624872658338,0.006449762731790543,-0.038735322654247284,0.03891859948635101,463.7177160771937,1326.2052796817966,463.7177160771937,1326.2052796817966,0.8772874067107261,2086193.2384397064,0.025812839960549894,0.034300341635932076,1.5014210400843908,0.5180722891566265,0.752
2023-10-20,TSLA,transformer,-0.037588294506417,0.005764682311564684,-0.03204797953367233,0.04786037653684616,446.61088049562557,1333.8724608695131,446.61088049562557,1333.8724608695131,0.8496178870151826,2188467.2436551293,0.025812839960549894,0.034300341635932076,1.5014210400843908,0.5180722891566265,0.752
2023-10-23,TSLA,transformer,0.00042444095402800134,0.009037068113684654,-0.017842696979641914,0.03845170885324478,446.8004806780172,1345.9813895070338,446.8004806780172,1345.9813895070338,0.8345928537435208,2274256.35091453,0.025812839960549894,0.034300341635932076,1.5014210400843908,0.5180722891566265,0.752
2023-10-24,TSLA,transformer,0.020719371046622376,0.005952521692961454,-0.03292274475097656,0.04114774614572525,456.15447543426114,1354.0172209524048,456.15447543426114,1354.0172209524048,0.8075631285246748,2369788.799073325,0.025812839960549894,0.034300341635932076,1.5014210400843908,0.5180722891566265,0.752
2023-10-25,TSLA,transformer,-0.01911750338776431,0.002379836980253458,-0.0408509224653244,0.03887864202260971,447.5167694647333,1357.2433512227876,447.5167694647333,1357.2433512227876,0.7752381553720142,2463737.560632886,0.025812839960549894,0.034300341635932076,1.5014210400843908,0.5180722891566265,0.752
2023-10-26,TSLA,transformer,-0.031855023921114375,0.007693681865930557,-0.02614584006369114,0.039384253323078156,433.48577733036745,1367.7257914845118,433.48577733036745,1367.7257914845118,0.7552315664283289,2562706.079550926,0.025812839960549894,0.034300341635932076,1.5014210400843908,0.5180722891566265,0.752
2023-10-27,TSLA,transformer,0.007456619810883741,0.00858615804463625,-0.025581518188118935,0.043132342398166656,436.7301971350574,1379.519859445826,436.7301971350574,1379.519859445826,0.7361565992296825,2675660.130775506,0.025812839960549894,0.034300341635932076,1.5014210400843908,0.5180722891566265,0.752
2023-10-30,TSLA,transformer,-0.0491375588495086,0.007950413972139359,-0.027216505259275436,0.043775830417871475,415.78905308367774,1390.5313729494528,415.78905308367774,1390.5313729494528,0.7163912003975756,2795391.070830144,0.025812839960549894,0.034300341635932076,1.5014210400843908,0.5180722891566265,0.752
2023-10-31,TSLA,transformer,0.017479077618859314,0.005078113172203302,-0.0309898741543293,0.04905562475323677,423.1205494548468,1397.6106670760294,423.1205494548468,1397.6106670760294,0.6945308109835311,2935939.931445989,0.025812839960549894,0.034300341635932076,1.5014210400843908,0.5180722891566265,0.752
2023-11-01,TSLA,transformer,0.02371578467512363,0.003556416369974613,-0.036298997700214386,0.0461699515581131,433.27512117655056,1402.5899189848365,433.27512117655056,1402.5899189848365,0.6697721019516043,3074670.188230717,0.025812839960549894,0.034300341635932076,1.5014210400843908,0.5180722891566265,0.752
2023-11-02,TSLA,transformer,0.06060741733192271,0.013701724819839,-0.019832419231534004,0.04380305856466293,460.3468961509095,1421.9400100528892,460.3468961509095,1421.9400100528892,0.6566197548727764,3212343.3389384276,0.025812839960549894,0.034300341635932076,1.5014210400843908,0.5180722891566265,0.752
2023-11-03,TSLA,transformer,0.0066139872231546415,0.009573676623404026,-0.02833792380988598,0.046444445848464966,463.4017157732078,1435.6184951020437,463.4017157732078,1435.6184951020437,0.6382736977525335,3365057.5958407973,0.025812839960549894,0.034300341635932076,1.5014210400843908,0.5180722891566265,0.752
2023-11-06,TSLA,transformer,-0.0031418755173999516,0.008488123305141926,-0.024736735969781876,0.04220832511782646,461.94805008182914,1447.8561359274656,461.94805008182914,1447.8561359274656,0.6226785555666183,3510131.2897624387,0.025812839960549894,0.034300341635932076,1.5014210400843908,0.5180722891566265,0.752
2023-11-07,TSLA,transformer,0.013183964542986627,0.01049547828733921,-0.021692577749490738,0.04182037338614464,468.07868100480846,1463.132085783079,468.07868100480846,1463.132085783079,0.6093165067658992,3660039.1856949404,0.025812839960549894,0.034300341635932076,1.5014210400843908,0.5180722891566265,0.752
2023-11-08,TSLA,transformer,-0.0003150737899407528,0.008154511451721191,-0.02842080593109131,0.04598361998796463,467.9312249117887,1475.1120504341882,467.9312249117887,1475.1120504341882,0.5922430076230308,3832270.6415404333,0.025812839960549894,0.034300341635932076,1.5014210400843908,0.5180722891566265,0.752
2023-11-09,TSLA,transformer,-0.056160489658582134,0.010089438408613205,-0.023484157398343086,0.05015309154987335,442.3762835430843,1490.070480553963,442.3762835430843,1490.070480553963,0.5784967361848811,4029372.03695647,0.025812839960549894,0.034300341635932076,1.5014210400843908,0.5180722891566265,0.752
2023-11-10,TSLA,transformer,0.021996498496030296,0.011629057116806507,-0.022588975727558136,0.04323239624500275,452.2148228142807,1507.4997376634185,452.2148228142807,1507.4997376634185,0.5655755674436529,4207391.758313404,0.025812839960549894,0.034300341635932076,1.5014210400843908,0.5180722891566265,0.752
2023-11-13,TSLA,transformer,0.04134183399945281,0.010595835745334625,-0.03047320991754532,0.04399997740983963,471.3020448380731,1523.5579029821924,471.3020448380731,1523.5579029821924,0.5486006305093697,4396649.975968851,0.025812839960549894,0.034300341635932076,1.5014210400843908,0.5180722891566265,0.752
2023-11-14,TSLA,transformer,0.059438019477541446,0.008195798844099045,-0.0315992645919323,0.04888565465807915,500.1645739257433,1536.0960137479444,500.1645739257433,1536.0960137479444,0.5315362870308695,4616923.575438558,0.025812839960549894,0.034300341635932076,1.5014210400843908,0.5180722891566265,0.752
2023-11-15,TSLA,transformer,0.022614155469065075,0.009748201817274094,-0.02373521775007248,0.041207581758499146,511.60423498133804,1551.1434630784797,511.60423498133804,1551.1434630784797,0.519068710601922,4811149.988826142,0.025812839960549894,0.034300341635932076,1.5014210400843908,0.5180722891566265,0.752
2023-11-16,TSLA,transformer,-0.03883534904080814,0.014973477460443974,-0.02194429375231266,0.047721125185489655,492.116756621337,1574.5442832788642,492.116756621337,1574.5442832788642,0.5078021841865422,5046309.732524799,0.025812839960549894,0.034300341635932076,1.5014210400843908,0.5180722891566265,0.752
2023-11-17,TSLA,transformer,0.0030349323976646067,0.00988785456866026,-0.03235602006316185,0.049330051988363266,493.6125664020875,1590.1904176340845,493.6125664020875,1590.1904176340845,0.4916346875353489,5301486.632734047,0.025812839960549894,0.034300341635932076,1.5014210400843908,0.5180722891566265,0.752
2023-11-20,TSLA,transformer,0.005533119144943252,0.008771422319114208,-0.03022676520049572,0.04911796748638153,496.3513535738783,1604.2000641242805,496.3513535738783,1604.2000641242805,0.47699651691344147,5568385.888458355,0.025812839960549894,0.034300341635932076,1.5014210400843908,0.5180722891566265,0.752
2023-11-21,TSLA,transformer,0.023490974516940124,0.008784725330770016,-0.031201452016830444,0.052431464195251465,508.14915902283104,1618.354554588756,508.14915902283104,1618.354554588756,0.4623433282170251,5868134.245821583,0.025812839960549894,0.034300341635932076,1.5014210400843908,0.5180722891566265,0.752
2023-11-22,TSLA,transformer,-0.029408274734311717,0.011114528402686119,-0.02273104526102543,0.04475974291563034,493.42296621969575,1636.4420407682828,493.42296621969575,1636.4420407682828,0.4519523253221367,6136757.512836084,0.025812839960549894,0.034300341635932076,1.5014210400843908,0.5180722891566265,0.752
2023-11-24,TSLA,transformer,0.005280386261856706,0.00883124116808176,-0.02775326371192932,0.052719324827194214,496.035321123371,1650.9578760836973,496.035321123371,1650.9578760836973,0.4395816197898984,6468963.350071708,0.025812839960549894,0.034300341635932076,1.5014210400843908,0.5180722891566265,0.752
2023-11-27,TSLA,transformer,0.0026721746625813217,0.009122597984969616,-0.027716051787137985,0.04331615939736366,497.36258669315515,1666.0878043962148,497.36258669315515,1666.0878043962148,0.4275654518275437,6755331.49758308,0.025812839960549894,0.034300341635932076,1.5014210400843908,0.5180722891566265,0.752
2023-11-28,TSLA,transformer,0.04408335693193017,0.009619977325201035,-0.02767084166407585,0.04799480363726616,519.7784524073387,1682.192946975637,519.7784524073387,1682.192946975637,0.41589653376503627,7087459.0518668415,0.025812839960549894,0.034300341635932076,1.5014210400843908,0.5180722891566265,0.752
2023-11-29,TSLA,transformer,-0.010512266581044115,0.009924773126840591,-0.026674743741750717,0.04516958072781563,514.3430221531288,1698.9715452691144,514.3430221531288,1698.9715452691144,0.40494925263871323,7414937.097519408,0.025812839960549894,0.034300341635932076,1.5014210400843908,0.5180722891566265,0.752
2023-11-30,TSLA,transformer,-0.01676961998268328,0.007779465522617102,-0.02914472296833992,0.047244708985090256,505.78960436234473,1712.240102203139,505.78960436234473,1712.240102203139,0.3933174360555343,7773660.391349816,0.025812839960549894,0.034300341635932076,1.5014210400843908,0.5180722891566265,0.752
2023-12-01,TSLA,transformer,-0.005220199323597404,0.010858304798603058,-0.022147726267576218,0.04415072873234749,503.156161340723,1730.9333553674267,503.156161340723,1730.9333553674267,0.3847020969832856,8124562.712384356,0.025812839960549894,0.034300341635932076,1.5014210400843908,0.5180722891566265,0.752
2023-12-04,TSLA,transformer,-0.01370144313218934,0.008520685136318207,-0.028374498710036278,0.050254419445991516,496.30920948450637,1745.7450926800993,496.30920948450637,1745.7450926800993,0.373939771891352,8543291.191457894,0.025812839960549894,0.034300341635932076,1.5014210400843908,0.5180722891566265,0.752
2023-12-05,TSLA,transformer,0.013240755825754019,0.0071694920770823956,-0.025630546733736992,0.03859955072402954,502.9244170689594,1758.306137647749,502.9244170689594,1758.306137647749,0.3644772805901961,8879505.625504928,0.025812839960549894,0.034300341635932076,1.5014210400843908,0.5180722891566265,0.752
2023-12-06,TSLA,transformer,0.002719129460769398,0.00803412776440382,-0.03034704364836216,0.048196084797382355,504.29379458159417,1772.4895756408237,504.29379458159417,1772.4895756408237,0.3535826198836487,9317943.36756875,0.025812839960549894,0.034300341635932076,1.5014210400843908,0.5180722891566265,0.752
2023-12-07,TSLA,transformer,0.013568409275163597,0.010554981417953968,-0.024872537702322006,0.04501589760184288,511.1828905271827,1791.2973527615766,511.1828905271827,1791.2973527615766,0.3448965954042627,9746983.120979574,0.025812839960549894,0.034300341635932076,1.5014210400843908,0.5180722891566265,0.752
2023-12-08,TSLA,transformer,0.004933396614923965,0.009780265390872955,-0.024830082431435585,0.043459318578243256,513.7109893986353,1808.9025990966572,513.7109893986353,1808.9025990966572,0.3364382371057772,10179919.748589316,0.025812839960549894,0.034300341635932076,1.5014210400843908,0.5180722891566265,0.752
2023-12-11,TSLA,transformer,-0.016957231787828677,0.009443359449505806,-0.029980402439832687,0.046427611261606216,505.07331557562867,1826.0656582916156,505.07331557562867,1826.0656582916156,0.3265013748417778,10663693.0144394,0.025812839960549894,0.034300341635932076,1.5014210400843908,0.5180722891566265,0.752
2023-12-12,TSLA,transformer,-0.011452714531076777,0.005921521224081516,-0.020519377663731575,0.041630201041698456,499.32185287091147,1836.910892347343,499.32185287091147,1836.910892347343,0.31987003961444715,11116994.240580728,0.025812839960549894,0.034300341635932076,1.5014210400843908,0.5180722891566265,0.752
2023-12-13,TSLA,transformer,0.009573866272891631,0.006213190034031868,-0.026072142645716667,0.03544166684150696,504.1252503706279,1848.359439624043,504.1252503706279,1848.359439624043,0.31163812034642724,11518064.943012035,0.025812839960549894,0.034300341635932076,1.5014210400843908,0.5180722891566265,0.752
2023-12-14,TSLA,transformer,0.04797595720291628,0.0044134557247161865,-0.030119750648736954,0.04241790249943733,528.900702891819,1856.5352152720707,528.900702891819,1856.5352152720707,0.30239161296609857,12017147.661100173,0.025812839960549894,0.034300341635932076,1.5014210400843908,0.5180722891566265,0.752
2023-12-15,TSLA,transformer,0.009711688394547188,0.006385816726833582,-0.03198525309562683,0.043163642287254333,534.0622447848934,1868.4287502267046,534.0622447848934,1868.4287502267046,0.2928725910175815,12547209.004201597,0.025812839960549894,0.034300341635932076,1.5014210400843908,0.5180722891566265,0.752
2023-12-18,TSLA,transformer,-0.0056173183184346845,0.007585227955132723,-0.028979947790503502,0.0370672270655632,531.0706573699136,1882.6549976214726,531.0706573699136,1882.6549976214726,0.2845069678158298,13021026.260500135,0.025812839960549894,0.034300341635932076,1.5014210400843908,0.5180722891566265,0.752
2023-12-19,TSLA,transformer,0.020185249870892544,0.0057731200940907,-0.023214131593704224,0.03749486058950424,541.8993737889615,1893.55533657872,541.8993737889615,1893.55533657872,0.27797845045093195,13518516.659087904,0.025812839960549894,0.034300341635932076,1.5014210400843908,0.5180722891566265,0.752
2023-12-20,TSLA,transformer,-0.0399767793773106,0.01006839144974947,-0.019858166575431824,0.045408569276332855,520.663285405021,1912.716601272555,520.663285405021,1912.716601272555,0.2725127490344214,14146522.920611063,0.025812839960549894,0.034300341635932076,1.5014210400843908,0.5180722891566265,0.752
2023-12-21,TSLA,transformer,0.029345860784192233,0.006938655395060778,-0.03245462104678154,0.044619809836149216,536.1689992021909,1926.0344188707938,536.1689992021909,1926.0344188707938,0.26381043436645535,14792031.825594343,0.025812839960549894,0.034300341635932076,1.5014210400843908,0.5180722891566265,0.752
2023-12-22,TSLA,transformer,-0.007731210565404946,0.002526898868381977,-0.03723371401429176,0.038217682391405106,532.0397463998187,1930.9074746276146,532.0397463998187,1930.9074746276146,0.25416840270458513,15368290.296194063,0.025812839960549894,0.034300341635932076,1.5014210400843908,0.5180722891566265,0.752
2023-12-26,TSLA,transformer,0.01598774007390915,0.007391997613012791,-0.032970041036605835,0.04274413734674454,540.6142201620281,1945.233548680172,540.6142201620281,1945.233548680172,0.24592510201095186,16039435.42089614,0.025812839960549894,0.034300341635932076,1.5014210400843908,0.5180722891566265,0.752
2023-12-27,TSLA,transformer,0.018647455510860632,0.00871104747056961,-0.02784513682126999,0.04664161056280136,550.7898800016784,1962.252644796987,550.7898800016784,1962.252644796987,0.23917174001105357,16805261.039567303,0.025812839960549894,0.034300341635932076,1.5014210400843908,0.5180722891566265,0.752
2023-12-28,TSLA,transformer,-0.032104151730159784,0.006997798103839159,-0.03520600497722626,0.04892163723707199,533.3880679410282,1976.0323301511842,533.3880679410282,1976.0323301511842,0.23089796128572182,17647843.16166784,0.025812839960549894,0.034300341635932076,1.5014210400843908,0.5180722891566265,0.752
2023-12-29,TSLA,transformer,-0.018738327073791184,0.008661709725856781,-0.030670074746012688,0.04792653024196625,523.4863286090347,1993.2224240610178,523.4863286090347,1993.2224240610178,0.22392379584101293,18514239.38685087,0.025812839960549894,0.034300341635932076,1.5014210400843908,0.5180722891566265,0.752
2023-01-03,TSLA,ensemble,,0.011156049333671458,-0.06417724158712229,0.0864893402544652,227.74014929519757,262.4213254332476,227.74014929519757,262.4213254332476,243.37854596562292,282.95407784985946,0.025861080115141148,0.03434256749448584,1.5498737786424595,0.4899598393574297,0.968
2023-01-04,TSLA,ensemble,,0.013684629844287482,-0.06164866107650626,0.08901792076508122,239.41157069581647,266.0371483063695,239.41157069581647,266.0371483063695,228.82771232581885,309.29717191862846,0.025861080115141148,0.03434256749448584,1.5498737786424595,0.4899598393574297,0.968
2023-01-05,TSLA,ensemble,,0.010846369519021501,-0.06448692140177224,0.08617966043981524,232.45927468943077,268.93839105545135,232.45927468943077,268.93839105545135,214.53705007495708,337.13457958997884,0.025861080115141148,0.03434256749448584,1.5498737786424595,0.4899598393574297,0.968
2023-01-06,TSLA,ensemble,,0.010630437025092863,-0.06470285389570088,0.08596372794588661,238.18964927620144,271.8125735264241,238.18964927620144,271.8125735264241,201.0954351622992,367.3980718032177,0.025861080115141148,0.03434256749448584,1.5498737786424595,0.4899598393574297,0.968
2023-01-09,TSLA,ensemble,,0.014100858092394157,-0.06123243282839959,0.0894341490131879,252.32596948747576,275.6725143351015,252.32596948747576,275.6725143351015,189.15128873467788,401.77011570053446,0.025861080115141148,0.03434256749448584,1.5498737786424595,0.4899598393574297,0.968
2023-01-10,TSLA,ensemble,,0.01425622097587713,-0.061077069944916615,0.08958951189667087,250.3877592811447,279.63071003435533,250.3877592811447,279.63071003435533,177.94421359593903,439.42611234256077,0.025861080115141148,0.03434256749448584,1.5498737786424595,0.4899598393574297,0.968
2023-01-11,TSLA,ensemble,,0.014814905633936696,-0.060518385286857046,0.09014819655473044,259.5942818711082,283.80425159375307,259.5942818711082,283.80425159375307,167.49470002432236,480.88001119434927,0.025861080115141148,0.03434256749448584,1.5498737786424595,0.4899598393574297,0.968
2023-01-12,TSLA,ensemble,,0.010215689508746018,-0.06511760141204773,0.08554898042953976,260.3105706578242,286.7183672163696,260.3105706578242,286.7183672163696,156.93537677378413,523.8297685914348,0.025861080115141148,0.03434256749448584,1.5498737786424595,0.4899598393574297,0.968
2023-01-13,TSLA,ensemble,,0.013389639532244663,-0.061943651388549084,0.0887229304530384,257.86674389185475,290.5832396834465,257.86674389185475,290.5832396834465,147.5091866654576,572.4295624816187,0.025861080115141148,0.03434256749448584,1.5498737786424595,0.4899598393574297,0.968
2023-01-17,TSLA,ensemble,,0.011665638912224158,-0.06366765200856958,0.08699892983301791,277.01714990318374,293.99292826160877,277.01714990318374,293.99292826160877,138.41034732661439,624.4608408060533,0.025861080115141148,0.03434256749448584,1.5498737786424595,0.4899598393574297,0.968
2023-01-18,TSLA,ensemble,,0.01152189816769154,-0.0638113927531022,0.08685518908848529,271.30783128783844,297.3998743958383,271.30783128783844,297.3998743958383,129.85408689149145,681.123616575643,0.025861080115141148,0.03434256749448584,1.5498737786424595,0.4899598393574297,0.968
2023-01-19,TSLA,ensemble,,0.008524543428595004,-0.06680874749219874,0.08385783434938875,267.9159553901288,299.94590901423743,267.9159553901288,299.94590901423743,121.46214665379155,740.7044154325331,0.025861080115141148,0.03434256749448584,1.5498737786424595,0.4899598393574297,0.968
2023-01-20,TSLA,ensemble,,0.009866358441846856,-0.06546693247894689,0.0851996493626406,281.08317049823756,302.9199301193809,281.08317049823756,302.9199301193809,113.76509264071714,806.5785552807532,0.025861080115141148,0.03434256749448584,1.5498737786424595,0.4899598393574297,0.968
2023-01-23,TSLA,ensemble,,0.009002471411021437,-0.0663308195097723,0.08433576233181518,302.8459474865023,305.659270044112,302.8459474865023,305.659270044112,106.46378837526842,877.5527415442106,0.025861080115141148,0.03434256749448584,1.5498737786424595,0.4899598393574297,0.968
2023-01-24,TSLA,ensemble,,0.010702381362374303,-0.06463090955841944,0.08603567228316805,303.14089181906314,308.94811998997335,303.14089181906314,308.94811998997335,99.80058075781514,956.3966473999168,0.025861080115141148,0.03434256749448584,1.5498737786424595,0.4899598393574297,0.968
2023-01-25,TSLA,ensemble,,0.011130616219938688,-0.06420267470085506,0.08646390714073243,304.2785250599344,312.40611203563884,304.2785250599344,312.40611203563884,93.59447255275305,1042.770755315864,0.025861080115141148,0.03434256749448584,1.5498737786424595,0.4899598393574297,0.968
2023-01-26,TSLA,ensemble,,0.007745933840614732,-0.06758735708017902,0.08307922476140847,337.6495394612815,314.83538546023243,337.6495394612815,314.83538546023243,87.4777058607372,1133.1037887035177,0.025861080115141148,0.03434256749448584,1.5498737786424595,0.4899598393574297,0.968
2023-01-27,TSLA,ensemble,,0.01276756834871293,-0.06256572257208082,0.08810085926950667,374.79159797860035,318.88083810503747,374.79159797860035,318.88083810503747,82.17229883822431,1237.4606813758767,0.025861080115141148,0.03434256749448584,1.5498737786424595,0.4899598393574297,0.968
2023-01-30,TSLA,ensemble,,0.010661677781363366,-0.06467161313943037,0.08599496870215712,351.11169890195106,322.2988312450536,351.11169890195106,322.2988312450536,77.02627789708218,1348.5856964388324,0.025861080115141148,0.03434256749448584,1.5498737786424595,0.4899598393574297,0.968
2023-01-31,TSLA,ensemble,,0.011808885100381281,-0.06352440582041247,0.08714217602117502,364.93200273597864,326.12738207888896,364.93200273597864,326.12738207888896,72.28540410635298,1471.3768381946707,0.025861080115141148,0.03434256749448584,1.5498737786424595,0.4899598393574297,0.968
2023-02-01,TSLA,ensemble,,0.01102439528926104,-0.0643088956315327,0.08635768621005478,382.18632655708785,329.7426306024227,382.18632655708785,329.7426306024227,67.78312929817855,1604.0894476603585,0.025861080115141148,0.03434256749448584,1.5498737786424595,0.4899598393574297,0.968
2023-02-02,TSLA,ensemble,,0.01099138269191257,-0.06434190822888117,0.08632467361270632,396.6386631456089,333.3869494072741,396.6386631456089,333.3869494072741,63.55917904369661,1748.714500523607,0.025861080115141148,0.03434256749448584,1.5498737786424595,0.4899598393574297,0.968
2023-02-03,TSLA,ensemble,,0.007769509897236709,-0.06756378102355703,0.08310280081803045,400.2411951971356,335.98729122017807,400.2411951971356,335.98729122017807,59.406737408385986,1900.2467529135406,0.025861080115141148,0.03434256749448584,1.5498737786424595,0.4899598393574297,0.968
2023-02-06,TSLA,ensemble,,0.009260674841036159,-0.06607261607975759,0.0845939657618299,410.31147874009554,339.11321200295515,410.31147874009554,339.11321200295515,55.60844222116424,2067.991225102037,0.025861080115141148,0.03434256749448584,1.5498737786424595,0.4899598393574297,0.968
2023-02-07,TSLA,ensemble,,0.011035896947321678,-0.06429739397347206,0.08636918786811543,414.63033172485945,342.8763571118753,414.63033172485945,342.8763571118753,52.145486759876775,2254.542119966742,0.025861080115141148,0.03434256749448584,1.5498737786424595,0.4899598393574297,0.968
2023-02-08,TSLA,ensemble,,0.010533375250060298,-0.06479991567073344,0.08586666617085405,424.0685825133259,346.5070908162791,424.0685825133259,346.5070908162791,48.87361687127667,2456.68668848868,0.025861080115141148,0.03434256749448584,1.5498737786424595,0.4899598393574297,0.968
2023-02-09,TSLA,ensemble,,0.009816411648163733,-0.06551687927263002,0.08514970256895747,436.7723412244288,349.92529686889225,436.7723412244288,349.92529686889225,45.774210331436585,2675.037155249151,0.025861080115141148,0.03434256749448584,1.5498737786424595,0.4899598393574297,0.968
2023-02-10,TSLA,ensemble,,0.008672326119878351,-0.06666096480091539,0.0840056170406721,414.79887593582583,352.9731600905823,414.79887593582583,352.9731600905823,42.82233766588979,2909.4640445931173,0.025861080115141148,0.03434256749448584,1.5498737786424595,0.4899598393574297,0.968
2023-02-13,TSLA,ensemble,,0.009593839253411096,-0.06573945166738265,0.08492713017420483,410.0586784969067,356.3758240559291,410.0586784969067,356.3758240559291,40.09775801324035,3167.3523474705426,0.025861080115141148,0.03434256749448584,1.5498737786424595,0.4899598393574297,0.968
2023-02-14,TSLA,ensemble,,0.0067459729127537,-0.06858731800804005,0.08207926383354744,440.8383618194826,358.7880529792593,440.8383618194826,358.7880529792593,37.43975489002633,3438.293528864427,0.025861080115141148,0.03434256749448584,1.5498737786424595,0.4899598393574297,0.968
2023-02-15,TSLA,ensemble,,0.0073920569180029,-0.06794123400279084,0.08272534783879665,451.3510779345444,361.45006142580144,451.3510779345444,361.45006142580144,34.98053874001231,3734.8237508782763,0.025861080115141148,0.03434256749448584,1.5498737786424595,0.4899598393574297,0.968
2023-02-16,TSLA,ensemble,,0.010381273324135756,-0.06495201759665799,0.0857145642449295,425.648648326299,365.2219177676855,425.648648326299,365.2219177676855,32.78069756359558,4069.07293412933,0.025861080115141148,0.03434256749448584,1.5498737786424595,0.4899598393574297,0.968
2023-02-17,TSLA,ensemble,,0.009978745730142555,-0.06535454519065119,0.0853120366509363,438.85800752377975,368.8846186074996,438.85800752377975,368.8846186074996,30.706836222369628,4431.45170866123,0.025861080115141148,0.03434256749448584,1.5498737786424595,0.4899598393574297,0.968
2023-02-21,TSLA,ensemble,,0.009053064201203425,-0.06628022671959032,0.08438635512199717,415.8101090551027,372.23931698047136,415.8101090551027,372.23931698047136,28.73756297106475,4821.637424356516,0.025861080115141148,0.03434256749448584,1.5498737786424595,0.4899598393574297,0.968
2023-02-22,TSLA,ensemble,,0.008667898072895652,-0.06666539284789809,0.0840011889936894,423.16269354421837,375.47987355661036,423.16269354421837,375.47987355661036,26.884225137825794,5244.158413467669,0.025861080115141148,0.03434256749448584,1.5498737786424595,0.4899598393574297,0.968
2023-02-23,TSLA,ensemble,,0.008077461530311435,-0.0672558293904823,0.08341075245110519,425.7118805336176,378.52508000250856,425.7118805336176,378.52508000250856,25.13556710112636,5700.338314009429,0.025861080115141148,0.03434256749448584,1.5498737786424595,0.4899598393574297,0.968
2023-02-24,TSLA,ensemble,,0.007505053130397436,-0.0678282377903963,0.08283834405119118,414.77781996440063,381.3766179263372,414.77781996440063,381.3766179263372,23.487200690575282,6192.654740643288,0.025861080115141148,0.03434256749448584,1.5498737786424595,0.4899598393574297,0.968
2023-02-27,TSLA,ensemble,,0.008773743524325037,-0.0665595473964687,0.08410703444511879,437.4254299503478,384.73744049657824,437.4254299503478,384.73744049657824,21.97479410270884,6736.031174080999,0.025861080115141148,0.03434256749448584,1.5498737786424595,0.4899598393574297,0.968
2023-02-28,TSLA,ensemble,,0.009682298812564771,-0.06565099210822897,0.08501558973335852,433.38046532671933,388.4806756776063,433.38046532671933,388.4806756776063,20.578463789112497,7333.746431294628,0.025861080115141148,0.03434256749448584,1.5498737786424595,0.4899598393574297,0.968
2023-03-01,TSLA,ensemble,,0.010288548923966705,-0.06504474199682704,0.08562183984476045,427.1866021964215,392.4982099750605,427.1866021964215,392.4982099750605,19.282546104150153,7989.34144907708,0.025861080115141148,0.03434256749448584,1.5498737786424595,0.4899598393574297,0.968
2023-03-02,TSLA,ensemble,,0.008708925942115238,-0.0666243649786785,0.08404221686290898,402.1794054034668,395.9313757120991,402.1794054034668,395.9313757120991,18.039719664079094,8689.805451102491,0.025861080115141148,0.03434256749448584,1.5498737786424595,0.4899598393574297,0.968
2023-03-03,TSLA,ensemble,,0.008219984044609312,-0.06711330687618443,0.08355327496540306,416.69494205278505,399.1993382021518,416.69494205278505,399.1993382021518,16.86874780989961,9447.062308176408,0.025861080115141148,0.03434256749448584,1.5498737786424595,0.4899598393574297,0.968
2023-03-06,TSLA,ensemble,,0.008481847461400696,-0.06685144345939305,0.08381513838219444,408.3100684729673,402.5996863269752,408.3100684729673,402.5996863269752,15.777915742865972,10272.998669286635,0.025861080115141148,0.03434256749448584,1.5498737786424595,0.4899598393574297,0.968
2023-03-07,TSLA,ensemble,,0.007986080508179573,-0.06734721041261417,0.08331937142897332,395.4588858153659,405.8277524761508,395.4588858153659,405.8277524761508,14.75030873982533,11165.60796013509,0.025861080115141148,0.03434256749448584,1.5498737786424595,0.4899598393574297,0.968
2023-03-08,TSLA,ensemble,,0.008308880517354324,-0.06702441040343943,0.08364217143814806,383.4293039481283,409.21377432741394,383.4293039481283,409.21377432741394,13.794081228522943,12139.693128167744,0.025861080115141148,0.03434256749448584,1.5498737786424595,0.4899598393574297,0.968
2023-03-09,TSLA,ensemble,,0.009249875211659136,-0.0660834157091346,0.08458316613245288,364.2999699814853,413.0165109810547,364.2999699814853,413.0165109810547,12.911988075001144,13211.183076696621,0.025861080115141148,0.03434256749448584,1.5498737786424595,0.4899598393574297,0.968
2023-03-10,TSLA,ensemble,,0.009626034816996941,-0.0657072561037968,0.08495932573779069,365.39549127950585,417.01141901015995,365.39549127950585,417.01141901015995,12.090849560746479,14382.655471079312,0.025861080115141148,0.03434256749448584,1.5498737786424595,0.4899598393574297,0.968
2023-03-13,TSLA,ensemble,,0.008660668476755591,-0.06667262244403815,0.08399395939754933,367.5865017290258,420.63870133340896,367.5865017290258,420.63870133340896,11.311006853005527,15642.897167235093,0.025861080115141148,0.03434256749448584,1.5498737786424595,0.4899598393574297,0.968
2023-03-14,TSLA,ensemble,,0.007992697634586548,-0.0673405932862072,0.08332598855538029,386.0838029411754,424.01421103091076,386.0838029411754,424.01421103091076,10.574397149138784,17002.2033994447,0.025861080115141148,0.03434256749448584,1.5498737786424595,0.4899598393574297,0.968
2023-03-15,TSLA,ensemble,,0.009150717561628061,-0.06618257335916568,0.08448400848242181,380.1638281720131,427.9120521407415,380.1638281720131,427.9120521407415,9.897212410307908,18501.040169310072,0.025861080115141148,0.03434256749448584,1.5498737786424595,0.4899598393574297,0.968
2023-03-16,TSLA,ensemble,,0.007961175500053898,-0.06737211542073984,0.08329446642084765,387.91670114385863,431.33233174466767,387.91670114385863,431.33233174466767,9.252381958057974,20108.073926440287,0.025861080115141148,0.03434256749448584,1.5498737786424595,0.4899598393574297,0.968
2023-03-17,TSLA,ensemble,,0.007344356255543085,-0.06798893466525066,0.08267764717633683,379.489683474669,434.51185152471345,379.489683474669,434.51185152471345,8.644230400626338,21841.22129620176,0.025861080115141148,0.03434256749448584,1.5498737786424595,0.4899598393574297,0.968
2023-03-20,TSLA,ensemble,,0.009239451157961827,-0.06609383976283192,0.08457274207875556,386.0627469697501,438.54510639276003,386.0627469697501,438.54510639276003,8.091371548060142,23768.75282499482,0.025861080115141148,0.03434256749448584,1.5498737786424595,0.4899598393574297,0.968
2023-03-21,TSLA,ensemble,,0.00656084039040531,-0.06877245053038844,0.08189413131119905,416.2525416272045,441.43179002038795,416.2525416272045,441.43179002038795,7.553611568992878,25797.199586023304,0.025861080115141148,0.03434256749448584,1.5498737786424595,0.4899598393574297,0.968
2023-03-22,TSLA,ensemble,,0.007925977989947755,-0.067407312930846,0.0832592689107415,402.7060940077911,444.9444709990184,402.7060940077911,444.9444709990184,7.061224578184183,28037.00407493715,0.025861080115141148,0.03434256749448584,1.5498737786424595,0.4899598393574297,0.968
2023-03-23,TSLA,ensemble,,0.010630198645410554,-0.06470309227538319,0.0859634895662043,404.96033666462955,449.69954804134585,404.96033666462955,449.69954804134585,6.618808687535307,30553.788915131267,0.025861080115141148,0.03434256749448584,1.5498737786424595,0.4899598393574297,0.968
2023-03-24,TSLA,ensemble,,0.010257216744371732,-0.06507607417642201,0.08559050766516547,401.14711631276464,454.33595142286447,401.14711631276464,454.33595142286447,6.201798452753175,33284.080146732704,0.025861080115141148,0.03434256749448584,1.5498737786424595,0.4899598393574297,0.968
2023-03-27,TSLA,ensemble,,0.006926130360648748,-0.068407160560145,0.0822594212814425,404.09655963837247,457.49366419180416,404.09655963837247,457.49366419180416,5.791736512675501,36137.77186126803,0.025861080115141148,0.03434256749448584,1.5498737786424595,0.4899598393574297,0.968
2023-03-28,TSLA,ensemble,,0.007909515042227179,-0.06742377587856657,0.08324280596302092,398.5768733519401,461.12656551464744,398.5768733519401,461.12656551464744,5.41410933890159,39274.73497727222,0.025861080115141148,0.03434256749448584,1.5498737786424595,0.4899598393574297,0.968
2023-03-29,TSLA,ensemble,,0.009146830484904198,-0.06618646043588955,0.08448012140569794,408.4575567125084,465.3637609538381,408.4575567125084,465.3637609538381,5.067369902699047,42736.85050971949,0.025861080115141148,0.03434256749448584,1.5498737786424595,0.4899598393574297,0.968
2023-03-30,TSLA,ensemble,,0.008244152026080444,-0.0670891388947133,0.08357744294687419,411.4070000381162,469.2161485618517,411.4070000381162,469.2161485618517,4.738557607788625,46462.19636738004,0.025861080115141148,0.03434256749448584,1.5498737786424595,0.4899598393574297,0.968
2023-03-31,TSLA,ensemble,,0.00909554366313311,-0.06623774725766063,0.08442883458392686,437.0672855569897,473.50339237866353,437.0672855569897,473.50339237866353,4.434855528787416,50555.302453201926,0.025861080115141148,0.03434256749448584,1.5498737786424595,0.4899598393574297,0.968
2023-04-03,TSLA,ensemble,,0.011315834648699771,-0.06401745627209397,0.08664912556949352,410.3325668580422,478.8919087535786,410.3325668580422,478.8919087535786,4.159844042195824,55131.26404339604,0.025861080115141148,0.03434256749448584,1.5498737786424595,0.4899598393574297,0.968
2023-04-04,TSLA,ensemble,,0.008067605275460035,-0.06726568564533371,0.08340089619625378,405.71876954071746,482.7710462783386,405.71876954071746,482.7710462783386,3.8892327359811882,59926.442809260865,0.025861080115141148,0.03434256749448584,1.5498737786424595,0.4899598393574297,0.968
2023-04-05,TSLA,ensemble,,0.007052590722475625,-0.06828070019831811,0.08238588164326938,390.84508849804115,486.1878674385711,390.84508849804115,486.1878674385711,3.632536620898007,65072.61099160784,0.025861080115141148,0.03434256749448584,1.5498737786424595,0.4899598393574297,0.968
2023-04-06,TSLA,ensemble,,0.010495351686705935,-0.06483793923408782,0.08582864260749967,389.87596732161495,491.31745140074463,389.87596732161495,491.31745140074463,3.4044835654798384,70904.39222516866,0.025861080115141148,0.03434256749448584,1.5498737786424595,0.4899598393574297,0.968
2023-04-10,TSLA,ensemble,,0.007887676648479324,-0.06744561427231442,0.08322096756927307,388.7172459627971,495.2081286194079,388.7172459627971,495.2081286194079,3.1824382375486246,77057.6119144525,0.025861080115141148,0.03434256749448584,1.5498737786424595,0.4899598393574297,0.968
2023-04-11,TSLA,ensemble,,0.009088040647525511,-0.06624525027326823,0.08442133156831926,393.5206434625135,499.72911254757463,393.5206434625135,499.72911254757463,2.978448103079175,83845.40448074685,0.025861080115141148,0.03434256749448584,1.5498737786424595,0.4899598393574297,0.968
2023-04-12,TSLA,ensemble,,0.0046657584242837885,-0.07066753249650995,0.07999904934507754,380.3534283544047,502.0661757106895,380.3534283544047,502.0661757106895,2.7752334272644124,90828.55601131417,0.025861080115141148,0.03434256749448584,1.5498737786424595,0.4899598393574297,0.968
2023-04-13,TSLA,ensemble,,0.010071309574441311,-0.06526198134635243,0.08540460049523506,391.6456333169797,507.148187895941,391.6456333169797,507.148187895941,2.599899733505431,98926.61673508328,0.025861080115141148,0.03434256749448584,1.5498737786424595,0.4899598393574297,0.968
2023-04-14,TSLA,ensemble,,0.00982609892466451,-0.06550719199612923,0.08515938984545826,389.7495672000205,512.1560396900328,389.7495672000205,512.1560396900328,2.435046099166701,107720.26413821975,0.025861080115141148,0.03434256749448584,1.5498737786424595,0.4899598393574297,0.968
2023-04-17,TSLA,ensemble,,0.007253746451314469,-0.06807954446947928,0.08258703737210821,394.0473320668379,515.8845963992284,394.0473320668379,515.8845963992284,2.274786367918169,116994.24638523623,0.025861080115141148,0.03434256749448584,1.5498737786424595,0.4899598393574297,0.968
2023-04-18,TSLA,ensemble,,0.00764696316673813,-0.06768632775405561,0.08298025408753187,388.2959015086419,519.8446688729234,388.2959015086419,519.8446688729234,2.1259097236824305,127116.62999852194,0.025861080115141148,0.03434256749448584,1.5498737786424595,0.4899598393574297,0.968
2023-04-19,TSLA,ensemble,,0.007836351649436418,-0.06749693927135733,0.08316964257023016,380.45877250457386,523.9343576927427,380.45877250457386,523.9343576927427,1.9871528323794108,138140.96565597967,0.025861080115141148,0.03434256749448584,1.5498737786424595,0.4899598393574297,0.968
2023-04-20,TSLA,ensemble,,0.00782602098775076,-0.06750726993304298,0.0831593119085445,343.3799140480522,528.0507655095888,343.3799140480522,528.0507655095888,1.8574333340606346,150119.84863310328,0.025861080115141148,0.03434256749448584,1.5498737786424595,0.4899598393574297,0.968
2023-04-21,TSLA,ensemble,,0.009412798763833627,-0.06592049215696012,0.08474608968462737,347.7830230650387,533.0446675278776,347.7830230650387,533.0446675278776,1.7389389261652395,163396.54792045636,0.025861080115141148,0.03434256749448584,1.5498737786424595,0.4899598393574297,0.968
2023-04-24,TSLA,ensemble,,0.00783980323664769,-0.06749348768414605,0.08317309415744144,342.452936960998,537.2400568628411,342.452936960998,537.2400568628411,1.6254450041217192,177567.91399653858,0.025861080115141148,0.03434256749448584,1.5498737786424595,0.4899598393574297,0.968
2023-04-25,TSLA,ensemble,,0.009492644453040574,-0.06584064646775317,0.08482593537383432,338.49222836959206,542.3641679128656,338.49222836959206,542.3641679128656,1.5218717328813849,193287.5710089438,0.025861080115141148,0.03434256749448584,1.5498737786424595,0.4899598393574297,0.968
2023-04-26,TSLA,ensemble,,0.008454490790072088,-0.06687880013072166,0.08378778171086583,323.9134916594765,546.9690191827525,323.9134916594765,546.9690191827525,1.4234196494620248,210180.53815599228,0.025861080115141148,0.03434256749448584,1.5498737786424595,0.4899598393574297,0.968
2023-04-27,TSLA,ensemble,,0.006023411711907019,-0.06930987920888673,0.08135670263270076,337.48099525031523,550.2735811563994,337.48099525031523,550.2735811563994,1.3281039202260916,227994.97050437183,0.025861080115141148,0.03434256749448584,1.5498737786424595,0.4899598393574297,0.968
2023-04-28,TSLA,ensemble,,0.010382889391018096,-0.06495040152977564,0.08571618031181184,346.1608131626938,556.0167747612891,346.1608131626938,556.0167747612891,1.2445846995941945,248399.85090347653,0.025861080115141148,0.03434256749448584,1.5498737786424595,0.4899598393574297,0.968
2023-05-01,TSLA,ensemble,,0.009102528071647485,-0.06623076284914625,0.08443581899244124,340.93607120882217,561.101037780187,340.93607120882217,561.101037780187,1.1648253210886568,270284.624568219,0.025861080115141148,0.03434256749448584,1.5498737786424595,0.4899598393574297,0.968
2023-05-02,TSLA,ensemble,,0.00878797246042437,-0.06654531846036937,0.08412126338121811,337.73379549350415,566.053708340072,337.73379549350415,566.053708340072,1.0898344656539107,294005.01711357996,0.025861080115141148,0.03434256749448584,1.5498737786424595,0.4899598393574297,0.968
2023-05-03,TSLA,ensemble,,0.0083712807987473,-0.06696201012204644,0.08370457171954104,338.3658282479976,570.8121923939979,338.3658282479976,570.8121923939979,1.0192466828525586,319673.89687622414,0.025861080115141148,0.03434256749448584,1.5498737786424595,0.4899598393574297,0.968
2023-05-04,TSLA,ensemble,,0.007152650979014675,-0.06818063994177907,0.08248594189980842,339.608805639038,574.9096491508488,339.608805639038,574.9096491508488,0.952069891229783,347160.54748860915,0.025861080115141148,0.03434256749448584,1.5498737786424595,0.4899598393574297,0.968
2023-05-05,TSLA,ensemble,,0.007630610456711716,-0.06770268046408202,0.08296390137750546,358.27465106215385,579.3133407915603,358.27465106215385,579.3133407915603,0.8897457669350742,377190.8328096242,0.025861080115141148,0.03434256749448584,1.5498737786424595,0.4899598393574297,0.968
2023-05-08,TSLA,ensemble,,0.007224386928935402,-0.06810890399185834,0.08255767784972914,361.91932720305243,583.513678683041,361.91932720305243,583.513678683041,0.8311637795975841,409652.37125114584,0.025861080115141148,0.03434256749448584,1.5498737786424595,0.4899598393574297,0.968
2023-05-09,TSLA,ensemble,,0.0075163062341470025,-0.06781698468664674,0.08284959715494075,356.3574968272481,587.9160703196663,356.3574968272481,587.9160703196663,0.7766655950380521,445037.48839702894,0.025861080115141148,0.03434256749448584,1.5498737786424595,0.4899598393574297,0.968
2023-05-10,TSLA,ensemble,,0.008357407407596383,-0.06697588351319736,0.08369069832839013,355.0723753468358,592.8501136271727,355.0723753468358,592.8501136271727,0.7263514543569985,483885.9413297256,0.025861080115141148,0.03434256749448584,1.5498737786424595,0.4899598393574297,0.968
2023-05-11,TSLA,ensemble,,0.007054264719904666,-0.06827902620088908,0.08238755564069841,362.5303039861206,597.0470209113298,362.5303039861206,597.0470209113298,0.6784121325595268,525440.4042483954,0.025861080115141148,0.03434256749448584,1.5498737786424595,0.4899598393574297,0.968
2023-05-12,TSLA,ensemble,,0.0061555898515111285,-0.06917770106928262,0.08148888077230487,353.89259801659273,600.7335321792536,353.89259801659273,600.7335321792536,0.633067636614609,570050.9010607575,0.025861080115141148,0.03434256749448584,1.5498737786424595,0.4899598393574297,0.968
2023-05-15,TSLA,ensemble,,0.009219816412901226,-0.06611347450789251,0.08455310733369498,350.45861017603244,606.2977963904625,350.45861017603244,606.2977963904625,0.5925669087654933,620346.8544569132,0.025861080115141148,0.03434256749448584,1.5498737786424595,0.4899598393574297,0.968
2023-05-16,TSLA,ensemble,,0.01019292573134133,-0.06514036518945242,0.08552621665213507,350.8167545693904,612.5093479626893,350.8167545693904,612.5093479626893,0.5551972342436908,675737.6986085764,0.025861080115141148,0.03434256749448584,1.5498737786424595,0.4899598393574297,0.968
2023-05-17,TSLA,ensemble,,0.007170710402603975,-0.06816258051818977,0.08250400132339772,366.28032427718824,616.9172601591857,366.28032427718824,616.9172601591857,0.5186145075234049,733853.1806597025,0.025861080115141148,0.03434256749448584,1.5498737786424595,0.4899598393574297,0.968
2023-05-18,TSLA,ensemble,,0.007549648549784021,-0.06778364237100973,0.08288293947057776,372.6637875898777,621.5923942616091,372.6637875898777,621.5923942616091,0.48462587656642914,797268.8279490111,0.025861080115141148,0.03434256749448584,1.5498737786424595,0.4899598393574297,0.968
2023-05-19,TSLA,ensemble,,0.00898297984015727,-0.06635031108063648,0.08431627076095101,379.5107394460943,627.2013008384013,379.5107394460943,627.2013008384013,0.4535143417586662,867406.9054749247,0.025861080115141148,0.03434256749448584,1.5498737786424595,0.4899598393574297,0.968
2023-05-22,TSLA,ensemble,,0.00804381808665856,-0.06728947283413518,0.08337710900745231,397.90269650807477,632.2667394269313,397.90269650807477,632.2667394269313,0.42400168141549077,942829.3502303956,0.025861080115141148,0.03434256749448584,1.5498737786424595,0.4899598393574297,0.968
2023-05-23,TSLA,ensemble,,0.01015028588202128,-0.06518300503877246,0.08548357680281503,391.37177710236557,638.717108751363,391.37177710236557,638.717108751363,0.39724547549567363,1026970.903828816,0.025861080115141148,0.03434256749448584,1.5498737786424595,0.4899598393574297,0.968
2023-05-24,TSLA,ensemble,,0.0078612384392166,-0.06747205248157714,0.08319452936001034,385.32537006508755,643.7580041184848,385.32537006508755,643.7580041184848,0.3713267353508646,1116063.9092550855,0.025861080115141148,0.03434256749448584,1.5498737786424595,0.4899598393574297,0.968
2023-05-25,TSLA,ensemble,,0.00706596623270558,-0.06826732468808816,0.08239925715349933,388.6329899305747,648.3228850921419,388.6329899305747,648.3228850921419,0.3468231648328911,1211921.8263195336,0.025861080115141148,0.03434256749448584,1.5498737786424595,0.4899598393574297,0.968
2023-05-26,TSLA,ensemble,,0.007709221927128064,-0.06762406899366569,0.0830425128479218,406.9617469317579,653.340265293054,406.9617469317579,653.340265293054,0.32414500748130126,1316859.7152551275,0.025861080115141148,0.03434256749448584,1.5498737786424595,0.4899598393574297,0.968
2023-05-30,TSLA,ensemble,,0.007899324607723994,-0.06743396631306975,0.08323261552851774,423.79472629871185,658.5216499044997,423.79472629871185,658.5216499044997,0.303007332022753,1431156.0070116743,0.025861080115141148,0.03434256749448584,1.5498737786424595,0.4899598393574297,0.968
2023-05-31,TSLA,ensemble,,0.008195389129355773,-0.06713790179143797,0.08352868005014952,429.6304128891303,663.9406662188875,429.6304128891303,663.9406662188875,0.2833319282028953,1555833.1567330745,0.025861080115141148,0.03434256749448584,1.5498737786424595,0.4899598393574297,0.968
2023-06-01,TSLA,ensemble,,0.00988827839608208,-0.06544501252471166,0.08522156931687583,437.1936856785842,670.5384630308912,437.1936856785842,670.5384630308912,0.2653830062116934,1694237.4601227113,0.025861080115141148,0.03434256749448584,1.5498737786424595,0.4899598393574297,0.968
2023-06-02,TSLA,ensemble,,0.011165902318044615,-0.06416738860274913,0.08649919323883835,450.7822452408482,678.0675865124706,450.7822452408482,678.0675865124706,0.2488889219611793,1847312.641542801,0.025861080115141148,0.03434256749448584,1.5498737786424595,0.4899598393574297,0.968
2023-06-05,TSLA,ensemble,,0.010927668037658942,-0.0644056228831348,0.08626095895845269,458.45083003394996,685.5179172361441,458.45083003394996,685.5179172361441,0.23336437599607987,2013738.4416363288,0.025861080115141148,0.03434256749448584,1.5498737786424595,0.4899598393574297,0.968
2023-06-06,TSLA,ensemble,,0.009513256381262611,-0.06582003453953113,0.08484654730205636,466.24581494864606,692.0705439268307,466.24581494864606,692.0705439268307,0.2184989137155915,2192055.0067110076,0.025861080115141148,0.03434256749448584,1.5498737786424595,0.4899598393574297,0.968
2023-06-07,TSLA,ensemble,,0.011646886777842678,-0.06368640414295107,0.08698017769863642,473.1138549228092,700.1781336345913,473.1138549228092,700.1781336345913,0.2050173559708221,2391258.127871822,0.025861080115141148,0.03434256749448584,1.5498737786424595,0.4899598393574297,0.968
2023-06-08,TSLA,ensemble,,0.009220986415604033,-0.0661123045051897,0.08455427733639778,494.79234373233015,706.6643252776888,494.79234373233015,706.6643252776888,0.19190152202406685,2602243.397306369,0.025861080115141148,0.03434256749448584,1.5498737786424595,0.4899598393574297,0.968
2023-06-09,TSLA,ensemble,,0.01131884023635289,-0.06401445068444085,0.08665213115714664,514.890766728878,714.7083847070301,514.890766728878,714.7083847070301,0.18000198590543975,2837791.331029392,0.025861080115141148,0.03434256749448584,1.5498737786424595,0.4899598393574297,0.968
2023-06-12,TSLA,ensemble,,0.007068702402146729,-0.06826458851864702,0.08240199332294047,526.330459930994,719.778343487067,526.330459930994,719.778343487067,0.16812425096488026,3081535.5951308208,0.025861080115141148,0.03434256749448584,1.5498737786424595,0.4899598393574297,0.968
2023-06-13,TSLA,ensemble,,0.011222494686842803,-0.06411079623395094,0.08655578560763655,545.0384172969606,727.9015481774702,545.0384172969606,727.9015481774702,0.15768391619546338,3360143.9932679785,0.025861080115141148,0.03434256749448584,1.5498737786424595,0.4899598393574297,0.968
2023-06-14,TSLA,ensemble,,0.01217440824847298,-0.06315888267232077,0.08750769916926672,540.9934848198533,736.8174817738814,540.9934848198533,736.8174817738814,0.14803276230806148,3667431.404933248,0.025861080115141148,0.03434256749448584,1.5498737786424595,0.4899598393574297,0.968
2023-06-15,TSLA,ensemble,,0.01031221151594786,-0.06502107940484589,0.0856455024367416,539.1184425277982,744.4550117245262,539.1184425277982,744.4550117245262,0.1387137610384203,3995373.352527444,0.025861080115141148,0.03434256749448584,1.5498737786424595,0.4899598393574297,0.968
2023-06-16,TSLA,ensemble,,0.008133379096558398,-0.06719991182423535,0.08346667001735214,548.8938138847185,750.5346369888972,548.8938138847185,750.5346369888972,0.12969851282435144,4343166.54102986,0.025861080115141148,0.03434256749448584,1.5498737786424595,0.4899598393574297,0.968
2023-06-20,TSLA,ensemble,,0.009624245238559426,-0.06570904568223432,0.08495753615935317,578.1987755444904,757.7928377224231,578.1987755444904,757.7928377224231,0.12145011220199045,4728278.751594194,0.025861080115141148,0.03434256749448584,1.5498737786424595,0.4899598393574297,0.968
2023-06-21,TSLA,ensemble,,0.008634522892860963,-0.06669876802793279,0.0839678138136547,546.6184831099334,764.364347425084,546.6184831099334,764.364347425084,0.11361378108226446,5142447.069792823,0.025861080115141148,0.03434256749448584,1.5498737786424595,0.4899598393574297,0.968
2023-06-22,TSLA,ensemble,,0.008061790850231992,-0.06727150007056175,0.08339508177102574,557.4682555004066,770.5513987751038,557.4682555004066,770.5513987751038,0.10622221961844337,5589691.688679191,0.025861080115141148,0.03434256749448584,1.5498737786424595,0.4899598393574297,0.968
2023-06-23,TSLA,ensemble,,0.011190373004282213,-0.06414291791651153,0.08652366392507596,540.5931963371232,779.2225827510784,540.5931963371232,779.2225827510784,0.09962273417227384,6094872.204764768,0.025861080115141148,0.03434256749448584,1.5498737786424595,0.4899598393574297,0.968
2023-06-26,TSLA,ensemble,,0.008003133768680112,-0.06733015715211363,0.08333642468947386,507.83315871884435,785.4838266833538,507.83315871884435,785.4838266833538,0.09313594836584566,6624561.7595212255,0.025861080115141148,0.03434256749448584,1.5498737786424595,0.4899598393574297,0.968
2023-06-27,TSLA,ensemble,,0.008569043737028458,-0.06676424718376528,0.08390233465782221,527.1310368964537,792.2435929520896,527.1310368964537,792.2435929520896,0.08712082854349947,7204361.127721023,0.025861080115141148,0.03434256749448584,1.5498737786424595,0.4899598393574297,0.968
2023-06-28,TSLA,ensemble,,0.007866856479289561,-0.06746643444150419,0.0832001474000833,539.8347313145141,798.5006389666287,539.8347313145141,798.5006389666287,0.08143698691471817,7829406.44768476,0.025861080115141148,0.03434256749448584,1.5498737786424595,0.4899598393574297,0.968
2023-06-29,TSLA,ensemble,,0.00866365180870399,-0.06666963911208976,0.08399694272949773,542.4892624540824,805.4486244763407,542.4892624540824,805.4486244763407,0.07618464364361542,8515462.639762528,0.025861080115141148,0.03434256749448584,1.5498737786424595,0.4899598393574297,0.968
2023-06-30,TSLA,ensemble,,0.008960056764690819,-0.06637323415610293,0.08429334768548456,551.4850806704471,812.6979184159999,551.4850806704471,812.6979184159999,0.07129218265596485,9264380.49715733,0.025861080115141148,0.03434256749448584,1.5498737786424595,0.4899598393574297,0.968
2023-07-03,TSLA,ensemble,,0.008409310478451375,-0.06692398044234237,0.08374260139924512,589.5120364784908,819.5609638328536,589.5120364784908,819.5609638328536,0.06667717568942715,10073614.64389594,0.025861080115141148,0.03434256749448584,1.5498737786424595,0.4899598393574297,0.968
2023-07-05,TSLA,ensemble,,0.009633222329552552,-0.0657000685912412,0.08496651325034629,595.1160109436671,827.4941264205532,595.1160109436671,827.4941264205532,0.06243728620176465,10966948.932530023,0.025861080115141148,0.03434256749448584,1.5498737786424595,0.4899598393574297,0.968
2023-07-06,TSLA,ensemble,,0.009861655199405977,-0.06547163572138777,0.08519494612019972,582.6018845614772,835.6949586021719,582.6018845614772,835.6949586021719,0.058480361468572425,11942232.33740443,0.025861080115141148,0.03434256749448584,1.5498737786424595,0.4899598393574297,0.968
2023-07-07,TSLA,ensemble,,0.008568284783782484,-0.06676500613701127,0.08390157570457622,578.1565993085975,842.8861952861396,578.1565993085975,842.8861952861396,0.054703406872448034,12987438.604336238,0.025861080115141148,0.03434256749448584,1.5498737786424595,0.4899598393574297,0.968
2023-07-10,TSLA,ensemble,,0.006351923945343421,-0.06898136697545032,0.08168521486613717,568.0020275868937,848.2571842914457,568.0020275868937,848.2571842914457,0.05105710046457222,14092853.768719783,0.025861080115141148,0.03434256749448584,1.5498737786424595,0.4899598393574297,0.968
2023-07-11,TSLA,ensemble,,0.008542399134753749,-0.06679089178604,0.08387569005554749,568.3812922447196,855.5343738043958,568.3812922447196,855.5343738043958,0.04775834096594504,15325889.67616781,0.025861080115141148,0.03434256749448584,1.5498737786424595,0.4899598393574297,0.968
2023-07-12,TSLA,ensemble,,0.00590972014100775,-0.06942357077978599,0.0812430110618015,573.0161133869484,860.6053116779891,573.0161133869484,860.6053116779891,0.04455525751717527,16622987.80795654,0.025861080115141148,0.03434256749448584,1.5498737786424595,0.4899598393574297,0.968
2023-07-13,TSLA,ensemble,,0.007855985920253465,-0.06747730500054028,0.08318927684104721,585.4670397083412,867.3928413496734,585.4670397083412,867.3928413496734,0.04164797949063582,18064990.197035205,0.025861080115141148,0.03434256749448584,1.5498737786424595,0.4899598393574297,0.968
2023-07-14,TSLA,ensemble,,0.005604673212322992,-0.06972861770847075,0.08093796413311674,592.7985682260315,872.267943688356,592.7985682260315,872.267943688356,0.03884285852236707,19587934.42424398,0.025861080115141148,0.03434256749448584,1.5498737786424595,0.4899598393574297,0.968
2023-07-17,TSLA,ensemble,,0.006064585112243361,-0.06926870580855038,0.08139787603303711,611.7593579817083,877.5739600047415,611.7593579817083,877.5739600047415,0.03624333608594802,21249038.81508286,0.025861080115141148,0.03434256749448584,1.5498737786424595,0.4899598393574297,0.968
2023-07-18,TSLA,ensemble,,0.006713536161832989,-0.06861975475896076,0.08204682708262673,617.9953330548567,883.4854056688735,617.9953330548567,883.4854056688735,0.03383973749712406,23065972.72204695,0.025861080115141148,0.03434256749448584,1.5498737786424595,0.4899598393574297,0.968
2023-07-19,TSLA,ensemble,,0.008269040722692479,-0.06706425019810126,0.08360233164348622,613.6133121558169,890.8212709502828,613.6133121558169,890.8212709502828,0.03164472687651842,25077243.986780286,0.025861080115141148,0.03434256749448584,1.5498737786424595,0.4899598393574297,0.968
2023-07-20,TSLA,ensemble,,0.006194719235222229,-0.06913857168557151,0.08152801015601598,553.8657234488803,896.356786392681,553.8657234488803,896.356786392681,0.02953077546477027,27207395.534557577,0.025861080115141148,0.03434256749448584,1.5498737786424595,0.4899598393574297,0.968
2023-07-21,TSLA,ensemble,,0.009560893609335954,-0.06577239731145779,0.0848941845301297,547.7982604401769,904.9678574352113,547.7982604401769,904.9678574352113,0.027650963076427237,29618021.64818824,0.025861080115141148,0.03434256749448584,1.5498737786424595,0.4899598393574297,0.968
2023-07-24,TSLA,ensemble,,0.004393662909115118,-0.07093962801167862,0.07972695382990887,566.8433383745975,908.9527288247581,566.8433383745975,908.9527288247581,0.02575737336322398,32076060.380349293,0.025861080115141148,0.03434256749448584,1.5498737786424595,0.4899598393574297,0.968
2023-07-25,TSLA,ensemble,,0.0076024757214390466,-0.0677308151993547,0.08293576664223279,558.879809248935,915.8893542306884,558.879809248935,915.8893542306884,0.024070574397197102,34849742.06892156,0.025861080115141148,0.03434256749448584,1.5498737786424595,0.4899598393574297,0.968
2023-07-26,TSLA,ensemble,,0.007747798594632047,-0.06758549232616169,0.0830810895154258,556.9205430711786,923.0130412932924,556.9205430711786,923.0130412932924,0.022497509693555216,37868772.410910346,0.025861080115141148,0.03434256749448584,1.5498737786424595,0.4899598393574297,0.968
2023-07-27,TSLA,ensemble,,0.007304060044989161,-0.06802923087580458,0.08263735096578291,538.7181861915899,929.7794650700171,538.7181861915899,929.7794650700171,0.02101791967942962,41131085.6093892,0.025861080115141148,0.03434256749448584,1.5498737786424595,0.4899598393574297,0.968
2023-07-28,TSLA,ensemble,,0.005115011499051933,-0.07021827942174182,0.08044830241984567,561.3236520881651,934.5474815594185,561.3236520881651,934.5474815594185,0.0195927012660871,44576752.50736238,0.025861080115141148,0.03434256749448584,1.5498737786424595,0.4899598393574297,0.968
2023-07-31,TSLA,ensemble,,0.007116133727895586,-0.06821715719289816,0.08244942464868933,563.4093183875159,941.2215650844486,563.4093183875159,941.2215650844486,0.018300711800771887,48407845.783498555,0.025861080115141148,0.03434256749448584,1.5498737786424595,0.4899598393574297,0.968
2023-08-01,TSLA,ensemble,,0.007874767685241153,-0.0674585232355526,0.08320805860603489,550.0103911541648,948.662726505195,550.0103911541648,948.662726505195,0.017106892151008038,52608092.73338631,0.025861080115141148,0.03434256749448584,1.5498737786424595,0.4899598393574297,0.968
2023-08-02,TSLA,ensemble,,0.007613357968603395,-0.06771993295219035,0.08294664888939714,535.3473662653055,955.9127991128183,535.3473662653055,955.9127991128183,0.01598676990296281,57157842.707072094,0.025861080115141148,0.03434256749448584,1.5498737786424595,0.4899598393574297,0.968
2023-08-03,TSLA,ensemble,,0.006565255032862519,-0.06876803588793122,0.08189854595365627,546.3235709238943,962.2092567371138,546.3235709238943,962.2092567371138,0.014924340388584294,62036018.31936058,0.025861080115141148,0.03434256749448584,1.5498737786424595,0.4899598393574297,0.968
2023-08-04,TSLA,ensemble,,0.00721808549815298,-0.06811520542264077,0.08255137641894672,534.8206776609811,969.1796917535912,534.8206776609811,969.1796917535912,0.01394161507708692,67374494.97162938,0.025861080115141148,0.03434256749448584,1.5498737786424595,0.4899598393574297,0.968
2023-08-07,TSLA,ensemble,,0.006217998749696371,-0.06911529217109737,0.08155128967049012,529.7433918001292,975.2248247025472,529.7433918001292,975.2248247025472,0.01301058121019728,73099229.26200248,0.025861080115141148,0.03434256749448584,1.5498737786424595,0.4899598393574297,0.968
2023-08-08,TSLA,ensemble,,0.004814839720747517,-0.07051845120004623,0.08014813064154126,526.0565715698588,979.9316982528902,526.0565715698588,979.9316982528902,0.012124697819847107,79199180.67309833,0.025861080115141148,0.03434256749448584,1.5498737786424595,0.4899598393574297,0.968
2023-08-09,TSLA,ensemble,,0.006095183715417856,-0.06923810720537589,0.0814284746362116,510.2348574687029,985.9228018728356,510.2348574687029,985.9228018728356,0.011313609790401165,85918092.39147486,0.025861080115141148,0.03434256749448584,1.5498737786424595,0.4899598393574297,0.968
2023-08-10,TSLA,ensemble,,0.005458021996700526,-0.06987526892409322,0.08079131291749427,516.8711210245813,991.3187022887693,516.8711210245813,991.3187022887693,0.010550055687129575,93147638.14055867,0.025861080115141148,0.03434256749448584,1.5498737786424595,0.4899598393574297,0.968
2023-08-11,TSLA,ensemble,,0.008961390968771363,-0.06637189995202238,0.08429468188956511,511.2039464986078,1000.2422206048731,511.2039464986078,1000.2422206048731,0.009872560461136022,101339921.27159306,0.025861080115141148,0.03434256749448584,1.5498737786424595,0.4899598393574297,0.968
2023-08-14,TSLA,ensemble,,0.00715035079071996,-0.06818294013007378,0.0824836417115137,505.1154275184791,1007.4199343619756,505.1154275184791,1007.4199343619756,0.009221855810015453,110053219.77032581,0.025861080115141148,0.03434256749448584,1.5498737786424595,0.4899598393574297,0.968
2023-08-15,TSLA,ensemble,,0.0073990337889845974,-0.06793425713180914,0.08273232470977834,490.78952319807377,1014.901512589076,490.78952319807377,1014.901512589076,0.008616181810211175,119545420.8074967,0.025861080115141148,0.03434256749448584,1.5498737786424595,0.4899598393574297,0.968
2023-08-16,TSLA,ensemble,,0.007208345922431023,-0.06812494499836272,0.08254163684322477,475.283809400904,1022.2437045067854,475.283809400904,1022.2437045067854,0.008048752384253623,129831574.07701248,0.025861080115141148,0.03434256749448584,1.5498737786424595,0.4899598393574297,0.968
2023-08-17,TSLA,ensemble,,0.004002939824451627,-0.07133035109634212,0.07933623074524537,461.8427059316597,1026.3438854557094,461.8427059316597,1026.3438854557094,0.007494629856917003,140551540.41264972,0.025861080115141148,0.03434256749448584,1.5498737786424595,0.4899598393574297,0.968
2023-08-18,TSLA,ensemble,,0.006988630867780267,-0.06834466005301348,0.082321921788574,453.9845209561663,1033.5417463150077,453.9845209561663,1033.5417463150077,0.006999523567458972,152611607.21595588,0.025861080115141148,0.03434256749448584,1.5498737786424595,0.4899598393574297,0.968
2023-08-21,TSLA,ensemble,,0.003935271675568518,-0.07139801924522522,0.07926856259636227,487.250159060823,1037.617027284411,487.250159060823,1037.617027284411,0.006517194980816464,165201301.86064443,0.025861080115141148,0.03434256749448584,1.5498737786424595,0.4899598393574297,0.968
2023-08-22,TSLA,ensemble,,0.006501311107505849,-0.0688319798132879,0.08183460202829959,491.27406771302617,1044.3848744912834,491.27406771302617,1044.3848744912834,0.006083694052409422,179289056.39727062,0.025861080115141148,0.03434256749448584,1.5498737786424595,0.4899598393574297,0.968
2023-08-23,TSLA,ensemble,,0.010592898722873228,-0.06474039219792052,0.08592618964366697,499.0058525669251,1055.5067400943851,499.0058525669251,1055.5067400943851,0.005702311926180939,195375926.95859888,0.025861080115141148,0.03434256749448584,1.5498737786424595,0.4899598393574297,0.968
2023-08-24,TSLA,ensemble,,0.008430203817788496,-0.06690308710300524,0.08376349473858224,484.6377720106266,1064.4424892169416,484.6377720106266,1064.4424892169416,0.005333291589583729,212446252.7162878,0.025861080115141148,0.03434256749448584,1.5498737786424595,0.4899598393574297,0.968
2023-08-25,TSLA,ensemble,,0.007011187795458565,-0.06832210312533518,0.0823444787162523,502.65052870782375,1071.9317189254448,502.65052870782375,1071.9317189254448,0.004981078846723529,230680470.11427554,0.025861080115141148,0.03434256749448584,1.5498737786424595,0.4899598393574297,0.968
2023-08-28,TSLA,ensemble,,0.008697025991217432,-0.0666362649295763,0.08403031691201118,503.13510536929743,1081.2949942517737,503.13510536929743,1081.2949942517737,0.004659975723306378,250902351.00288534,0.025861080115141148,0.03434256749448584,1.5498737786424595,0.4899598393574297,0.968
2023-08-29,TSLA,ensemble,,0.006873968013060111,-0.06845932290773363,0.08220725893385386,541.8150856102175,1088.7533864613924,541.8150856102175,1088.7533864613924,0.0043516318627953585,272399866.05155814,0.025861080115141148,0.03434256749448584,1.5498737786424595,0.4899598393574297,0.968
2023-08-30,TSLA,ensemble,,0.007549047534235806,-0.06778424338655793,0.08288233845502956,541.225196945096,1097.0035387447078,541.225196945096,1097.0035387447078,0.004066434910552638,295939020.41699284,0.025861080115141148,0.03434256749448584,1.5498737786424595,0.4899598393574297,0.968
2023-08-31,TSLA,ensemble,,0.009148598339617708,-0.06618469258117604,0.08448188926041145,543.7111517271767,1107.0856316873449,543.7111517271767,1107.0856316873449,0.003806012220262202,322026973.3669245,0.025861080115141148,0.03434256749448584,1.5498737786424595,0.4899598393574297,0.968
2023-09-01,TSLA,ensemble,,0.006234442527006855,-0.06909884839378688,0.0815677334478006,516.1758882092905,1114.0092534658488,516.1758882092905,1114.0092534658488,0.0035519016327497047,349394984.74984586,0.025861080115141148,0.03434256749448584,1.5498737786424595,0.4899598393574297,0.968
2023-09-05,TSLA,ensemble,,0.00848706601039949,-0.06684622491039426,0.08382035693119323,540.3614199188388,1123.5041584857142,540.3614199188388,1123.5041584857142,0.003322232199843977,379943820.360892,0.025861080115141148,0.03434256749448584,1.5498737786424595,0.4899598393574297,0.968
2023-09-06,TSLA,ensemble,,0.008845419830378952,-0.06648787109041479,0.0841787107511727,530.7335689479808,1133.4861066262865,530.7335689479808,1133.4861066262865,0.003108527170074149,413311733.6993289,0.025861080115141148,0.03434256749448584,1.5498737786424595,0.4899598393574297,0.968
2023-09-07,TSLA,ensemble,,0.009525969899429783,-0.06580732102136397,0.08485926082022352,529.8276799788731,1144.3352534412102,529.8276799788731,1144.3352534412102,0.0029105489739751985,449916213.05029976,0.025861080115141148,0.03434256749448584,1.5498737786424595,0.4899598393574297,0.968
2023-09-08,TSLA,ensemble,,0.008401391036839206,-0.06693189988395454,0.08373468195763295,523.5284726984062,1153.989760238811,523.5284726984062,1153.989760238811,0.002722116803875581,489212059.1004934,0.025861080115141148,0.03434256749448584,1.5498737786424595,0.4899598393574297,0.968
2023-09-11,TSLA,ensemble,,0.010732889351874617,-0.06460040156891912,0.08606618027266837,576.3658451952865,1166.442109957451,576.3658451952865,1166.442109957451,0.002551826590617392,533181682.83245546,0.025861080115141148,0.03434256749448584,1.5498737786424595,0.4899598393574297,0.968
2023-09-12,TSLA,ensemble,,0.010355038538692941,-0.06497825238210081,0.08568832945948668,563.5146946842063,1178.5834163175675,563.5146946842063,1178.5834163175675,0.002391285674450497,580883699.5345541,0.025861080115141148,0.03434256749448584,1.5498737786424595,0.4899598393574297,0.968
2023-09-13,TSLA,ensemble,,0.00976827451191956,-0.06556501640887419,0.0851015654327133,571.5624476955702,1190.1525559361723,571.5624476955702,1190.1525559361723,0.0022395302722709224,632482232.5197165,0.025861080115141148,0.03434256749448584,1.5498737786424595,0.4899598393574297,0.968
2023-09-14,TSLA,ensemble,,0.009743732963296418,-0.06558955795749732,0.08507702388409016,581.5485073528288,1201.8057653104686,581.5485073528288,1201.8057653104686,0.002097354075039867,688647241.1702942,0.025861080115141148,0.03434256749448584,1.5498737786424595,0.4899598393574297,0.968
2023-09-15,TSLA,ensemble,,0.010831490548773665,-0.06450180037202008,0.08616478146956741,578.0723754228966,1214.893866964522,578.0723754228966,1214.893866964522,0.001966341649594878,750615798.781508,0.025861080115141148,0.03434256749448584,1.5498737786424595,0.4899598393574297,0.968
2023-09-18,TSLA,ensemble,,0.007684263886091637,-0.0676490270347021,0.08301755480688539,558.8798092489351,1224.2653925556615,558.8798092489351,1224.2653925556615,0.001837720157684438,815589764.928091,0.025861080115141148,0.03434256749448584,1.5498737786424595,0.4899598393574297,0.968
2023-09-19,TSLA,ensemble,,0.011020812298265863,-0.06431247862252788,0.0863541032190596,561.4500522097596,1237.8324141307187,561.4500522097596,1237.8324141307187,0.0017232521320534886,889149682.1459441,0.025861080115141148,0.03434256749448584,1.5498737786424595,0.4899598393574297,0.968
2023-09-20,TSLA,ensemble,,0.006769137757409749,-0.06856415316338399,0.0821024286782035,553.2126347229616,1246.239895860164,553.2126347229616,1246.239895860164,0.0016090583415271076,965231550.6220471,0.025861080115141148,0.03434256749448584,1.5498737786424595,0.4899598393574297,0.968
2023-09-21,TSLA,ensemble,,0.009521648707758788,-0.06581164221303495,0.08485493962855253,538.6970980736434,1258.1628272569085,538.6970980736434,1258.1628272569085,0.0015065729239673567,1050711634.8026129,0.025861080115141148,0.03434256749448584,1.5498737786424595,0.4899598393574297,0.968
2023-09-22,TSLA,ensemble,,0.008242869595805872,-0.06709042132498787,0.08357616051659962,515.9020319946765,1268.5765599292215,515.9020319946765,1268.5765599292215,0.0014088123765170345,1142300078.5813978,0.025861080115141148,0.03434256749448584,1.5498737786424595,0.4899598393574297,0.968
2023-09-25,TSLA,ensemble,,0.009261058501156855,-0.06607223241963689,0.0845943494219506,520.3472851010348,1280.3794911234793,520.3472851010348,1280.3794911234793,0.0013187374886135985,1243137209.220543,0.025861080115141148,0.03434256749448584,1.5498737786424595,0.4899598393574297,0.968
2023-09-26,TSLA,ensemble,,0.006205466538756146,-0.0691278243820376,0.08153875745954989,514.3008780637567,1288.3495465930512,514.3008780637567,1288.3495465930512,0.001230655564301074,1348748262.5970917,0.025861080115141148,0.03434256749448584,1.5498737786424595,0.4899598393574297,0.968
2023-09-27,TSLA,ensemble,,0.005584743979738954,-0.06974854694105478,0.0809180349005327,506.6744373600269,1295.5647778235775,506.6744373600269,1295.5647778235775,0.0011477442100975921,1462423490.1558168,0.025861080115141148,0.03434256749448584,1.5498737786424595,0.4899598393574297,0.968
2023-09-28,TSLA,ensemble,,0.006231726498480488,-0.06910156442231326,0.08156501741927423,519.0621636206224,1303.6635917673937,519.0621636206224,1303.6635917673937,0.0010711115008439254,1586705734.3337238,0.025861080115141148,0.03434256749448584,1.5498737786424595,0.4899598393574297,0.968
2023-09-29,TSLA,ensemble,,0.006525443072317453,-0.0688078478484763,0.0818587339931112,527.1520928678793,1312.1983907079439,527.1520928678793,1312.1983907079439,0.0009998890534511525,1722055672.7103238,0.025861080115141148,0.03434256749448584,1.5498737786424595,0.4899598393574297,0.968
2023-10-02,TSLA,ensemble,,0.005589851241701109,-0.06974343967909263,0.08092314216249485,530.0594242506367,1319.5539235258893,530.0594242506367,1319.5539235258893,0.000932529593432794,1867203539.013533,0.025861080115141148,0.03434256749448584,1.5498737786424595,0.4899598393574297,0.968
2023-10-03,TSLA,ensemble,,0.009690610850412385,-0.06564268007038136,0.08502390177120613,519.3781639246085,1332.403366013077,519.3781639246085,1332.403366013077,0.0008732817194977136,2032904949.371977,0.025861080115141148,0.03434256749448584,1.5498737786424595,0.4899598393574297,0.968
2023-10-04,TSLA,ensemble,,0.007306007580746806,-0.06802728334004694,0.08263929850154055,550.1999913365564,1342.173562210306,550.1999913365564,1342.173562210306,0.0008158503333985294,2208039633.4364533,0.025861080115141148,0.03434256749448584,1.5498737786424595,0.4899598393574297,0.968
2023-10-05,TSLA,ensemble,,0.007919101548464596,-0.06741418937232915,0.08325239246925834,547.8614605009742,1352.844567565865,547.8614605009742,1352.844567565865,0.0007626633643155853,2399732974.763879,0.025861080115141148,0.03434256749448584,1.5498737786424595,0.4899598393574297,0.968
2023-10-06,TSLA,ensemble,,0.009591524422120003,-0.06574176649867375,0.08492481534291374,548.8727257667723,1365.882837761478,548.8727257667723,1365.882837761478,0.0007141371047163774,2612433822.819343,0.025861080115141148,0.03434256749448584,1.5498737786424595,0.4899598393574297,0.968
2023-10-09,TSLA,ensemble,,0.009087842561309947,-0.0662454483594838,0.08442113348210369,547.060947828557,1378.3523405673345,547.060947828557,1378.3523405673345,0.000668361716639627,2842555352.0621905,0.025861080115141148,0.03434256749448584,1.5498737786424595,0.4899598393574297,0.968
2023-10-10,TSLA,ensemble,,0.006940801777907994,-0.06839248914288575,0.08227409269870174,555.3825892010562,1387.9524887658226,555.3825892010562,1387.9524887658226,0.0006241789023832524,3086314041.8808956,0.025861080115141148,0.03434256749448584,1.5498737786424595,0.4899598393574297,0.968
2023-10-11,TSLA,ensemble,,0.008607150413066388,-0.06672614050772735,0.08394044133386014,554.055323631272,1399.950364292637,554.055323631272,1399.950364292637,0.0005838889959348912,3356564408.865182,0.025861080115141148,0.03434256749448584,1.5498737786424595,0.4899598393574297,0.968
2023-10-12,TSLA,ensemble,,0.007395181948975721,-0.06793810897181803,0.08272847286976946,545.3755057188936,1410.3416272391746,545.3755057188936,1410.3416272391746,0.0005455381727322578,3646057425.3890786,0.025861080115141148,0.03434256749448584,1.5498737786424595,0.4899598393574297,0.968
2023-10-13,TSLA,ensemble,,0.006244407171391356,-0.06908888374940239,0.0815776980921851,529.0481589848387,1419.1759283911247,529.0481589848387,1419.1759283911247,0.0005091200770996127,3955963251.7315598,0.025861080115141148,0.03434256749448584,1.5498737786424595,0.4899598393574297,0.968
2023-10-16,TSLA,ensemble,,0.009144541452030952,-0.0661887494687628,0.08447783237282469,534.9470777825757,1432.2131603997652,534.9470777825757,1432.2131603997652,0.00047651306772633655,4304676357.795734,0.025861080115141148,0.03434256749448584,1.5498737786424595,0.4899598393574297,0.968
2023-10-17,TSLA,ensemble,,0.010204873588309864,-0.06512841733248388,0.0855381645091036,536.9063761068534,1446.9035439194051,536.9063761068534,1446.9035439194051,0.0004464675537866968,4689097444.260705,0.025861080115141148,0.03434256749448584,1.5498737786424595,0.4899598393574297,0.968
2023-10-18,TSLA,ensemble,,0.009029152380487482,-0.06630413854030626,0.08436244330128123,511.2671465594052,1460.0270142458867,511.2671465594052,1460.0270142458867,0.00041782496100434567,5101846661.347698,0.025861080115141148,0.03434256749448584,1.5498737786424595,0.4899598393574297,0.968
2023-10-19,TSLA,ensemble,,0.006522920920905719,-0.06881036999988803,0.08185621184169946,463.7177160771937,1469.5817836263425,463.7177160771937,1469.5817836263425,0.00039004114019704325,5537032882.416819,0.025861080115141148,0.03434256749448584,1.5498737786424595,0.4899598393574297,0.968
2023-10-20,TSLA,ensemble,,0.0073785391364545256,-0.06795475178433921,0.08271183005724828,446.61088049562557,1480.4652530062267,446.61088049562557,1480.4652530062267,0.00036441650917883587,6014484278.710817,0.025861080115141148,0.03434256749448584,1.5498737786424595,0.4899598393574297,0.968
2023-10-23,TSLA,ensemble,,0.00613907904342543,-0.06919421187736831,0.08147236996421918,446.8004806780172,1489.5819014957635,446.8004806780172,1489.5819014957635,0.0003400536018156269,6525013202.0856085,0.025861080115141148,0.03434256749448584,1.5498737786424595,0.4899598393574297,0.968
2023-10-24,TSLA,ensemble,,0.005033944183426645,-0.0702993467373671,0.08036723510422039,456.15447543426114,1497.0992787988498,456.15447543426114,1497.0992787988498,0.0003169689789369876,7071058682.45105,0.025861080115141148,0.03434256749448584,1.5498737786424595,0.4899598393574297,0.968
2023-10-25,TSLA,ensemble,,0.008482608672456806,-0.06685068224833694,0.08381589959325055,447.5167694647333,1509.852600371163,447.5167694647333,1509.852600371163,0.0002964721333219912,7689272004.433818,0.025861080115141148,0.03434256749448584,1.5498737786424595,0.4899598393574297,0.968
2023-10-26,TSLA,ensemble,,0.006492509843898367,-0.06884078107689538,0.0818258007646921,433.48577733036745,1519.6872243922496,433.48577733036745,1519.6872243922496,0.0002767494121647861,8344911166.806344,0.025861080115141148,0.03434256749448584,1.5498737786424595,0.4899598393574297,0.968
2023-10-27,TSLA,ensemble,,0.008040790901214796,-0.06729250001957895,0.08337408182200853,436.7301971350574,1531.955970708495,436.7301971350574,1531.955970708495,0.00025873902998849293,9070487341.217047,0.025861080115141148,0.03434256749448584,1.5498737786424595,0.4899598393574297,0.968
2023-10-30,TSLA,ensemble,,0.007845140193392915,-0.06748815072740083,0.08317843111418666,415.78905308367774,1544.021646645432,415.78905308367774,1544.021646645432,0.0002418534095055456,9857222398.409075,0.025861080115141148,0.03434256749448584,1.5498737786424595,0.4899598393574297,0.968
2023-10-31,TSLA,ensemble,,0.00688233743920769,-0.06845095348158606,0.08221562836000143,423.1205494548468,1554.6847761692356,423.1205494548468,1554.6847761692356,0.00022585220909290355,10701886702.636318,0.025861080115141148,0.03434256749448584,1.5498737786424595,0.4899598393574297,0.968
2023-11-01,TSLA,ensemble,,0.006881556490668561,-0.06845173443012519,0.0822148474114623,433.27512117655056,1565.4203235536652,433.27512117655056,1565.4203235536652,0.00021090949522220586,11618921124.499702,0.025861080115141148,0.03434256749448584,1.5498737786424595,0.4899598393574297,0.968
2023-11-02,TSLA,ensemble,,0.010076553777868973,-0.06525673714292476,0.08540984469866272,460.3468961509095,1581.2741072356923,460.3468961509095,1581.2741072356923,0.0001975856915917539,12654903207.163122,0.025861080115141148,0.03434256749448584,1.5498737786424595,0.4899598393574297,0.968
2023-11-03,TSLA,ensemble,,0.010646174768031478,-0.06468711615276226,0.08597946568882522,463.4017157732078,1598.198558216383,463.4017157732078,1598.198558216383,0.00018520906267893331,13791110405.395142,0.025861080115141148,0.03434256749448584,1.5498737786424595,0.4899598393574297,0.968
2023-11-06,TSLA,ensemble,,0.009902280995684408,-0.06543100992510933,0.08523557191647815,461.94805008182914,1614.1029845168355,461.94805008182914,1614.1029845168355,0.00017347859944506324,15018154705.884615,0.025861080115141148,0.03434256749448584,1.5498737786424595,0.4899598393574297,0.968
2023-11-07,TSLA,ensemble,,0.012491300036582166,-0.06284199088421158,0.08782459095737591,468.07868100480846,1634.3916814794813,468.07868100480846,1634.3916814794813,0.00016291233837461167,16396770159.586672,0.025861080115141148,0.03434256749448584,1.5498737786424595,0.4899598393574297,0.968
2023-11-08,TSLA,ensemble,,0.010986015931433467,-0.06434727498936027,0.08631930685222722,467.9312249117887,1652.4461261527815,467.9312249117887,1652.4461261527815,0.00015275952910432354,17875010585.902912,0.025861080115141148,0.03434256749448584,1.5498737786424595,0.4899598393574297,0.968
2023-11-09,TSLA,ensemble,,0.01134010454831046,-0.06399318637248329,0.0866733954691042,442.3762835430843,1671.2916913656763,442.3762835430843,1671.2916913656763,0.00014329017834839139,19493422018.336777,0.025861080115141148,0.03434256749448584,1.5498737786424595,0.4899598393574297,0.968
2023-11-10,TSLA,ensemble,,0.008715221161687072,-0.06661806975910667,0.08404851208248082,452.2148228142807,1685.921024420566,452.2148228142807,1685.921024420566,0.00013405547725468835,21202637585.506626,0.025861080115141148,0.03434256749448584,1.5498737786424595,0.4899598393574297,0.968
2023-11-13,TSLA,ensemble,,0.009742512632386065,-0.06559077828840768,0.08507580355317981,471.3020448380731,1702.4264026736616,471.3020448380731,1702.4264026736616,0.00012554483494710899,23085423289.149162,0.025861080115141148,0.03434256749448584,1.5498737786424595,0.4899598393574297,0.968
2023-11-14,TSLA,ensemble,,0.008799165600435057,-0.06653412532035868,0.0841324565212288,500.1645739257433,1717.4724336941133,500.1645739257433,1717.4724336941133,0.00011746363778464768,25111699383.148983,0.025861080115141148,0.03434256749448584,1.5498737786424595,0.4899598393574297,0.968
2023-11-15,TSLA,ensemble,,0.010282925933640915,-0.06505036498715283,0.08561621685443466,511.60423498133804,1735.2241890956993,511.60423498133804,1735.2241890956993,0.00011006580949526017,27356387966.714436,0.025861080115141148,0.03434256749448584,1.5498737786424595,0.4899598393574297,0.968
2023-11-16,TSLA,ensemble,,0.011924264766780018,-0.06340902615401373,0.08725755568757376,492.116756621337,1756.0393176703062,492.116756621337,1756.0393176703062,0.00010330331110322456,29850680024.405632,0.025861080115141148,0.03434256749448584,1.5498737786424595,0.4899598393574297,0.968
2023-11-17,TSLA,ensemble,,0.011674878374571797,-0.06365841254622195,0.08700816929536553,493.6125664020875,1776.6610067487352,493.6125664020875,1776.6610067487352,9.69321274270272e-05,32564273752.04084,0.025861080115141148,0.03434256749448584,1.5498737786424595,0.4899598393574297,0.968
2023-11-20,TSLA,ensemble,,0.007789904415522216,-0.06754338650527153,0.08312319533631596,496.3513535738783,1790.5550726320687,496.3513535738783,1790.5550726320687,9.060121556893597e-05,35386804117.31341,0.025861080115141148,0.03434256749448584,1.5498737786424595,0.4899598393574297,0.968
2023-11-21,TSLA,ensemble,,0.007868729685678474,-0.06746456123511527,0.08320202060647222,508.14915902283104,1804.7000449835175,508.14915902283104,1804.7000449835175,8.469046898623024e-05,38457010468.23868,0.025861080115141148,0.03434256749448584,1.5498737786424595,0.4899598393574297,0.968
2023-11-22,TSLA,ensemble,,0.010536783832624045,-0.0647965070881697,0.08587007475341779,493.42296621969575,1823.8163143762745,493.42296621969575,1823.8163143762745,7.937683392487599e-05,41905248472.53465,0.025861080115141148,0.03434256749448584,1.5498737786424595,0.4899598393574297,0.968
2023-11-24,TSLA,ensemble,,0.006839049285860417,-0.06849424163493333,0.08217234020665416,496.035321123371,1836.3322337499128,496.035321123371,1836.3322337499128,7.412199522305172e-05,45494135209.95203,0.025861080115141148,0.03434256749448584,1.5498737786424595,0.4899598393574297,0.968
2023-11-27,TSLA,ensemble,,0.007614631037492087,-0.06771865988330165,0.08294792195828583,497.36258669315515,1850.36859922224,497.36258669315515,1850.36859922224,6.926873569262812e-05,49428705732.13084,0.025861080115141148,0.03434256749448584,1.5498737786424595,0.4899598393574297,0.968
2023-11-28,TSLA,ensemble,,0.008378907644498218,-0.06695438327629552,0.08371219856529197,519.7784524073387,1865.9378021926598,519.7784524073387,1865.9378021926598,6.478274433155859e-05,53744618533.47974,0.025861080115141148,0.03434256749448584,1.5498737786424595,0.4899598393574297,0.968
2023-11-29,TSLA,ensemble,,0.008687403604543264,-0.06664588731625049,0.084020694525337,514.3430221531288,1882.2185734028437,514.3430221531288,1882.2185734028437,6.060596917127705e-05,58455409698.18592,0.025861080115141148,0.03434256749448584,1.5498737786424595,0.4899598393574297,0.968
2023-11-30,TSLA,ensemble,,0.007223780260817098,-0.06810951065997664,0.08255707118161085,505.78960436234473,1895.8645351539515,505.78960436234473,1895.8645351539515,5.661556111260506e-05,63486120512.09101,0.025861080115141148,0.03434256749448584,1.5498737786424595,0.4899598393574297,0.968
2023-12-01,TSLA,ensemble,,0.008660258063346467,-0.06667303285744727,0.08399354898414021,503.156161340723,1912.3545119464497,503.156161340723,1912.3545119464497,5.296391570286134e-05,69048893587.83498,0.025861080115141148,0.03434256749448584,1.5498737786424595,0.4899598393574297,0.968
2023-12-04,TSLA,ensemble,,0.008939217604390736,-0.06639407331640301,0.08427250852518448,496.30920948450637,1929.5261010033087,496.30920948450637,1929.5261010033087,4.956162142185671e-05,75120039813.9344,0.025861080115141148,0.03434256749448584,1.5498737786424595,0.4899598393574297,0.968
2023-12-05,TSLA,ensemble,,0.007696969483567127,-0.06763632143722662,0.08303026040436087,502.9244170689594,1944.4349072298758,502.9244170689594,1944.4349072298758,4.6320306540509167e-05,81623533841.4167,0.025861080115141148,0.03434256749448584,1.5498737786424595,0.4899598393574297,0.968
2023-12-06,TSLA,ensemble,,0.008950646421016431,-0.06638264449977731,0.08428393734181018,504.29379458159417,1961.9169777760906,504.29379458159417,1961.9169777760906,4.3345279589549686e-05,88801324253.40407,0.025861080115141148,0.03434256749448584,1.5498737786424595,0.4899598393574297,0.968
2023-12-07,TSLA,ensemble,,0.0073590954374198065,-0.06797419548337394,0.08269238635821355,511.1828905271827,1976.4081676815713,511.1828905271827,1976.4081676815713,4.049682642421743e-05,96456675502.41623,0.025861080115141148,0.03434256749448584,1.5498737786424595,0.4899598393574297,0.968
2023-12-08,TSLA,ensemble,,0.008357183814409388,-0.06697610710638435,0.08369047473520314,513.7109893986353,1992.9945853655665,513.7109893986353,1992.9945853655665,3.787334263423264e-05,104876600295.27611,0.025861080115141148,0.03434256749448584,1.5498737786424595,0.4899598393574297,0.968
2023-12-11,TSLA,ensemble,,0.008535601764745906,-0.06679768915604783,0.08386889268553965,505.07331557562867,2010.0788017748532,505.07331557562867,2010.0788017748532,3.542613465637697e-05,114051866751.3537,0.025861080115141148,0.03434256749448584,1.5498737786424595,0.4899598393574297,0.968
2023-12-12,TSLA,ensemble,,0.008533400064515074,-0.06679989085627867,0.08386669098530881,499.32185287091147,2027.305002851641,499.32185287091147,2027.305002851641,3.31369814821252e-05,124029570309.66399,0.025861080115141148,0.03434256749448584,1.5498737786424595,0.4899598393574297,0.968
2023-12-13,TSLA,ensemble,,0.006466038384841354,-0.06886725253595238,0.0817993293056351,504.1252503706279,2040.456106769002,504.1252503706279,2040.456106769002,3.093173475134586e-05,134601604375.57568,0.025861080115141148,0.03434256749448584,1.5498737786424595,0.4899598393574297,0.968
2023-12-14,TSLA,ensemble,,0.007667608005806369,-0.06766568291498737,0.08300089892660012,528.900702891819,2056.161659412412,528.900702891819,2056.161659412412,2.890795996695578e-05,146250402120.05008,0.025861080115141148,0.03434256749448584,1.5498737786424595,0.4899598393574297,0.968
2023-12-15,TSLA,ensemble,,0.00876451636106072,-0.06656877455973302,0.08409780728185447,534.0622447848934,2074.262126971244,534.0622447848934,2074.262126971244,2.7046245956516806e-05,159081721666.83093,0.025861080115141148,0.03434256749448584,1.5498737786424595,0.4899598393574297,0.968
2023-12-18,TSLA,ensemble,,0.007549271242815436,-0.06778401967797831,0.08288256216360917,531.0706573699136,2089.9805510686547,531.0706573699136,2089.9805510686547,2.52736965875139e-05,172828643753.01486,0.025861080115141148,0.03434256749448584,1.5498737786424595,0.4899598393574297,0.968
2023-12-19,TSLA,ensemble,,0.008195903432995507,-0.06713738748779824,0.08352919435378925,541.8993737889615,2107.1802169633456,541.8993737889615,2107.1802169633456,2.363259272309367e-05,187884948502.61307,0.025861080115141148,0.03434256749448584,1.5498737786424595,0.4899598393574297,0.968
2023-12-20,TSLA,ensemble,,0.010209868632964256,-0.06512342228782948,0.085543159553758,520.663285405021,2128.804452622451,520.663285405021,2128.804452622451,2.2142600656972358e-05,204664685404.88126,0.025861080115141148,0.03434256749448584,1.5498737786424595,0.4899598393574297,0.968
2023-12-21,TSLA,ensemble,,0.006871590053464166,-0.06846170086732958,0.0822048809742579,536.1689992021909,2143.483099186827,536.1689992021909,2143.483099186827,2.0677407594776648e-05,222199991727.21176,0.025861080115141148,0.03434256749448584,1.5498737786424595,0.4899598393574297,0.968
2023-12-22,TSLA,ensemble,,0.004951963983658831,-0.07038132693713492,0.08028525490445257,532.0397463998187,2154.123874918302,532.0397463998187,2154.123874918302,1.927213666683779e-05,240775049944.3928,0.025861080115141148,0.03434256749448584,1.5498737786424595,0.4899598393574297,0.968
2023-12-26,TSLA,ensemble,,0.007506201760065461,-0.06782708916072828,0.0828394926808592,540.6142201620281,2170.354000433454,540.6142201620281,2170.354000433454,1.800830909185147e-05,261570170923.42673,0.025861080115141148,0.03434256749448584,1.5498737786424595,0.4899598393574297,0.968
2023-12-27,TSLA,ensemble,,0.008025984519454502,-0.06730730640133924,0.08335927544024825,550.7898800016784,2187.84331865815,550.7898800016784,2187.84331865815,1.6836109607573712e-05,284309053490.8269,0.025861080115141148,0.03434256749448584,1.5498737786424595,0.4899598393574297,0.968
2023-12-28,TSLA,ensemble,,0.006342096795475887,-0.06899119412531786,0.08167538771626963,533.3880679410282,2201.7629258501042,533.3880679410282,2201.7629258501042,1.5713728657985597e-05,308504753210.4614,0.025861080115141148,0.03434256749448584,1.5498737786424595,0.4899598393574297,0.968
2023-12-29,TSLA,ensemble,,0.006123707427082518,-0.06920958349371123,0.08145699834787626,523.4863286090347,2215.2872450555524,523.4863286090347,2215.2872450555524,1.466296876172642e-05,334686492063.9714,0.025861080115141148,0.03434256749448584,1.5498737786424595,0.4899598393574297,0.968
2023-01-03,SPY,lstm,-0.004218769051923119,0.00020796134776901454,-0.01793791353702545,0.018978465348482132,544.3885017415838,546.8037250106645,544.3885017415838,546.8037250106645,536.9709588540682,557.1644050195682,0.006572463522370093,0.00829144261473947,3105129760.079322,0.46987951807228917,0.976
2023-01-04,SPY,lstm,0.007690540861836688,0.001539206481538713,-0.0205902811139822,0.021561549976468086,548.5912838785821,547.6460337387142,548.5912838785821,547.6460337387142,526.0276399269834,569.3081544940642,0.006572463522370093,0.00829144261473947,3105129760.079322,0.46987951807228917,0.976
2023-01-05,SPY,lstm,-0.01147902847194515,0.001038441783748567,-0.01643485575914383,0.018489286303520203,542.3299944244671,548.2150533937114,542.3299944244671,548.2150533937114,517.4530953236385,579.9321623295489,0.006572463522370093,0.00829144261473947,3105129760.079322,0.46987951807228917,0.976
2023-01-06,SPY,lstm,0.02267311516744916,0.0024056376423686743,-0.01590786874294281,0.01914599910378456,554.7667622045495,549.5354318091489,554.7667622045495,549.5354318091489,509.2866512799067,591.1425418960646,0.006572463522370093,0.00829144261473947,3105129760.079322,0.46987951807228917,0.976
2023-01-09,SPY,lstm,-0.0005670573357700661,-0.0005981156718917191,-0.01597851701080799,0.01746414043009281,554.452266819285,549.2068350114496,554.452266819285,549.2068350114496,501.21366476804235,601.5570448552198,0.006572463522370093,0.00829144261473947,3105129760.079322,0.46987951807228917,0.976
2023-01-10,SPY,lstm,0.006988367474913615,-4.2158906580880284e-05,-0.017836647108197212,0.019517509266734123,558.3405535710186,549.1836911696851,558.3405535710186,549.1836911696851,492.3529593854841,613.4132706911449,0.006572463522370093,0.00829144261473947,3105129760.079322,0.46987951807228917,0.976
2023-01-11,SPY,lstm,0.012568547576673746,-0.0005332067958079278,-0.02050068974494934,0.018547657877206802,565.402368801192,548.8909519124609,565.402368801192,548.8909519124609,482.3621409712685,624.8968247495308,0.006572463522370093,0.00829144261473947,3105129760.079322,0.46987951807228917,0.976
2023-01-12,SPY,lstm,0.003634171365240132,0.0027412045747041702,-0.01115608960390091,0.018009034916758537,567.4608761183088,550.3976098774934,567.4608761183088,550.3976098774934,477.01077036396987,636.252540390075,0.006572463522370093,0.00829144261473947,3105129760.079322,0.46987951807228917,0.976
2023-01-13,SPY,lstm,0.003871999812680603,0.0017747601959854364,-0.01564529538154602,0.021136753261089325,569.6623438151609,551.3753018598562,569.6623438151609,551.3753018598562,469.6058684389346,649.8439817800171,0.006572463522370093,0.00829144261473947,3105129760.079322,0.46987951807228917,0.976
2023-01-17,SPY,lstm,-0.001833577055333756,0.0025434710551053286,-0.01575123704969883,0.021232599392533302,568.618781031014,552.7794717261359,568.618781031014,552.7794717261359,462.2669331914095,663.7893603486797,0.006572463522370093,0.00829144261473947,3105129760.079322,0.46987951807228917,0.976
2023-01-18,SPY,lstm,-0.015913973799226742,0.0014535358641296625,-0.016042592003941536,0.016895683482289314,559.6414188634592,553.5835401858853,559.6414188634592,553.5835401858853,454.9101310877169,675.0997866102762,0.006572463522370093,0.00829144261473947,3105129760.079322,0.46987951807228917,0.976
2023-01-19,SPY,lstm,-0.007306444430314214,0.0006195399328134954,-0.020134996622800827,0.02110617607831955,555.5673316059908,553.9266341563541,555.5673316059908,553.9266341563541,445.84211586696773,689.4999862760058,0.006572463522370093,0.00829144261473947,3105129760.079322,0.46987951807228917,0.976
2023-01-20,SPY,lstm,0.018457644417167424,-7.186764560174197e-05,-0.01858453080058098,0.019041601568460464,565.9170174431625,553.88681613644,565.9170174431625,553.88681613644,437.63287489949874,702.7549668743156,0.006572463522370093,0.00829144261473947,3105129760.079322,0.46987951807228917,0.976
2023-01-23,SPY,lstm,0.011927172921546549,0.0031835318077355623,-0.013785981573164463,0.018753942102193832,572.7072210394537,555.6529452198371,572.7072210394537,555.6529452198371,431.6410831586617,716.058759322301,0.006572463522370093,0.00829144261473947,3105129760.079322,0.46987951807228917,0.976
2023-01-24,SPY,lstm,-0.001073867632149319,0.00036833249032497406,-0.020214425399899483,0.01788894645869732,572.092539394513,555.8576237077017,572.092539394513,555.8576237077017,423.00330426039636,728.983587968964,0.006572463522370093,0.00829144261473947,3105129760.079322,0.46987951807228917,0.976
2023-01-25,SPY,lstm,0.0003747271121322409,0.0026083863340318203,-0.016962047666311264,0.02256813272833824,572.3069581514244,557.3093883720908,572.3069581514244,557.3093883720908,415.8888115827685,745.6224665077206,0.006572463522370093,0.00829144261473947,3105129760.079322,0.46987951807228917,0.976
2023-01-26,SPY,lstm,0.010930412793652575,0.001163087086752057,-0.01489710621535778,0.015962906181812286,578.5968222313334,557.957941057982,578.5968222313334,557.957941057982,409.7391800600264,757.6202694985957,0.006572463522370093,0.00829144261473947,3105129760.079322,0.46987951807228917,0.976
2023-01-27,SPY,lstm,0.0022950608748414985,0.0017165681347250938,-0.01602882891893387,0.020034540444612503,579.926262149568,558.9165375076585,579.926262149568,558.9165375076585,403.2239054304029,772.951936455649,0.006572463522370093,0.00829144261473947,3105129760.079322,0.46987951807228917,0.976
2023-01-30,SPY,lstm,-0.012626202210393098,0.0014677339931949973,-0.015790460631251335,0.01779581420123577,572.6500281624828,559.737461629829,572.6500281624828,559.737461629829,396.9068282657874,786.8303385415585,0.006572463522370093,0.00829144261473947,3105129760.079322,0.46987951807228917,0.976
2023-01-31,SPY,lstm,0.0145963030912504,0.0024243551306426525,-0.014555079862475395,0.01918189413845539,581.0699015620677,561.0961345102052,581.0699015620677,561.0961345102052,391.17166112945597,802.068959453452,0.006572463522370093,0.00829144261473947,3105129760.079322,0.46987951807228917,0.976
2023-02-01,SPY,lstm,0.010571694025693322,0.0005090062622912228,-0.016798214986920357,0.019188111647963524,587.245379888035,561.3818126096578,587.245379888035,561.3818126096578,384.6555670617136,817.607775788002,0.006572463522370093,0.00829144261473947,3105129760.079322,0.46987951807228917,0.976
2023-02-02,SPY,lstm,0.014452053374916243,0.002924500498920679,-0.012703729793429375,0.021342424675822258,595.7939045417669,563.0259505133713,595.7939045417669,563.0259505133713,379.7999176339322,835.2450107479941,0.006572463522370093,0.00829144261473947,3105129760.079322,0.46987951807228917,0.976
2023-02-03,SPY,lstm,-0.01068598363290454,0.002739381743595004,-0.012734979391098022,0.019314557313919067,589.4611567104756,564.5704010523956,589.4611567104756,564.5704010523956,374.9938364632876,851.5341946058331,0.006572463522370093,0.00829144261473947,3105129760.079322,0.46987951807228917,0.976
2023-02-06,SPY,lstm,-0.006130111277800135,0.0003313005727250129,-0.019208960235118866,0.02138597145676613,585.8587470928298,564.7575007136178,585.8587470928298,564.7575007136178,367.8593448040295,869.9412470085763,0.006572463522370093,0.00829144261473947,3105129760.079322,0.46987951807228917,0.976
2023-02-07,SPY,lstm,0.012993845860082188,-7.165547140175477e-05,-0.01977270469069481,0.02032676339149475,593.5209784677385,564.7170387850202,593.5209784677385,564.7170387850202,360.6572045582453,887.8052763358739,0.006572463522370093,0.00829144261473947,3105129760.079322,0.46987951807228917,0.976
2023-02-08,SPY,lstm,-0.010994997340289235,0.0011877393117174506,-0.013628093525767326,0.017227770760655403,587.0309611311236,565.3881470499014,587.0309611311236,565.3881470499014,355.7754646295029,903.2326854276093,0.006572463522370093,0.00829144261473947,3105129760.079322,0.46987951807228917,0.976
2023-02-09,SPY,lstm,-0.00870697310092209,0.002815617248415947,-0.014246545732021332,0.023098308593034744,581.9418857153023,566.9822804811005,581.9418857153023,566.9822804811005,350.74282389862907,924.3386739935489,0.006572463522370093,0.00829144261473947,3105129760.079322,0.46987951807228917,0.976
2023-02-10,SPY,lstm,0.0023309475334816784,0.0013882643543183804,-0.020611651241779327,0.022077661007642746,583.2999438847137,567.7699691532529,583.2999438847137,567.7699691532529,343.58742373525797,944.9728078202854,0.006572463522370093,0.00829144261473947,3105129760.079322,0.46987951807228917,0.976
2023-02-13,SPY,lstm,0.011670623663536151,0.0029190981294959784,-0.019600071012973785,0.022470377385616302,590.1472967325926,569.4297705116601,590.1472967325926,569.4297705116601,336.9186532102088,966.4470764214614,0.006572463522370093,0.00829144261473947,3105129760.079322,0.46987951807228917,0.976
2023-02-14,SPY,lstm,-0.0004602757868875422,0.0027803555130958557,-0.014255748130381107,0.018010586500167847,589.8757287240933,571.015206584018,589.8757287240933,571.015206584018,332.14970005546047,984.0111056551174,0.006572463522370093,0.00829144261473947,3105129760.079322,0.46987951807228917,0.976
2023-02-15,SPY,lstm,0.003242112385601186,0.004640848841518164,-0.014092493802309036,0.021079793572425842,591.7912756614747,573.6713784275604,591.7912756614747,573.6713784275604,327.5017032823057,1004.9740202004518,0.006572463522370093,0.00829144261473947,3105129760.079322,0.46987951807228917,0.976
2023-02-16,SPY,lstm,-0.013864479472520551,0.0016193976625800133,-0.017551474273204803,0.022000785917043686,583.6430138957722,574.6011675011589,583.6430138957722,574.6011675011589,321.80371160232187,1027.3292377935763,0.006572463522370093,0.00829144261473947,3105129760.079322,0.46987951807228917,0.976
2023-02-17,SPY,lstm,-0.0025013844442150304,-0.0002628719375934452,-0.018705883994698524,0.018601926043629646,582.1849227233907,574.4501298588779,582.1849227233907,574.4501298588779,315.8400330756493,1046.6184323296277,0.006572463522370093,0.00829144261473947,3105129760.079322,0.46987951807228917,0.976
2023-02-21,SPY,lstm,-0.020264879913440236,-0.00010274354281136766,-0.016450727358460426,0.018538402393460274,570.5057533426016,574.3911002782921,570.5057533426016,574.3911002782921,310.68673167843724,1066.2020536378736,0.006572463522370093,0.00829144261473947,3105129760.079322,0.46987951807228917,0.976
2023-02-22,SPY,lstm,-0.0013790551427742468,0.001276801573112607,-0.019146312028169632,0.021344542503356934,569.7195366921316,575.1249227935035,569.7195366921316,575.1249227935035,304.7948152441968,1089.2043184783772,0.006572463522370093,0.00829144261473947,3105129760.079322,0.46987951807228917,0.976
2023-02-23,SPY,lstm,0.005305305448697813,0.0006821606075391173,-0.020939987152814865,0.020034443587064743,572.750104790836,575.5173615697665,572.750104790836,575.5173615697665,298.4787747844788,1111.2459931266162,0.006572463522370093,0.00829144261473947,3105129760.079322,0.46987951807228917,0.976
2023-02-24,SPY,lstm,-0.010739837078983187,0.0014077338855713606,-0.017009109258651733,0.019482560455799103,566.6317757164563,576.3280906754381,566.6317757164563,576.3280906754381,293.4448545987449,1133.1081866192264,0.006572463522370093,0.00829144261473947,3105129760.079322,0.46987951807228917,0.976
2023-02-27,SPY,lstm,0.0034000513205539825,0.002329991664737463,-0.015498921275138855,0.021541986614465714,568.5616317794262,577.672483938103,568.5616317794262,577.672483938103,288.9318403320759,1157.7824360576744,0.006572463522370093,0.00829144261473947,3105129760.079322,0.46987951807228917,0.976
2023-02-28,SPY,lstm,-0.003702824624668304,0.0016706985188648105,-0.017151394858956337,0.01760687120258808,566.4602407109271,578.638438233762,566.4602407109271,578.638438233762,284.0185123332649,1178.347870976647,0.006572463522370093,0.00829144261473947,3105129760.079322,0.46987951807228917,0.976
2023-03-01,SPY,lstm,-0.0038432905240252365,0.0023572533391416073,-0.014608707278966904,0.020588453859090805,564.2873476398689,580.0040170236773,564.2873476398689,580.0040170236773,279.8995266640793,1202.8597476953535,0.006572463522370093,0.00829144261473947,3105129760.079322,0.46987951807228917,0.976
2023-03-02,SPY,lstm,0.007747202640651336,0.0006784016732126474,-0.018041323870420456,0.017621565610170364,568.6759739079848,580.3976416714038,568.6759739079848,580.3976416714038,274.8950502888632,1224.2439483915305,0.006572463522370093,0.00829144261473947,3105129760.079322,0.46987951807228917,0.976
2023-03-03,SPY,lstm,0.015910572248883096,0.001780660473741591,-0.014532463625073433,0.020653745159506798,577.7962964552751,581.4320832784772,577.7962964552751,581.4320832784772,270.9290393715889,1249.792131965912,0.006572463522370093,0.00829144261473947,3105129760.079322,0.46987951807228917,0.976
2023-03-06,SPY,lstm,0.0006925006534723625,0.0026084394194185734,-0.017729729413986206,0.022176682949066162,578.1965593433043,582.9507115115084,578.1965593433043,582.9507115115084,266.16787444445896,1277.8180449593558,0.006572463522370093,0.00829144261473947,3105129760.079322,0.46987951807228917,0.976
2023-03-07,SPY,lstm,-0.01544743147428181,0.00042508530896157026,-0.0188289862126112,0.016970017924904823,569.333539304308,583.1985935424677,569.333539304308,583.1985935424677,261.2030833174762,1299.6877445227178,0.006572463522370093,0.00829144261473947,3105129760.079322,0.46987951807228917,0.976
2023-03-08,SPY,lstm,0.0016307895385843638,0.0007141471724025905,-0.01594381220638752,0.01788477413356304,570.2627599598962,583.615243023657,570.2627599598962,583.615243023657,257.0715286765796,1323.1414726490482,0.006572463522370093,0.00829144261473947,3105129760.079322,0.46987951807228917,0.976
2023-03-09,SPY,lstm,-0.018622175035731294,0.000325136847095564,-0.01779951900243759,0.01578725501894951,559.7414954918124,583.8050364176228,559.7414954918124,583.8050364176228,252.53626732309826,1344.1960047400798,0.006572463522370093,0.00829144261473947,3105129760.079322,0.46987951807228917,0.976
2023-03-10,SPY,lstm,-0.014534563011705798,-0.0007685129530727863,-0.01865851879119873,0.01870066300034523,551.664735728669,583.3565315456352,551.664735728669,583.3565315456352,247.86799650852947,1369.5699515444348,0.006572463522370093,0.00829144261473947,3105129760.079322,0.46987951807228917,0.976
2023-03-13,SPY,lstm,-0.0014262668368289762,0.0015758632216602564,-0.019285432994365692,0.022533684968948364,550.8784754528161,584.2765658245464,550.8784754528161,584.2765658245464,243.1335526836936,1400.7817362382307,0.006572463522370093,0.00829144261473947,3105129760.079322,0.46987951807228917,0.976
2023-03-14,SPY,lstm,0.016394930701474304,0.0022135174367576838,-0.01825767010450363,0.02081778272986412,559.9845324999008,585.5713118756329,559.9845324999008,585.5713118756329,238.73477163561674,1430.2486212710999,0.006572463522370093,0.00829144261473947,3105129760.079322,0.46987951807228917,0.976
2023-03-15,SPY,lstm,-0.0062739791116780946,0.0009806457674130797,-0.016854284331202507,0.018871208652853966,556.482199510608,586.1458114704091,556.482199510608,586.1458114704091,234.74479186203072,1457.4953720038613,0.006572463522370093,0.00829144261473947,3105129760.079322,0.46987951807228917,0.976
2023-03-16,SPY,lstm,0.01739303757900711,0.00032488442957401276,-0.01926499605178833,0.017283789813518524,566.2457783286329,586.3362880646268,566.2457783286329,586.3362880646268,230.26571125825993,1482.9053477315922,0.006572463522370093,0.00829144261473947,3105129760.079322,0.46987951807228917,0.976
2023-03-17,SPY,lstm,-0.015570840749814475,0.00014813634334132075,-0.020609326660633087,0.019224215298891068,557.497144043578,586.423169702923,557.497144043578,586.423169702923,225.56866415387194,1511.688738294013,0.006572463522370093,0.00829144261473947,3105129760.079322,0.46987951807228917,0.976
2023-03-20,SPY,lstm,0.009569695461115801,0.0013572582975029945,-0.014939216896891594,0.02074793167412281,562.8578310932816,587.2196211728719,562.8578310932816,587.2196211728719,222.2238857357158,1543.3807220261576,0.006572463522370093,0.00829144261473947,3105129760.079322,0.46987951807228917,0.976
2023-03-21,SPY,lstm,0.013045068527290258,0.00040683100814931095,-0.01913468912243843,0.0182734876871109,570.248450834308,587.458538114403,570.248450834308,587.458538114403,218.01212378028683,1571.8428829634672,0.006572463522370093,0.00829144261473947,3105129760.079322,0.46987951807228917,0.976
2023-03-22,SPY,lstm,-0.017193461403886095,0.0005948238540440798,-0.016852132976055145,0.01869528740644455,560.5277121422824,587.8080604146141,560.5277121422824,587.8080604146141,214.36893690950848,1601.5054257717336,0.006572463522370093,0.00829144261473947,3105129760.079322,0.46987951807228917,0.976
2023-03-23,SPY,lstm,0.002699747151757449,0.0011966802412644029,-0.016612790524959564,0.018795151263475418,562.0430398170175,588.5118654033326,562.0430398170175,588.5118654033326,210.8370889958317,1631.8905859251377,0.006572463522370093,0.00829144261473947,3105129760.079322,0.46987951807228917,0.976
2023-03-24,SPY,lstm,0.006540576296236363,0.0002865510177798569,-0.016537314280867577,0.01772650144994259,565.7311733120451,588.6805206229387,565.7311733120451,588.6805206229387,207.37907600119098,1661.076121480501,0.006572463522370093,0.00829144261473947,3105129760.079322,0.46987951807228917,0.976
2023-03-27,SPY,lstm,0.0018680966845833614,0.0011289982357993722,-0.014721550978720188,0.015268155373632908,566.7890015963975,589.3455101675,566.7890015963975,589.3455101675,204.34849052766427,1686.632226297223,0.006572463522370093,0.00829144261473947,3105129760.079322,0.46987951807228917,0.976
2023-03-28,SPY,lstm,-0.002247180268645281,0.0027335507329553366,-0.01711425371468067,0.023472951725125313,565.5167545551336,590.9587160300778,565.5167545551336,590.9587160300778,200.8809811164271,1726.6908595777777,0.006572463522370093,0.00829144261473947,3105129760.079322,0.46987951807228917,0.976
2023-03-29,SPY,lstm,0.014430264607990103,0.00020941304683219641,-0.020349185913801193,0.018164750188589096,573.7364746980123,591.0824927596692,573.7364746980123,591.0824927596692,196.83453328323125,1758.3423000535295,0.006572463522370093,0.00829144261473947,3105129760.079322,0.46987951807228917,0.976
2023-03-30,SPY,lstm,0.005838178311722907,0.0015940776793286204,-0.019267123192548752,0.021533597260713577,577.0958473075698,592.0254927187331,577.0958473075698,592.0254927187331,193.0783940046231,1796.616382072927,0.006572463522370093,0.00829144261473947,3105129760.079322,0.46987951807228917,0.976
2023-03-31,SPY,lstm,0.013996224623975723,0.0024912708904594183,-0.013932116329669952,0.019522052258253098,585.2297999476838,593.502202729458,585.2297999476838,593.502202729458,190.40705986344335,1832.0346593766424,0.006572463522370093,0.00829144261473947,3105129760.079322,0.46987951807228917,0.976
2023-04-03,SPY,lstm,0.0038032995781799427,0.00018916904809884727,-0.01953076384961605,0.018718315288424492,587.4598422703298,593.6144845282655,587.4598422703298,593.6144845282655,186.72434170112916,1866.6501356840986,0.006572463522370093,0.00829144261473947,3105129760.079322,0.46987951807228917,0.976
2023-04-04,SPY,lstm,-0.0055635650401382325,-0.0011715893633663654,-0.021002620458602905,0.01771584153175354,584.2005462891252,592.9194015926606,584.2005462891252,592.9194015926606,182.84353707704204,1900.0139772289408,0.006572463522370093,0.00829144261473947,3105129760.079322,0.46987951807228917,0.976
2023-04-05,SPY,lstm,-0.002621700935942733,0.0023574288934469223,-0.019143113866448402,0.022557346150279045,582.6709531141846,594.3188246235297,582.6709531141846,594.3188246235297,179.3766276116262,1943.3602838977217,0.006572463522370093,0.00829144261473947,3105129760.079322,0.46987951807228917,0.976
2023-04-06,SPY,lstm,0.003893285494786008,0.0029363837093114853,-0.01455380953848362,0.019310237839818,584.943879188213,596.0665111009301,584.943879188213,596.0665111009301,176.78492157174637,1981.2516727949394,0.006572463522370093,0.00829144261473947,3105129760.079322,0.46987951807228917,0.976
2023-04-10,SPY,lstm,0.0010258499102318234,0.0020262401085346937,-0.01813773438334465,0.019208312034606934,585.5442517075654,597.2755402612369,585.5442517075654,597.2755402612369,173.6073438747475,2019.6759110170215,0.006572463522370093,0.00829144261473947,3105129760.079322,0.46987951807228917,0.976
2023-04-11,SPY,lstm,0.0002685508198280116,0.003129265969619155,-0.014961089007556438,0.021336950361728668,585.7015212128891,599.1474803052832,585.7015212128891,599.1474803052832,171.0293230141397,2063.2325498612836,0.006572463522370093,0.00829144261473947,3105129760.079322,0.46987951807228917,0.976
2023-04-12,SPY,lstm,-0.004084316547970065,0.0007703886367380619,-0.02126968279480934,0.022367604076862335,583.3142093849193,599.6092361127037,583.3142093849193,599.6092361127037,167.42999572937526,2109.9020552951447,0.006572463522370093,0.00829144261473947,3105129760.079322,0.46987951807228917,0.976
2023-04-13,SPY,lstm,0.01319527739381285,-0.0007809975068084896,-0.021437276154756546,0.017950408160686493,591.0622082625927,599.1411202003494,591.0622082625927,599.1411202003494,163.87895273270743,2148.117741184805,0.006572463522370093,0.00829144261473947,3105129760.079322,0.46987951807228917,0.976
2023-04-14,SPY,lstm,-0.002445752734606423,0.001575595117174089,-0.014818979427218437,0.01923893578350544,589.6183825904167,600.0858346984986,589.6183825904167,600.0858346984986,161.46834068676372,2189.8452585424,0.006572463522370093,0.00829144261473947,3105129760.079322,0.46987951807228917,0.976
2023-04-17,SPY,lstm,0.0035818310251139345,0.0007828913512639701,-0.0195802990347147,0.01807483844459057,591.7340827845042,600.5558249440757,591.7340827845042,600.5558249440757,158.33749090977273,2229.7861539093365,0.006572463522370093,0.00829144261473947,3105129760.079322,0.46987951807228917,0.976
2023-04-18,SPY,lstm,0.0006520292826832333,0.0003104304487351328,-0.015993569046258926,0.017689771950244904,592.120036546945,600.7422500777992,592.120036546945,600.7422500777992,155.8252545698612,2269.5815495769166,0.006572463522370093,0.00829144261473947,3105129760.079322,0.46987951807228917,0.976
2023-04-19,SPY,lstm,-0.0001689546841105706,0.002352370647713542,-0.01780659519135952,0.024296483024954796,592.0200035439749,602.1570573846298,592.0200035439749,602.1570573846298,153.07509544313893,2325.3997937353292,0.006572463522370093,0.00829144261473947,3105129760.079322,0.46987951807228917,0.976
2023-04-20,SPY,lstm,-0.00547205963912668,0.0025213537737727165,-0.018904149532318115,0.023694097995758057,588.7892821885644,603.6771999403713,588.7892821885644,603.6771999403713,150.20852130555107,2381.156000499689,0.006572463522370093,0.00829144261473947,3105129760.079322,0.46987951807228917,0.976
2023-04-21,SPY,lstm,0.0007766414272094301,-0.0004284510505385697,-0.019718894734978676,0.0169676523655653,589.2467379535643,603.4185975574748,589.2467379535643,603.4185975574748,147.27558481135307,2421.903233260563,0.006572463522370093,0.00829144261473947,3105129760.079322,0.46987951807228917,0.976
2023-04-24,SPY,lstm,0.0010426214027723193,0.0020120975095778704,-0.016938408836722374,0.02088007517158985,589.861419598505,604.6339792542153,589.861419598505,604.6339792542153,144.80198025493252,2473.0043437993063,0.006572463522370093,0.00829144261473947,3105129760.079322,0.46987951807228917,0.976
2023-04-25,SPY,lstm,-0.01600116801417094,0.0015337333315983415,-0.017575981095433235,0.017680028453469276,580.4980600431264,605.5620554161814,580.4980600431264,605.5620554161814,142.27917677976018,2517.116029547727,0.006572463522370093,0.00829144261473947,3105129760.079322,0.46987951807228917,0.976
2023-04-26,SPY,lstm,-0.0042446173996722346,0.0031824400648474693,-0.01430315151810646,0.020946219563484192,578.0392898379804,607.4923069906706,578.0392898379804,607.4923069906706,140.2586213800819,2570.396224969254,0.006572463522370093,0.00829144261473947,3105129760.079322,0.46987951807228917,0.976
2023-04-27,SPY,lstm,0.019712474971588356,0.0009341809200122952,-0.019478105008602142,0.01996951922774315,589.5469242132403,608.0600698050501,589.5469242132403,608.0600698050501,137.5530868859948,2622.241661216221,0.006572463522370093,0.00829144261473947,3105129760.079322,0.46987951807228917,0.976
2023-04-28,SPY,lstm,0.008498950231163985,0.0009565975051373243,-0.01785525307059288,0.02185371145606041,594.578806752091,608.6419906959053,594.578806752091,608.6419906959053,135.11883771403964,2680.1781233193274,0.006572463522370093,0.00829144261473947,3105129760.079322,0.46987951807228917,0.976
2023-05-01,SPY,lstm,-0.0010102543650609105,0.0015963349724188447,-0.016631411388516426,0.019876806065440178,593.9784342327386,609.6143832501058,593.9784342327386,609.6143832501058,132.89020693935888,2733.9845185178915,0.006572463522370093,0.00829144261473947,3105129760.079322,0.46987951807228917,0.976
2023-05-02,SPY,lstm,-0.011302869513427875,0.00355969974771142,-0.01161116361618042,0.01967480033636093,587.302572765006,611.7882844099339,587.302572765006,611.7882844099339,131.35612382812116,2788.307604252441,0.006572463522370093,0.00829144261473947,3105129760.079322,0.46987951807228917,0.976
2023-05-03,SPY,lstm,-0.006887669499263906,0.0008110264898277819,-0.017993569374084473,0.018940385431051254,583.271325633537,612.2846517528463,583.271325633537,612.2846517528463,129.01369777607863,2841.6226433038405,0.006572463522370093,0.00829144261473947,3105129760.079322,0.46987951807228917,0.976
2023-05-04,SPY,lstm,-0.007108150576824931,0.0016243038699030876,-0.020603472366929054,0.02251678891479969,579.1400454990979,613.2800166329258,579.1400454990979,613.2800166329258,126.38276577594671,2906.3326224425014,0.006572463522370093,0.00829144261473947,3105129760.079322,0.46987951807228917,0.976
2023-05-05,SPY,lstm,0.018343304165668557,0.002045451197773218,-0.0152607886120677,0.019783612340688705,589.861419598505,614.5357312360742,589.861419598505,614.5357312360742,124.46870584156842,2964.4027461763753,0.006572463522370093,0.00829144261473947,3105129760.079322,0.46987951807228917,0.976
2023-05-08,SPY,lstm,0.00026651163202968074,0.0011925756698474288,-0.01668652519583702,0.019927144050598145,590.0186454784458,615.2690474989956,590.0186454784458,615.2690474989956,122.40898560720412,3024.0674522705126,0.006572463522370093,0.00829144261473947,3105129760.079322,0.46987951807228917,0.976
2023-05-09,SPY,lstm,-0.004394965239957253,0.0012277730274945498,-0.01912779174745083,0.02084839530289173,587.431224019153,616.0249491698718,587.431224019153,616.0249491698718,120.08982594602485,3087.7762726734336,0.006572463522370093,0.00829144261473947,3105129760.079322,0.46987951807228917,0.976
2023-05-10,SPY,lstm,0.004661479781751272,0.00020285941718611866,-0.017148341983556747,0.017601870000362396,590.1759149837696,616.1499370657762,590.1759149837696,616.1499370657762,118.04803887233648,3142.6079359398514,0.006572463522370093,0.00829144261473947,3105129760.079322,0.46987951807228917,0.976
2023-05-11,SPY,lstm,-0.0017455002398152337,0.00016817310824990273,-0.018388720229268074,0.01998147927224636,589.1466613252112,616.2535761392911,589.1466613252112,616.2535761392911,115.89712532988925,3206.03359027707,0.006572463522370093,0.00829144261473947,3105129760.079322,0.46987951807228917,0.976
2023-05-12,SPY,lstm,-0.001311146072652117,0.0017440454103052616,-0.017368687316775322,0.02025616355240345,588.3747101749467,617.3292970593064,588.3747101749467,617.3292970593064,113.90152645582403,3271.637858578249,0.006572463522370093,0.00829144261473947,3105129760.079322,0.46987951807228917,0.976
2023-05-15,SPY,lstm,0.003444130053141995,0.0028800186701118946,-0.014233478344976902,0.019081581383943558,590.4046428662696,619.1097670744809,590.4046428662696,619.1097670744809,112.29179280076701,3334.665363992203,0.006572463522370093,0.00829144261473947,3105129760.079322,0.46987951807228917,0.976
2023-05-16,SPY,lstm,-0.006705099417769526,0.001467931317165494,-0.01671271212399006,0.018773788586258888,586.4591632375652,620.019249274586,586.4591632375652,620.019249274586,110.43068588162383,3397.861199531937,0.006572463522370093,0.00829144261473947,3105129760.079322,0.46987951807228917,0.976
2023-05-17,SPY,lstm,0.012065880064935735,0.0007719022105447948,-0.022792324423789978,0.0218036025762558,593.5781713447094,620.4980515617832,593.5781713447094,620.4980515617832,107.94218015342626,3472.760219060022,0.006572463522370093,0.00829144261473947,3105129760.079322,0.46987951807228917,0.976
2023-05-18,SPY,lstm,0.009587111502516284,0.0011462195543572307,-0.016093075275421143,0.02009660005569458,599.2962375310598,621.2097085797385,599.2962375310598,621.2097085797385,106.21896208413675,3543.2569441642695,0.006572463522370093,0.00829144261473947,3105129760.079322,0.46987951807228917,0.976
2023-05-19,SPY,lstm,-0.0014561460225211089,0.0008665132336318493,-0.0242222398519516,0.024092067033052444,598.4242097524423,621.7482290351933,598.4242097524423,621.7482290351933,103.67700796750734,3629.6579105343317,0.006572463522370093,0.00829144261473947,3105129760.079322,0.46987951807228917,0.976
2023-05-22,SPY,lstm,0.0004060458540662169,0.0009672329761087894,-0.018725208938121796,0.019909340888261795,598.6672467605307,622.3499202959254,598.6672467605307,622.3499202959254,101.75369662087157,3702.646044517763,0.006572463522370093,0.00829144261473947,3105129760.079322,0.46987951807228917,0.976
2023-05-23,SPY,lstm,-0.01128628870935317,0.0017958960961550474,-0.01887335628271103,0.020320694893598557,591.9485015414158,623.4686296751385,591.9485015414158,623.4686296751385,99.85127208987913,3778.65601717857,0.006572463522370093,0.00829144261473947,3105129760.079322,0.46987951807228917,0.976
2023-05-24,SPY,lstm,-0.0072711729419161625,0.001793370582163334,-0.018435144796967506,0.01936536841094494,587.6599519016529,624.5877148865369,587.6599519016529,624.5877148865369,98.02736273025427,3852.5443790867475,0.006572463522370093,0.00829144261473947,3105129760.079322,0.46987951807228917,0.976
2023-05-25,SPY,lstm,0.008622616459603612,-0.0011157055851072073,-0.021918218582868576,0.018459506332874298,592.7490273174741,623.8912473099082,592.7490273174741,623.8912473099082,95.90215312834985,3924.3210619307556,0.006572463522370093,0.00829144261473947,3105129760.079322,0.46987951807228917,0.976
2023-05-26,SPY,lstm,0.012867526857071395,0.0020898529328405857,-0.016631541773676872,0.023276546970009804,600.4255241925882,625.1964301839967,600.4255241925882,625.1964301839967,94.32034530516057,4016.737083413974,0.006572463522370093,0.00829144261473947,3105129760.079322,0.46987951807228917,0.976
2023-05-30,SPY,lstm,0.0003808704297325202,-0.0008518990944139659,-0.022732384502887726,0.020164623856544495,600.6542520750883,624.6640679493083,600.6542520750883,624.6640679493083,92.20040519775233,4098.555171163806,0.006572463522370093,0.00829144261473947,3105129760.079322,0.46987951807228917,0.976
2023-05-31,SPY,lstm,-0.005560642409936939,0.0019153037574142218,-0.015067830681800842,0.01841159537434578,597.3234977167075,625.8616262975779,597.3234977167075,625.8616262975779,90.82156058703019,4174.714956311792,0.006572463522370093,0.00829144261473947,3105129760.079322,0.46987951807228917,0.976
2023-06-01,SPY,lstm,0.009456169066444198,0.0020339926704764366,-0.0161746833473444,0.020465875044465065,602.9986801516756,627.1359398162407,602.9986801516756,627.1359398162407,89.36436887277327,4261.034418904074,0.006572463522370093,0.00829144261473947,3105129760.079322,0.46987951807228917,0.976
2023-06-02,SPY,lstm,0.01435759348122755,0.0021523714531213045,-0.01575523056089878,0.02092103101313114,611.7187398109365,628.4872345855491,611.7187398109365,628.4872345855491,87.9674433845495,4351.118694041186,0.006572463522370093,0.00829144261473947,3105129760.079322,0.46987951807228917,0.976
2023-06-05,SPY,lstm,-0.0019181014640489555,0.00042118233977817,-0.018507299944758415,0.01963290013372898,610.5465257726429,628.7520072256611,610.5465257726429,628.7520072256611,86.35437813462724,4437.3878415794825,0.006572463522370093,0.00829144261473947,3105129760.079322,0.46987951807228917,0.976
2023-06-06,SPY,lstm,0.002175091593377299,0.0016273909714072943,-0.02011491358280182,0.020897775888442993,611.8759656908775,629.7760911588625,611.8759656908775,629.7760911588625,84.6347195161081,4531.095210115493,0.006572463522370093,0.00829144261473947,3105129760.079322,0.46987951807228917,0.976
2023-06-07,SPY,lstm,-0.0034637189947504194,0.0014026205753907561,-0.02301943674683571,0.022293534129858017,609.7602654967899,630.6600260974488,609.7602654967899,630.6600260974488,82.70872808828275,4633.243799890502,0.006572463522370093,0.00829144261473947,3105129760.079322,0.46987951807228917,0.976
2023-06-08,SPY,lstm,0.006030349968389268,0.0009547898080199957,-0.017256716266274452,0.01990014873445034,613.4484426172005,631.2624477136596,613.4484426172005,631.2624477136596,81.29369102399579,4726.36977947712,0.006572463522370093,0.00829144261473947,3105129760.079322,0.46987951807228917,0.976
2023-06-09,SPY,lstm,0.001792694599673949,0.0018955267732962966,-0.021010397002100945,0.02130274660885334,614.549154652935,632.4601640830275,614.549154652935,632.4601640830275,79.60349498614903,4828.134307091214,0.006572463522370093,0.00829144261473947,3105129760.079322,0.46987951807228917,0.976
2023-06-12,SPY,lstm,0.009030960948294134,0.001913844607770443,-0.015553519129753113,0.021225858479738235,620.1242604595501,633.6717637711777,620.1242604595501,633.6717637711777,78.37495894400809,4931.711232103067,0.006572463522370093,0.00829144261473947,3105129760.079322,0.46987951807228917,0.976
2023-06-13,SPY,lstm,0.006571298368602799,0.0006903430330567062,-0.016294332221150398,0.019695719704031944,624.2127004679899,634.1093644467041,624.2127004679899,634.1093644467041,77.10824120506145,5029.8074288802945,0.006572463522370093,0.00829144261473947,3105129760.079322,0.46987951807228917,0.976
2023-06-14,SPY,lstm,0.001190124226922512,0.0007141205715015531,-0.01728091388940811,0.0188416987657547,624.9560333670777,634.5623856656155,624.9560333670777,634.5623856656155,75.78718726436134,5125.475970610647,0.006572463522370093,0.00829144261473947,3105129760.079322,0.46987951807228917,0.976
2023-06-15,SPY,lstm,0.012321448558557475,0.001582588069140911,-0.018800411373376846,0.02406686171889305,632.7040322447509,635.5674148499513,632.7040322447509,635.5674148499513,74.37566738055764,5250.3261552814165,0.006572463522370093,0.00829144261473947,3105129760.079322,0.46987951807228917,0.976
2023-06-16,SPY,lstm,-0.007119760382108064,0.002992945024743676,-0.018474221229553223,0.023358318954706192,628.215329348282,637.4724635873565,628.215329348282,637.4724635873565,73.01424711701472,5374.408382068571,0.006572463522370093,0.00829144261473947,3105129760.079322,0.46987951807228917,0.976
2023-06-20,SPY,lstm,-0.005201688176449396,-0.00045608170330524445,-0.024711323902010918,0.018500978127121925,624.9560333670777,637.181791741298,624.9560333670777,637.181791741298,71.23207745941794,5474.765685423786,0.006572463522370093,0.00829144261473947,3105129760.079322,0.46987951807228917,0.976
2023-06-21,SPY,lstm,-0.00513689669448721,-0.0013282555155456066,-0.021824270486831665,0.02109651267528534,621.7539302628439,636.3359995370324,621.7539302628439,636.3359995370324,69.69433015124942,5591.490873063743,0.006572463522370093,0.00829144261473947,3105129760.079322,0.46987951807228917,0.976
2023-06-22,SPY,lstm,0.0036032107426930415,0.0002476159716024995,-0.020039895549416542,0.02165534906089306,623.9982817110783,636.4935548633796,623.9982817110783,636.4935548633796,68.31156541874219,5713.896854179865,0.006572463522370093,0.00829144261473947,3105129760.079322,0.46987951807228917,0.976
2023-06-23,SPY,lstm,-0.007588727735143791,0.002082186983898282,-0.015377188101410866,0.020133355632424355,619.2808509321095,637.8202457525935,619.2808509321095,637.8202457525935,67.26916071956275,5830.102335603814,0.006572463522370093,0.00829144261473947,3105129760.079322,0.46987951807228917,0.976
2023-06-26,SPY,lstm,-0.004094122473882703,-0.00043384183663874865,-0.02387203276157379,0.022774595767259598,616.7506223497872,637.5435956857206,616.7506223497872,637.5435956857206,65.68232342051283,5964.403896152327,0.006572463522370093,0.00829144261473947,3105129760.079322,0.46987951807228917,0.976
2023-06-27,SPY,lstm,0.010903649709285458,0.0011275499127805233,-0.016355061903595924,0.018887048587203026,623.5122513202845,638.2628702768768,623.5122513202845,638.2628702768768,64.61682084699585,6078.124633604643,0.006572463522370093,0.00829144261473947,3105129760.079322,0.46987951807228917,0.976
2023-06-28,SPY,lstm,0.0005042661095765424,0.0031927586533129215,-0.012785335071384907,0.018807586282491684,623.826746705549,640.3039764720938,623.826746705549,640.3039764720938,63.79593165150202,6193.520928841844,0.006572463522370093,0.00829144261473947,3105129760.079322,0.46987951807228917,0.976
2023-06-29,SPY,lstm,0.003933614456099705,0.0014870245940983295,-0.01907065138220787,0.021015893667936325,626.2854732853122,641.2568061356449,626.2854732853122,641.2568061356449,62.590828823063404,6325.060951773236,0.006572463522370093,0.00829144261473947,3105129760.079322,0.46987951807228917,0.976
2023-06-30,SPY,lstm,0.011731634842625023,0.0002606915950309485,-0.017173953354358673,0.01743890717625618,633.6760930263384,641.4239886568711,633.6760930263384,641.4239886568711,61.525074846914244,6436.330374508704,0.006572463522370093,0.00829144261473947,3105129760.079322,0.46987951807228917,0.976
2023-07-03,SPY,lstm,0.0011498750213830315,0.0013797925785183907,-0.01651359722018242,0.017442747950553894,634.4051604252206,642.3096676706732,634.4051604252206,642.3096676706732,60.51741806457261,6549.5825503880615,0.006572463522370093,0.00829144261473947,3105129760.079322,0.46987951807228917,0.976
2023-07-05,SPY,lstm,-0.001488305087145732,0.004049169365316629,-0.013711884617805481,0.02202654257416725,633.4616742694268,644.9157796559798,633.4616742694268,644.9157796559798,59.69327428963764,6695.447765597617,0.006572463522370093,0.00829144261473947,3105129760.079322,0.46987951807228917,0.976
2023-07-06,SPY,lstm,-0.007861482478151452,0.0002742834622040391,-0.02145054191350937,0.020571015775203705,628.5012501077525,645.0926804253313,628.5012501077525,645.0926804253313,58.42645678402307,6834.606088704881,0.006572463522370093,0.00829144261473947,3105129760.079322,0.46987951807228917,0.976
2023-07-07,SPY,lstm,-0.002527906698974793,0.001471686060540378,-0.01656164973974228,0.018033109605312347,626.9144640558411,646.0427158750715,626.9144640558411,646.0427158750715,57.46678751017136,6958.973379012206,0.006572463522370093,0.00829144261473947,3105129760.079322,0.46987951807228917,0.976
2023-07-10,SPY,lstm,0.0025279066989747885,0.0018955954583361745,-0.017695242539048195,0.020967969670891762,628.5012501077525,647.2684753653073,628.5012501077525,647.2684753653073,56.458841871665655,7106.429376377448,0.006572463522370093,0.00829144261473947,3105129760.079322,0.46987951807228917,0.976
2023-07-11,SPY,lstm,0.00634833630815346,0.002010089112445712,-0.014542121440172195,0.021413277834653854,632.5038789880446,648.5708660117281,632.5038789880446,648.5708660117281,55.64375118268734,7260.242601375203,0.006572463522370093,0.00829144261473947,3105129760.079322,0.46987951807228917,0.976
2023-07-12,SPY,lstm,0.008013723862516888,0.001400262233801186,-0.01747356355190277,0.016862209886312485,637.5929544038659,649.4796344223037,637.5929544038659,649.4796344223037,54.67990317745501,7383.704516282441,0.006572463522370093,0.00829144261473947,3105129760.079322,0.46987951807228917,0.976
2023-07-13,SPY,lstm,0.007905551787355664,0.0012744204141199589,-0.01529214158654213,0.019659455865621567,642.6534551938933,650.3078390123161,642.6534551938933,650.3078390123161,53.85009084219,7530.300213217294,0.006572463522370093,0.00829144261473947,3105129760.079322,0.46987951807228917,0.976
2023-07-14,SPY,lstm,-0.0006230225390383416,0.002234293380752206,-0.015139792114496231,0.01933778077363968,642.2531923058641,651.7624756208246,642.2531923058641,651.7624756208246,53.040953652777425,7677.336891260199,0.006572463522370093,0.00829144261473947,3105129760.079322,0.46987951807228917,0.976
2023-07-17,SPY,lstm,0.003466202570648931,-0.001303021446801722,-0.020870622247457504,0.01863113045692444,644.4832346285102,650.913761817242,644.4832346285102,650.913761817242,51.94542878490496,7821.714910109556,0.006572463522370093,0.00829144261473947,3105129760.079322,0.46987951807228917,0.976
2023-07-18,SPY,lstm,0.007403116820647034,0.0013078823685646057,-0.016369106248021126,0.01993168331682682,649.2721237846553,651.7655993661213,649.2721237846553,651.7655993661213,51.10204862081775,7979.178451993937,0.006572463522370093,0.00829144261473947,3105129760.079322,0.46987951807228917,0.976
2023-07-19,SPY,lstm,0.0022212915573068173,0.0021658570040017366,-0.016230735927820206,0.020979199558496475,650.7159494568314,653.1787435637367,650.7159494568314,653.1787435637367,50.2793183626557,8148.343227817872,0.006572463522370093,0.00829144261473947,3105129760.079322,0.46987951807228917,0.976
2023-07-20,SPY,lstm,-0.006656595178376628,0.0013840611791238189,-0.019610218703746796,0.021308425813913345,646.3987815658918,654.083378831319,646.3987815658918,654.083378831319,49.30293456199693,8323.834629680605,0.006572463522370093,0.00829144261473947,3105129760.079322,0.46987951807228917,0.976
2023-07-21,SPY,lstm,0.0,0.00017236932762898505,-0.01850830763578415,0.01728607714176178,646.3987815658918,654.1961275216607,646.3987815658918,654.1961275216607,48.398813195662186,8468.972216247947,0.006572463522370093,0.00829144261473947,3105129760.079322,0.46987951807228917,0.976
2023-07-24,SPY,lstm,0.00445734209675547,0.0007416200824081898,-0.016078200191259384,0.018190696835517883,649.2864329102438,654.6814359901894,649.2864329102438,654.6814359901894,47.62687115098521,8624.438474839626,0.006572463522370093,0.00829144261473947,3105129760.079322,0.46987951807228917,0.976
2023-07-25,SPY,lstm,0.0027263334560183538,0.000899961160030216,-0.0162234827876091,0.018224693834781647,651.0590194678898,655.2709031444579,651.0590194678898,655.2709031444579,46.86043103868151,8783.056804881599,0.006572463522370093,0.00829144261473947,3105129760.079322,0.46987951807228917,0.976
2023-07-26,SPY,lstm,0.00015370179135724575,0.000603255582973361,-0.01848340965807438,0.017918908968567848,651.1590960962428,655.6663181300809,651.1590960962428,655.6663181300809,46.002245678399035,8941.858625826908,0.006572463522370093,0.00829144261473947,3105129760.079322,0.46987951807228917,0.976
2023-07-27,SPY,lstm,-0.006652049928426125,0.0017987507162615657,-0.019269805401563644,0.01990574598312378,646.8419282053032,656.8467915057254,646.8419282053032,656.8467915057254,45.12427682683405,9121.636863949232,0.006572463522370093,0.00829144261473947,3105129760.079322,0.46987951807228917,0.976
2023-07-28,SPY,lstm,0.009742708386939452,0.0007388402591459453,-0.016388367861509323,0.019389986991882324,653.1747196619773,657.3322653897518,653.1747196619773,657.3322653897518,44.390791513570754,9300.230962255977,0.006572463522370093,0.00829144261473947,3105129760.079322,0.46987951807228917,0.976
2023-07-31,SPY,lstm,0.0019022320924179325,0.00024501082953065634,-0.020307745784521103,0.018639057874679565,654.4183920774473,657.4933737807555,654.4183920774473,657.4933737807555,43.498407065246695,9475.204098552864,0.006572463522370093,0.00829144261473947,3105129760.079322,0.46987951807228917,0.976
2023-08-01,SPY,lstm,-0.0028656708129788785,0.002930608345195651,-0.013993814587593079,0.022381596267223358,652.5457288914481,659.4230725892446,652.5457288914481,659.4230725892446,42.89393814620758,9689.665017048512,0.006572463522370093,0.00829144261473947,3105129760.079322,0.46987951807228917,0.976
2023-08-02,SPY,lstm,-0.01400847075222544,0.002183595672249794,-0.014084117487072945,0.020604057237505913,643.4682900955403,660.8645323501571,643.4682900955403,660.8645323501571,42.29404945961777,9891.382105420887,0.006572463522370093,0.00829144261473947,3105129760.079322,0.46987951807228917,0.976
2023-08-03,SPY,lstm,-0.0028699721428423856,-0.0015446553006768227,-0.022244974970817566,0.014713365584611893,641.624201535335,659.8445128746251,641.624201535335,659.8445128746251,41.363607476457304,10037.99341171172,0.006572463522370093,0.00829144261473947,3105129760.079322,0.46987951807228917,0.976
2023-08-04,SPY,lstm,-0.004533025778414631,0.0025727436877787113,-0.01288460660725832,0.01951643079519272,638.7222846907775,661.5443467354064,638.7222846907775,661.5443467354064,40.8340728398763,10235.823757675891,0.006572463522370093,0.00829144261473947,3105129760.079322,0.46987951807228917,0.976
2023-08-07,SPY,lstm,0.008690655340468388,0.0012970316456630826,-0.0183294415473938,0.018763389438390732,644.2973904973926,662.402919850625,644.2973904973926,662.402919850625,40.09242444365396,10429.696073289915,0.006572463522370093,0.00829144261473947,3105129760.079322,0.46987951807228917,0.976
2023-08-08,SPY,lstm,-0.0043581583971775105,0.00029675866244360805,-0.021266110241413116,0.022591926157474518,641.4955502811881,662.5995416584897,641.4955502811881,662.5995416584897,39.24881680430103,10668.005063978195,0.006572463522370093,0.00829144261473947,3105129760.079322,0.46987951807228917,0.976
2023-08-09,SPY,lstm,-0.006707683059238894,0.0008973877411335707,-0.0191880464553833,0.02107870578765869,637.2070006414252,663.1944004417622,637.2070006414252,663.1944004417622,38.502888338904754,10895.25983245978,0.006572463522370093,0.00829144261473947,3105129760.079322,0.46987951807228917,0.976
2023-08-10,SPY,lstm,0.0003588894044134793,-0.0008972305222414434,-0.02311917580664158,0.020370928570628166,637.4357285239253,662.5996400864657,637.4357285239253,662.5996400864657,37.622944463578065,11119.482263217842,0.006572463522370093,0.00829144261473947,3105129760.079322,0.46987951807228917,0.976
2023-08-11,SPY,lstm,-0.0005832692666972918,0.0002596130361780524,-0.017697853967547417,0.019261794164776802,637.06404026169,662.7716760209269,637.06404026169,662.7716760209269,36.962955871780046,11335.739722538261,0.006572463522370093,0.00829144261473947,3105129760.079322,0.46987951807228917,0.976
2023-08-14,SPY,lstm,0.005504828419965597,-8.679814527567942e-06,-0.01706860400736332,0.016771038994193077,640.5806387511883,662.7659083974606,640.5806387511883,662.7659083974606,36.33740274589206,11527.45497087457,0.006572463522370093,0.00829144261473947,3105129760.079322,0.46987951807228917,0.976
2023-08-15,SPY,lstm,-0.011717240012162844,0.0010505131212994456,-0.014295412227511406,0.01846296526491642,633.1186042583686,663.4625206380541,633.1186042583686,663.4625206380541,35.82164005598677,11742.262621760416,0.006572463522370093,0.00829144261473947,3105129760.079322,0.46987951807228917,0.976
2023-08-16,SPY,lstm,-0.007365221768905127,0.0018442117143422365,-0.015951499342918396,0.01992814615368843,628.4726754819588,664.6872431584151,628.4726754819588,664.6872431584151,35.254763548393115,11978.611021236677,0.006572463522370093,0.00829144261473947,3105129760.079322,0.46987951807228917,0.976
2023-08-17,SPY,lstm,-0.00764906407671764,-0.0006108133238740265,-0.021049216389656067,0.01687467098236084,623.6837863258138,664.2813521687444,623.6837863258138,664.2813521687444,34.52043500123921,12182.461123059013,0.006572463522370093,0.00829144261473947,3105129760.079322,0.46987951807228917,0.976
2023-08-18,SPY,lstm,0.00048119583651082097,-0.00012008529301965609,-0.019034039229154587,0.02182851731777191,623.9839725854899,664.2015697468802,623.9839725854899,664.2015697468802,33.8695859593766,12451.309772673487,0.006572463522370093,0.00829144261473947,3105129760.079322,0.46987951807228917,0.976
2023-08-21,SPY,lstm,0.0064852171709036625,-0.0012235891772434115,-0.020529847592115402,0.017238788306713104,628.0437943427528,663.3893515931098,628.0437943427528,663.3893515931098,33.18133786240732,12667.815943586644,0.006572463522370093,0.00829144261473947,3105129760.079322,0.46987951807228917,0.976
2023-08-22,SPY,lstm,-0.0027122888788976324,-0.00038286586641333997,-0.02182197943329811,0.021246541291475296,626.3426661622829,663.1354187346468,626.3426661622829,663.1354187346468,32.46509931713739,12939.843161071823,0.006572463522370093,0.00829144261473947,3105129760.079322,0.46987951807228917,0.976
2023-08-23,SPY,lstm,0.01107618151551332,0.0007497057085856795,-0.020501047372817993,0.02132808417081833,633.3187138896916,663.6327342510305,633.3187138896916,663.6327342510305,31.806306428172967,13218.790101736166,0.006572463522370093,0.00829144261473947,3105129760.079322,0.46987951807228917,0.976
2023-08-24,SPY,lstm,-0.013956004395686512,0.00018052197992801666,-0.018975714221596718,0.021258270367980003,624.5415049788428,663.7525085878043,624.5415049788428,663.7525085878043,31.208449597660934,13502.806454959074,0.006572463522370093,0.00829144261473947,3105129760.079322,0.46987951807228917,0.976
2023-08-25,SPY,lstm,0.007025064852663816,-0.0006131705595180392,-0.0181567445397377,0.01711495965719223,628.9443967471641,663.3456454468447,628.9443967471641,663.3456454468447,30.646918656621878,13735.894875769392,0.006572463522370093,0.00829144261473947,3105129760.079322,0.46987951807228917,0.976
2023-08-28,SPY,lstm,0.0063213390295188574,0.0001427827519364655,-0.019398462027311325,0.017505507916212082,632.9327601272507,663.4403796486629,632.9327601272507,663.4403796486629,30.058144438436468,13978.466166130855,0.006572463522370093,0.00829144261473947,3105129760.079322,0.46987951807228917,0.976
2023-08-29,SPY,lstm,0.014351295283905607,0.002966862404718995,-0.015337551012635231,0.023212535306811333,642.0816573003348,665.4116544373695,642.0816573003348,665.4116544373695,29.600643763264245,14306.736348477609,0.006572463522370093,0.00829144261473947,3105129760.079322,0.46987951807228917,0.976
2023-08-30,SPY,lstm,0.004110354001076374,-0.0012589137768372893,-0.022563394159078598,0.019672736525535583,644.7262716365984,664.5744768507029,644.7262716365984,664.5744768507029,28.940231680096513,14590.975996649704,0.006572463522370093,0.00829144261473947,3105129760.079322,0.46987951807228917,0.976
2023-08-31,SPY,lstm,-0.0014644620760757739,0.001436984515748918,-0.018227722495794296,0.02174276113510132,643.7827854808047,665.5301493429985,643.7827854808047,665.5301493429985,28.417496095817427,14911.698513787976,0.006572463522370093,0.00829144261473947,3105129760.079322,0.46987951807228917,0.976
2023-09-01,SPY,lstm,0.0018634704461354505,5.325691745383665e-05,-0.021404851227998734,0.022909171879291534,644.9835741448924,665.5656131501946,644.9835741448924,665.5656131501946,27.815687099148864,15257.255812554267,0.006572463522370093,0.00829144261473947,3105129760.079322,0.46987951807228917,0.976
2023-09-05,SPY,lstm,-0.004331297871981201,0.0005571930669248104,-0.017959970980882645,0.01945808157324791,642.1959994288934,665.9365351483947,642.1959994288934,665.9365351483947,27.320576895958315,15557.040614669739,0.006572463522370093,0.00829144261473947,3105129760.079322,0.46987951807228917,0.976
2023-09-06,SPY,lstm,-0.006745137677816119,0.0023577981628477573,-0.016065891832113266,0.021365173161029816,637.8788751633366,667.508533180608,637.8788751633366,667.508533180608,26.885155006266984,15892.99492573406,0.006572463522370093,0.00829144261473947,3105129760.079322,0.46987951807228917,0.976
2023-09-07,SPY,lstm,-0.0030749462677503296,-0.0014291146071627736,-0.020733090117573738,0.015866147354245186,635.9204444745728,666.5552858154626,635.9204444745728,666.5552858154626,26.333481997302478,16147.165895131697,0.006572463522370093,0.00829144261473947,3105129760.079322,0.46987951807228917,0.976
2023-09-08,SPY,lstm,0.0015049542106842105,0.0014147231122478843,-0.018690213561058044,0.0218915194272995,636.8781961305722,667.4989478121067,636.8781961305722,667.4989478121067,25.845873871477668,16504.549075839834,0.006572463522370093,0.00829144261473947,3105129760.079322,0.46987951807228917,0.976
2023-09-11,SPY,lstm,0.006555105162656671,0.001291578751988709,-0.017514437437057495,0.019387535750865936,641.066712767365,668.3616682529927,641.066712767365,668.3616682529927,25.397139387123804,16827.653165789383,0.006572463522370093,0.00829144261473947,3105129760.079322,0.46987951807228917,0.976
2023-09-12,SPY,lstm,-0.005500711436984544,0.0005834655603393912,-0.01746535114943981,0.017179736867547035,637.5500706524837,668.7517566595277,637.5500706524837,668.7517566595277,24.95742045755801,17119.245148216738,0.006572463522370093,0.00829144261473947,3105129760.079322,0.46987951807228917,0.976
2023-09-13,SPY,lstm,0.0011653100058186942,0.00023402251827064902,-0.02123195305466652,0.020500004291534424,638.2934471769543,668.9082498105156,638.2934471769543,668.9082498105156,24.433111627080415,17473.811099003367,0.006572463522370093,0.00829144261473947,3105129760.079322,0.46987951807228917,0.976
2023-09-14,SPY,lstm,0.008585412055525241,0.0025605622213333845,-0.016533154994249344,0.02011909708380699,643.7970509810102,670.6232196515995,643.7970509810102,670.6232196515995,24.032476086081846,17828.927861660304,0.006572463522370093,0.00829144261473947,3105129760.079322,0.46987951807228917,0.976
2023-09-15,SPY,lstm,-0.01564260552722776,-0.0011758541222661734,-0.019391126930713654,0.016647841781377792,633.8047442804854,669.8351265973853,633.8047442804854,669.8351265973853,23.57094876041857,18128.22512890737,0.006572463522370093,0.00829144261473947,3105129760.079322,0.46987951807228917,0.976
2023-09-18,SPY,lstm,0.0005862678085058179,-0.0009760293178260326,-0.020039986819028854,0.019068676978349686,634.1764325427207,669.1816694614088,634.1764325427207,669.1816694614088,23.103288444014957,18477.224357050214,0.006572463522370093,0.00829144261473947,3105129760.079322,0.46987951807228917,0.976
2023-09-19,SPY,lstm,-0.0020759838480750876,-0.0014299893518909812,-0.02064383029937744,0.016409017145633698,632.8612581246916,668.2254344493741,632.8612581246916,668.2254344493741,22.631236652737158,18782.917876781838,0.006572463522370093,0.00829144261473947,3105129760.079322,0.46987951807228917,0.976
2023-09-20,SPY,lstm,-0.009235844351152545,0.0017004802357405424,-0.020939374342560768,0.025729840621352196,627.043158935371,669.362721413747,627.043158935371,669.362721413747,22.162279545384102,19272.469849974987,0.006572463522370093,0.00829144261473947,3105129760.079322,0.46987951807228917,0.976
2023-09-21,SPY,lstm,-0.016666477191231367,-0.0008248931844718754,-0.020422091707587242,0.01657450757920742,616.6791639726109,668.8107845555675,616.6791639726109,668.8107845555675,21.714269621085784,19594.564193051585,0.006572463522370093,0.00829144261473947,3105129760.079322,0.46987951807228917,0.976
2023-09-22,SPY,lstm,-0.0022510799334294423,-0.0004891265416517854,-0.017496207728981972,0.019161751493811607,615.2925311774056,668.4837384189203,615.2925311774056,668.4837384189203,21.337656078905027,19973.649951128533,0.006572463522370093,0.00829144261473947,3105129760.079322,0.46987951807228917,0.976
2023-09-25,SPY,lstm,0.0041963720245047674,0.0008019195520319045,-0.01424308493733406,0.018938172608613968,617.8799526366986,669.0200485623385,617.8799526366986,669.0200485623385,21.03589562548907,20355.519506305274,0.006572463522370093,0.00829144261473947,3105129760.079322,0.46987951807228917,0.976
2023-09-26,SPY,lstm,-0.014800251479124848,-0.00043051951797679067,-0.019777636975049973,0.020834293216466904,608.8025138407908,668.7320988947257,608.8025138407908,668.7320988947257,20.62394243544032,20784.060948090555,0.006572463522370093,0.00829144261473947,3105129760.079322,0.46987951807228917,0.976
2023-09-27,SPY,lstm,0.0003990537106883037,-0.0005705196526832879,-0.018372582271695137,0.017341936007142067,609.0455072234962,668.3506829640777,609.0455072234962,668.3506829640777,20.248487518349975,21147.639202755174,0.006572463522370093,0.00829144261473947,3105129760.079322,0.46987951807228917,0.976
2023-09-28,SPY,lstm,0.005780704134190584,-0.0002796319604385644,-0.019931156188249588,0.01882036030292511,612.576414838583,668.1638085116188,612.576414838583,668.1638085116188,19.84890698013149,21549.41522507276,0.006572463522370093,0.00829144261473947,3105129760.079322,0.46987951807228917,0.976
2023-09-29,SPY,lstm,-0.002429856399603727,-0.0012671849690377712,-0.021528547629714012,0.02114219032227993,611.0897490404076,667.3176724020498,611.0897490404076,667.3176724020498,19.426155667738335,22009.868292348343,0.006572463522370093,0.00829144261473947,3105129760.079322,0.46987951807228917,0.976
2023-10-02,SPY,lstm,-0.00039778993267751666,0.0017815477913245559,-0.01789862848818302,0.020832234993577003,610.8467120323193,668.5075882669692,610.8467120323193,668.5075882669692,19.081547027215322,22473.191242028744,0.006572463522370093,0.00829144261473947,3105129760.079322,0.46987951807228917,0.976
2023-10-03,SPY,lstm,-0.01347647032989409,0.0005099092959426343,-0.013797184452414513,0.017291132360696793,602.6698756408229,668.8485916813848,602.6698756408229,668.8485916813848,18.820083041501633,22865.15765774649,0.006572463522370093,0.00829144261473947,3105129760.079322,0.46987951807228917,0.976
2023-10-04,SPY,lstm,0.007255588282934912,0.00041155042708851397,-0.01809251494705677,0.018901700153946877,607.0585019089386,669.1239096110194,607.0585019089386,669.1239096110194,18.482641737773815,23301.458554248333,0.006572463522370093,0.00829144261473947,3105129760.079322,0.46987951807228917,0.976
2023-10-05,SPY,lstm,-0.0003768516258725016,-0.0009194738231599331,-0.021373694762587547,0.019056210294365883,606.8297740264387,668.50895528473,606.8297740264387,668.50895528473,18.091791281322767,23749.75412285197,0.006572463522370093,0.00829144261473947,3105129760.079322,0.46987951807228917,0.976
2023-10-06,SPY,lstm,0.011802882777938796,0.0008262470364570618,-0.01790579780936241,0.021366991102695465,614.0345496363474,669.061542924532,614.0345496363474,669.061542924532,17.770726238771253,24262.67539118741,0.006572463522370093,0.00829144261473947,3105129760.079322,0.46987951807228917,0.976
2023-10-09,SPY,lstm,0.0063817905591359225,0.0011294304858893156,-0.015897391363978386,0.017542289569973946,617.9657201394633,669.817652093887,617.9657201394633,669.817652093887,17.490451906223466,24692.05428367152,0.006572463522370093,0.00829144261473947,3105129760.079322,0.46987951807228917,0.976
2023-10-10,SPY,lstm,0.0051913408829109865,0.0010177918011322618,-0.017683077603578568,0.0202813558280468,621.1821323692853,670.499717865012,621.1821323692853,670.499717865012,17.18388556411977,25197.954509034338,0.006572463522370093,0.00829144261473947,3105129760.079322,0.46987951807228917,0.976
2023-10-11,SPY,lstm,0.004087915912236751,-0.001162588712759316,-0.019021498039364815,0.01810707338154316,623.7266700771959,669.7206421530428,623.7266700771959,669.7206421530428,16.860111200515878,25658.372599053713,0.006572463522370093,0.00829144261473947,3105129760.079322,0.46987951807228917,0.976
2023-10-12,SPY,lstm,-0.006115110502897495,0.000799366447608918,-0.02096085622906685,0.020990364253520966,619.924150828227,670.2561882254738,619.924150828227,670.2561882254738,16.510386729046026,26202.64364839208,0.006572463522370093,0.00829144261473947,3105129760.079322,0.46987951807228917,0.976
2023-10-13,SPY,lstm,-0.004993314857244581,0.00048535887617617846,-0.018677402287721634,0.018851328641176224,616.8363898525519,670.5815441365444,616.8363898525519,670.5815441365444,16.20487716006437,26701.28242391416,0.006572463522370093,0.00829144261473947,3105129760.079322,0.46987951807228917,0.976
2023-10-16,SPY,lstm,0.01046649133332179,-0.0005776942707598209,-0.021345986053347588,0.018986796960234642,623.3264071891668,670.1942769891739,623.3264071891668,670.1942769891739,15.86263382666491,27213.096303650924,0.006572463522370093,0.00829144261473947,3105129760.079322,0.46987951807228917,0.976
2023-10-17,SPY,lstm,-4.5913197049638914e-05,-0.0003813278744928539,-0.019841749221086502,0.02256913110613823,623.29778893799,669.9387779483543,623.29778893799,669.9387779483543,15.550993861468099,27834.254763771823,0.006572463522370093,0.00829144261473947,3105129760.079322,0.46987951807228917,0.976
2023-10-18,SPY,lstm,-0.013414646956172782,0.00031525437952950597,-0.019590118899941444,0.020244667306542397,614.9923012923467,670.1500153869941,614.9923012923467,670.1500153869941,15.249312913860452,28403.491707016623,0.006572463522370093,0.00829144261473947,3105129760.079322,0.46987951807228917,0.976
2023-10-19,SPY,lstm,-0.008825232029716999,-0.0006672380841337144,-0.020458029583096504,0.019985156133770943,609.588730491261,669.703001483007,609.588730491261,669.703001483007,14.940511258807506,28976.84986902824,0.006572463522370093,0.00829144261473947,3105129760.079322,0.46987951807228917,0.976
2023-10-20,SPY,lstm,-0.012364165589842435,-0.00023327197413891554,-0.020444585010409355,0.021569857373833656,602.0980777472644,669.5468046596006,602.0980777472644,669.5468046596006,14.638159705182543,29608.667290821504,0.006572463522370093,0.00829144261473947,3105129760.079322,0.46987951807228917,0.976
2023-10-23,SPY,lstm,-0.0017347143698367156,-0.001420979155227542,-0.021977048367261887,0.017993181943893433,601.0545149631175,668.5960740063501,601.0545149631175,668.5960740063501,14.319965092965449,30146.24378301917,0.006572463522370093,0.00829144261473947,3105129760.079322,0.46987951807228917,0.976
2023-10-24,SPY,lstm,0.007511114561209817,-9.27199434954673e-05,-0.017546648159623146,0.01982845552265644,605.5861016109686,668.5340651789527,605.5861016109686,668.5340651789527,14.070889505360878,30749.962294104767,0.006572463522370093,0.00829144261473947,3105129760.079322,0.46987951807228917,0.976
2023-10-25,SPY,lstm,-0.014456175911054834,-0.002361859427765012,-0.024338658899068832,0.01863681897521019,596.8946165775014,666.9569316565781,596.8946165775014,666.9569316565781,13.732556777702152,31328.417778005864,0.006572463522370093,0.00829144261473947,3105129760.079322,0.46987951807228917,0.976
2023-10-26,SPY,lstm,-0.012046887403205692,-0.0022055518347769976,-0.02442355826497078,0.01757463812828064,589.7470338445634,665.4875542516564,589.7470338445634,665.4875542516564,13.401221468352453,31883.87055111468,0.006572463522370093,0.00829144261473947,3105129760.079322,0.46987951807228917,0.976
2023-10-27,SPY,lstm,-0.0045430763647404,-0.0007943820091895759,-0.02121911011636257,0.016578147187829018,587.073844882506,664.9591218110334,587.073844882506,664.9591218110334,13.119855355013819,32416.852842785855,0.006572463522370093,0.00829144261473947,3105129760.079322,0.46987951807228917,0.976
2023-10-30,SPY,lstm,0.011884883929670366,-0.001934603787958622,-0.023791508749127388,0.01885947771370411,594.0927763612971,663.6739285773142,594.0927763612971,663.6739285773142,12.811398443828251,33034.0191116245,0.006572463522370093,0.00829144261473947,3105129760.079322,0.46987951807228917,0.976
2023-10-31,SPY,lstm,0.006260627657925739,0.0001598972885403782,-0.018612071871757507,0.01854551210999489,597.82383723309,663.7800232640873,597.82383723309,663.7800232640873,12.575156915557674,33652.36971079001,0.006572463522370093,0.00829144261473947,3105129760.079322,0.46987951807228917,0.976
2023-11-01,SPY,lstm,0.010608265814448672,0.0004099136567674577,-0.018143797293305397,0.016959266737103462,604.1994688157635,664.0521470181124,604.1994688157635,664.0521470181124,12.349052853666041,34227.956828624665,0.006572463522370093,0.00829144261473947,3105129760.079322,0.46987951807228917,0.976
2023-11-02,SPY,lstm,0.018983031132927274,0.00017341414059046656,-0.019501272588968277,0.02234521508216858,615.7785615681996,664.1673265418082,615.7785615681996,664.1673265418082,12.110563230774458,35001.39627848929,0.006572463522370093,0.00829144261473947,3105129760.079322,0.46987951807228917,0.976
2023-11-03,SPY,lstm,0.009082025844375438,0.0008636931888759136,-0.016279205679893494,0.01850840076804161,621.3965511261971,664.7411863267421,621.3965511261971,664.7411863267421,11.915008701686565,35655.24657210423,0.006572463522370093,0.00829144261473947,3105129760.079322,0.46987951807228917,0.976
2023-11-06,SPY,lstm,0.002297847915620259,0.002210780745372176,-0.019941769540309906,0.02378622069954872,622.8260676727848,666.2124178904702,622.8260676727848,666.2124178904702,11.679756179607825,36513.51598510722,0.006572463522370093,0.00829144261473947,3105129760.079322,0.46987951807228917,0.976
2023-11-07,SPY,lstm,0.00284199554427769,0.0007712842780165374,-0.016757074743509293,0.01780609041452408,624.598654230431,666.7264951939995,624.598654230431,666.7264951939995,11.485668100626558,37169.501571756584,0.006572463522370093,0.00829144261473947,3105129760.079322,0.46987951807228917,0.976
2023-11-08,SPY,lstm,0.0007321314630714296,0.0009520275634713471,-0.016293209046125412,0.01728515699505806,625.0561099954307,667.3615403286154,625.0561099954307,667.3615403286154,11.300045882446623,37817.56786957185,0.006572463522370093,0.00829144261473947,3105129760.079322,0.46987951807228917,0.976
2023-11-09,SPY,lstm,-0.007829319807058255,0.00012715079355984926,-0.01571764424443245,0.0170266255736351,620.181453336521,667.446426255283,620.181453336521,667.446426255283,11.123824147890325,38466.98838180886,0.006572463522370093,0.00829144261473947,3105129760.079322,0.46987951807228917,0.976
2023-11-10,SPY,lstm,0.01548430309641447,0.000818191678263247,-0.0179757047444582,0.019350143149495125,629.8592646517814,667.9927251361783,629.8592646517814,667.9927251361783,10.92565196295126,39218.576471604785,0.006572463522370093,0.00829144261473947,3105129760.079322,0.46987951807228917,0.976
2023-11-13,SPY,lstm,-0.000953639754326823,0.0010331255616620183,-0.022444363683462143,0.022843006998300552,629.258892132429,668.6832050012114,629.258892132429,668.6832050012114,10.683163831134603,40124.755399406065,0.006572463522370093,0.00829144261473947,3105129760.079322,0.46987951807228917,0.976
2023-11-14,SPY,lstm,0.019214937613587866,0.0007497670594602823,-0.01631753332912922,0.018459105864167213,641.4669756553943,669.1847607689701,641.4669756553943,669.1847607689701,10.510255704430499,40872.29983977576,0.006572463522370093,0.00829144261473947,3105129760.079322,0.46987951807228917,0.976
2023-11-15,SPY,lstm,0.002114807358866951,0.0017132200300693512,-0.019512731581926346,0.02214846760034561,642.8249901994229,670.3322161750281,642.8249901994229,670.3322161750281,10.30715985954458,41787.65995986947,0.006572463522370093,0.00829144261473947,3105129760.079322,0.46987951807228917,0.976
2023-11-16,SPY,lstm,0.0012223852980768682,-0.0002676942094694823,-0.018878839910030365,0.02099711075425148,643.6112504752757,670.152778657931,643.6112504752757,670.152778657931,10.114398116534876,42674.357929925616,0.006572463522370093,0.00829144261473947,3105129760.079322,0.46987951807228917,0.976
2023-11-17,SPY,lstm,0.0012430303845870662,0.0009570473339408636,-0.015293467789888382,0.017787881195545197,644.4117762513342,670.7944425809776,644.4117762513342,670.7944425809776,9.960890574376911,43440.23794967481,0.006572463522370093,0.00829144261473947,3105129760.079322,0.46987951807228917,0.976
2023-11-20,SPY,lstm,0.007668124752286348,-0.001121323206461966,-0.021197238937020302,0.019900629296898842,649.3722004130086,670.0426922840626,649.3722004130086,670.0426922840626,9.751969269290516,44313.38662475089,0.006572463522370093,0.00829144261473947,3105129760.079322,0.46987951807228917,0.976
2023-11-21,SPY,lstm,-0.0021817926592202913,-0.0004522132803685963,-0.021241728216409683,0.017486445605754852,647.9569493666265,669.7397651583121,647.9569493666265,669.7397651583121,9.547005009918285,45095.08509159673,0.006572463522370093,0.00829144261473947,3105129760.079322,0.46987951807228917,0.976
2023-11-22,SPY,lstm,0.0038533997022272832,-0.000345800508512184,-0.018318787217140198,0.015503901988267899,650.4586033231548,669.5081915541049,650.4586033231548,669.5081915541049,9.373707789108796,45799.685044646816,0.006572463522370093,0.00829144261473947,3105129760.079322,0.46987951807228917,0.976
2023-11-24,SPY,lstm,0.0006151656456205639,0.00032661939621903,-0.018519515171647072,0.02420763112604618,650.8588662111839,669.7268753267712,650.8588662111839,669.7268753267712,9.201708583653387,46921.91438975234,0.006572463522370093,0.00829144261473947,3105129760.079322,0.46987951807228917,0.976
2023-11-27,SPY,lstm,-0.0018025831074993844,0.0011134848464280367,-0.019110871478915215,0.01960013620555401,649.6866957982731,670.4730381438684,649.6866957982731,670.4730381438684,9.02752555965689,47850.66379195047,0.006572463522370093,0.00829144261473947,3105129760.079322,0.46987951807228917,0.976
2023-11-28,SPY,lstm,0.0009896124396359233,-0.00010350689990445971,-0.019300153478980064,0.01733802817761898,650.329952069008,670.4036618424476,650.329952069008,670.4036618424476,8.854963592764955,48687.53337566651,0.006572463522370093,0.00829144261473947,3105129760.079322,0.46987951807228917,0.976
2023-11-29,SPY,lstm,-0.0007036685470761965,0.0021948080975562334,-0.01627340167760849,0.02147609367966652,649.8724963040079,671.8767167634882,649.8724963040079,671.8767167634882,8.712029314786568,49744.46032830383,0.006572463522370093,0.00829144261473947,3105129760.079322,0.46987951807228917,0.976
2023-11-30,SPY,lstm,0.003929728299914877,-0.001418848056346178,-0.0194031223654747,0.018729284405708313,652.4313431375068,670.9241194158917,652.4313431375068,670.9241194158917,8.544617911912457,50684.91709977851,0.006572463522370093,0.00829144261473947,3105129760.079322,0.46987951807228917,0.976
2023-12-01,SPY,lstm,0.005898459934950831,0.0003281710378360003,-0.01703721284866333,0.01928873360157013,656.2910552634464,671.1443054230042,656.2910552634464,671.1443054230042,8.40027445051084,51672.05334647086,0.006572463522370093,0.00829144261473947,3105129760.079322,0.46987951807228917,0.976
2023-12-04,SPY,lstm,-0.005263235464555216,-0.0005426165880635381,-0.01813362166285515,0.018830202519893646,652.8459151511244,670.7802352266347,652.8459151511244,670.7802352266347,8.249319802011083,52654.268624430544,0.006572463522370093,0.00829144261473947,3105129760.079322,0.46987951807228917,0.976
2023-12-05,SPY,lstm,-0.00019708162213514347,0.002547104377299547,-0.01169267762452364,0.018362343311309814,652.7172638969774,672.4909686823449,652.7172638969774,672.4909686823449,8.153424968068038,53630.05324060859,0.006572463522370093,0.00829144261473947,3105129760.079322,0.46987951807228917,0.976
2023-12-06,SPY,lstm,-0.004037918727864448,0.0006324608693830669,-0.017574697732925415,0.015930987894535065,650.0869586863022,672.9164158567506,650.0869586863022,672.9164158567506,8.011382635404384,54491.27489287666,0.006572463522370093,0.00829144261473947,3105129760.079322,0.46987951807228917,0.976
2023-12-07,SPY,lstm,0.007601436708841672,-6.722762918798253e-05,-0.019285688176751137,0.017516234889626503,655.0473828479766,672.8711729679968,655.0473828479766,672.8711729679968,7.858357981055195,55454.163630632196,0.006572463522370093,0.00829144261473947,3105129760.079322,0.46987951807228917,0.976
2023-12-08,SPY,lstm,0.004289938682770512,0.0008981741848401725,-0.01857830211520195,0.01999342069029808,657.8635321897696,673.4758147514527,657.8635321897696,673.4758147514527,7.713710691545448,56574.04103935689,0.006572463522370093,0.00829144261473947,3105129760.079322,0.46987951807228917,0.976
2023-12-11,SPY,lstm,0.003882020560905879,0.000672371475957334,-0.01898897811770439,0.01840028539299965,660.4223353978856,673.9287803146102,660.4223353978856,673.9287803146102,7.568617371819747,57624.6584077204,0.006572463522370093,0.00829144261473947,3105129760.079322,0.46987951807228917,0.976
2023-12-12,SPY,lstm,0.004556834710761382,0.00015464478929061443,-0.020202556625008583,0.01852763630449772,663.4386379963845,674.0329794413387,663.4386379963845,674.0329794413387,7.417246070992772,58702.26033695814,0.006572463522370093,0.00829144261473947,3105129760.079322,0.46987951807228917,0.976
2023-12-13,SPY,lstm,0.013695899627010042,0.00044255488319322467,-0.01887909509241581,0.020015092566609383,672.5875351694685,674.3313226769108,672.5875351694685,674.3313226769108,7.278528511106599,59889.02652397567,0.006572463522370093,0.00829144261473947,3105129760.079322,0.46987951807228917,0.976
2023-12-14,SPY,lstm,0.003204233465814398,-0.0001489814167143777,-0.020065046846866608,0.018393993377685547,674.7461191149383,674.230879672817,674.7461191149383,674.230879672817,7.133939846294147,61000.819842071556,0.006572463522370093,0.00829144261473947,3105129760.079322,0.46987951807228917,0.976
2023-12-15,SPY,lstm,-0.0056940753497524595,0.0020460132509469986,-0.020074984058737755,0.02183188684284687,670.9149816147925,675.6117954032527,670.9149816147925,675.6117954032527,6.992154138933182,62347.22735047093,0.006572463522370093,0.00829144261473947,3105129760.079322,0.46987951807228917,0.976
2023-12-18,SPY,lstm,0.005609309688445641,-0.0002806201810017228,-0.016957048326730728,0.0201265886425972,674.6889262379676,675.4222463910112,674.6889262379676,675.4222463910112,6.874587271482216,63614.78066664521,0.006572463522370093,0.00829144261473947,3105129760.079322,0.46987951807228917,0.976
2023-12-19,SPY,lstm,0.0060624706430893955,-0.000640263722743839,-0.019809730350971222,0.018551263958215714,678.7916317466128,674.9899527326505,678.7916317466128,674.9899527326505,6.739743509056203,64805.931907574726,0.006572463522370093,0.00829144261473947,3105129760.079322,0.46987951807228917,0.976
2023-12-20,SPY,lstm,-0.013954179408550985,0.0006199608324095607,-0.017533907666802406,0.018781611695885658,669.3854320652348,675.4085320409357,669.3854320652348,675.4085320409357,6.622599541564705,66034.59051345792,0.006572463522370093,0.00829144261473947,3105129760.079322,0.46987951807228917,0.976
2023-12-21,SPY,lstm,0.009437245558765973,0.00026434092433191836,-0.017588861286640167,0.018561426550149918,675.7324890221145,675.5871142471929,675.7324890221145,675.5871142471929,6.507134029461733,67271.73620085976,0.006572463522370093,0.00829144261473947,3105129760.079322,0.46987951807228917,0.976
2023-12-22,SPY,lstm,0.002007675812166575,0.0003771556948777288,-0.017137059941887856,0.01922832615673542,677.0905035661428,675.8419309735768,677.0905035661428,675.8419309735768,6.396570802056158,68577.77827097103,0.006572463522370093,0.00829144261473947,3105129760.079322,0.46987951807228917,0.976
2023-12-26,SPY,lstm,0.004213637385105742,-0.0005412602331489325,-0.020065532997250557,0.016219215467572212,679.949536659318,675.4762390107758,679.949536659318,675.4762390107758,6.269499261340076,69699.12516598818,0.006572463522370093,0.00829144261473947,3105129760.079322,0.46987951807228917,0.976
2023-12-27,SPY,lstm,0.0018064529064549342,-0.00011813083983724937,-0.01842731609940529,0.019643083214759827,681.1789435745825,675.3964406755979,681.1789435745825,675.3964406755979,6.155027160025544,71081.76485084371,0.006572463522370093,0.00829144261473947,3105129760.079322,0.46987951807228917,0.976
2023-12-28,SPY,lstm,0.0003776598313376663,-0.002716466085985303,-0.023677553981542587,0.018543191254138947,681.4362460828764,673.5642345333829,681.4362460828764,673.5642345333829,6.01100313974701,72412.14652166169,0.006572463522370093,0.00829144261473947,3105129760.079322,0.46987951807228917,0.976
2023-12-29,SPY,lstm,-0.0028991719525495417,0.0002194802655139938,-0.017900390550494194,0.017576633021235466,679.4635062685243,673.7120578380094,679.4635062685243,673.7120578380094,5.904361069242805,73696.1604556371,0.006572463522370093,0.00829144261473947,3105129760.079322,0.46987951807228917,0.976
2023-01-03,SPY,gru,-0.004218769051923119,-0.0010930271819233894,-0.032826974987983704,0.02901616320014,544.3885017415838,546.0927797338518,544.3885017415838,546.0927797338518,529.0351763914368,562.7852326146312,0.0073607942967870345,0.009160927010017533,112426523560.27455,0.5341365461847389,1.0
2023-01-04,SPY,gru,0.007690540861836688,0.0016920268535614014,-0.02902369573712349,0.033520471304655075,548.5912838785821,547.0175808485182,548.5912838785821,547.0175808485182,513.9013136285712,581.9697998250134,0.0073607942967870345,0.009160927010017533,112426523560.27455,0.5341365461847389,1.0
2023-01-05,SPY,gru,-0.01147902847194515,0.0017951771151274443,-0.028309091925621033,0.03269791975617409,542.3299944244671,548.0004848054238,542.3299944244671,548.0004848054238,499.5572282715908,601.313551191916,0.0073607942967870345,0.009160927010017533,112426523560.27455,0.5341365461847389,1.0
2023-01-06,SPY,gru,0.02267311516744916,0.0019318371778354049,-0.03294466435909271,0.0307783056050539,554.7667622045495,549.0601499923092,554.7667622045495,549.0601499923092,483.3676376498536,620.1086855498537,0.0073607942967870345,0.009160927010017533,112426523560.27455,0.5341365461847389,1.0
2023-01-09,SPY,gru,-0.0005670573357700661,-0.0024328678846359253,-0.03038972057402134,0.02662033401429653,554.452266819285,547.7259873317857,554.452266819285,547.7259873317857,468.899178730279,636.8378396827021,0.0073607942967870345,0.009160927010017533,112426523560.27455,0.5341365461847389,1.0
2023-01-10,SPY,gru,0.006988367474913615,-0.0032062612008303404,-0.03410778194665909,0.0292114969342947,558.3405535710186,545.9726468564863,558.3405535710186,545.9726468564863,453.1757330485894,655.7152056938236,0.0073607942967870345,0.009160927010017533,112426523560.27455,0.5341365461847389,1.0
2023-01-11,SPY,gru,0.012568547576673746,0.00041749299271032214,-0.027704467996954918,0.03233399987220764,565.402368801192,546.2006396512311,565.402368801192,546.2006396512311,440.7930688302193,677.2635973642433,0.0073607942967870345,0.009160927010017533,112426523560.27455,0.5341365461847389,1.0
2023-01-12,SPY,gru,0.003634171365240132,-0.0037008612416684628,-0.03408373147249222,0.028776511549949646,567.4608761183088,544.1829756572535,567.4608761183088,544.1829756572535,426.0223429045946,697.0360327339373,0.0073607942967870345,0.009160927010017533,112426523560.27455,0.5341365461847389,1.0
2023-01-13,SPY,gru,0.003871999812680603,-0.0028176649939268827,-0.03318896144628525,0.02230825275182724,569.6623438151609,542.6518097266917,569.6623438151609,542.6518097266917,412.11515372839347,712.7604180863706,0.0073607942967870345,0.009160927010017533,112426523560.27455,0.5341365461847389,1.0
2023-01-17,SPY,gru,-0.001833577055333756,-0.0015144128119572997,-0.027338024228811264,0.025600571185350418,568.618781031014,541.8306458252827,568.618781031014,541.8306458252827,401.00135412669937,731.2430939611588,0.0073607942967870345,0.009160927010017533,112426523560.27455,0.5341365461847389,1.0
2023-01-18,SPY,gru,-0.015913973799226742,-0.0022592029999941587,-0.030849676579236984,0.02801019698381424,559.6414188634592,540.607933531959,559.6414188634592,540.607933531959,388.81945456971954,752.0148899938041,0.0073607942967870345,0.009160927010017533,112426523560.27455,0.5341365461847389,1.0
2023-01-19,SPY,gru,-0.007306444430314214,-0.0013087409315630794,-0.03153635188937187,0.02900475636124611,555.5673316059908,539.9008698638575,555.5673316059908,539.9008698638575,376.74884825218305,774.1462638668651,0.0073607942967870345,0.009160927010017533,112426523560.27455,0.5341365461847389,1.0
2023-01-20,SPY,gru,0.018457644417167424,-0.003790600225329399,-0.033030733466148376,0.02599264308810234,565.9170174431625,537.8582063066493,565.9170174431625,537.8582063066493,364.50784584632527,794.5322067830741,0.0073607942967870345,0.009160927010017533,112426523560.27455,0.5341365461847389,1.0
2023-01-23,SPY,gru,0.011927172921546549,-0.002885467140004039,-0.033215802162885666,0.030886199325323105,572.7072210394537,536.3084816268894,572.7072210394537,536.3084816268894,352.5993016679551,819.4552014243619,0.0073607942967870345,0.009160927010017533,112426523560.27455,0.5341365461847389,1.0
2023-01-24,SPY,gru,-0.001073867632149319,-0.004812290426343679,-0.02983844466507435,0.0211788322776556,572.092539394513,533.7338057071375,572.092539394513,533.7338057071375,342.2337050054961,836.9954295703133,0.0073607942967870345,0.009160927010017533,112426523560.27455,0.5341365461847389,1.0
2023-01-25,SPY,gru,0.0003747271121322409,-0.0018399241380393505,-0.02785385027527809,0.026034802198410034,572.3069581514244,532.752692358653,572.3069581514244,532.752692358653,332.8327108383922,859.0726272088781,0.0073607942967870345,0.009160927010017533,112426523560.27455,0.5341365461847389,1.0
2023-01-26,SPY,gru,0.010930412793652575,-0.0033722203224897385,-0.030117115005850792,0.021464237943291664,578.5968222313334,530.9591644683816,578.5968222313334,530.9591644683816,322.9581991104399,877.7112472546166,0.0073607942967870345,0.009160927010017533,112426523560.27455,0.5341365461847389,1.0
2023-01-27,SPY,gru,0.0022950608748414985,-0.0026502374093979597,-0.03568558767437935,0.030743565410375595,579.926262149568,529.5538513521757,579.926262149568,529.5538513521757,311.63646260240387,905.1142983171089,0.0073607942967870345,0.009160927010017533,112426523560.27455,0.5341365461847389,1.0
2023-01-30,SPY,gru,-0.012626202210393098,-0.00447268970310688,-0.030899498611688614,0.02069082111120224,572.6500281624828,527.1906013374867,572.6500281624828,527.1906013374867,302.1543064789281,924.0369157605945,0.0073607942967870345,0.009160927010017533,112426523560.27455,0.5341365461847389,1.0
2023-01-31,SPY,gru,0.0145963030912504,-0.002510551130399108,-0.030673805624246597,0.026221178472042084,581.0699015620677,525.8687296380066,581.0699015620677,525.8687296380066,293.02679570729754,948.5866693480469,0.0073607942967870345,0.009160927010017533,112426523560.27455,0.5341365461847389,1.0
2023-02-01,SPY,gru,0.010571694025693322,-0.0032575197983533144,-0.02991914562880993,0.026509033516049385,587.245379888035,524.1584950260639,587.245379888035,524.1584950260639,284.3895416988166,974.0690984667093,0.0073607942967870345,0.009160927010017533,112426523560.27455,0.5341365461847389,1.0
2023-02-02,SPY,gru,0.014452053374916243,-0.002163853030651808,-0.03255094587802887,0.028348520398139954,595.7939045417669,523.0255249514325,595.7939045417669,523.0255249514325,275.28142999990945,1002.0775934439283,0.0073607942967870345,0.009160927010017533,112426523560.27455,0.5341365461847389,1.0
2023-02-03,SPY,gru,-0.01068598363290454,-0.0018463602755218744,-0.032543450593948364,0.033276185393333435,589.4611567104756,522.060728769146,589.4611567104756,522.060728769146,266.46702454694565,1035.9838980287109,0.0073607942967870345,0.009160927010017533,112426523560.27455,0.5341365461847389,1.0
2023-02-06,SPY,gru,-0.006130111277800135,-0.0034369206987321377,-0.027157969772815704,0.019644375890493393,585.8587470928298,520.2695268361114,585.8587470928298,520.2695268361114,259.32769979831335,1056.536338712808,0.0073607942967870345,0.009160927010017533,112426523560.27455,0.5341365461847389,1.0
2023-02-07,SPY,gru,0.012993845860082188,-0.002119451528415084,-0.03281144052743912,0.029032381251454353,593.5209784677385,519.1680035641486,593.5209784677385,519.1680035641486,250.95685719360608,1087.6597087875166,0.0073607942967870345,0.009160927010017533,112426523560.27455,0.5341365461847389,1.0
2023-02-08,SPY,gru,-0.010994997340289235,-0.0029485179111361504,-0.02751169726252556,0.025090105831623077,587.0309611311236,517.63948396137,587.0309611311236,517.63948396137,244.1467203968103,1115.294480178994,0.0073607942967870345,0.009160927010017533,112426523560.27455,0.5341365461847389,1.0
2023-02-09,SPY,gru,-0.00870697310092209,-0.0013999793445691466,-0.03283906728029251,0.030582137405872345,581.9418857153023,516.9153163564433,581.9418857153023,516.9153163564433,236.25938542686828,1149.92952195935,0.0073607942967870345,0.009160927010017533,112426523560.27455,0.5341365461847389,1.0
2023-02-10,SPY,gru,0.0023309475334816784,-0.0005512710777111351,-0.02982521988451481,0.02979533188045025,583.2999438847137,516.6304419759125,583.2999438847137,516.6304419759125,229.3169384810875,1184.7075709014548,0.0073607942967870345,0.009160927010017533,112426523560.27455,0.5341365461847389,1.0
2023-02-13,SPY,gru,0.011670623663536151,-0.00427772244438529,-0.03710204362869263,0.024178728461265564,590.1472967325926,514.4251601757554,590.1472967325926,514.4251601757554,220.96471267800618,1213.7014271992966,0.0073607942967870345,0.009160927010017533,112426523560.27455,0.5341365461847389,1.0
2023-02-14,SPY,gru,-0.0004602757868875422,0.0025142794474959373,-0.029802560806274414,0.03332628309726715,589.8757287240933,515.7202058534879,589.8757287240933,515.7202058534879,214.47655734207748,1254.8311750803275,0.0073607942967870345,0.009160927010017533,112426523560.27455,0.5341365461847389,1.0
2023-02-15,SPY,gru,0.003242112385601186,-0.003632959211245179,-0.04115602746605873,0.02840225026011467,591.7912756614747,513.850025644559,591.7912756614747,513.850025644559,205.8287263913357,1290.982143740782,0.0073607942967870345,0.009160927010017533,112426523560.27455,0.5341365461847389,1.0
2023-02-16,SPY,gru,-0.013864479472520551,0.0011568734189495444,-0.02650739997625351,0.030742451548576355,583.6430138957722,514.4448184575035,583.6430138957722,514.4448184575035,200.44441830463188,1331.2863997754444,0.0073607942967870345,0.009160927010017533,112426523560.27455,0.5341365461847389,1.0
2023-02-17,SPY,gru,-0.0025013844442150304,0.00015519630687776953,-0.030552241951227188,0.028559084981679916,582.1849227233907,514.5246656924239,582.1849227233907,514.5246656924239,194.41300309887146,1369.854881853213,0.0073607942967870345,0.009160927010017533,112426523560.27455,0.5341365461847389,1.0
2023-02-21,SPY,gru,-0.020264879913440236,-0.00556968804448843,-0.03769346699118614,0.025193963199853897,570.5057533426016,511.66689319620747,570.5057533426016,511.66689319620747,187.22129784835644,1404.8053683699745,0.0073607942967870345,0.009160927010017533,112426523560.27455,0.5341365461847389,1.0
2023-02-22,SPY,gru,-0.0013790551427742468,-0.003293809946626425,-0.03343357890844345,0.026932567358016968,569.7195366921316,509.98433379555155,569.7195366921316,509.98433379555155,181.06530380639214,1443.154545604221,0.0073607942967870345,0.009160927010017533,112426523560.27455,0.5341365461847389,1.0
2023-02-23,SPY,gru,0.005305305448697813,1.1938176612602547e-05,-0.029672786593437195,0.02966345101594925,572.750104790836,509.99041328256294,572.750104790836,509.99041328256294,175.77152411338557,1486.6046625183615,0.0073607942967870345,0.009160927010017533,112426523560.27455,0.5341365461847389,1.0
2023-02-24,SPY,gru,-0.010739837078983187,0.0009403882431797683,-0.029963234439492226,0.03281436860561371,566.6317757164563,510.4702121170807,566.6317757164563,510.4702121170807,170.58296261924463,1536.19585125033,0.0073607942967870345,0.009160927010017533,112426523560.27455,0.5341365461847389,1.0
2023-02-27,SPY,gru,0.0034000513205539825,-0.0007039518095552921,-0.029659848660230637,0.029634207487106323,568.5616317794262,510.11099808989917,568.5616317794262,510.11099808989917,165.59778877865608,1582.4010828249811,0.0073607942967870345,0.009160927010017533,112426523560.27455,0.5341365461847389,1.0
2023-02-28,SPY,gru,-0.003702824624668304,0.0006908125942572951,-0.03112301602959633,0.02913723513484001,566.4602407109271,510.4635134841013,566.4602407109271,510.4635134841013,160.52325956142911,1629.1862430516842,0.0073607942967870345,0.009160927010017533,112426523560.27455,0.5341365461847389,1.0
2023-03-01,SPY,gru,-0.0038432905240252365,-0.00019992806483060122,-0.029787026345729828,0.03035701811313629,564.2873476398689,510.3614646922025,564.2873476398689,510.3614646922025,155.8122586776532,1679.401861260445,0.0073607942967870345,0.009160927010017533,112426523560.27455,0.5341365461847389,1.0
2023-03-02,SPY,gru,0.007747202640651336,-0.002364454325288534,-0.034756872802972794,0.027108799666166306,568.6759739079848,509.1561668672216,568.6759739079848,509.1561668672216,150.4897462702481,1725.551034049119,0.0073607942967870345,0.009160927010017533,112426523560.27455,0.5341365461847389,1.0
2023-03-03,SPY,gru,0.015910572248883096,-0.0007412490085698664,-0.0318090096116066,0.0273820199072361,577.7962964552751,508.7789099784549,577.7962964552751,508.7789099784549,145.77815120919146,1773.4529976228193,0.0073607942967870345,0.009160927010017533,112426523560.27455,0.5341365461847389,1.0
2023-03-06,SPY,gru,0.0006925006534723625,-0.005833136849105358,-0.04336359724402428,0.029683467000722885,578.1965593433043,505.8197696027938,578.1965593433043,505.8197696027938,139.59178740051723,1826.8842276140413,0.0073607942967870345,0.009160927010017533,112426523560.27455,0.5341365461847389,1.0
2023-03-07,SPY,gru,-0.01544743147428181,-0.0002617444843053818,-0.028520528227090836,0.02746853604912758,569.333539304308,505.6873844318378,569.333539304308,505.6873844318378,135.66679344316637,1877.7617048549027,0.0073607942967870345,0.009160927010017533,112426523560.27455,0.5341365461847389,1.0
2023-03-08,SPY,gru,0.0016307895385843638,0.0009797799866646528,-0.03545593470335007,0.036273956298828125,570.2627599598962,506.18308852984586,570.2627599598962,506.18308852984586,130.94087562152126,1947.1259582006555,0.0073607942967870345,0.009160927010017533,112426523560.27455,0.5341365461847389,1.0
2023-03-09,SPY,gru,-0.018622175035731294,-0.001771134091541171,-0.030324412509799004,0.02781648375093937,559.7414954918124,505.28737594366504,559.7414954918124,505.28737594366504,127.02976877196508,2002.048431971222,0.0073607942967870345,0.009160927010017533,112426523560.27455,0.5341365461847389,1.0
2023-03-10,SPY,gru,-0.014534563011705798,-0.002557920292019844,-0.027817532420158386,0.026677336543798447,551.664735728669,503.99654098434013,551.664735728669,503.99654098434013,123.54481246914919,2056.176432495955,0.0073607942967870345,0.009160927010017533,112426523560.27455,0.5341365461847389,1.0
2023-03-13,SPY,gru,-0.0014262668368289762,0.00013008964015170932,-0.039685603231191635,0.03703026846051216,550.8784754528161,504.0620894312593,550.8784754528161,504.0620894312593,118.7378787705219,2133.7444047918957,0.0073607942967870345,0.009160927010017533,112426523560.27455,0.5341365461847389,1.0
2023-03-14,SPY,gru,0.016394930701474304,-0.0005784351378679276,-0.02846784144639969,0.02672814577817917,559.9845324999008,503.77059825705845,559.9845324999008,503.77059825705845,115.40532728272875,2191.5443889874723,0.0073607942967870345,0.009160927010017533,112426523560.27455,0.5341365461847389,1.0
2023-03-15,SPY,gru,-0.0062739791116780946,-0.0024805294815450907,-0.034531742334365845,0.029067492112517357,556.482199510608,502.5225231940352,556.482199510608,502.5225231940352,111.48820021803768,2256.181902560278,0.0073607942967870345,0.009160927010017533,112426523560.27455,0.5341365461847389,1.0
2023-03-16,SPY,gru,0.01739303757900711,-0.002728964202105999,-0.034335073083639145,0.02548797056078911,566.2457783286329,501.15302691971425,566.2457783286329,501.15302691971425,107.72521456311924,2314.4266058856388,0.0073607942967870345,0.009160927010017533,112426523560.27455,0.5341365461847389,1.0
2023-03-17,SPY,gru,-0.015570840749814475,-0.0012404979206621647,-0.02943449839949608,0.030884068459272385,557.497144043578,500.53173898929106,557.497144043578,500.53173898929106,104.60058789005978,2387.0206132387307,0.0073607942967870345,0.009160927010017533,112426523560.27455,0.5341365461847389,1.0
2023-03-20,SPY,gru,0.009569695461115801,-0.0006517644505947828,-0.03332705423235893,0.03015822544693947,562.8578310932816,500.2056233549157,562.8578310932816,500.2056233549157,101.17200594338344,2460.1054429606133,0.0073607942967870345,0.009160927010017533,112426523560.27455,0.5341365461847389,1.0
2023-03-21,SPY,gru,0.013045068527290258,-0.002908604219555855,-0.02985823154449463,0.026368163526058197,570.248450834308,498.75284838860335,570.248450834308,498.75284838860335,98.19584329463076,2525.836643340049,0.0073607942967870345,0.009160927010017533,112426523560.27455,0.5341365461847389,1.0
2023-03-22,SPY,gru,-0.017193461403886095,-0.0026989364996552467,-0.035920582711696625,0.02891203761100769,560.5277121422824,497.40854884545314,560.5277121422824,497.40854884545314,94.73119064725809,2599.9297079462353,0.0073607942967870345,0.009160927010017533,112426523560.27455,0.5341365461847389,1.0
2023-03-23,SPY,gru,0.002699747151757449,-0.0047219074331223965,-0.02830251306295395,0.0215633362531662,562.0430398170175,495.06535988910593,562.0430398170175,495.06535988910593,92.08764456855087,2656.6017740420257,0.0073607942967870345,0.009160927010017533,112426523560.27455,0.5341365461847389,1.0
2023-03-24,SPY,gru,0.006540576296236363,-0.0009848045883700252,-0.025819119065999985,0.029278896749019623,565.7311733120451,494.57806155825006,565.7311733120451,494.57806155825006,89.74045255771875,2735.5339909440713,0.0073607942967870345,0.009160927010017533,112426523560.27455,0.5341365461847389,1.0
2023-03-27,SPY,gru,0.0018680966845833614,-0.004517354536801577,-0.03782746568322182,0.025459889322519302,566.7890015963975,492.3489072182862,566.7890015963975,492.3489072182862,86.4092027552121,2806.0745425172368,0.0073607942967870345,0.009160927010017533,112426523560.27455,0.5341365461847389,1.0
2023-03-28,SPY,gru,-0.002247180268645281,-0.002673734212294221,-0.031476154923439026,0.022788874804973602,565.5167545551336,491.0342524897803,565.5167545551336,491.0342524897803,83.7317313960832,2870.756094652015,0.0073607942967870345,0.009160927010017533,112426523560.27455,0.5341365461847389,1.0
2023-03-29,SPY,gru,0.014430264607990103,-0.004974271170794964,-0.03561082109808922,0.027717459946870804,573.7364746980123,488.59778577104595,573.7364746980123,488.59778577104595,80.80244116329641,2951.4390958297363,0.0073607942967870345,0.009160927010017533,112426523560.27455,0.5341365461847389,1.0
2023-03-30,SPY,gru,0.005838178311722907,-0.003980879671871662,-0.03467836603522301,0.025440141558647156,577.0958473075698,486.65661237192126,577.0958473075698,486.65661237192126,78.04837379358665,3027.487327356125,0.0073607942967870345,0.009160927010017533,112426523560.27455,0.5341365461847389,1.0
2023-03-31,SPY,gru,0.013996224623975723,0.0008181747980415821,-0.02902027778327465,0.028817033395171165,585.2297999476838,487.05493642050544,585.2297999476838,487.05493642050544,75.81593619719474,3115.999905606145,0.0073607942967870345,0.009160927010017533,112426523560.27455,0.5341365461847389,1.0
2023-04-03,SPY,gru,0.0038032995781799427,-0.0016842377372086048,-0.03631944954395294,0.0304980780929327,587.4598422703298,486.2353116377071,587.4598422703298,486.2353116377071,73.1117457682252,3212.4960374409566,0.0073607942967870345,0.009160927010017533,112426523560.27455,0.5341365461847389,1.0
2023-04-04,SPY,gru,-0.0055635650401382325,-0.001592625048942864,-0.03560478985309601,0.028881682083010674,584.2005462891252,485.46152434275814,584.2005462891252,485.46152434275814,70.55441463017314,3306.631280256375,0.0073607942967870345,0.009160927010017533,112426523560.27455,0.5341365461847389,1.0
2023-04-05,SPY,gru,-0.002621700935942733,-0.0018426472088322043,-0.027989055961370468,0.0235038623213768,582.6709531141846,484.5678144065655,582.6709531141846,484.5678144065655,68.60704197466433,3385.2704228186626,0.0073607942967870345,0.009160927010017533,112426523560.27455,0.5341365461847389,1.0
2023-04-06,SPY,gru,0.003893285494786008,-0.0018395897932350636,-0.029100816696882248,0.02814152091741562,584.943879188213,483.6772227519533,584.943879188213,483.6772227519533,66.63929204744169,3481.8901277687173,0.0073607942967870345,0.009160927010017533,112426523560.27455,0.5341365461847389,1.0
2023-04-10,SPY,gru,0.0010258499102318234,0.0006370438495650887,-0.030355000868439674,0.03250441700220108,585.5442517075654,483.98546679349533,585.5442517075654,483.98546679349533,64.6468477517892,3596.9265442088126,0.0073607942967870345,0.009160927010017533,112426523560.27455,0.5341365461847389,1.0
2023-04-11,SPY,gru,0.0002685508198280116,0.001555378781631589,-0.029718805104494095,0.03234041854739189,585.7015212128891,484.7388554636286,585.7015212128891,484.7388554636286,62.75388741992679,3715.154284535756,0.0073607942967870345,0.009160927010017533,112426523560.27455,0.5341365461847389,1.0
2023-04-12,SPY,gru,-0.004084316547970065,-0.0016309567727148533,-0.035308897495269775,0.026028979569673538,583.3142093849193,483.94890050046723,583.3142093849193,483.94890050046723,60.57677785545072,3813.1252976937203,0.0073607942967870345,0.009160927010017533,112426523560.27455,0.5341365461847389,1.0
2023-04-13,SPY,gru,0.01319527739381285,-0.0020837283227592707,-0.034002937376499176,0.028169192373752594,591.0622082625927,482.9415255312126,591.0622082625927,482.9415255312126,58.55161432131881,3922.065137157583,0.0073607942967870345,0.009160927010017533,112426523560.27455,0.5341365461847389,1.0
2023-04-14,SPY,gru,-0.002445752734606423,-0.0017677363939583302,-0.027802258729934692,0.02594374120235443,589.6183825904167,482.0885518742876,589.6183825904167,482.0885518742876,56.94616836293733,4025.149811210835,0.0073607942967870345,0.009160927010017533,112426523560.27455,0.5341365461847389,1.0
2023-04-17,SPY,gru,0.0035818310251139345,-0.004541338887065649,-0.0347534604370594,0.025728467851877213,591.7340827845042,479.9041961661427,591.7340827845042,479.9041961661427,55.00108648960688,4130.054272430835,0.0073607942967870345,0.009160927010017533,112426523560.27455,0.5341365461847389,1.0
2023-04-18,SPY,gru,0.0006520292826832333,-0.002650780137628317,-0.029987558722496033,0.02801869437098503,592.120036546945,478.6337550531164,592.120036546945,478.6337550531164,53.376223132860304,4247.409618691521,0.0073607942967870345,0.009160927010017533,112426523560.27455,0.5341365461847389,1.0
2023-04-19,SPY,gru,-0.0001689546841105706,-0.0031475203577429056,-0.030074581503868103,0.029045511037111282,592.0200035439749,477.1296028683069,592.0200035439749,477.1296028683069,51.794853973309216,4372.586715484147,0.0073607942967870345,0.009160927010017533,112426523560.27455,0.5341365461847389,1.0
2023-04-20,SPY,gru,-0.00547205963912668,-0.0015318942023441195,-0.03246398642659187,0.03022296354174614,588.7892821885644,476.399257301363,588.7892821885644,476.399257301363,50.14038827423363,4506.756705067509,0.0073607942967870345,0.009160927010017533,112426523560.27455,0.5341365461847389,1.0
2023-04-21,SPY,gru,0.0007766414272094301,-0.004164053127169609,-0.03341121971607208,0.022592930123209953,589.2467379535643,474.4196290589882,589.2467379535643,474.4196290589882,48.492814917000274,4609.736260820661,0.0073607942967870345,0.009160927010017533,112426523560.27455,0.5341365461847389,1.0
2023-04-24,SPY,gru,0.0010426214027723193,-0.0023092124611139297,-0.03032708540558815,0.02897701784968376,589.861419598505,473.3253702507512,589.861419598505,473.3253702507512,47.044246210446495,4745.266861751707,0.0073607942967870345,0.009160927010017533,112426523560.27455,0.5341365461847389,1.0
2023-04-25,SPY,gru,-0.01600116801417094,-0.0035526996944099665,-0.03073040395975113,0.027245722711086273,580.4980600431264,471.6467612250016,580.4980600431264,471.6467612250016,45.62054587278715,4876.332629850589,0.0073607942967870345,0.009160927010017533,112426523560.27455,0.5341365461847389,1.0
2023-04-26,SPY,gru,-0.0042446173996722346,-0.0023626696784049273,-0.03160937502980232,0.028100375086069107,578.0392898379804,470.53373755227665,578.0392898379804,470.53373755227665,44.20106279417923,5015.302687396234,0.0073607942967870345,0.009160927010017533,112426523560.27455,0.5341365461847389,1.0
2023-04-27,SPY,gru,0.019712474971588356,-0.004923043306916952,-0.037354111671447754,0.02539730817079544,589.5469242132403,468.22297182663976,589.5469242132403,468.22297182663976,42.580427203322806,5144.309427010041,0.0073607942967870345,0.009160927010017533,112426523560.27455,0.5341365461847389,1.0
2023-04-28,SPY,gru,0.008498950231163985,-0.002384859835729003,-0.03409351408481598,0.02558044157922268,594.578806752091,467.1076459676844,594.578806752091,467.1076459676844,41.15318021675065,5277.600426253239,0.0073607942967870345,0.009160927010017533,112426523560.27455,0.5341365461847389,1.0
2023-05-01,SPY,gru,-0.0010102543650609105,0.00031171817681752145,-0.02955448627471924,0.028472132980823517,593.9784342327386,467.2532585048545,593.9784342327386,467.2532585048545,39.9547175093872,5430.024447696376,0.0073607942967870345,0.009160927010017533,112426523560.27455,0.5341365461847389,1.0
2023-05-02,SPY,gru,-0.011302869513427875,-0.0005035368958488107,-0.026955753564834595,0.025015797466039658,587.302572765006,467.0180334817439,587.302572765006,467.0180334817439,38.89209336113021,5567.573802129054,0.0073607942967870345,0.009160927010017533,112426523560.27455,0.5341365461847389,1.0
2023-05-03,SPY,gru,-0.006887669499263906,0.0014963689027354121,-0.027228720486164093,0.030215661972761154,583.271325633537,467.7173963005331,583.271325633537,467.7173963005331,37.84739846645677,5738.369382509574,0.0073607942967870345,0.009160927010017533,112426523560.27455,0.5341365461847389,1.0
2023-05-04,SPY,gru,-0.007108150576824931,-0.0013306698529049754,-0.02880777046084404,0.02637777477502823,579.1400454990979,467.09543523670317,579.1400454990979,467.09543523670317,36.77265401958365,5891.7488189832,0.0073607942967870345,0.009160927010017533,112426523560.27455,0.5341365461847389,1.0
2023-05-05,SPY,gru,0.018343304165668557,-0.00021179593750275671,-0.025136422365903854,0.024648770689964294,589.861419598505,466.9965159594288,589.861419598505,466.9965159594288,35.85984167867095,6038.777612588564,0.0073607942967870345,0.009160927010017533,112426523560.27455,0.5341365461847389,1.0
2023-05-08,SPY,gru,0.00026651163202968074,-0.0029540101531893015,-0.03051450289785862,0.02563844434916973,590.0186454784458,465.6190373249948,590.0186454784458,465.6190373249948,34.782123782456665,6195.604559378501,0.0073607942967870345,0.009160927010017533,112426523560.27455,0.5341365461847389,1.0
2023-05-09,SPY,gru,-0.004394965239957253,-0.002010840456932783,-0.027734018862247467,0.026254616677761078,587.431224019153,464.68370378718214,587.431224019153,464.68370378718214,33.83072874297957,6360.421693645911,0.0073607942967870345,0.009160927010017533,112426523560.27455,0.5341365461847389,1.0
2023-05-10,SPY,gru,0.004661479781751272,-0.0030251210555434227,-0.03647943586111069,0.028416411951184273,590.1759149837696,463.28011505272707,590.1759149837696,463.28011505272707,32.61884121522246,6543.754308851166,0.0073607942967870345,0.009160927010017533,112426523560.27455,0.5341365461847389,1.0
2023-05-11,SPY,gru,-0.0017455002398152337,0.0012947937939316034,-0.033494144678115845,0.034817591309547424,589.1466613252112,463.8803805044573,589.1466613252112,463.8803805044573,31.544395046176845,6775.604686995573,0.0073607942967870345,0.009160927010017533,112426523560.27455,0.5341365461847389,1.0
2023-05-12,SPY,gru,-0.001311146072652117,-0.005982175935059786,-0.0377257876098156,0.028255056589841843,588.3747101749467,461.1136407619888,588.3747101749467,461.1136407619888,30.37652666013667,6969.7801857622835,0.0073607942967870345,0.009160927010017533,112426523560.27455,0.5341365461847389,1.0
2023-05-15,SPY,gru,0.003444130053141995,-0.0007870815461501479,-0.029781650751829147,0.030645694583654404,590.4046428662696,460.7508451671739,590.4046428662696,460.7508451671739,29.485202449766366,7186.680176394101,0.0073607942967870345,0.009160927010017533,112426523560.27455,0.5341365461847389,1.0
2023-05-16,SPY,gru,-0.006705099417769526,-0.0025511884596198797,-0.03207401931285858,0.026308473199605942,586.4591632375652,459.57688898884487,586.4591632375652,459.57688898884487,28.554498208530212,7378.259687684324,0.0073607942967870345,0.009160927010017533,112426523560.27455,0.5341365461847389,1.0
2023-05-17,SPY,gru,0.012065880064935735,-0.004431434907019138,-0.036551132798194885,0.028363816440105438,593.5781713447094,457.5448002110727,593.5781713447094,457.5448002110727,27.529643708578654,7590.531117552789,0.0073607942967870345,0.009160927010017533,112426523560.27455,0.5341365461847389,1.0
2023-05-18,SPY,gru,0.009587111502516284,-0.0027779319789260626,-0.03633210435509682,0.02754509076476097,599.2962375310598,456.27554358669454,599.2962375310598,456.27554358669454,26.5473861307996,7802.519430587194,0.0073607942967870345,0.009160927010017533,112426523560.27455,0.5341365461847389,1.0
2023-05-19,SPY,gru,-0.0014561460225211089,-0.0007334569236263633,-0.031195417046546936,0.028638970106840134,598.4242097524423,455.94100384770206,598.4242097524423,455.94100384770206,25.732013530154887,8029.205815325416,0.0073607942967870345,0.009160927010017533,112426523560.27455,0.5341365461847389,1.0
2023-05-22,SPY,gru,0.0004060458540662169,-0.0011485866270959377,-0.03278446942567825,0.030175134539604187,598.6672467605307,455.41761738161,598.6672467605307,455.41761738161,24.90208127146809,8275.180529658403,0.0073607942967870345,0.009160927010017533,112426523560.27455,0.5341365461847389,1.0
2023-05-23,SPY,gru,-0.01128628870935317,-0.004442101344466209,-0.03835602104663849,0.024162575602531433,591.9485015414158,453.3990876418657,591.9485015414158,453.3990876418657,23.965022837430777,8477.565450050939,0.0073607942967870345,0.009160927010017533,112426523560.27455,0.5341365461847389,1.0
2023-05-24,SPY,gru,-0.0072711729419161625,-0.0036561372689902782,-0.03492426872253418,0.02799396775662899,587.6599519016529,451.7444198270068,587.6599519016529,451.7444198270068,23.14250904728802,8718.23890347715,0.0073607942967870345,0.009160927010017533,112426523560.27455,0.5341365461847389,1.0
2023-05-25,SPY,gru,0.008622616459603612,-0.0038208141922950745,-0.031092394143342972,0.018030188977718353,592.7490273174741,450.02169014524486,592.7490273174741,450.02169014524486,22.43402384856077,8876.856116422216,0.0073607942967870345,0.009160927010017533,112426523560.27455,0.5341365461847389,1.0
2023-05-26,SPY,gru,0.012867526857071395,-0.00545703899115324,-0.033951230347156525,0.022722048684954643,600.4255241925882,447.5725811620434,600.4255241925882,447.5725811620434,21.685146006117122,9080.865093474524,0.0073607942967870345,0.009160927010017533,112426523560.27455,0.5341365461847389,1.0
2023-05-30,SPY,gru,0.0003808704297325202,7.908276893431321e-05,-0.028570424765348434,0.02962319552898407,600.6542520750883,447.6079554006906,600.6542520750883,447.6079554006906,21.074358391223768,9353.893752049424,0.0073607942967870345,0.009160927010017533,112426523560.27455,0.5341365461847389,1.0
2023-05-31,SPY,gru,-0.005560642409936939,-0.003502358216792345,-0.030081968754529953,0.028778214007616043,597.3234977167075,446.04301519607395,597.3234977167075,446.04301519607395,20.449840878454363,9626.992488118261,0.0073607942967870345,0.009160927010017533,112426523560.27455,0.5341365461847389,1.0
2023-06-01,SPY,gru,0.009456169066444198,-0.0051146093755960464,-0.03592996299266815,0.02522672340273857,602.9986801516756,443.7674993017425,602.9986801516756,443.7674993017425,19.7281220555283,9872.93926893531,0.0073607942967870345,0.009160927010017533,112426523560.27455,0.5341365461847389,1.0
2023-06-02,SPY,gru,0.01435759348122755,-0.001153709483332932,-0.0312226340174675,0.03068721666932106,611.7187398109365,443.25581236429156,611.7187398109365,443.25581236429156,19.121674432965058,10180.609450454038,0.0073607942967870345,0.009160927010017533,112426523560.27455,0.5341365461847389,1.0
2023-06-05,SPY,gru,-0.0019181014640489555,-0.005826784763485193,-0.033704325556755066,0.018503012135624886,610.5465257726429,440.68056544617446,610.5465257726429,440.68056544617446,18.487930783538673,10370.73445044196,0.0073607942967870345,0.009160927010017533,112426523560.27455,0.5341365461847389,1.0
2023-06-06,SPY,gru,0.002175091593377299,-0.004194916691631079,-0.029874276369810104,0.02134852483868599,611.8759656908775,438.83580899358924,611.8759656908775,438.83580899358924,17.9437852124703,10594.514920679036,0.0073607942967870345,0.009160927010017533,112426523560.27455,0.5341365461847389,1.0
2023-06-07,SPY,gru,-0.0034637189947504194,-0.005807040259242058,-0.03994793817400932,0.02623160555958748,609.7602654967899,436.29484714217875,609.7602654967899,436.29484714217875,17.241096720916097,10876.102981258902,0.0073607942967870345,0.009160927010017533,112426523560.27455,0.5341365461847389,1.0
2023-06-08,SPY,gru,0.006030349968389268,-0.0030529724899679422,-0.03176725283265114,0.024666063487529755,613.4484426172005,434.96488923542324,613.4484426172005,434.96488923542324,16.7020020982549,11147.709687071712,0.0073607942967870345,0.009160927010017533,112426523560.27455,0.5341365461847389,1.0
2023-06-09,SPY,gru,0.001792694599673949,0.0004726776387542486,-0.028635971248149872,0.029466360807418823,614.549154652935,435.17053369403993,614.549154652935,435.17053369403993,16.23050737411406,11481.080188124904,0.0073607942967870345,0.009160927010017533,112426523560.27455,0.5341365461847389,1.0
2023-06-12,SPY,gru,0.009030960948294134,-0.0024089375510811806,-0.030295828357338905,0.029125293716788292,620.1242604595501,434.12348697701447,620.1242604595501,434.12348697701447,15.7461649700822,11820.386665752492,0.0073607942967870345,0.009160927010017533,112426523560.27455,0.5341365461847389,1.0
2023-06-13,SPY,gru,0.006571298368602799,-0.0036952344235032797,-0.03523550182580948,0.024506840854883194,624.2127004679899,432.52226806813087,624.2127004679899,432.52226806813087,15.201001971374788,12113.64571804139,0.0073607942967870345,0.009160927010017533,112426523560.27455,0.5341365461847389,1.0
2023-06-14,SPY,gru,0.001190124226922512,-0.003202109131962061,-0.035713210701942444,0.027355358004570007,624.9560333670777,431.1394881782868,624.9560333670777,431.1394881782868,14.667705281665283,12449.593071105315,0.0073607942967870345,0.009160927010017533,112426523560.27455,0.5341365461847389,1.0
2023-06-15,SPY,gru,0.012321448558557475,-0.004962054081261158,-0.037049610167741776,0.029058139771223068,632.7040322447509,429.00545613645164,632.7040322447509,429.00545613645164,14.134216663622135,12816.661743649758,0.0073607942967870345,0.009160927010017533,112426523560.27455,0.5341365461847389,1.0
2023-06-16,SPY,gru,-0.007119760382108064,-0.004544681869447231,-0.03440088778734207,0.021703127771615982,628.215329348282,427.06018934903443,628.215329348282,427.06018934903443,13.656255118673952,13097.863794962323,0.0073607942967870345,0.009160927010017533,112426523560.27455,0.5341365461847389,1.0
2023-06-20,SPY,gru,-0.005201688176449396,-0.0023876777850091457,-0.03368321806192398,0.0266001895070076,624.9560333670777,426.0417185112003,624.9560333670777,426.0417185112003,13.203929338688047,13450.944929942789,0.0073607942967870345,0.009160927010017533,112426523560.27455,0.5341365461847389,1.0
2023-06-21,SPY,gru,-0.00513689669448721,1.2825056728615891e-05,-0.03341265022754669,0.031181760132312775,621.7539302628439,426.0472036293032,621.7539302628439,426.0472036293032,12.770039813530111,13876.976097488865,0.0073607942967870345,0.009160927010017533,112426523560.27455,0.5341365461847389,1.0
2023-06-22,SPY,gru,0.0036032107426930415,-0.0023347327951341867,-0.027479400858283043,0.022007664665579796,623.9982817110783,425.05364803330946,623.9982817110783,425.05364803330946,12.423904413279997,14185.76110190882,0.0073607942967870345,0.009160927010017533,112426523560.27455,0.5341365461847389,1.0
2023-06-23,SPY,gru,-0.007588727735143791,-0.005738717969506979,-0.03233494237065315,0.02204763889312744,619.2808509321095,422.62137020927776,619.2808509321095,422.62137020927776,12.028603924416634,14501.997107136416,0.0073607942967870345,0.009160927010017533,112426523560.27455,0.5341365461847389,1.0
2023-06-26,SPY,gru,-0.004094122473882703,-0.0001278692507185042,-0.028559450060129166,0.029252920299768448,616.7506223497872,422.5673372374725,616.7506223497872,422.5673372374725,11.689932498574551,14932.489187780866,0.0073607942967870345,0.009160927010017533,112426523560.27455,0.5341365461847389,1.0
2023-06-27,SPY,gru,0.010903649709285458,-0.00012028410856146365,-0.028517557308077812,0.028333676978945732,623.5122513202845,422.5165099198445,623.5122513202845,422.5165099198445,11.361272434807855,15361.631848982941,0.0073607942967870345,0.009160927010017533,112426523560.27455,0.5341365461847389,1.0
2023-06-28,SPY,gru,0.0005042661095765424,-0.003474143799394369,-0.03261203318834305,0.02410133369266987,623.826746705549,421.0511819935851,623.826746705549,421.0511819935851,10.996734479912886,15736.365870426418,0.0073607942967870345,0.009160927010017533,112426523560.27455,0.5341365461847389,1.0
2023-06-29,SPY,gru,0.003933614456099705,-0.0014655239647254348,-0.03067954257130623,0.02525464817881584,626.2854732853122,420.4345834774546,626.2854732853122,420.4345834774546,10.664482293296418,16138.842844095247,0.0073607942967870345,0.009160927010017533,112426523560.27455,0.5341365461847389,1.0
2023-06-30,SPY,gru,0.011731634842625023,-0.00017453402688261122,-0.03157133609056473,0.02908787876367569,633.6760930263384,420.3612082249442,633.6760930263384,420.3612082249442,10.333049808303901,16615.181242524348,0.0073607942967870345,0.009160927010017533,112426523560.27455,0.5341365461847389,1.0
2023-07-03,SPY,gru,0.0011498750213830315,-0.0007710811332799494,-0.033327843993902206,0.03284316882491112,634.4051604252206,420.03719075120097,634.4051604252206,420.03719075120097,9.994347303655335,17169.9371457624,0.0073607942967870345,0.009160927010017533,112426523560.27455,0.5341365461847389,1.0
2023-07-05,SPY,gru,-0.001488305087145732,-0.001619395799934864,-0.034310758113861084,0.03144083917140961,633.4616742694268,419.3575339107977,633.4616742694268,419.3575339107977,9.65724958286523,17718.350793074307,0.0073607942967870345,0.009160927010017533,112426523560.27455,0.5341365461847389,1.0
2023-07-06,SPY,gru,-0.007861482478151452,-0.003568289801478386,-0.031671345233917236,0.026316208764910698,628.5012501077525,417.86381845353856,628.5012501077525,417.86381845353856,9.356184083882825,18190.820687227235,0.0073607942967870345,0.009160927010017533,112426523560.27455,0.5341365461847389,1.0
2023-07-07,SPY,gru,-0.002527906698974793,-0.004055062308907509,-0.03556806594133377,0.02769412100315094,626.9144640558411,416.1727831855952,626.9144640558411,416.1727831855952,9.02925108770277,18701.64037301117,0.0073607942967870345,0.009160927010017533,112426523560.27455,0.5341365461847389,1.0
2023-07-10,SPY,gru,0.0025279066989747885,-0.002853639191016555,-0.03791895508766174,0.035683952271938324,628.5012501077525,414.9868660215951,628.5012501077525,414.9868660215951,8.693281377292314,19381.039469241787,0.0073607942967870345,0.009160927010017533,112426523560.27455,0.5341365461847389,1.0
2023-07-11,SPY,gru,0.00634833630815346,-0.006480922922492027,-0.032732993364334106,0.019773749634623528,632.5038789880446,412.30607103514325,632.5038789880446,412.30607103514325,8.413330956676596,19768.089220175996,0.0073607942967870345,0.009160927010017533,112426523560.27455,0.5341365461847389,1.0
2023-07-12,SPY,gru,0.008013723862516888,-0.0053451345302164555,-0.03733465075492859,0.025223150849342346,637.5929544038659,410.1081248398287,637.5929544038659,410.1081248398287,8.105013451628274,20273.04387080705,0.0073607942967870345,0.009160927010017533,112426523560.27455,0.5341365461847389,1.0
2023-07-13,SPY,gru,0.007905551787355664,-0.0030816334765404463,-0.03247002512216568,0.030396126210689545,642.6534551938933,408.8462586505586,642.6534551938933,408.8462586505586,7.846070373994481,20898.726935980256,0.0073607942967870345,0.009160927010017533,112426523560.27455,0.5341365461847389,1.0
2023-07-14,SPY,gru,-0.0006230225390383416,-0.002921387553215027,-0.031526222825050354,0.024267159402370453,642.2531923058641,407.65360876486733,642.2531923058641,407.65360876486733,7.602571741458043,21412.083845133027,0.0073607942967870345,0.009160927010017533,112426523560.27455,0.5341365461847389,1.0
2023-07-17,SPY,gru,0.003466202570648931,-0.0023350573610514402,-0.029906366020441055,0.027389466762542725,644.4832346285102,406.7028261254253,644.4832346285102,406.7028261254253,7.378572690869297,22006.65492897269,0.0073607942967870345,0.009160927010017533,112426523560.27455,0.5341365461847389,1.0
2023-07-18,SPY,gru,0.007403116820647034,-0.002557347994297743,-0.03170096501708031,0.024468176066875458,649.2721237846553,405.66408310039213,649.2721237846553,405.66408310039213,7.1483335769100815,22551.760243355187,0.0073607942967870345,0.009160927010017533,112426523560.27455,0.5341365461847389,1.0
2023-07-19,SPY,gru,0.0022212915573068173,-0.0034421486780047417,-0.03170245140790939,0.025371721014380455,650.7159494568314,404.27013702550477,650.7159494568314,404.27013702550477,6.9252685601921,23131.256535352222,0.0073607942967870345,0.009160927010017533,112426523560.27455,0.5341365461847389,1.0
2023-07-20,SPY,gru,-0.006656595178376628,-0.00612224405631423,-0.03242500126361847,0.021684573963284492,646.3987815658918,401.8026679274487,646.3987815658918,401.8026679274487,6.704318311126618,23638.325975751144,0.0073607942967870345,0.009160927010017533,112426523560.27455,0.5341365461847389,1.0
2023-07-21,SPY,gru,0.0,-0.0062409257516264915,-0.036336079239845276,0.023430220782756805,646.3987815658918,399.3028633904147,646.3987815658918,399.3028633904147,6.4650822859581965,24198.717712991183,0.0073607942967870345,0.009160927010017533,112426523560.27455,0.5341365461847389,1.0
2023-07-24,SPY,gru,0.00445734209675547,-0.0032626197207719088,-0.031783636659383774,0.024563349783420563,649.2864329102438,398.00222430473093,649.2864329102438,398.00222430473093,6.262829586328003,24800.480163900895,0.0073607942967870345,0.009160927010017533,112426523560.27455,0.5341365461847389,1.0
2023-07-25,SPY,gru,0.0027263334560183538,-0.0042249844409525394,-0.03256000950932503,0.027944844216108322,651.0590194678898,396.32421709936557,651.0590194678898,396.32421709936557,6.0621957770634545,25503.298718121474,0.0073607942967870345,0.009160927010017533,112426523560.27455,0.5341365461847389,1.0
2023-07-26,SPY,gru,0.00015370179135724575,-0.0061093647964298725,-0.03596600890159607,0.02430340088903904,651.1590960962428,393.9103013192674,651.1590960962428,393.9103013192674,5.848037204597056,26130.70796804232,0.0073607942967870345,0.009160927010017533,112426523560.27455,0.5341365461847389,1.0
2023-07-27,SPY,gru,-0.006652049928426125,-0.006460119038820267,-0.03278554230928421,0.019462846219539642,646.8419282053032,391.3738070890909,646.8419282053032,391.3738070890909,5.6594150744080665,26644.266256753785,0.0073607942967870345,0.009160927010017533,112426523560.27455,0.5341365461847389,1.0
2023-07-28,SPY,gru,0.009742708386939452,-0.005913782864809036,-0.0363556332886219,0.025461584329605103,653.1747196619773,389.0661380161958,653.1747196619773,389.0661380161958,5.457358645364664,27331.383132321644,0.0073607942967870345,0.009160927010017533,112426523560.27455,0.5341365461847389,1.0
2023-07-31,SPY,gru,0.0019022320924179325,-0.004732874222099781,-0.03638501092791557,0.026616472750902176,654.4183920774473,387.229083986777,654.4183920774473,387.229083986777,5.262361667614552,28068.61558560827,0.0073607942967870345,0.009160927010017533,112426523560.27455,0.5341365461847389,1.0
2023-08-01,SPY,gru,-0.0028656708129788785,-0.002260108944028616,-0.03395906090736389,0.0303144920617342,652.5457288914481,386.35488121171096,652.5457288914481,386.35488121171096,5.086657133415753,28932.52958159523,0.0073607942967870345,0.009160927010017533,112426523560.27455,0.5341365461847389,1.0
2023-08-02,SPY,gru,-0.01400847075222544,-0.006282991264015436,-0.03415881097316742,0.02167823724448681,643.4682900955403,383.9350186270838,643.4682900955403,383.9350186270838,4.915837155366234,29566.584779807155,0.0073607942967870345,0.009160927010017533,112426523560.27455,0.5341365461847389,1.0
2023-08-03,SPY,gru,-0.0028699721428423856,-0.003482823260128498,-0.033466022461652756,0.02388525754213333,641.624201535335,382.6001768013293,641.624201535335,382.6001768013293,4.7540458726467705,30281.291414723244,0.0073607942967870345,0.009160927010017533,112426523560.27455,0.5341365461847389,1.0
2023-08-04,SPY,gru,-0.004533025778414631,-0.003872483968734741,-0.034699440002441406,0.026011893525719643,638.7222846907775,381.12142574605855,638.7222846907775,381.12142574605855,4.591912241463412,31079.297945471517,0.0073607942967870345,0.009160927010017533,112426523560.27455,0.5341365461847389,1.0
2023-08-07,SPY,gru,0.008690655340468388,-0.0028516598977148533,-0.03068525530397892,0.023753004148602486,644.2973904973926,380.03613983717963,644.2973904973926,380.03613983717963,4.453148065877859,31826.36225432048,0.0073607942967870345,0.009160927010017533,112426523560.27455,0.5341365461847389,1.0
2023-08-08,SPY,gru,-0.0043581583971775105,-0.0014559391420334578,-0.034446004778146744,0.02954493835568428,641.4955502811881,379.4832291434575,641.4955502811881,379.4832291434575,4.302366737468717,32780.69693162657,0.0073607942967870345,0.009160927010017533,112426523560.27455,0.5341365461847389,1.0
2023-08-09,SPY,gru,-0.006707683059238894,-0.004062192514538765,-0.030788928270339966,0.022623013705015182,637.2070006414252,377.94482298912516,637.2070006414252,377.94482298912516,4.17192005225096,33530.74916774959,0.0073607942967870345,0.009160927010017533,112426523560.27455,0.5341365461847389,1.0
2023-08-10,SPY,gru,0.0003588894044134793,-0.0016157403588294983,-0.026871349662542343,0.027742985635995865,637.4357285239253,377.33464943735805,637.4357285239253,377.33464943735805,4.061307779427959,34474.01493733294,0.0073607942967870345,0.009160927010017533,112426523560.27455,0.5341365461847389,1.0
2023-08-11,SPY,gru,-0.0005832692666972918,0.0005313361180014908,-0.0341048389673233,0.03172779828310013,637.06404026169,377.53517828161824,637.06404026169,377.53517828161824,3.925132868506143,35585.33503303161,0.0073607942967870345,0.009160927010017533,112426523560.27455,0.5341365461847389,1.0
2023-08-14,SPY,gru,0.005504828419965597,-0.0017428440041840076,-0.029059816151857376,0.029527567327022552,640.5806387511883,376.877757513268,640.5806387511883,376.877757513268,3.8127106214596336,36651.74869824087,0.0073607942967870345,0.009160927010017533,112426523560.27455,0.5341365461847389,1.0
2023-08-15,SPY,gru,-0.011717240012162844,-0.0026077055372297764,-0.03311905637383461,0.03018411621451378,633.1186042583686,375.8962526045259,633.1186042583686,375.8962526045259,3.6885053941677124,37774.915792902575,0.0073607942967870345,0.009160927010017533,112426523560.27455,0.5341365461847389,1.0
2023-08-16,SPY,gru,-0.007365221768905127,-0.001650905585847795,-0.02964775636792183,0.0283643901348114,628.4726754819588,375.27618972932476,628.4726754819588,375.27618972932476,3.5807545835019883,38861.71699724092,0.0073607942967870345,0.009160927010017533,112426523560.27455,0.5341365461847389,1.0
2023-08-17,SPY,gru,-0.00764906407671764,-0.0057700080797076225,-0.03600572422146797,0.02859707549214363,623.6837863258138,373.11707647180856,623.6837863258138,373.11707647180856,3.4541203959806954,39989.09300723323,0.0073607942967870345,0.009160927010017533,112426523560.27455,0.5341365461847389,1.0
2023-08-18,SPY,gru,0.00048119583651082097,-0.002354702213779092,-0.02867305651307106,0.024541102349758148,623.9839725854899,372.23952761504347,623.9839725854899,372.23952761504347,3.356486596872241,40982.612652079726,0.0073607942967870345,0.009160927010017533,112426523560.27455,0.5341365461847389,1.0
2023-08-21,SPY,gru,0.0064852171709036625,-0.0035598918329924345,-0.03916759416460991,0.03200395032763481,628.0437943427528,370.9167486511867,628.0437943427528,370.9167486511867,3.2275623194925487,42315.43301276728,0.0073607942967870345,0.009160927010017533,112426523560.27455,0.5341365461847389,1.0
2023-08-22,SPY,gru,-0.0027122888788976324,-0.004068455193191767,-0.03400539606809616,0.02737594023346901,626.3426661622829,369.4107492051898,626.3426661622829,369.4107492051898,3.119652855010399,43489.85843390586,0.0073607942967870345,0.009160927010017533,112426523560.27455,0.5341365461847389,1.0
2023-08-23,SPY,gru,0.01107618151551332,-0.002559349173679948,-0.03602766990661621,0.028783218935132027,633.3187138896916,368.4665037136306,633.3187138896916,368.4665037136306,3.0092596225916917,44759.82786411044,0.0073607942967870345,0.009160927010017533,112426523560.27455,0.5341365461847389,1.0
2023-08-24,SPY,gru,-0.013956004395686512,-0.002354214433580637,-0.03315561264753342,0.026089996099472046,624.5415049788428,367.60006842198226,624.5415049788428,367.60006842198226,2.9111217496939727,45942.97999981162,0.0073607942967870345,0.009160927010017533,112426523560.27455,0.5341365461847389,1.0
2023-08-25,SPY,gru,0.007025064852663816,-0.008837305009365082,-0.03987003117799759,0.020695334300398827,628.9443967471641,364.36579038086353,628.9443967471641,364.36579038086353,2.7973385584755923,46903.692658418026,0.0073607942967870345,0.009160927010017533,112426523560.27455,0.5341365461847389,1.0
2023-08-28,SPY,gru,0.0063213390295188574,-9.796775702852756e-05,-0.029551833868026733,0.030840802937746048,632.9327601272507,364.330086163943,632.9327601272507,364.330086163943,2.7158816486180006,48372.7766848093,0.0073607942967870345,0.009160927010017533,112426523560.27455,0.5341365461847389,1.0
2023-08-29,SPY,gru,0.014351295283905607,-0.0011208069045096636,-0.027655012905597687,0.02722560614347458,642.0816573003348,363.9219817854049,642.0816573003348,363.9219817854049,2.641802992636244,49707.844672682906,0.0073607942967870345,0.009160927010017533,112426523560.27455,0.5341365461847389,1.0
2023-08-30,SPY,gru,0.004110354001076374,-0.004861647728830576,-0.035955287516117096,0.026327209547162056,644.7262716365984,362.15701435028734,644.7262716365984,362.15701435028734,2.5485035287455204,51033.889612284045,0.0073607942967870345,0.009160927010017533,112426523560.27455,0.5341365461847389,1.0
2023-08-31,SPY,gru,-0.0014644620760757739,0.0003756082442123443,-0.029752375558018684,0.030214855447411537,643.7827854808047,362.2930508359853,643.7827854808047,362.2930508359853,2.473796439561665,52599.40558108834,0.0073607942967870345,0.009160927010017533,112426523560.27455,0.5341365461847389,1.0
2023-09-01,SPY,gru,0.0018634704461354505,-0.0066189696080982685,-0.04388801008462906,0.026896828785538673,644.9835741448924,359.9029667386251,644.9835741448924,359.9029667386251,2.367574371128021,54033.362855398154,0.0073607942967870345,0.009160927010017533,112426523560.27455,0.5341365461847389,1.0
2023-09-05,SPY,gru,-0.004331297871981201,-0.004724515601992607,-0.03268313407897949,0.024275649338960648,642.1959994288934,358.2066157528125,642.1959994288934,358.2066157528125,2.291445494272428,55361.110095315205,0.0073607942967870345,0.009160927010017533,112426523560.27455,0.5341365461847389,1.0
2023-09-06,SPY,gru,-0.006745137677816119,-0.00647887634113431,-0.03791052848100662,0.02507491409778595,637.8788751633366,355.89334435007476,637.8788751633366,355.89334435007476,2.20620159603274,56766.835876473706,0.0073607942967870345,0.009160927010017533,112426523560.27455,0.5341365461847389,1.0
2023-09-07,SPY,gru,-0.0030749462677503296,-0.0040640998631715775,-0.03392991051077843,0.025900930166244507,635.9204444745728,354.4498916038238,635.9204444745728,354.4498916038238,2.1326011230281887,58256.35654684077,0.0073607942967870345,0.009160927010017533,112426523560.27455,0.5341365461847389,1.0
2023-09-08,SPY,gru,0.0015049542106842105,-0.0015163299394771457,-0.03223128989338875,0.029399804770946503,636.8781961305722,353.9128256988214,636.8781961305722,353.9128256988214,2.0649605183177893,59994.510504961836,0.0073607942967870345,0.009160927010017533,112426523560.27455,0.5341365461847389,1.0
2023-09-11,SPY,gru,0.006555105162656671,-0.005395812448114157,-0.028429891914129257,0.021829690784215927,641.066712767365,352.0083195136136,641.066712767365,352.0083195136136,2.0070805814186583,61318.57091019541,0.0073607942967870345,0.009160927010017533,112426523560.27455,0.5341365461847389,1.0
2023-09-12,SPY,gru,-0.005500711436984544,-0.0008635185076855123,-0.02996242791414261,0.03225307539105415,637.5500706524837,351.7044888616821,637.5500706524837,351.7044888616821,1.9478355602938209,63328.523708634144,0.0073607942967870345,0.009160927010017533,112426523560.27455,0.5341365461847389,1.0
2023-09-13,SPY,gru,0.0011653100058186942,-0.006088950205594301,-0.03615415096282959,0.020440107211470604,638.2934471769543,349.56948960625624,638.2934471769543,349.56948960625624,1.8786710473016202,64636.282219342866,0.0073607942967870345,0.009160927010017533,112426523560.27455,0.5341365461847389,1.0
2023-09-14,SPY,gru,0.008585412055525241,0.00021162244956940413,-0.028477538377046585,0.028028134256601334,643.7970509810102,349.64345728290186,643.7970509810102,349.64345728290186,1.8259257159685958,66473.5440202551,0.0073607942967870345,0.009160927010017533,112426523560.27455,0.5341365461847389,1.0
2023-09-15,SPY,gru,-0.01564260552722776,-0.002567961113527417,-0.033461928367614746,0.029955580830574036,633.8047442804854,348.7467376674443,633.8047442804854,348.7467376674443,1.7658376762653634,68494.9207401465,0.0073607942967870345,0.009160927010017533,112426523560.27455,0.5341365461847389,1.0
2023-09-18,SPY,gru,0.0005862678085058179,-0.005326717626303434,-0.03262542188167572,0.024463990703225136,634.1764325427207,346.89399900518356,634.1764325427207,346.89399900518356,1.7091561428311595,70191.24744700482,0.0073607942967870345,0.009160927010017533,112426523560.27455,0.5341365461847389,1.0
2023-09-19,SPY,gru,-0.0020759838480750876,-0.0005532458890229464,-0.03291243314743042,0.03227581828832626,632.8612581246916,346.70214182120446,632.8612581246916,346.70214182120446,1.653819295860804,72493.68484722695,0.0073607942967870345,0.009160927010017533,112426523560.27455,0.5341365461847389,1.0
2023-09-20,SPY,gru,-0.009235844351152545,-0.00271884654648602,-0.033050283789634705,0.030016161501407623,627.043158935371,345.7607864338517,627.043158935371,345.7607864338517,1.600053462201509,74702.65483098164,0.0073607942967870345,0.009160927010017533,112426523560.27455,0.5341365461847389,1.0
2023-09-21,SPY,gru,-0.016666477191231367,-0.002007018541917205,-0.0321330688893795,0.024341780692338943,616.6791639726109,345.0675426123463,616.6791639726109,345.0675426123463,1.549456106626209,76543.36118546966,0.0073607942967870345,0.009160927010017533,112426523560.27455,0.5341365461847389,1.0
2023-09-22,SPY,gru,-0.0022510799334294423,-0.0030679749324917793,-0.03234648331999779,0.02343614771962166,615.2925311774056,344.01051049107684,615.2925311774056,344.01051049107684,1.500138561307933,78358.4242233767,0.0073607942967870345,0.009160927010017533,112426523560.27455,0.5341365461847389,1.0
2023-09-25,SPY,gru,0.0041963720245047674,-0.0016301643336191773,-0.029081005603075027,0.02636031061410904,617.8799526366986,343.4501806234641,617.8799526366986,343.4501806234641,1.4571412827217083,80451.44574023139,0.0073607942967870345,0.009160927010017533,112426523560.27455,0.5341365461847389,1.0
2023-09-26,SPY,gru,-0.014800251479124848,-0.0031658662483096123,-0.0288325734436512,0.02614787593483925,608.8025138407908,342.3645915079361,608.8025138407908,342.3645915079361,1.4157280662589047,82582.82295406374,0.0073607942967870345,0.009160927010017533,112426523560.27455,0.5341365461847389,1.0
2023-09-27,SPY,gru,0.0003990537106883037,0.0004997081123292446,-0.028153538703918457,0.0303204245865345,609.0455072234962,342.5357205834863,609.0455072234962,342.5357205834863,1.3764261485516909,85125.1125428108,0.0073607942967870345,0.009160927010017533,112426523560.27455,0.5341365461847389,1.0
2023-09-28,SPY,gru,0.005780704134190584,0.0017664096085354686,-0.021894454956054688,0.029251743108034134,612.576414838583,343.1413213305916,612.576414838583,343.1413213305916,1.346617557477333,87651.95177213648,0.0073607942967870345,0.009160927010017533,112426523560.27455,0.5341365461847389,1.0
2023-09-29,SPY,gru,-0.002429856399603727,-0.000605186156462878,-0.029315687716007233,0.027532517910003662,611.0897490404076,342.93372524245007,611.0897490404076,342.93372524245007,1.307713597270882,90098.75608610343,0.0073607942967870345,0.009160927010017533,112426523560.27455,0.5341365461847389,1.0
2023-10-02,SPY,gru,-0.00039778993267751666,-0.002195207867771387,-0.04035397991538048,0.030076157301664352,610.8467120323193,342.1817417895372,610.8467120323193,342.1817417895372,1.2559927366849841,92849.73745244903,0.0073607942967870345,0.009160927010017533,112426523560.27455,0.5341365461847389,1.0
2023-10-03,SPY,gru,-0.01347647032989409,-0.0003408560296520591,-0.04113176465034485,0.034938715398311615,602.6698756408229,342.06511962769866,602.6698756408229,342.06511962769866,1.2053795836183625,96151.12102416076,0.0073607942967870345,0.009160927010017533,112426523560.27455,0.5341365461847389,1.0
2023-10-04,SPY,gru,0.007255588282934912,-0.002346728229895234,-0.030518637970089912,0.026939483359456062,607.0585019089386,341.26333518209344,607.0585019089386,341.26333518209344,1.169148683453198,98776.58536548058,0.0073607942967870345,0.009160927010017533,112426523560.27455,0.5341365461847389,1.0
2023-10-05,SPY,gru,-0.0003768516258725016,-0.005220947787165642,-0.030185848474502563,0.022371452301740646,606.8297740264387,339.4862542123912,606.8297740264387,339.4862542123912,1.1343842924917746,101011.26129391363,0.0073607942967870345,0.009160927010017533,112426523560.27455,0.5341365461847389,1.0
2023-10-06,SPY,gru,0.011802882777938796,-0.001212148112244904,-0.029978420585393906,0.027271293103694916,614.0345496363474,339.0749989343634,614.0345496363474,339.0749989343634,1.1008819478186924,103803.87333088559,0.0073607942967870345,0.009160927010017533,112426523560.27455,0.5341365461847389,1.0
2023-10-09,SPY,gru,0.0063817905591359225,-0.0030731158331036568,-0.034813933074474335,0.03031674027442932,617.9657201394633,338.03458544322507,617.9657201394633,338.03458544322507,1.0632153668204916,106999.06353798168,0.0073607942967870345,0.009160927010017533,112426523560.27455,0.5341365461847389,1.0
2023-10-10,SPY,gru,0.0051913408829109865,-0.0014106903690844774,-0.03355879336595535,0.030650019645690918,621.1821323692853,337.5580548924878,621.1821323692853,337.5580548924878,1.0281271765321542,110329.3657165146,0.0073607942967870345,0.009160927010017533,112426523560.27455,0.5341365461847389,1.0
2023-10-11,SPY,gru,0.004087915912236751,0.000604895525611937,-0.031750503927469254,0.038397062569856644,623.7266700771959,337.762313416266,623.7266700771959,337.762313416266,0.9959964251120254,114648.07642339304,0.0073607942967870345,0.009160927010017533,112426523560.27455,0.5341365461847389,1.0
2023-10-12,SPY,gru,-0.006115110502897495,-0.003945186734199524,-0.03588312119245529,0.02139478549361229,619.924150828227,336.43240023746654,619.924150828227,336.43240023746654,0.9608905707197176,117127.37322110512,0.0073607942967870345,0.009160927010017533,112426523560.27455,0.5341365461847389,1.0
2023-10-13,SPY,gru,-0.004993314857244581,-0.0023862840607762337,-0.03168761357665062,0.028972968459129333,616.8363898525519,335.6305435773213,616.8363898525519,335.6305435773213,0.9309196130110743,120570.53995169715,0.0073607942967870345,0.009160927010017533,112426523560.27455,0.5341365461847389,1.0
2023-10-16,SPY,gru,0.01046649133332179,-0.0018041335279121995,-0.03206358477473259,0.030795026570558548,623.3264071891668,335.0255681589729,623.3264071891668,335.0255681589729,0.9015444474456952,124341.27269712619,0.0073607942967870345,0.009160927010017533,112426523560.27455,0.5341365461847389,1.0
2023-10-17,SPY,gru,-4.5913197049638914e-05,-0.005836555268615484,-0.036272868514060974,0.0269172340631485,623.29778893799,333.07586706596857,623.29778893799,333.07586706596857,0.8694288244693168,127733.65500606562,0.0073607942967870345,0.009160927010017533,112426523560.27455,0.5341365461847389,1.0
2023-10-18,SPY,gru,-0.013414646956172782,-0.0038704322651028633,-0.034060053527355194,0.027924824506044388,614.9923012923467,331.78920264294715,614.9923012923467,331.78920264294715,0.840314656939738,131350.86839999235,0.0073607942967870345,0.009160927010017533,112426523560.27455,0.5341365461847389,1.0
2023-10-19,SPY,gru,-0.008825232029716999,-0.0027734627947211266,-0.034295640885829926,0.02869986742734909,609.588730491261,330.8702630000881,609.588730491261,330.8702630000881,0.8119840912654639,135175.23784221854,0.0073607942967870345,0.009160927010017533,112426523560.27455,0.5341365461847389,1.0
2023-10-20,SPY,gru,-0.012364165589842435,-0.0027460409328341484,-0.03375984728336334,0.028279980644583702,602.0980777472644,329.96292062218055,602.0980777472644,329.96292062218055,0.7850291993598241,139052.55873129136,0.0073607942967870345,0.009160927010017533,112426523560.27455,0.5341365461847389,1.0
2023-10-23,SPY,gru,-0.0017347143698367156,-0.006141025573015213,-0.03947984054684639,0.021946847438812256,601.0545149631175,327.9428112411732,601.0545149631175,327.9428112411732,0.7546402058147309,142138.0651978808,0.0073607942967870345,0.009160927010017533,112426523560.27455,0.5341365461847389,1.0
2023-10-24,SPY,gru,0.007511114561209817,-0.0020251022651791573,-0.03380228579044342,0.025505153462290764,605.5861016109686,327.2793694069418,605.5861016109686,327.2793694069418,0.7295579291957331,145809.9532416071,0.0073607942967870345,0.009160927010017533,112426523560.27455,0.5341365461847389,1.0
2023-10-25,SPY,gru,-0.014456175911054834,-0.0029910653829574585,-0.03590862452983856,0.027230652049183846,596.8946165775014,326.30191359050156,596.8946165775014,326.30191359050156,0.7038252646926989,149835.01051360572,0.0073607942967870345,0.009160927010017533,112426523560.27455,0.5341365461847389,1.0
2023-10-26,SPY,gru,-0.012046887403205692,-0.0015480929287150502,-0.028160646557807922,0.025823071599006653,589.7470338445634,325.79715084777865,589.7470338445634,325.79715084777865,0.6842815594327444,153754.6053429405,0.0073607942967870345,0.009160927010017533,112426523560.27455,0.5341365461847389,1.0
2023-10-27,SPY,gru,-0.0045430763647404,-0.0061307912692427635,-0.03100115992128849,0.021269945427775383,587.073844882506,323.8058659266461,587.073844882506,323.8058659266461,0.6633934781111157,157059.97978755925,0.0073607942967870345,0.009160927010017533,112426523560.27455,0.5341365461847389,1.0
2023-10-30,SPY,gru,0.011884883929670366,-0.0046607390977442265,-0.031193912029266357,0.021134112030267715,594.0927763612971,322.3002083006926,594.0927763612971,322.3002083006926,0.643019055198945,160414.61868575268,0.0073607942967870345,0.009160927010017533,112426523560.27455,0.5341365461847389,1.0
2023-10-31,SPY,gru,0.006260627657925739,-0.0007242457359097898,-0.03147844225168228,0.032248660922050476,597.82383723309,322.0668764815147,597.82383723309,322.0668764815147,0.6230930798939447,165672.1002047237,0.0073607942967870345,0.009160927010017533,112426523560.27455,0.5341365461847389,1.0
2023-11-01,SPY,gru,0.010608265814448672,0.001863932586275041,-0.029353082180023193,0.034058526158332825,604.1994688157635,322.6677326208093,604.1994688157635,322.6677326208093,0.6050691830667827,171411.84321357546,0.0073607942967870345,0.009160927010017533,112426523560.27455,0.5341365461847389,1.0
2023-11-02,SPY,gru,0.018983031132927274,-0.0005217840662226081,-0.030557885766029358,0.03335919976234436,615.7785615681996,322.4994098194639,615.7785615681996,322.4994098194639,0.5868592046023912,177226.44795721414,0.0073607942967870345,0.009160927010017533,112426523560.27455,0.5341365461847389,1.0
2023-11-03,SPY,gru,0.009082025844375438,-0.0021552899852395058,-0.037505101412534714,0.031298208981752396,621.3965511261971,321.8050752420174,621.3965511261971,321.8050752420174,0.5652566136921987,182861.02924533596,0.0073607942967870345,0.009160927010017533,112426523560.27455,0.5341365461847389,1.0
2023-11-06,SPY,gru,0.002297847915620259,-0.0031342313159257174,-0.03254278749227524,0.029309013858437538,622.8260676727848,320.79804950811246,622.8260676727848,320.79804950811246,0.5471576850587057,188299.81322435982,0.0073607942967870345,0.009160927010017533,112426523560.27455,0.5341365461847389,1.0
2023-11-07,SPY,gru,0.00284199554427769,0.0003832905786111951,-0.0379977785050869,0.036177750676870346,624.598654230431,320.9210361260612,624.598654230431,320.9210361260612,0.5267569596440381,195236.79363629664,0.0073607942967870345,0.009160927010017533,112426523560.27455,0.5341365461847389,1.0
2023-11-08,SPY,gru,0.0007321314630714296,0.0033066440373659134,-0.0249533299356699,0.03435809165239334,625.0561099954307,321.9839621881357,625.0561099954307,321.9839621881357,0.5137752694856029,202061.3238579977,0.0073607942967870345,0.009160927010017533,112426523560.27455,0.5341365461847389,1.0
2023-11-09,SPY,gru,-0.007829319807058255,0.002508122008293867,-0.030187472701072693,0.030725877732038498,620.181453336521,322.7925485647378,620.181453336521,322.7925485647378,0.4984974427415978,208366.20154416244,0.0073607942967870345,0.009160927010017533,112426523560.27455,0.5341365461847389,1.0
2023-11-10,SPY,gru,0.01548430309641447,-0.0030026831664144993,-0.03320610895752907,0.030015598982572556,629.8592646517814,321.8247605845774,629.8592646517814,321.8247605845774,0.4822160965558063,214715.24673877604,0.0073607942967870345,0.009160927010017533,112426523560.27455,0.5341365461847389,1.0
2023-11-13,SPY,gru,-0.000953639754326823,-0.0015240577049553394,-0.035157352685928345,0.02658446878194809,629.258892132429,321.3346540834192,629.258892132429,321.3346540834192,0.4655572208360703,220499.87770701572,0.0073607942967870345,0.009160927010017533,112426523560.27455,0.5341365461847389,1.0
2023-11-14,SPY,gru,0.019214937613587866,-0.004404678009450436,-0.03319302201271057,0.024790290743112564,641.4669756553943,319.92238568003836,641.4669756553943,319.92238568003836,0.4503576128984915,226034.44932492904,0.0073607942967870345,0.009160927010017533,112426523560.27455,0.5341365461847389,1.0
2023-11-15,SPY,gru,0.002114807358866951,-0.0012850702041760087,-0.026832323521375656,0.02533196285367012,642.8249901994229,319.51152801915697,642.8249901994229,319.51152801915697,0.4384341479658752,231833.47795721408,0.0073607942967870345,0.009160927010017533,112426523560.27455,0.5341365461847389,1.0
2023-11-16,SPY,gru,0.0012223852980768682,-0.0034995938185602427,-0.03295261040329933,0.025528211146593094,643.6112504752757,318.395318382902,643.6112504752757,318.395318382902,0.4242220556656863,237827.962008603,0.0073607942967870345,0.009160927010017533,112426523560.27455,0.5341365461847389,1.0
2023-11-17,SPY,gru,0.0012430303845870662,0.0001848910324042663,-0.02605189010500908,0.03039514273405075,644.4117762513342,318.45418764211786,644.4117762513342,318.45418764211786,0.41331298598666033,245167.7456294995,0.0073607942967870345,0.009160927010017533,112426523560.27455,0.5341365461847389,1.0
2023-11-20,SPY,gru,0.007668124752286348,-0.002252842765301466,-0.030450383201241493,0.02340351603925228,649.3722004130086,317.73756580210335,649.3722004130086,317.73756580210335,0.40091713109048055,250973.19400142872,0.0073607942967870345,0.009160927010017533,112426523560.27455,0.5341365461847389,1.0
2023-11-21,SPY,gru,-0.0021817926592202913,-0.0007750968798063695,-0.028282955288887024,0.024058256298303604,647.9569493666265,317.49138248909946,647.9569493666265,317.49138248909946,0.3897368559610279,257084.40309908995,0.0073607942967870345,0.009160927010017533,112426523560.27455,0.5341365461847389,1.0
2023-11-22,SPY,gru,0.0038533997022272832,-0.005175008904188871,-0.036569543182849884,0.022830506786704063,650.4586033231548,315.8526053081422,650.4586033231548,315.8526053081422,0.3757418195767176,263021.2800498251,0.0073607942967870345,0.009160927010017533,112426523560.27455,0.5341365461847389,1.0
2023-11-24,SPY,gru,0.0006151656456205639,-0.0018234598683193326,-0.028448959812521935,0.02569420076906681,650.8588662111839,315.2771799883964,650.8588662111839,315.2771799883964,0.36520297616572517,269866.95684084436,0.0073607942967870345,0.009160927010017533,112426523560.27455,0.5341365461847389,1.0
2023-11-27,SPY,gru,-0.0018025831074993844,-0.0033879661932587624,-0.029714111238718033,0.021608997136354446,649.6866957982731,314.21084763019934,649.6866957982731,314.21084763019934,0.35451094066645417,275761.97075798415,0.0073607942967870345,0.009160927010017533,112426523560.27455,0.5341365461847389,1.0
2023-11-28,SPY,gru,0.0009896124396359233,-0.0012768168235197663,-0.03046415001153946,0.03077693283557892,650.329952069008,313.80990948729965,650.329952069008,313.80990948729965,0.34387391101870624,284381.0445200476,0.0073607942967870345,0.009160927010017533,112426523560.27455,0.5341365461847389,1.0
2023-11-29,SPY,gru,-0.0007036685470761965,-0.0025167795829474926,-0.03306256979703903,0.025498420000076294,649.8724963040079,313.021120829337,649.8724963040079,313.021120829337,0.3326904563667953,291725.564630194,0.0073607942967870345,0.009160927010017533,112426523560.27455,0.5341365461847389,1.0
2023-11-30,SPY,gru,0.003929728299914877,-0.004471112508326769,-0.037414759397506714,0.027493467554450035,652.4313431375068,311.62469929024064,652.4313431375068,311.62469929024064,0.32047290021231783,299857.39916443464,0.0073607942967870345,0.009160927010017533,112426523560.27455,0.5341365461847389,1.0
2023-12-01,SPY,gru,0.005898459934950831,-0.0051566846668720245,-0.03195752203464508,0.027689116075634956,656.2910552634464,310.02188756324415,656.2910552634464,310.02188756324415,0.31039329100124036,308276.2112955783,0.0073607942967870345,0.009160927010017533,112426523560.27455,0.5341365461847389,1.0
2023-12-04,SPY,gru,-0.005263235464555216,-0.00447040656581521,-0.026150403544306755,0.02091280184686184,652.8459151511244,308.63904919876774,652.8459151511244,308.63904919876774,0.3023815951210454,314791.03257580096,0.0073607942967870345,0.009160927010017533,112426523560.27455,0.5341365461847389,1.0
2023-12-05,SPY,gru,-0.00019708162213514347,-0.002384015591815114,-0.028024639934301376,0.020389314740896225,652.7172638969774,307.90411617916004,652.7172638969774,307.90411617916004,0.29402510606978194,321275.3028722438,0.0073607942967870345,0.009160927010017533,112426523560.27455,0.5341365461847389,1.0
2023-12-06,SPY,gru,-0.004037918727864448,-0.0026171759236603975,-0.036487214267253876,0.029619403183460236,650.0869586863022,307.099321670781,650.0869586863022,307.099321670781,0.28349030304967576,330933.6214429683,0.0073607942967870345,0.009160927010017533,112426523560.27455,0.5341365461847389,1.0
2023-12-07,SPY,gru,0.007601436708841672,-0.005053079687058926,-0.03989420086145401,0.02953595668077469,655.0473828479766,305.55143434916306,655.0473828479766,305.55143434916306,0.2724033000598644,340853.8488968761,0.0073607942967870345,0.009160927010017533,112426523560.27455,0.5341365461847389,1.0
2023-12-08,SPY,gru,0.004289938682770512,-0.002591929165646434,-0.032091084867715836,0.028337039053440094,657.8635321897696,304.76049303670993,657.8635321897696,304.76049303670993,0.26380035703622334,350650.7770403569,0.0073607942967870345,0.009160927010017533,112426523560.27455,0.5341365461847389,1.0
2023-12-11,SPY,gru,0.003882020560905879,-0.005998341832309961,-0.035874143242836,0.021345196291804314,660.4223353978856,302.93791178673706,660.4223353978856,302.93791178673706,0.2545044898864045,358215.93305665196,0.0073607942967870345,0.009160927010017533,112426523560.27455,0.5341365461847389,1.0
2023-12-12,SPY,gru,0.004556834710761382,-0.005768658593297005,-0.03297921270132065,0.02219722606241703,663.4386379963845,301.1954047282862,663.4386379963845,301.1954047282862,0.24624802878863222,366256.2473938465,0.0073607942967870345,0.009160927010017533,112426523560.27455,0.5341365461847389,1.0
2023-12-13,SPY,gru,0.013695899627010042,-0.003087555756792426,-0.032791223376989365,0.02536356821656227,672.5875351694685,300.2668759707169,672.5875351694685,300.2668759707169,0.23830421398139187,375664.61332606204,0.0073607942967870345,0.009160927010017533,112426523560.27455,0.5341365461847389,1.0
2023-12-14,SPY,gru,0.003204233465814398,-0.0036481781862676144,-0.03210863471031189,0.02137562446296215,674.7461191149383,299.1734403978882,674.7461191149383,299.1734403978882,0.2307741278760778,383781.12155346305,0.0073607942967870345,0.009160927010017533,112426523560.27455,0.5341365461847389,1.0
2023-12-15,SPY,gru,-0.0056940753497524595,-0.0032854487653821707,-0.03434918820858002,0.028373904526233673,670.9149816147925,298.1921384688259,670.9149816147925,298.1921384688259,0.22298181521421123,394826.4274078034,0.0073607942967870345,0.009160927010017533,112426523560.27455,0.5341365461847389,1.0
2023-12-18,SPY,gru,0.005609309688445641,-0.001471537514589727,-0.03079259768128395,0.02860492467880249,674.6889262379676,297.7536628566608,674.6889262379676,297.7536628566608,0.21622026480835765,406283.47116996365,0.0073607942967870345,0.009160927010017533,112426523560.27455,0.5341365461847389,1.0
2023-12-19,SPY,gru,0.0060624706430893955,-0.0038059321232140064,-0.03628360480070114,0.027259543538093567,678.7916317466128,296.6225791034814,678.7916317466128,296.6225791034814,0.20851563060387546,417510.9123460521,0.0073607942967870345,0.009160927010017533,112426523560.27455,0.5341365461847389,1.0
2023-12-20,SPY,gru,-0.013954179408550985,-0.0035586636513471603,-0.036703839898109436,0.02360871434211731,669.3854320652348,295.5688814894429,669.3854320652348,295.5688814894429,0.2010010611640925,427485.1064370218,0.0073607942967870345,0.009160927010017533,112426523560.27455,0.5341365461847389,1.0
2023-12-21,SPY,gru,0.009437245558765973,-0.001994331832975149,-0.03448597714304924,0.03219896927475929,675.7324890221145,294.98000634873625,675.7324890221145,294.98000634873625,0.1941875040458556,441473.68019287765,0.0073607942967870345,0.009160927010017533,112426523560.27455,0.5341365461847389,1.0
2023-12-22,SPY,gru,0.002007675812166575,-0.0015755046624690294,-0.02503635734319687,0.023662861436605453,677.0905035661428,294.5156258503459,677.0905035661428,294.5156258503459,0.18938610996752187,452044.80859053583,0.0073607942967870345,0.009160927010017533,112426523560.27455,0.5341365461847389,1.0
2023-12-26,SPY,gru,0.004213637385105742,0.0011854087933897972,-0.023430317640304565,0.028334587812423706,679.949536659318,294.86496038561216,679.949536659318,294.86496038561216,0.185000315103747,465036.49049636174,0.0073607942967870345,0.009160927010017533,112426523560.27455,0.5341365461847389,1.0
2023-12-27,SPY,gru,0.0018064529064549342,-0.004822945222258568,-0.034445565193891525,0.024321693927049637,681.1789435745825,293.44626288137266,681.1789435745825,293.44626288137266,0.17873637572321155,476485.6595686014,0.0073607942967870345,0.009160927010017533,112426523560.27455,0.5341365461847389,1.0
2023-12-28,SPY,gru,0.0003776598313376663,-0.0023537958040833473,-0.03507223725318909,0.02950397878885269,681.4362460828764,292.75635733368864,681.4362460828764,292.75635733368864,0.17257634105326555,490753.3486057741,0.0073607942967870345,0.009160927010017533,112426523560.27455,0.5341365461847389,1.0
2023-12-29,SPY,gru,-0.0028991719525495417,-0.004152529872953892,-0.03400363773107529,0.027930298820137978,679.4635062685243,291.54320610341836,679.4635062685243,291.54320610341836,0.1668067676394517,504653.45037181006,0.0073607942967870345,0.009160927010017533,112426523560.27455,0.5341365461847389,1.0
2023-01-03,SPY,transformer,-0.004218769051923119,6.446980842156336e-05,-0.012253262102603912,0.010556602850556374,544.3885017415838,546.7252596964026,544.3885017415838,546.7252596964026,540.032148838709,552.4917434188537,0.006802444821440178,0.00854573123471311,24101013948.03613,0.6706827309236948,0.812
2023-01-04,SPY,transformer,0.007690540861836688,8.341303328052163e-05,-0.012014562264084816,0.01412159763276577,548.5912838785821,546.7708820072542,548.5912838785821,546.7708820072542,533.582715184039,560.349163563127,0.006802444821440178,0.00854573123471311,24101013948.03613,0.6706827309236948,0.812
2023-01-05,SPY,transformer,-0.01147902847194515,-0.0015002754516899586,-0.011603759601712227,0.008263947442173958,542.3299944244671,545.9511762095672,542.3299944244671,545.9511762095672,527.4269221815092,564.9990298193198,0.006802444821440178,0.00854573123471311,24101013948.03613,0.6706827309236948,0.812
2023-01-06,SPY,transformer,0.02267311516744916,0.001298162154853344,-0.010604639537632465,0.01474736724048853,554.7667622045495,546.660379687326,554.7667622045495,546.660379687326,521.863310973309,573.3930487184379,0.006802444821440178,0.00854573123471311,24101013948.03613,0.6706827309236948,0.812
2023-01-09,SPY,transformer,-0.0005670573357700661,-0.004155207425355911,-0.017552223056554794,0.008669030852615833,554.452266819285,544.3936109162684,554.452266819285,544.3936109162684,512.783373313831,578.3854036001118,0.006802444821440178,0.00854573123471311,24101013948.03613,0.6706827309236948,0.812
2023-01-10,SPY,transformer,0.006988367474913615,0.0001257054100278765,-0.012393281795084476,0.01117041613906622,558.3405535710186,544.4620770145193,558.3405535710186,544.4620770145193,506.46751126447094,584.8824596767861,0.006802444821440178,0.00854573123471311,24101013948.03613,0.6706827309236948,0.812
2023-01-11,SPY,transformer,0.012568547576673746,-0.0026742059271782637,-0.014368001371622086,0.010730162262916565,565.402368801192,543.0080117022105,565.402368801192,543.0080117022105,499.2426008618184,591.192150518331,0.006802444821440178,0.00854573123471311,24101013948.03613,0.6706827309236948,0.812
2023-01-12,SPY,transformer,0.003634171365240132,-0.0031430264934897423,-0.014974500983953476,0.009060809388756752,567.4608761183088,541.3040170823583,567.4608761183088,541.3040170823583,491.8223807425625,596.5731737189057,0.006802444821440178,0.00854573123471311,24101013948.03613,0.6706827309236948,0.812
2023-01-13,SPY,transformer,0.003871999812680603,-0.0005433894111774862,-0.015690578147768974,0.01345924660563469,569.6623438151609,541.0099608568386,569.6623438151609,541.0099608568386,484.165622456435,604.6569081728557,0.006802444821440178,0.00854573123471311,24101013948.03613,0.6706827309236948,0.812
2023-01-17,SPY,transformer,-0.001833577055333756,-0.0020739620085805655,-0.015624705702066422,0.010724207386374474,568.618781031014,539.8890975843252,568.618781031014,539.8890975843252,476.6594637032686,611.1762489335271,0.006802444821440178,0.00854573123471311,24101013948.03613,0.6706827309236948,0.812
2023-01-18,SPY,transformer,-0.015913973799226742,7.101993833202869e-05,-0.010124718770384789,0.014298351481556892,559.6414188634592,539.9274560225978,559.6414188634592,539.9274560225978,471.8577574701509,619.977845903181,0.006802444821440178,0.00854573123471311,24101013948.03613,0.6706827309236948,0.812
2023-01-19,SPY,transformer,-0.007306444430314214,0.0004800710594281554,-0.0128664281219244,0.013704298064112663,555.5673316059908,540.1867156986798,555.5673316059908,540.1867156986798,465.82552591145856,628.5326687821544,0.006802444821440178,0.00854573123471311,24101013948.03613,0.6706827309236948,0.812
2023-01-20,SPY,transformer,0.018457644417167424,-0.000802772818133235,-0.011980601586401463,0.010360524989664555,565.9170174431625,539.7532389076883,565.9170174431625,539.7532389076883,460.27795045387603,635.0784354945989,0.006802444821440178,0.00854573123471311,24101013948.03613,0.6706827309236948,0.812
2023-01-23,SPY,transformer,0.011927172921546549,-0.0022202858235687017,-0.01842762902379036,0.01035765465348959,572.7072210394537,538.5561583988294,572.7072210394537,538.5561583988294,451.87379535469944,641.6905552168731,0.006802444821440178,0.00854573123471311,24101013948.03613,0.6706827309236948,0.812
2023-01-24,SPY,transformer,-0.001073867632149319,-0.002290738746523857,-0.016384446993470192,0.009807494468986988,572.092539394513,537.3238863813139,572.092539394513,537.3238863813139,444.5304087756462,648.0148951244132,0.006802444821440178,0.00854573123471311,24101013948.03613,0.6706827309236948,0.812
2023-01-25,SPY,transformer,0.0003747271121322409,-0.0009503678884357214,-0.013168755918741226,0.011224627494812012,572.3069581514244,536.8134720922411,572.3069581514244,536.8134720922411,438.7148642996771,655.3295631127654,0.006802444821440178,0.00854573123471311,24101013948.03613,0.6706827309236948,0.812
2023-01-26,SPY,transformer,0.010930412793652575,-0.0018272451125085354,-0.01427273079752922,0.01100202277302742,578.5968222313334,535.8334809528744,578.5968222313334,535.8334809528744,432.497677176591,662.5793045223566,0.006802444821440178,0.00854573123471311,24101013948.03613,0.6706827309236948,0.812
2023-01-27,SPY,transformer,0.0022950608748414985,-0.002614147262647748,-0.0160476416349411,0.009980839677155018,579.926262149568,534.4345574187662,579.926262149568,534.4345574187662,425.61250179311935,669.2255485212457,0.006802444821440178,0.00854573123471311,24101013948.03613,0.6706827309236948,0.812
2023-01-30,SPY,transformer,-0.012626202210393098,-0.0010666794842109084,-0.011636449955403805,0.010751302354037762,572.6500281624828,533.8648027887971,572.6500281624828,533.8648027887971,420.6885809144684,676.4594098021834,0.006802444821440178,0.00854573123471311,24101013948.03613,0.6706827309236948,0.812
2023-01-31,SPY,transformer,0.0145963030912504,-0.000590590643696487,-0.013094427064061165,0.011430857703089714,581.0699015620677,533.5495857267753,581.0699015620677,533.5495857267753,415.21581314918075,684.2362744526608,0.006802444821440178,0.00854573123471311,24101013948.03613,0.6706827309236948,0.812
2023-02-01,SPY,transformer,0.010571694025693322,-0.0027936152182519436,-0.017300782725214958,0.011240378022193909,587.245379888035,532.0611233495634,587.245379888035,532.0611233495634,408.0940267908691,691.9707324524177,0.006802444821440178,0.00854573123471311,24101013948.03613,0.6706827309236948,0.812
2023-02-02,SPY,transformer,0.014452053374916243,-0.000544230337254703,-0.012088684365153313,0.011637968942523003,595.7939045417669,531.7716442170342,595.7939045417669,531.7716442170342,403.1903939570975,700.0709381140281,0.006802444821440178,0.00854573123471311,24101013948.03613,0.6706827309236948,0.812
2023-02-03,SPY,transformer,-0.01068598363290454,-0.002865300979465246,-0.014982928521931171,0.008932641707360744,589.4611567104756,530.2501382510056,589.4611567104756,530.2501382510056,397.19445297907663,706.3524259806642,0.006802444821440178,0.00854573123471311,24101013948.03613,0.6706827309236948,0.812
2023-02-06,SPY,transformer,-0.006130111277800135,-0.001367504708468914,-0.013832838274538517,0.010712149553000927,585.8587470928298,529.5255219070496,585.8587470928298,529.5255219070496,391.73794694564623,713.9596472527002,0.006802444821440178,0.00854573123471311,24101013948.03613,0.6706827309236948,0.812
2023-02-07,SPY,transformer,0.012993845860082188,-0.0009683338575996459,-0.01394808292388916,0.01287449523806572,593.5209784677385,529.0130152179346,593.5209784677385,529.0130152179346,386.3118730047188,723.2109165666825,0.006802444821440178,0.00854573123471311,24101013948.03613,0.6706827309236948,0.812
2023-02-08,SPY,transformer,-0.010994997340289235,-0.002631249139085412,-0.01876409351825714,0.010055479593575,587.0309611311236,527.622880120317,587.0309611311236,527.622880120317,379.130667906002,730.5198350277399,0.006802444821440178,0.00854573123471311,24101013948.03613,0.6706827309236948,0.812
2023-02-09,SPY,transformer,-0.00870697310092209,-0.0008939674007706344,-0.01180373877286911,0.011434126645326614,581.9418857153023,527.1514000953376,581.9418857153023,527.1514000953376,374.6818097288971,738.9206396577358,0.006802444821440178,0.00854573123471311,24101013948.03613,0.6706827309236948,0.812
2023-02-10,SPY,transformer,0.0023309475334816784,0.0003024809411726892,-0.012878013774752617,0.013947045430541039,583.2999438847137,527.3108914261331,583.2999438847137,527.3108914261331,369.8875880023531,749.2986039256949,0.006802444821440178,0.00854573123471311,24101013948.03613,0.6706827309236948,0.812
2023-02-13,SPY,transformer,0.011670623663536151,-0.0004363867628853768,-0.011249536648392677,0.008724329993128777,590.1472967325926,527.0808225204673,590.1472967325926,527.0808225204673,365.74984770377756,755.8643170787661,0.006802444821440178,0.00854573123471311,24101013948.03613,0.6706827309236948,0.812
2023-02-14,SPY,transformer,-0.0004602757868875422,-0.0028548752889037132,-0.01412360742688179,0.008583810180425644,589.8757287240933,525.5782044066914,589.8757287240933,525.5782044066914,360.6204558001164,762.3804260629823,0.006802444821440178,0.00854573123471311,24101013948.03613,0.6706827309236948,0.812
2023-02-15,SPY,transformer,0.003242112385601186,-0.000472640065709129,-0.013923188671469688,0.011572524905204773,591.7912756614747,525.3298447262453,591.7912756614747,525.3298447262453,355.6342548944491,771.2543163653085,0.006802444821440178,0.00854573123471311,24101013948.03613,0.6706827309236948,0.812
2023-02-16,SPY,transformer,-0.013864479472520551,-0.0013833715347573161,-0.0125770578160882,0.009618335403501987,583.6430138957722,524.603623219129,583.6430138957722,524.603623219129,351.1894244764553,778.7083149840305,0.006802444821440178,0.00854573123471311,24101013948.03613,0.6706827309236948,0.812
2023-02-17,SPY,transformer,-0.0025013844442150304,0.0001747536298353225,-0.009450489655137062,0.011242097243666649,582.1849227233907,524.6953033777011,582.1849227233907,524.6953033777011,347.8861470841316,787.5120568177716,0.006802444821440178,0.00854573123471311,24101013948.03613,0.6706827309236948,0.812
2023-02-21,SPY,transformer,-0.020264879913440236,-0.0006498717702925205,-0.01257745549082756,0.010928373783826828,570.5057533426016,524.3544137565138,570.5057533426016,524.3544137565138,343.5380305765708,796.165518615163,0.006802444821440178,0.00854573123471311,24101013948.03613,0.6706827309236948,0.812
2023-02-22,SPY,transformer,-0.0013790551427742468,0.0009921945165842772,-0.012209570035338402,0.01292833499610424,569.7195366921316,524.8749171825114,569.7195366921316,524.8749171825114,339.36908428588123,806.5254552321128,0.006802444821440178,0.00854573123471311,24101013948.03613,0.6706827309236948,0.812
2023-02-23,SPY,transformer,0.005305305448697813,-0.0019000791944563389,-0.013774094171822071,0.009898223914206028,572.750104790836,523.8785530442402,572.750104790836,523.8785530442402,334.72662272210334,814.5483020038113,0.006802444821440178,0.00854573123471311,24101013948.03613,0.6706827309236948,0.812
2023-02-24,SPY,transformer,-0.010739837078983187,-0.00012028272612951696,-0.010266823694109917,0.01021391712129116,566.6317757164563,523.8155397934098,566.6317757164563,523.8155397934098,331.3076149509307,822.9107025079912,0.006802444821440178,0.00854573123471311,24101013948.03613,0.6706827309236948,0.812
2023-02-27,SPY,transformer,0.0034000513205539825,0.0009164531365968287,-0.012827180325984955,0.012974143028259277,568.5616317794262,524.2957941236338,568.5616317794262,524.2957941236338,327.08501286337594,833.656815569364,0.006802444821440178,0.00854573123471311,24101013948.03613,0.6706827309236948,0.812
2023-02-28,SPY,transformer,-0.003702824624668304,-0.0018134246347472072,-0.015122630633413792,0.01090156752616167,566.4602407109271,523.3458737522219,566.4602407109271,523.3458737522219,322.17583747729947,842.7946737855051,0.006802444821440178,0.00854573123471311,24101013948.03613,0.6706827309236948,0.812
2023-03-01,SPY,transformer,-0.0038432905240252365,-0.0008505545556545258,-0.011658092960715294,0.011209961026906967,564.2873476398689,522.9009247485731,564.2873476398689,522.9009247485731,318.4416838205397,852.2955204488045,0.006802444821440178,0.00854573123471311,24101013948.03613,0.6706827309236948,0.812
2023-03-02,SPY,transformer,0.007747202640651336,-0.0015473467065021396,-0.014588319696485996,0.01101407129317522,568.6759739079848,522.092444367324,568.6759739079848,522.092444367324,313.8298716982963,861.7346086427284,0.006802444821440178,0.00854573123471311,24101013948.03613,0.6706827309236948,0.812
2023-03-03,SPY,transformer,0.015910572248883096,-2.1400539480964653e-05,-0.011602114886045456,0.011998601257801056,577.7962964552751,522.0812725979715,577.7962964552751,522.0812725979715,310.2098289122772,872.1365159677513,0.006802444821440178,0.00854573123471311,24101013948.03613,0.6706827309236948,0.812
2023-03-06,SPY,transformer,0.0006925006534723625,-0.002407040912657976,-0.016087224707007408,0.011819228529930115,578.1965593433043,520.826109159041,578.1965593433043,520.826109159041,305.2593490839705,882.5056422185004,0.006802444821440178,0.00854573123471311,24101013948.03613,0.6706827309236948,0.812
2023-03-07,SPY,transformer,-0.01544743147428181,-0.00022739090491086245,-0.011930938810110092,0.010990109294652939,569.333539304308,520.7076776143532,569.333539304308,520.7076776143532,301.63895103811,892.2579483262188,0.006802444821440178,0.00854573123471311,24101013948.03613,0.6706827309236948,0.812
2023-03-08,SPY,transformer,0.0016307895385843638,0.0015908443601801991,-0.009509269148111343,0.014384446665644646,570.2627599598962,521.5367271708728,570.2627599598962,521.5367271708728,298.78417837721776,905.1853907008859,0.006802444821440178,0.00854573123471311,24101013948.03613,0.6706827309236948,0.812
2023-03-09,SPY,transformer,-0.018622175035731294,-0.0004928826820105314,-0.01321326196193695,0.012251215055584908,559.7414954918124,521.2797391149569,559.7414954918124,521.2797391149569,294.86222571838897,916.3432472790743,0.006802444821440178,0.00854573123471311,24101013948.03613,0.6706827309236948,0.812
2023-03-10,SPY,transformer,-0.014534563011705798,0.00040398314013145864,-0.009668843820691109,0.011403175070881844,551.664735728669,521.4903984180975,551.664735728669,521.4903984180975,292.02498005088086,926.8522477903911,0.006802444821440178,0.00854573123471311,24101013948.03613,0.6706827309236948,0.812
2023-03-13,SPY,transformer,-0.0014262668368289762,-0.0004077887278981507,-0.0123396972194314,0.011858985759317875,550.8784754528161,521.2777889884293,550.8784754528161,521.2777889884293,288.4436166264969,937.9092533142071,0.006802444821440178,0.00854573123471311,24101013948.03613,0.6706827309236948,0.812
2023-03-14,SPY,transformer,0.016394930701474304,-0.0003329588216729462,-0.0155229102820158,0.013819064944982529,559.9845324999008,521.104259813416,559.9845324999008,521.104259813416,284.00071028204627,950.960206870698,0.006802444821440178,0.00854573123471311,24101013948.03613,0.6706827309236948,0.812
2023-03-15,SPY,transformer,-0.0062739791116780946,-0.0028128051199018955,-0.012764270417392254,0.00848678033798933,556.482199510608,519.6405462721641,556.482199510608,519.6405462721641,280.39868577813,959.0651153358714,0.006802444821440178,0.00854573123471311,24101013948.03613,0.6706827309236948,0.812
2023-03-16,SPY,transformer,0.01739303757900711,0.0008312751888297498,-0.010010577738285065,0.012765135616064072,566.2457783286329,520.072681431036,566.2457783286329,520.072681431036,277.60573221671945,971.3861737700616,0.006802444821440178,0.00854573123471311,24101013948.03613,0.6706827309236948,0.812
2023-03-17,SPY,transformer,-0.015570840749814475,-0.002502297516912222,-0.014838834293186665,0.008984793908894062,557.497144043578,518.7729349498724,557.497144043578,518.7729349498724,273.5168048212286,980.1532597056699,0.006802444821440178,0.00854573123471311,24101013948.03613,0.6706827309236948,0.812
2023-03-20,SPY,transformer,0.009569695461115801,-0.00018253986490890384,-0.013897474855184555,0.012542406097054482,562.8578310932816,518.6782540012086,562.8578310932816,518.6782540012086,269.74190741734793,992.524168743808,0.006802444821440178,0.00854573123471311,24101013948.03613,0.6706827309236948,0.812
2023-03-21,SPY,transformer,0.013045068527290258,-0.0018498704303056002,-0.01621914654970169,0.011889943853020668,570.248450834308,517.7196529662208,570.248450834308,517.7196529662208,265.4022168259907,1004.3956154094419,0.006802444821440178,0.00854573123471311,24101013948.03613,0.6706827309236948,0.812
2023-03-22,SPY,transformer,-0.017193461403886095,-0.0037875494454056025,-0.01608894020318985,0.00996607355773449,560.5277121422824,515.762483715391,560.5277121422824,515.762483715391,261.16633997997155,1014.4554865121429,0.006802444821440178,0.00854573123471311,24101013948.03613,0.6706827309236948,0.812
2023-03-23,SPY,transformer,0.002699747151757449,0.0006047268980182707,-0.01033204235136509,0.011570543050765991,562.0430398170175,516.0744519039596,562.0430398170175,516.0744519039596,258.481857922308,1026.2614026325841,0.006802444821440178,0.00854573123471311,24101013948.03613,0.6706827309236948,0.812
2023-03-24,SPY,transformer,0.006540576296236363,-0.0011550597846508026,-0.013802988454699516,0.011223098263144493,565.7311733120451,515.4786838108221,565.7311733120451,515.4786838108221,254.93854357895913,1037.8440543139648,0.006802444821440178,0.00854573123471311,24101013948.03613,0.6706827309236948,0.812
2023-03-27,SPY,transformer,0.0018680966845833614,-0.0015634624287486076,-0.013273853808641434,0.01215074211359024,566.7890015963975,514.6733835570326,566.7890015963975,514.6733835570326,251.5768839817803,1050.531607215459,0.006802444821440178,0.00854573123471311,24101013948.03613,0.6706827309236948,0.812
2023-03-28,SPY,transformer,-0.002247180268645281,-0.001636792323552072,-0.014385402202606201,0.009103385731577873,565.5167545551336,513.8316701107708,565.5167545551336,513.8316701107708,247.98376094141233,1060.1386160522434,0.006802444821440178,0.00854573123471311,24101013948.03613,0.6706827309236948,0.812
2023-03-29,SPY,transformer,0.014430264607990103,-0.0011716188164427876,-0.013722640462219715,0.011000395752489567,573.7364746980123,513.2300075250756,573.7364746980123,513.2300075250756,244.60401504924175,1071.8648859849473,0.006802444821440178,0.00854573123471311,24101013948.03613,0.6706827309236948,0.812
2023-03-30,SPY,transformer,0.005838178311722907,-0.0030125125776976347,-0.016170574352145195,0.010007932782173157,577.0958473075698,511.6862075549399,577.0958473075698,511.6862075549399,240.68044337263123,1082.6458794334544,0.006802444821440178,0.00854573123471311,24101013948.03613,0.6706827309236948,0.812
2023-03-31,SPY,transformer,0.013996224623975723,-0.0017200707225129008,-0.011183105409145355,0.007074370514601469,585.2297999476838,510.8068335025088,585.2297999476838,510.8068335025088,238.00388521168892,1090.3321338572705,0.006802444821440178,0.00854573123471311,24101013948.03613,0.6706827309236948,0.812
2023-04-03,SPY,transformer,0.0038032995781799427,-0.0027918152045458555,-0.015070129185914993,0.00955459475517273,587.4598422703298,509.38273078902847,587.4598422703298,509.38273078902847,234.44403017071335,1100.799759483365,0.006802444821440178,0.00854573123471311,24101013948.03613,0.6706827309236948,0.812
2023-04-04,SPY,transformer,-0.0055635650401382325,-0.0026130322366952896,-0.01442699320614338,0.010039450600743294,584.2005462891252,508.05344023692464,584.2005462891252,508.05344023692464,231.08599141397124,1111.9068218758898,0.006802444821440178,0.00854573123471311,24101013948.03613,0.6706827309236948,0.812
2023-04-05,SPY,transformer,-0.002621700935942733,-0.0002257806627312675,-0.014459503814578056,0.01427503488957882,582.6709531141846,507.9387307147001,582.6709531141846,507.9387307147001,227.76864093090552,1127.8931016208921,0.006802444821440178,0.00854573123471311,24101013948.03613,0.6706827309236948,0.812
2023-04-06,SPY,transformer,0.003893285494786008,-0.0007579066441394389,-0.014517048373818398,0.011685289442539215,584.943879188213,507.5538987374451,584.943879188213,507.5538987374451,224.48600176702223,1141.1501287741,0.006802444821440178,0.00854573123471311,24101013948.03613,0.6706827309236948,0.812
2023-04-10,SPY,transformer,0.0010258499102318234,-0.0003359548281878233,-0.013306848704814911,0.012023983523249626,585.5442517075654,507.38342550640454,585.5442517075654,507.38342550640454,221.51858845662093,1154.954078966682,0.006802444821440178,0.00854573123471311,24101013948.03613,0.6706827309236948,0.812
2023-04-11,SPY,transformer,0.0002685508198280116,-5.4189376896829344e-06,-0.012100492604076862,0.012551757507026196,585.7015212128891,507.3806734471999,585.7015212128891,507.3806734471999,218.85425997410792,1169.542096363241,0.006802444821440178,0.00854573123471311,24101013948.03613,0.6706827309236948,0.812
2023-04-12,SPY,transformer,-0.004084316547970065,-0.00025412681861780584,-0.013071175664663315,0.011707441881299019,583.3142093849193,507.25175075758887,583.3142093849193,507.25175075758887,216.01219151204492,1183.314868381118,0.006802444821440178,0.00854573123471311,24101013948.03613,0.6706827309236948,0.812
2023-04-13,SPY,transformer,0.01319527739381285,-7.716405525570735e-05,-0.011203819885849953,0.011412164196372032,591.0622082625927,507.21259700185067,591.0622082625927,507.21259700185067,213.60553483924346,1196.8964708165402,0.006802444821440178,0.00854573123471311,24101013948.03613,0.6706827309236948,0.812
2023-04-14,SPY,transformer,-0.002445752734606423,-0.0016024881042540073,-0.01605866476893425,0.010523551143705845,589.6183825904167,506.40043846459054,589.6183825904167,506.40043846459054,210.2027101938783,1209.5585692727016,0.006802444821440178,0.00854573123471311,24101013948.03613,0.6706827309236948,0.812
2023-04-17,SPY,transformer,0.0035818310251139345,-0.0004825174401048571,-0.012185829691588879,0.010653157718479633,591.7340827845042,506.1561608235031,591.7340827845042,506.1561608235031,207.65675551807053,1222.5130869398959,0.006802444821440178,0.00854573123471311,24101013948.03613,0.6706827309236948,0.812
2023-04-18,SPY,transformer,0.0006520292826832333,-0.0009911094093695283,-0.011427674442529678,0.010254153981804848,592.120036546945,505.6547477527716,592.120036546945,505.6547477527716,205.29723232455163,1235.1134735606452,0.006802444821440178,0.00854573123471311,24101013948.03613,0.6706827309236948,0.812
2023-04-19,SPY,transformer,-0.0001689546841105706,-0.0008125656750053167,-0.01029557827860117,0.010703380219638348,592.0200035439749,505.24403853572227,592.0200035439749,505.24403853572227,203.19442200794055,1248.4044102863625,0.006802444821440178,0.00854573123471311,24101013948.03613,0.6706827309236948,0.812
2023-04-20,SPY,transformer,-0.00547205963912668,-0.0022523635998368263,-0.014510838314890862,0.010656530037522316,588.7892821885644,504.1073218433599,588.7892821885644,504.1073218433599,200.2671858900538,1261.7791385794053,0.006802444821440178,0.00854573123471311,24101013948.03613,0.6706827309236948,0.812
2023-04-21,SPY,transformer,0.0007766414272094301,-0.00023393204901367426,-0.010077636688947678,0.009885460138320923,589.2467379535643,503.98941687444767,589.2467379535643,503.98941687444767,198.25909660911827,1274.3141892448618,0.006802444821440178,0.00854573123471311,24101013948.03613,0.6706827309236948,0.812
2023-04-24,SPY,transformer,0.0010426214027723193,-0.0005801452207379043,-0.012421967461705208,0.01108618825674057,589.861419598505,503.69712660255817,589.861419598505,503.69712660255817,195.81156125448072,1288.520061233067,0.006802444821440178,0.00854573123471311,24101013948.03613,0.6706827309236948,0.812
2023-04-25,SPY,transformer,-0.01600116801417094,-2.8707925594062544e-05,-0.010497866198420525,0.010547375306487083,580.4980600431264,503.6826556667949,580.4980600431264,503.6826556667949,193.76670656714583,1302.1824835761347,0.006802444821440178,0.00854573123471311,24101013948.03613,0.6706827309236948,0.812
2023-04-26,SPY,transformer,-0.0042446173996722346,-0.00045460870023816824,-0.01380605436861515,0.011123226955533028,578.0392898379804,503.4537392452945,578.0392898379804,503.4537392452945,191.10992977462675,1316.7477702424642,0.006802444821440178,0.00854573123471311,24101013948.03613,0.6706827309236948,0.812
2023-04-27,SPY,transformer,0.019712474971588356,2.997187948494684e-05,-0.011359011754393578,0.013499915599822998,589.5469242132403,503.4688033523014,589.5469242132403,503.4688033523014,188.95139613992163,1334.6442273815574,0.006802444821440178,0.00854573123471311,24101013948.03613,0.6706827309236948,0.812
2023-04-28,SPY,transformer,0.008498950231163985,-0.0016741756116971374,-0.011675594374537468,0.00972587987780571,594.578806752091,502.6265985451342,594.578806752091,502.6265985451342,186.75810378192438,1347.68820404394,0.006802444821440178,0.00854573123471311,24101013948.03613,0.6706827309236948,0.812
2023-05-01,SPY,transformer,-0.0010102543650609105,-0.0008469844469800591,-0.013247938826680183,0.01211550273001194,593.9784342327386,502.2010626155893,593.9784342327386,502.2010626155893,184.300257629211,1364.1153775229598,0.006802444821440178,0.00854573123471311,24101013948.03613,0.6706827309236948,0.812
2023-05-02,SPY,transformer,-0.011302869513427875,-0.001341831055469811,-0.011419220827519894,0.008408620022237301,587.302572765006,501.52764830741904,587.302572765006,501.52764830741904,182.20766318585632,1375.6340643720127,0.006802444821440178,0.00854573123471311,24101013948.03613,0.6706827309236948,0.812
2023-05-03,SPY,transformer,-0.006887669499263906,-0.0002719221811275929,-0.010539831593632698,0.010498156771063805,583.271325633537,501.39130461345155,583.271325633537,501.39130461345155,180.29731477320001,1390.1517898498023,0.006802444821440178,0.00854573123471311,24101013948.03613,0.6706827309236948,0.812
2023-05-04,SPY,transformer,-0.007108150576824931,-0.0007655551889911294,-0.011220420710742474,0.010910875163972378,579.1400454990979,501.00760788093453,579.1400454990979,501.00760788093453,178.2856129605173,1405.4025786476932,0.006802444821440178,0.00854573123471311,24101013948.03613,0.6706827309236948,0.812
2023-05-05,SPY,transformer,0.018343304165668557,0.0005069221369922161,-0.011796712875366211,0.0124596506357193,589.861419598505,501.26161728944635,589.861419598505,501.26161728944635,176.19478756929504,1423.0229520641305,0.006802444821440178,0.00854573123471311,24101013948.03613,0.6706827309236948,0.812
2023-05-08,SPY,transformer,0.00026651163202968074,-0.0009753619669936597,-0.016420623287558556,0.013247016817331314,590.0186454784458,500.77294056189,590.0186454784458,500.77294056189,173.32518200781232,1441.99911789364,0.006802444821440178,0.00854573123471311,24101013948.03613,0.6706827309236948,0.812
2023-05-09,SPY,transformer,-0.004394965239957253,-0.0013772078091278672,-0.015724927186965942,0.010972755029797554,587.431224019153,500.0837411620865,587.431224019153,500.0837411620865,170.62097413048517,1457.9089499370982,0.006802444821440178,0.00854573123471311,24101013948.03613,0.6706827309236948,0.812
2023-05-10,SPY,transformer,0.004661479781751272,-0.0012858289992436767,-0.015040340833365917,0.011330711655318737,590.1759149837696,499.4411252849521,590.1759149837696,499.4411252849521,168.07397759017374,1474.5219635164117,0.006802444821440178,0.00854573123471311,24101013948.03613,0.6706827309236948,0.812
2023-05-11,SPY,transformer,-0.0017455002398152337,-0.0008716813754290342,-0.010963324457406998,0.009540645405650139,589.1466613252112,499.0059618842177,589.1466613252112,499.0059618842177,166.24139674680896,1488.6572238859671,0.006802444821440178,0.00854573123471311,24101013948.03613,0.6706827309236948,0.812
2023-05-12,SPY,transformer,-0.001311146072652117,4.4693565541820135e-06,-0.010977771133184433,0.010758031159639359,588.3747101749467,499.008162871627,588.3747101749467,499.008162871627,164.42641919625967,1504.758685205607,0.006802444821440178,0.00854573123471311,24101013948.03613,0.6706827309236948,0.812
2023-05-15,SPY,transformer,0.003444130053141995,-0.001746009336784482,-0.014168868772685528,0.00964429136365652,590.4046428662696,498.1376387685263,590.4046428662696,498.1376387685263,162.1131102936237,1519.3413016009738,0.006802444821440178,0.00854573123471311,24101013948.03613,0.6706827309236948,0.812
2023-05-16,SPY,transformer,-0.006705099417769526,-0.0023611001670360565,-0.012617087922990322,0.009326501749455929,586.4591632375652,496.9628721197858,586.4591632375652,496.9628721197858,160.08056253657844,1533.5776641760804,0.006802444821440178,0.00854573123471311,24101013948.03613,0.6706827309236948,0.812
2023-05-17,SPY,transformer,0.012065880064935735,0.0010625499999150634,-0.011270038783550262,0.014089351519942284,593.5781713447094,497.4911975455971,593.5781713447094,497.4911975455971,158.286580316465,1555.3377879813513,0.006802444821440178,0.00854573123471311,24101013948.03613,0.6706827309236948,0.812
2023-05-18,SPY,transformer,0.009587111502516284,-0.0014976125676184893,-0.01364761870354414,0.010007400996983051,599.2962375310598,496.74670504476876,599.2962375310598,496.74670504476876,156.14101669160087,1570.9808898132628,0.006802444821440178,0.00854573123471311,24101013948.03613,0.6706827309236948,0.812
2023-05-19,SPY,transformer,-0.0014561460225211089,-0.0015204792143777013,-0.012860570102930069,0.01024944894015789,598.4242097524423,495.9919866509905,598.4242097524423,495.9919866509905,154.1458120294331,1587.1654271618374,0.006802444821440178,0.00854573123471311,24101013948.03613,0.6706827309236948,0.812
2023-05-22,SPY,transformer,0.0004060458540662169,-0.0008885301067493856,-0.01415376178920269,0.011876143515110016,598.6672467605307,495.5514916009715,598.6672467605307,495.5514916009715,151.97943754115113,1606.1271601191177,0.006802444821440178,0.00854573123471311,24101013948.03613,0.6706827309236948,0.812
2023-05-23,SPY,transformer,-0.01128628870935317,0.00022761650325264782,-0.012151617556810379,0.013290364295244217,591.9485015414158,495.6643235927582,591.9485015414158,495.6643235927582,150.1438137234077,1627.6156911643743,0.006802444821440178,0.00854573123471311,24101013948.03613,0.6706827309236948,0.812
2023-05-24,SPY,transformer,-0.0072711729419161625,-0.0011437397915869951,-0.013504650443792343,0.011981973424553871,587.6599519016529,495.09773075650565,587.6599519016529,495.09773075650565,148.12980765428327,1647.2351102436146,0.006802444821440178,0.00854573123471311,24101013948.03613,0.6706827309236948,0.812
2023-05-25,SPY,transformer,0.008622616459603612,-0.0012692924356088042,-0.014403413981199265,0.012916849926114082,592.7490273174741,494.46969628964536,592.7490273174741,494.46969628964536,146.01152658411092,1668.6501673565274,0.006802444821440178,0.00854573123471311,24101013948.03613,0.6706827309236948,0.812
2023-05-26,SPY,transformer,0.012867526857071395,-0.0031129736453294754,-0.014085320755839348,0.008972398936748505,600.4255241925882,492.9328133656418,600.4255241925882,492.9328133656418,143.96932358796894,1683.68940818206,0.006802444821440178,0.00854573123471311,24101013948.03613,0.6706827309236948,0.812
2023-05-30,SPY,transformer,0.0003808704297325202,-0.00217585451900959,-0.014832543209195137,0.010463465005159378,600.6542520750883,491.8614320924092,600.6542520750883,491.8614320924092,141.84965423650377,1701.399180164604,0.006802444821440178,0.00854573123471311,24101013948.03613,0.6706827309236948,0.812
2023-05-31,SPY,transformer,-0.005560642409936939,-0.0019089538836851716,-0.013721005991101265,0.010503923520445824,597.3234977167075,490.9233981312783,597.3234977167075,490.9233981312783,139.91662775888176,1719.3647993210386,0.006802444821440178,0.00854573123471311,24101013948.03613,0.6706827309236948,0.812
2023-06-01,SPY,transformer,0.009456169066444198,-0.0012678492348641157,-0.012661647982895374,0.010594883002340794,602.9986801516756,490.30136110216245,602.9986801516756,490.30136110216245,138.15622119796205,1737.67815064876,0.006802444821440178,0.00854573123471311,24101013948.03613,0.6706827309236948,0.812
2023-06-02,SPY,transformer,0.01435759348122755,-0.0024636429734528065,-0.014524600468575954,0.00940664205700159,611.7187398109365,489.09492608999955,611.7187398109365,489.09492608999955,136.16406164130902,1754.1010019086573,0.006802444821440178,0.00854573123471311,24101013948.03613,0.6706827309236948,0.812
2023-06-05,SPY,transformer,-0.0019181014640489555,-0.0024415645748376846,-0.014299769885838032,0.009295879863202572,610.5465257726429,487.90221684007867,610.5465257726429,487.90221684007867,134.23080358614988,1770.4829254402528,0.006802444821440178,0.00854573123471311,24101013948.03613,0.6706827309236948,0.812
2023-06-06,SPY,transformer,0.002175091593377299,0.00026964451535604894,-0.012163113802671432,0.013464810326695442,611.8759656908775,488.0337803622378,611.8759656908775,488.0337803622378,132.6080295097496,1794.4833872411186,0.006802444821440178,0.00854573123471311,24101013948.03613,0.6706827309236948,0.812
2023-06-07,SPY,transformer,-0.0034637189947504194,-0.0023251341190189123,-0.013562681153416634,0.01144249364733696,609.7602654967899,486.9003534445636,609.7602654967899,486.9003534445636,130.8216499618294,1815.1347083229339,0.006802444821440178,0.00854573123471311,24101013948.03613,0.6706827309236948,0.812
2023-06-08,SPY,transformer,0.006030349968389268,-0.0004071051662322134,-0.012487595900893211,0.012472288683056831,613.4484426172005,486.7021654666731,613.4484426172005,486.7021654666731,129.1981630371422,1837.915291477164,0.006802444821440178,0.00854573123471311,24101013948.03613,0.6706827309236948,0.812
2023-06-09,SPY,transformer,0.001792694599673949,-0.00105307309422642,-0.014380909502506256,0.011917352676391602,614.549154652935,486.18991201307205,614.549154652935,486.18991201307205,127.35347235874048,1859.949395947569,0.006802444821440178,0.00854573123471311,24101013948.03613,0.6706827309236948,0.812
2023-06-12,SPY,transformer,0.009030960948294134,-0.0015964192571118474,-0.01489992905408144,0.013383469544351101,620.1242604595501,485.414371278227,620.1242604595501,485.414371278227,125.46998300731978,1885.0092223905476,0.006802444821440178,0.00854573123471311,24101013948.03613,0.6706827309236948,0.812
2023-06-13,SPY,transformer,0.006571298368602799,-0.00073017313843593,-0.014130352064967155,0.011057175695896149,624.2127004679899,485.06005835821253,624.2127004679899,485.06005835821253,123.70951455594465,1905.9677562930906,0.006802444821440178,0.00854573123471311,24101013948.03613,0.6706827309236948,0.812
2023-06-14,SPY,transformer,0.001190124226922512,-0.0011521310079842806,-0.01511745247989893,0.012417254038155079,624.9560333670777,484.5015395784958,624.9560333670777,484.5015395784958,121.85340906659904,1929.782219722583,0.006802444821440178,0.00854573123471311,24101013948.03613,0.6706827309236948,0.812
2023-06-15,SPY,transformer,0.012321448558557475,-0.0016181526007130742,-0.014027860015630722,0.008739067241549492,632.7040322447509,483.7181802438716,632.7040322447509,483.7181802438716,120.15600283627397,1946.7206515623081,0.006802444821440178,0.00854573123471311,24101013948.03613,0.6706827309236948,0.812
2023-06-16,SPY,transformer,-0.007119760382108064,-0.0018818005919456482,-0.013488849624991417,0.012098472565412521,628.215329348282,482.8087660215565,628.215329348282,482.8087660215565,118.54611790342489,1970.4161036383166,0.006802444821440178,0.00854573123471311,24101013948.03613,0.6706827309236948,0.812
2023-06-20,SPY,transformer,-0.005201688176449396,0.0008635561098344624,-0.011636367067694664,0.013958757743239403,624.9560333670777,483.2258692080874,624.9560333670777,483.2258692080874,117.17466925495143,1998.1136173708232,0.006802444821440178,0.00854573123471311,24101013948.03613,0.6706827309236948,0.812
2023-06-21,SPY,transformer,-0.00513689669448721,-0.0014928925083950162,-0.013483110815286636,0.010240331292152405,621.7539302628439,482.50500008090086,621.7539302628439,482.50500008090086,115.60539258774011,2018.6799764216514,0.006802444821440178,0.00854573123471311,24101013948.03613,0.6706827309236948,0.812
2023-06-22,SPY,transformer,0.0036032107426930415,-0.0015240071807056665,-0.012952222488820553,0.01010186318308115,623.9982817110783,481.770222615613,623.9982817110783,481.770222615613,114.11770119334633,2039.1757456353077,0.006802444821440178,0.00854573123471311,24101013948.03613,0.6706827309236948,0.812
2023-06-23,SPY,transformer,-0.007588727735143791,-0.0014233450638130307,-0.010629053227603436,0.009578791446983814,619.2808509321095,481.0849788408249,619.2808509321095,481.0849788408249,112.9111585778684,2058.802483531136,0.006802444821440178,0.00854573123471311,24101013948.03613,0.6706827309236948,0.812
2023-06-26,SPY,transformer,-0.004094122473882703,-0.001531023532152176,-0.012113358825445175,0.009556125849485397,616.7506223497872,480.3489802012468,616.7506223497872,480.3489802012468,111.55167242914116,2078.5710033667256,0.006802444821440178,0.00854573123471311,24101013948.03613,0.6706827309236948,0.812
2023-06-27,SPY,transformer,0.010903649709285458,-0.00037239104858599603,-0.012392992153763771,0.012342888861894608,623.5122513202845,480.1701221547558,623.5122513202845,480.1701221547558,110.1777434688333,2104.3854895963536,0.006802444821440178,0.00854573123471311,24101013948.03613,0.6706827309236948,0.812
2023-06-28,SPY,transformer,0.0005042661095765424,-0.0002774082822725177,-0.012237301096320152,0.012411287054419518,623.826746705549,480.0369515751801,623.826746705549,480.0369515751801,108.83767967046414,2130.666325780509,0.006802444821440178,0.00854573123471311,24101013948.03613,0.6706827309236948,0.812
2023-06-29,SPY,transformer,0.003933614456099705,-0.0015258321072906256,-0.01612618938088417,0.01263793371617794,626.2854732853122,479.30504556519054,626.2854732853122,479.30504556519054,107.09661708993838,2157.764313706342,0.006802444821440178,0.00854573123471311,24101013948.03613,0.6706827309236948,0.812
2023-06-30,SPY,transformer,0.011731634842625023,-0.0011427848367020488,-0.014632337726652622,0.010873517952859402,633.6760930263384,478.75761008584044,633.6760930263384,478.75761008584044,105.5409497566532,2181.3547262008015,0.006802444821440178,0.00854573123471311,24101013948.03613,0.6706827309236948,0.812
2023-07-03,SPY,transformer,0.0011498750213830315,-0.0007647066377103329,-0.012635808438062668,0.010455703362822533,634.4051604252206,478.39163361219005,634.4051604252206,478.39163361219005,104.21574440221677,2204.2819943309128,0.006802444821440178,0.00854573123471311,24101013948.03613,0.6706827309236948,0.812
2023-07-05,SPY,transformer,-0.001488305087145732,-0.0014460576931014657,-0.012438477948307991,0.010238127782940865,633.4616742694268,477.70035990064815,633.4616742694268,477.70035990064815,102.92748492893347,2226.965691454514,0.006802444821440178,0.00854573123471311,24101013948.03613,0.6706827309236948,0.812
2023-07-06,SPY,transformer,-0.007861482478151452,-0.001224786275997758,-0.011800972744822502,0.009305380284786224,628.5012501077525,477.1156350815292,628.5012501077525,477.1156350815292,101.71997831438834,2247.7850372173552,0.006802444821440178,0.00854573123471311,24101013948.03613,0.6706827309236948,0.812
2023-07-07,SPY,transformer,-0.002527906698974793,-0.0007585849380120635,-0.012575965374708176,0.009697206318378448,626.9144640558411,476.75384292784247,626.9144640558411,476.75384292784247,100.44875869528113,2269.688366650823,0.006802444821440178,0.00854573123471311,24101013948.03613,0.6706827309236948,0.812
2023-07-10,SPY,transformer,0.0025279066989747885,-0.0009625482489354908,-0.012344801798462868,0.010788658633828163,628.5012501077525,476.29516827176735,628.5012501077525,476.29516827176735,99.21636283220592,2294.307884437122,0.006802444821440178,0.00854573123471311,24101013948.03613,0.6706827309236948,0.812
2023-07-11,SPY,transformer,0.00634833630815346,-0.0030095302499830723,-0.014273295179009438,0.008260909467935562,632.5038789880446,474.86388806391943,632.5038789880446,474.86388806391943,97.81027862200087,2313.339577673778,0.006802444821440178,0.00854573123471311,24101013948.03613,0.6706827309236948,0.812
2023-07-12,SPY,transformer,0.008013723862516888,0.0002580136351753026,-0.013338355347514153,0.013473760336637497,637.5929544038659,474.98644478818863,637.5929544038659,474.98644478818863,96.51431057305415,2344.7199001161994,0.006802444821440178,0.00854573123471311,24101013948.03613,0.6706827309236948,0.812
2023-07-13,SPY,transformer,0.007905551787355664,-0.001363176736049354,-0.01699841581285,0.01276407390832901,642.6534551938933,474.3393877797056,642.6534551938933,474.3393877797056,94.88758473924442,2374.839876126119,0.006802444821440178,0.00854573123471311,24101013948.03613,0.6706827309236948,0.812
2023-07-14,SPY,transformer,-0.0006230225390383416,-0.001798285054974258,-0.012800224125385284,0.008933378383517265,642.2531923058641,473.48715984356625,642.2531923058641,473.48715984356625,93.68074014822294,2396.1501694233525,0.006802444821440178,0.00854573123471311,24101013948.03613,0.6706827309236948,0.812
2023-07-17,SPY,transformer,0.003466202570648931,2.221296017523855e-05,-0.012272719293832779,0.012330997735261917,644.4832346285102,473.49765844020243,644.4832346285102,473.49765844020243,92.5380474996397,2425.879930264911,0.006802444821440178,0.00854573123471311,24101013948.03613,0.6706827309236948,0.812
2023-07-18,SPY,transformer,0.007403116820647034,-0.0021874418016523123,-0.014749504625797272,0.010799771174788475,649.2721237846553,472.46304395703913,649.2721237846553,472.46304395703913,91.18317157816313,2452.2208558783273,0.006802444821440178,0.00854573123471311,24101013948.03613,0.6706827309236948,0.812
2023-07-19,SPY,transformer,0.0022212915573068173,-0.0020623712334781885,-0.01575937680900097,0.01268463209271431,650.7159494568314,471.48965927185805,650.7159494568314,471.48965927185805,89.75744536307397,2483.524454536278,0.006802444821440178,0.00854573123471311,24101013948.03613,0.6706827309236948,0.812
2023-07-20,SPY,transformer,-0.006656595178376628,0.00010508918785490096,-0.011616439558565617,0.013381457887589931,646.3987815658918,471.53923291738755,646.3987815658918,471.53923291738755,88.72081558830499,2516.9809188876134,0.006802444821440178,0.00854573123471311,24101013948.03613,0.6706827309236948,0.812
2023-07-21,SPY,transformer,0.0,-0.001337875030003488,-0.011370532214641571,0.009680245071649551,646.3987815658918,470.9087888357491,646.3987815658918,470.9087888357491,87.71772855021311,2541.4641953763216,0.006802444821440178,0.00854573123471311,24101013948.03613,0.6706827309236948,0.812
2023-07-24,SPY,transformer,0.00445734209675547,-0.0009422007715329528,-0.01314577180892229,0.012582332827150822,649.2864329102438,470.4653088886825,649.2864329102438,470.4653088886825,86.57215823439176,2573.643744058522,0.006802444821440178,0.00854573123471311,24101013948.03613,0.6706827309236948,0.812
2023-07-25,SPY,transformer,0.0027263334560183538,-0.0016953544691205025,-0.016509488224983215,0.012263472191989422,651.0590194678898,469.66838563196893,651.0590194678898,469.66838563196893,85.15463157106386,2605.399923750822,0.006802444821440178,0.00854573123471311,24101013948.03613,0.6706827309236948,0.812
2023-07-26,SPY,transformer,0.00015370179135724575,-0.0009385373559780419,-0.014606770128011703,0.012574445456266403,651.1590960962428,469.2277814982759,651.1590960962428,469.2277814982759,83.91983678934272,2638.3682053901953,0.006802444821440178,0.00854573123471311,24101013948.03613,0.6706827309236948,0.812
2023-07-27,SPY,transformer,-0.006652049928426125,-0.0020645009353756905,-0.013632941991090775,0.009043565019965172,646.8419282053032,468.2600553589914,646.8419282053032,468.2600553589914,82.7835247073339,2662.3366785657413,0.006802444821440178,0.00854573123471311,24101013948.03613,0.6706827309236948,0.812
2023-07-28,SPY,transformer,0.009742708386939452,-0.0003357997920829803,-0.01055697537958622,0.011876679956912994,653.1747196619773,468.10283565747255,653.1747196619773,468.10283565747255,81.91417813037133,2694.1449796492934,0.006802444821440178,0.00854573123471311,24101013948.03613,0.6706827309236948,0.812
2023-07-31,SPY,transformer,0.0019022320924179325,-0.0018072952516376972,-0.013741593807935715,0.01046813651919365,654.4183920774473,467.25759963598915,654.4183920774473,467.25759963598915,80.7962448896994,2722.4956850265817,0.006802444821440178,0.00854573123471311,24101013948.03613,0.6706827309236948,0.812
2023-08-01,SPY,transformer,-0.0028656708129788785,-0.0009477196144871414,-0.01230588462203741,0.010110641829669476,652.5457288914481,466.8149680914579,652.5457288914481,466.8149680914579,79.80806998167817,2750.1613504354796,0.006802444821440178,0.00854573123471311,24101013948.03613,0.6706827309236948,0.812
2023-08-02,SPY,transformer,-0.01400847075222544,-0.0003697821812238544,-0.014647431671619415,0.013120429590344429,643.4682900955403,466.6423737082735,643.4682900955403,466.6423737082735,78.64760698899987,2786.482290158816,0.006802444821440178,0.00854573123471311,24101013948.03613,0.6706827309236948,0.812
2023-08-03,SPY,transformer,-0.0028699721428423856,-6.257380300667137e-05,-0.013308687135577202,0.012199880555272102,641.624201535335,466.6131689527054,641.624201535335,466.6131689527054,77.60784716395017,2820.6853095359024,0.006802444821440178,0.00854573123471311,24101013948.03613,0.6706827309236948,0.812
2023-08-04,SPY,transformer,-0.004533025778414631,-0.0007443130016326904,-0.01207064837217331,0.010072041302919388,638.7222846907775,466.26598785972567,638.7222846907775,466.26598785972567,76.67669913588237,2849.2388114315518,0.006802444821440178,0.00854573123471311,24101013948.03613,0.6706827309236948,0.812
2023-08-07,SPY,transformer,0.008690655340468388,0.0003530561807565391,-0.010287750512361526,0.011516651138663292,644.2973904973926,466.43062540817715,644.2973904973926,466.43062540817715,75.891912232494,2882.2421401829215,0.006802444821440178,0.00854573123471311,24101013948.03613,0.6706827309236948,0.812
2023-08-08,SPY,transformer,-0.0043581583971775105,-0.0026111372280865908,-0.016501758247613907,0.00985617283731699,641.4955502811881,465.21431276956014,641.4955502811881,465.21431276956014,74.64983768063613,2910.790349247348,0.006802444821440178,0.00854573123471311,24101013948.03613,0.6706827309236948,0.812
2023-08-09,SPY,transformer,-0.006707683059238894,-0.0012326070573180914,-0.013576392084360123,0.011957954615354538,637.2070006414252,464.64123889353635,637.2070006414252,464.64123889353635,73.64321023853377,2945.8064790407057,0.006802444821440178,0.00854573123471311,24101013948.03613,0.6706827309236948,0.812
2023-08-10,SPY,transformer,0.0003588894044134793,-0.0004700896970462054,-0.014994697645306587,0.012189505621790886,637.4357285239253,464.4228655848375,637.4357285239253,464.4228655848375,72.54718846149458,2981.9342400181204,0.006802444821440178,0.00854573123471311,24101013948.03613,0.6706827309236948,0.812
2023-08-11,SPY,transformer,-0.0005832692666972918,-0.0010915236780419946,-0.01434642355889082,0.009899024851620197,637.06404026169,463.9162063328615,637.06404026169,463.9162063328615,71.51382485917905,3011.5989226762863,0.006802444821440178,0.00854573123471311,24101013948.03613,0.6706827309236948,0.812
2023-08-14,SPY,transformer,0.005504828419965597,-0.0015207277610898018,-0.015451224520802498,0.012275269255042076,640.5806387511883,463.2112574447832,640.5806387511883,463.2112574447832,70.41734197122697,3048.794930593419,0.006802444821440178,0.00854573123471311,24101013948.03613,0.6706827309236948,0.812
2023-08-15,SPY,transformer,-0.011717240012162844,-0.001659655710682273,-0.014777318574488163,0.010703344829380512,633.1186042583686,462.44313236411597,633.1186042583686,462.44313236411597,69.38441508742355,3081.6023547566183,0.006802444821440178,0.00854573123471311,24101013948.03613,0.6706827309236948,0.812
2023-08-16,SPY,transformer,-0.007365221768905127,0.00020101122208870947,-0.011647168546915054,0.011235706508159637,628.4726754819588,462.5360773582277,628.4726754819588,462.5360773582277,68.58096904150662,3116.4214231873875,0.006802444821440178,0.00854573123471311,24101013948.03613,0.6706827309236948,0.812
2023-08-17,SPY,transformer,-0.00764906407671764,-0.001619869377464056,-0.014892790466547012,0.01030651107430458,623.6837863258138,461.78743305510477,623.6837863258138,461.78743305510477,67.56717575363061,3148.706813965056,0.006802444821440178,0.00854573123471311,24101013948.03613,0.6706827309236948,0.812
2023-08-18,SPY,transformer,0.00048119583651082097,0.00017623223538976163,-0.01146027259528637,0.013946937397122383,623.9839725854899,461.86879599709175,623.9839725854899,461.86879599709175,66.79725735611314,3192.9292753421155,0.006802444821440178,0.00854573123471311,24101013948.03613,0.6706827309236948,0.812
2023-08-21,SPY,transformer,0.0064852171709036625,-0.0011377573246136308,-0.014035089872777462,0.011394198052585125,628.0437943427528,461.3435877092547,628.0437943427528,461.3435877092547,65.86630023537909,3229.518171304364,0.006802444821440178,0.00854573123471311,24101013948.03613,0.6706827309236948,0.812
2023-08-22,SPY,transformer,-0.0027122888788976324,-0.0016919290646910667,-0.011795260943472385,0.01009420771151781,626.3426661622829,460.5636831747592,626.3426661622829,460.5636831747592,65.09395449106692,3262.282623281242,0.006802444821440178,0.00854573123471311,24101013948.03613,0.6706827309236948,0.812
2023-08-23,SPY,transformer,0.01107618151551332,0.0004562620888464153,-0.010213537141680717,0.013184834271669388,633.3187138896916,460.773853655868,633.3187138896916,460.773853655868,64.43249715252514,3305.580180618886,0.006802444821440178,0.00854573123471311,24101013948.03613,0.6706827309236948,0.812
2023-08-24,SPY,transformer,-0.013956004395686512,-0.0033050281926989555,-0.01541127823293209,0.00985710695385933,624.5415049788428,459.25348704732687,624.5415049788428,459.25348704732687,63.44712315546828,3338.3246467673466,0.006802444821440178,0.00854573123471311,24101013948.03613,0.6706827309236948,0.812
2023-08-25,SPY,transformer,0.007025064852663816,0.0002871304168365896,-0.010743300430476665,0.010995251126587391,628.9443967471641,459.38537324945924,628.9443967471641,459.38537324945924,62.769139791299516,3375.232984961215,0.006802444821440178,0.00854573123471311,24101013948.03613,0.6706827309236948,0.812
2023-08-28,SPY,transformer,0.0063213390295188574,-0.0027077444829046726,-0.016961263492703438,0.01082197017967701,632.9327601272507,458.1431566487903,632.9327601272507,458.1431566487903,61.713474251144795,3411.957911846504,0.006802444821440178,0.00854573123471311,24101013948.03613,0.6706827309236948,0.812
2023-08-29,SPY,transformer,0.014351295283905607,-0.0025904718786478043,-0.014617422595620155,0.00908556766808033,642.0816573003348,456.9578763427883,642.0816573003348,456.9578763427883,60.81794333664225,3443.0989227990603,0.006802444821440178,0.00854573123471311,24101013948.03613,0.6706827309236948,0.812
2023-08-30,SPY,transformer,0.004110354001076374,-0.0024635116569697857,-0.014327680692076683,0.00928792729973793,644.7262716365984,455.83354074769136,644.7262716365984,455.83354074769136,59.95277509618807,3475.227258189273,0.006802444821440178,0.00854573123471311,24101013948.03613,0.6706827309236948,0.812
2023-08-31,SPY,transformer,-0.0014644620760757739,-0.002210588427260518,-0.014304700307548046,0.010994051583111286,643.7827854808047,454.82698130516644,643.7827854808047,454.82698130516644,59.101272259615236,3513.645041516486,0.006802444821440178,0.00854573123471311,24101013948.03613,0.6706827309236948,0.812
2023-09-01,SPY,transformer,0.0018634704461354505,6.853846571175382e-05,-0.011131968349218369,0.011373279616236687,644.9835741448924,454.8581575759196,644.9835741448924,454.8581575759196,58.4470063138091,3553.8349938159076,0.006802444821440178,0.00854573123471311,24101013948.03613,0.6706827309236948,0.812
2023-09-05,SPY,transformer,-0.004331297871981201,-0.0006797571550123394,-0.01162060908973217,0.010035715997219086,642.1959994288934,454.549057552738,642.1959994288934,454.549057552738,57.771747762281564,3589.6800325668855,0.006802444821440178,0.00854573123471311,24101013948.03613,0.6706827309236948,0.812
2023-09-06,SPY,transformer,-0.006745137677816119,-0.0013169189915060997,-0.013058577664196491,0.013503431342542171,637.8788751633366,453.9508389215441,637.8788751633366,453.9508389215441,57.022236391537234,3638.48167879401,0.006802444821440178,0.00854573123471311,24101013948.03613,0.6706827309236948,0.812
2023-09-07,SPY,transformer,-0.0030749462677503296,-0.0009100085590034723,-0.0138445645570755,0.01066550798714161,635.9204444745728,453.53794027364313,635.9204444745728,453.53794027364313,56.238227272554376,3677.4957977091103,0.006802444821440178,0.00854573123471311,24101013948.03613,0.6706827309236948,0.812
2023-09-08,SPY,transformer,0.0015049542106842105,-0.0012056806590408087,-0.012314233928918839,0.010918622836470604,636.8781961305722,452.99144179615007,636.8781961305722,452.99144179615007,55.549942179108115,3717.869039371401,0.006802444821440178,0.00854573123471311,24101013948.03613,0.6706827309236948,0.812
2023-09-11,SPY,transformer,0.006555105162656671,-0.00044473764137364924,-0.01165790669620037,0.010781172662973404,641.066712767365,452.79001885709994,641.066712767365,452.79001885709994,54.906104884731505,3758.1687405866637,0.006802444821440178,0.00854573123471311,24101013948.03613,0.6706827309236948,0.812
2023-09-12,SPY,transformer,-0.005500711436984544,-0.0004493368323892355,-0.013322237879037857,0.01160460151731968,637.5500706524837,452.58660737499673,637.5500706524837,452.58660737499673,54.17948297944358,3802.0346091428128,0.006802444821440178,0.00854573123471311,24101013948.03613,0.6706827309236948,0.812
2023-09-13,SPY,transformer,0.0011653100058186942,-0.0008818912319839001,-0.012605901807546616,0.011074559763073921,638.2934471769543,452.1876554072526,638.2934471769543,452.1876554072526,53.5007868810936,3844.3742756342835,0.006802444821440178,0.00854573123471311,24101013948.03613,0.6706827309236948,0.812
2023-09-14,SPY,transformer,0.008585412055525241,-0.00031008131918497384,-0.012748673558235168,0.011567357927560806,643.7970509810102,452.0474755349917,643.7970509810102,452.0474755349917,52.82305094231575,3889.101529092674,0.006802444821440178,0.00854573123471311,24101013948.03613,0.6706827309236948,0.812
2023-09-15,SPY,transformer,-0.01564260552722776,-0.0020723638590425253,-0.014960912987589836,0.013167684897780418,633.8047442804854,451.11162509545767,633.8047442804854,451.11162509545767,52.03865274576974,3940.650643071809,0.006802444821440178,0.00854573123471311,24101013948.03613,0.6706827309236948,0.812
2023-09-18,SPY,transformer,0.0005862678085058179,0.001823779777623713,-0.010445397347211838,0.015066932886838913,634.1764325427207,451.9351076464467,634.1764325427207,451.9351076464467,51.497916162946446,4000.4739150728265,0.006802444821440178,0.00854573123471311,24101013948.03613,0.6706827309236948,0.812
2023-09-19,SPY,transformer,-0.0020759838480750876,-0.0020367775578051805,-0.01475501712411642,0.0109695540741086,632.8612581246916,451.01554454552894,632.8612581246916,451.01554454552894,50.74364117258827,4044.5989772364214,0.006802444821440178,0.00854573123471311,24101013948.03613,0.6706827309236948,0.812
2023-09-20,SPY,transformer,-0.009235844351152545,-0.0020574484951794147,-0.015121445059776306,0.010394228622317314,627.043158935371,450.0885511145232,627.043158935371,450.0885511145232,49.98209711307789,4086.8587909214593,0.006802444821440178,0.00854573123471311,24101013948.03613,0.6706827309236948,0.812
2023-09-21,SPY,transformer,-0.016666477191231367,-0.0012419077102094889,-0.012003020383417606,0.009133324958384037,616.6791639726109,449.52992482635614,616.6791639726109,449.52992482635614,49.3857457096321,4124.3564616388,0.006802444821440178,0.00854573123471311,24101013948.03613,0.6706827309236948,0.812
2023-09-22,SPY,transformer,-0.0022510799334294423,0.0006223539239726961,-0.011518912389874458,0.014083383604884148,615.2925311774056,449.8097621089474,615.2925311774056,449.8097621089474,48.82013799015893,4182.852392594203,0.006802444821440178,0.00854573123471311,24101013948.03613,0.6706827309236948,0.812
2023-09-25,SPY,transformer,0.0041963720245047674,-0.002018650993704796,-0.013894764706492424,0.010657746344804764,617.8799526366986,448.9026739674207,617.8799526366986,448.9026739674207,48.14648579392234,4227.670691262009,0.006802444821440178,0.00854573123471311,24101013948.03613,0.6706827309236948,0.812
2023-09-26,SPY,transformer,-0.014800251479124848,-0.0014559333212673664,-0.014294086955487728,0.011100365780293941,608.8025138407908,448.24957005739947,608.8025138407908,448.24957005739947,47.463171495179026,4274.86063566951,0.006802444821440178,0.00854573123471311,24101013948.03613,0.6706827309236948,0.812
2023-09-27,SPY,transformer,0.0003990537106883037,-0.001799992867745459,-0.014404529705643654,0.00925433449447155,609.0455072234962,447.4434419114799,609.0455072234962,447.4434419114799,46.78438643835749,4314.605090987544,0.006802444821440178,0.00854573123471311,24101013948.03613,0.6706827309236948,0.812
2023-09-28,SPY,transformer,0.005780704134190584,-0.0009068594081327319,-0.011634794995188713,0.012321818619966507,612.576414838583,447.037849001155,612.576414838583,447.037849001155,46.243214869289105,4368.097584458796,0.006802444821440178,0.00854573123471311,24101013948.03613,0.6706827309236948,0.812
2023-09-29,SPY,transformer,-0.002429856399603727,-0.0024612436536699533,-0.014430740848183632,0.010117476806044579,611.0897490404076,445.9389339625392,611.0897490404076,445.9389339625392,45.580683295819696,4412.515855064539,0.006802444821440178,0.00854573123471311,24101013948.03613,0.6706827309236948,0.812
2023-10-02,SPY,transformer,-0.00039778993267751666,-0.0021188606042414904,-0.015224386937916279,0.010543313808739185,610.8467120323193,444.99505045505236,610.8467120323193,444.99505045505236,44.89200191702057,4459.284712270109,0.006802444821440178,0.00854573123471311,24101013948.03613,0.6706827309236948,0.812
2023-10-03,SPY,transformer,-0.01347647032989409,-0.0014512984780594707,-0.013915786519646645,0.009919997304677963,602.6698756408229,444.34970056073007,602.6698756408229,444.34970056073007,44.271621543038194,4503.740898708006,0.006802444821440178,0.00854573123471311,24101013948.03613,0.6706827309236948,0.812
2023-10-04,SPY,transformer,0.007255588282934912,-0.0011241190368309617,-0.014056668616831303,0.010733484290540218,607.0585019089386,443.85047902684335,607.0585019089386,443.85047902684335,43.65366342196544,4552.342125647523,0.006802444821440178,0.00854573123471311,24101013948.03613,0.6706827309236948,0.812
2023-10-05,SPY,transformer,-0.0003768516258725016,-0.003304115030914545,-0.015573615208268166,0.008217386901378632,606.8297740264387,442.3863759712289,606.8297740264387,442.3863759712289,42.979084190735904,4589.904366315917,0.006802444821440178,0.00854573123471311,24101013948.03613,0.6706827309236948,0.812
2023-10-06,SPY,transformer,0.011802882777938796,-0.0014332621358335018,-0.013028859160840511,0.009834553115069866,614.0345496363474,441.75277250399023,614.0345496363474,441.75277250399023,42.42274828174468,4635.266602993256,0.006802444821440178,0.00854573123471311,24101013948.03613,0.6706827309236948,0.812
2023-10-09,SPY,transformer,0.0063817905591359225,-0.002963889855891466,-0.014691134914755821,0.0078128632158041,617.9657201394633,440.44540966975313,617.9657201394633,440.44540966975313,41.80406482819459,4671.623290707183,0.006802444821440178,0.00854573123471311,24101013948.03613,0.6706827309236948,0.812
2023-10-10,SPY,transformer,0.0051913408829109865,-0.0018528077052906156,-0.013783840462565422,0.0088716521859169,621.1821323692853,439.63010916681486,621.1821323692853,439.63010916681486,41.231797298172815,4713.252746300643,0.006802444821440178,0.00854573123471311,24101013948.03613,0.6706827309236948,0.812
2023-10-11,SPY,transformer,0.004087915912236751,-0.001963083166629076,-0.013832930475473404,0.010549217462539673,623.7266700771959,438.76791907032236,623.7266700771959,438.76791907032236,40.66536812176578,4763.2372479982305,0.006802444821440178,0.00854573123471311,24101013948.03613,0.6706827309236948,0.812
2023-10-12,SPY,transformer,-0.006115110502897495,-0.002529131481423974,-0.016055813059210777,0.01087934523820877,619.924150828227,437.65962393516037,619.924150828227,437.65962393516037,40.01766588470414,4815.341174312771,0.006802444821440178,0.00854573123471311,24101013948.03613,0.6706827309236948,0.812
2023-10-13,SPY,transformer,-0.004993314857244581,-0.0008479489479213953,-0.013228772208094597,0.010947126895189285,616.8363898525519,437.288673245108,616.8363898525519,437.288673245108,39.49176844294386,4868.345122366052,0.006802444821440178,0.00854573123471311,24101013948.03613,0.6706827309236948,0.812
2023-10-16,SPY,transformer,0.01046649133332179,-0.0023592214565724134,-0.015038924291729927,0.01039753295481205,623.3264071891668,436.25821576654033,623.3264071891668,436.25821576654033,38.90229953887853,4919.228061102558,0.006802444821440178,0.00854573123471311,24101013948.03613,0.6706827309236948,0.812
2023-10-17,SPY,transformer,-4.5913197049638914e-05,-0.004223926924169064,-0.01609252765774727,0.008169595152139664,623.29778893799,434.4193864884201,623.29778893799,434.4193864884201,38.28127360831894,4959.580634657144,0.006802444821440178,0.00854573123471311,24101013948.03613,0.6706827309236948,0.812
2023-10-18,SPY,transformer,-0.013414646956172782,-0.0018097339197993279,-0.013980318792164326,0.010540195740759373,614.9923012923467,433.63390979853745,614.9923012923467,433.63390979853745,37.749812609809055,5012.131942897022,0.006802444821440178,0.00854573123471311,24101013948.03613,0.6706827309236948,0.812
2023-10-19,SPY,transformer,-0.008825232029716999,0.0012820650590583682,-0.010328525677323341,0.012301022186875343,609.588730491261,434.19023191267746,609.588730491261,434.19023191267746,37.36191954725147,5074.167218726245,0.006802444821440178,0.00854573123471311,24101013948.03613,0.6706827309236948,0.812
2023-10-20,SPY,transformer,-0.012364165589842435,-0.0012135124998167157,-0.012095782905817032,0.011768070980906487,602.0980777472644,433.66365654709074,602.0980777472644,433.66365654709074,36.91272045761731,5134.233189026291,0.006802444821440178,0.00854573123471311,24101013948.03613,0.6706827309236948,0.812
2023-10-23,SPY,transformer,-0.0017347143698367156,-0.0012391610071063042,-0.013393247500061989,0.012541938573122025,601.0545149631175,433.12660500098923,601.0545149631175,433.12660500098923,36.42163600449341,5199.03196567536,0.006802444821440178,0.00854573123471311,24101013948.03613,0.6706827309236948,0.812
2023-10-24,SPY,transformer,0.007511114561209817,-0.002192233456298709,-0.013548880815505981,0.009435603395104408,605.5861016109686,432.17813784522684,605.5861016109686,432.17813784522684,35.93149050138404,5248.320025875848,0.006802444821440178,0.00854573123471311,24101013948.03613,0.6706827309236948,0.812
2023-10-25,SPY,transformer,-0.014456175911054834,-0.0013073389418423176,-0.013693499378859997,0.012306013144552708,596.8946165775014,431.6135082545111,596.8946165775014,431.6135082545111,35.44281610020972,5313.304884442093,0.006802444821440178,0.00854573123471311,24101013948.03613,0.6706827309236948,0.812
2023-10-26,SPY,transformer,-0.012046887403205692,-0.0006978914025239646,-0.011730924248695374,0.010465478524565697,589.7470338445634,431.3123834365366,589.7470338445634,431.3123834365366,35.029469077449846,5369.203286496615,0.006802444821440178,0.00854573123471311,24101013948.03613,0.6706827309236948,0.812
2023-10-27,SPY,transformer,-0.0045430763647404,-3.6902958527207375e-05,-0.013614630326628685,0.01599540375173092,587.073844882506,431.2964700474888,587.073844882506,431.2964700474888,34.55578705591166,5455.776374442191,0.006802444821440178,0.00854573123471311,24101013948.03613,0.6706827309236948,0.812
2023-10-30,SPY,transformer,0.011884883929670366,-0.0016345949843525887,-0.013131387531757355,0.010493924841284752,594.0927763612971,430.5920393557554,594.0927763612971,430.5920393557554,34.10498782907013,5513.330383248362,0.006802444821440178,0.00854573123471311,24101013948.03613,0.6706827309236948,0.812
2023-10-31,SPY,transformer,0.006260627657925739,-0.0030565441120415926,-0.014626244083046913,0.010837897658348083,597.82383723309,429.27792540508005,597.82383723309,429.27792540508005,33.60978986266515,5573.408052511528,0.006802444821440178,0.00854573123471311,24101013948.03613,0.6706827309236948,0.812
2023-11-01,SPY,transformer,0.010608265814448672,-0.0021900527644902468,-0.016370560973882675,0.013835210353136063,604.1994688157635,428.33880727629503,604.1994688157635,428.33880727629503,33.06405699941671,5651.053393914626,0.006802444821440178,0.00854573123471311,24101013948.03613,0.6706827309236948,0.812
2023-11-02,SPY,transformer,0.018983031132927274,-0.0019812691025435925,-0.01260673813521862,0.009639613330364227,615.7785615681996,427.49099994203743,615.7785615681996,427.49099994203743,32.6498442139329,5705.790805946413,0.006802444821440178,0.00854573123471311,24101013948.03613,0.6706827309236948,0.812
2023-11-03,SPY,transformer,0.009082025844375438,-0.0042868610471487045,-0.015771279111504555,0.007219789549708366,621.3965511261971,425.662319064123,621.3965511261971,425.662319064123,32.13895283287336,5747.134385543628,0.006802444821440178,0.00854573123471311,24101013948.03613,0.6706827309236948,0.812
2023-11-06,SPY,transformer,0.002297847915620259,-0.003104112111032009,-0.013892186805605888,0.007526299450546503,622.8260676727848,424.34305433827717,622.8260676727848,424.34305433827717,31.695558996753604,5790.551976092031,0.006802444821440178,0.00854573123471311,24101013948.03613,0.6706827309236948,0.812
2023-11-07,SPY,transformer,0.00284199554427769,-0.002889332827180624,-0.01723567582666874,0.010687216185033321,624.598654230431,423.118755530582,624.598654230431,423.118755530582,31.153945411208763,5852.7689768994505,0.006802444821440178,0.00854573123471311,24101013948.03613,0.6706827309236948,0.812
2023-11-08,SPY,transformer,0.0007321314630714296,-0.0011965554440394044,-0.013517762534320354,0.011315750889480114,625.0561099954307,422.6127698180413,625.0561099954307,422.6127698180413,30.735648218211395,5919.373237352767,0.006802444821440178,0.00854573123471311,24101013948.03613,0.6706827309236948,0.812
2023-11-09,SPY,transformer,-0.007829319807058255,-0.0009065712220035493,-0.013202028349041939,0.010489894077181816,620.181453336521,422.22981105184647,620.181453336521,422.22981105184647,30.332541376013094,5981.79382455901,0.006802444821440178,0.00854573123471311,24101013948.03613,0.6706827309236948,0.812
2023-11-10,SPY,transformer,0.01548430309641447,-0.0008423496037721634,-0.0136060556396842,0.011968369595706463,629.8592646517814,421.8743040171323,629.8592646517814,421.8743040171323,29.92262975682562,6053.816162242961,0.006802444821440178,0.00854573123471311,24101013948.03613,0.6706827309236948,0.812
2023-11-13,SPY,transformer,-0.000953639754326823,-0.0014643569011241198,-0.011532465927302837,0.008253593929111958,629.258892132429,421.256977866976,629.258892132429,421.256977866976,29.57953074630145,6103.988903780963,0.006802444821440178,0.00854573123471311,24101013948.03613,0.6706827309236948,0.812
2023-11-14,SPY,transformer,0.019214937613587866,-0.001199432648718357,-0.013928650878369808,0.010886295698583126,641.4669756553943,420.75201333162744,641.4669756553943,420.75201333162744,29.17038394726699,6170.801927007839,0.006802444821440178,0.00854573123471311,24101013948.03613,0.6706827309236948,0.812
2023-11-15,SPY,transformer,0.002114807358866951,-0.0024255942553281784,-0.013441295363008976,0.009324808605015278,642.8249901994229,419.73268655048184,642.8249901994229,419.73268655048184,28.780919042374318,6228.612589019903,0.006802444821440178,0.00854573123471311,24101013948.03613,0.6706827309236948,0.812
2023-11-16,SPY,transformer,0.0012223852980768682,-0.0022234844509512186,-0.015091443434357643,0.010400161147117615,643.6112504752757,418.80046517559794,643.6112504752757,418.80046517559794,28.349835248312342,6293.729097841375,0.006802444821440178,0.00854573123471311,24101013948.03613,0.6706827309236948,0.812
2023-11-17,SPY,transformer,0.0012430303845870662,-0.001971233170479536,-0.015323217958211899,0.01304159127175808,644.4117762513342,417.9757306923001,644.4117762513342,417.9757306923001,27.918736410556143,6376.34668672704,0.006802444821440178,0.00854573123471311,24101013948.03613,0.6706827309236948,0.812
2023-11-20,SPY,transformer,0.007668124752286348,-0.0017201036680489779,-0.012826962396502495,0.009348282590508461,649.3722004130086,417.25738074563543,649.3722004130086,417.25738074563543,27.562911479189484,6436.234242136372,0.006802444821440178,0.00854573123471311,24101013948.03613,0.6706827309236948,0.812
2023-11-21,SPY,transformer,-0.0021817926592202913,-0.0011910457396879792,-0.01216797437518835,0.010047285817563534,647.9569493666265,416.76069243031117,647.9569493666265,416.76069243031117,27.22955848174227,6501.227210002183,0.006802444821440178,0.00854573123471311,24101013948.03613,0.6706827309236948,0.812
2023-11-22,SPY,transformer,0.0038533997022272832,-0.0007678986876271665,-0.014677796512842178,0.013778261840343475,650.4586033231548,416.44079166744814,650.4586033231548,416.44079166744814,26.832807644827742,6591.422487061267,0.006802444821440178,0.00854573123471311,24101013948.03613,0.6706827309236948,0.812
2023-11-24,SPY,transformer,0.0006151656456205639,-0.0013520503416657448,-0.012076115235686302,0.00860535353422165,650.8588662111839,415.8781309813416,650.8588662111839,415.8781309813416,26.5107205376728,6648.388427950025,0.006802444821440178,0.00854573123471311,24101013948.03613,0.6706827309236948,0.812
2023-11-27,SPY,transformer,-0.0018025831074993844,-0.0024062744341790676,-0.014820585958659649,0.010012333281338215,649.6866957982731,414.87861842827976,649.6866957982731,414.87861842827976,26.120712833801925,6715.288337397658,0.006802444821440178,0.00854573123471311,24101013948.03613,0.6706827309236948,0.812
2023-11-28,SPY,transformer,0.0009896124396359233,-0.0006321729742921889,-0.014924516901373863,0.012926997616887093,650.329952069008,414.61642009983274,650.329952069008,414.61642009983274,25.733767876860124,6802.66001038662,0.006802444821440178,0.00854573123471311,24101013948.03613,0.6706827309236948,0.812
2023-11-29,SPY,transformer,-0.0007036685470761965,-0.00077493378194049,-0.013654504902660847,0.010952179320156574,649.8724963040079,414.29524911439523,649.8724963040079,414.29524911439523,25.3847735778366,6877.573050361727,0.006802444821440178,0.00854573123471311,24101013948.03613,0.6706827309236948,0.812
2023-11-30,SPY,transformer,0.003929728299914877,-0.00026762715424411,-0.012815997004508972,0.012807531282305717,652.4313431375068,414.18439810232775,652.4313431375068,414.18439810232775,25.061517922605308,6966.224018292224,0.006802444821440178,0.00854573123471311,24101013948.03613,0.6706827309236948,0.812
2023-12-01,SPY,transformer,0.005898459934950831,-0.0021757318172603846,-0.0128005500882864,0.00876523181796074,656.2910552634464,413.2842245748483,656.2910552634464,413.2842245748483,24.742761089052777,7027.552740527773,0.006802444821440178,0.00854573123471311,24101013948.03613,0.6706827309236948,0.812
2023-12-04,SPY,transformer,-0.005263235464555216,-0.002016465412452817,-0.014927747659385204,0.010276501066982746,652.8459151511244,412.451680788206,652.8459151511244,412.451680788206,24.376150561532402,7100.143740723124,0.006802444821440178,0.00854573123471311,24101013948.03613,0.6706827309236948,0.812
2023-12-05,SPY,transformer,-0.00019708162213514347,0.0003346499870531261,-0.012735649012029171,0.013183028437197208,652.7172638969774,412.58974473393494,652.7172638969774,412.58974473393494,24.06767280036385,7194.364486414609,0.006802444821440178,0.00854573123471311,24101013948.03613,0.6706827309236948,0.812
2023-12-06,SPY,transformer,-0.004037918727864448,-0.0005233859410509467,-0.01077352836728096,0.009678170084953308,650.0869586863022,412.3738492379826,650.0869586863022,412.3738492379826,23.80977028447269,7264.331213810405,0.006802444821440178,0.00854573123471311,24101013948.03613,0.6706827309236948,0.812
2023-12-07,SPY,transformer,0.007601436708841672,-0.0002899282262660563,-0.010631890036165714,0.010954714380204678,655.0473828479766,412.25431963135156,655.0473828479766,412.25431963135156,23.557967856000428,7344.34737431714,0.006802444821440178,0.00854573123471311,24101013948.03613,0.6706827309236948,0.812
2023-12-08,SPY,transformer,0.004289938682770512,-0.0015484588220715523,-0.015970496460795403,0.01141122356057167,657.8635321897696,411.61644801526757,657.8635321897696,411.61644801526757,23.184724133577163,7428.635775297092,0.006802444821440178,0.00854573123471311,24101013948.03613,0.6706827309236948,0.812
2023-12-11,SPY,transformer,0.003882020560905879,-0.0023045334964990616,-0.014128431677818298,0.008185077458620071,660.4223353978856,410.6689597308048,660.4223353978856,410.6689597308048,22.859463653256952,7489.689103364908,0.006802444821440178,0.00854573123471311,24101013948.03613,0.6706827309236948,0.812
2023-12-12,SPY,transformer,0.004556834710761382,-0.002076706849038601,-0.015882033854722977,0.011518415063619614,663.4386379963845,409.81701068613427,663.4386379963845,409.81701068613427,22.499276066969347,7576.457130484927,0.006802444821440178,0.00854573123471311,24101013948.03613,0.6706827309236948,0.812
2023-12-13,SPY,transformer,0.013695899627010042,-0.0012183991493657231,-0.013515135273337364,0.01275763288140297,672.5875351694685,409.31799155737616,672.5875351694685,409.31799155737616,22.19724088693239,7673.733667758065,0.006802444821440178,0.00854573123471311,24101013948.03613,0.6706827309236948,0.812
2023-12-14,SPY,transformer,0.003204233465814398,-0.002093814080581069,-0.016375329345464706,0.011908870190382004,674.7461191149383,408.461843138012,674.7461191149383,408.461843138012,21.8367140179045,7765.665432679613,0.006802444821440178,0.00854573123471311,24101013948.03613,0.6706827309236948,0.812
2023-12-15,SPY,transformer,-0.0056940753497524595,-0.0018119950545951724,-0.014216192066669464,0.012094888836145401,670.9149816147925,407.7223753048726,670.9149816147925,407.7223753048726,21.528475007902237,7860.1602879691645,0.006802444821440178,0.00854573123471311,24101013948.03613,0.6706827309236948,0.812
2023-12-18,SPY,transformer,0.005609309688445641,0.0006204270175658166,-0.013154691085219383,0.015879515558481216,674.6889262379676,407.97540926304987,674.6889262379676,407.97540926304987,21.24712890975445,7985.971831656225,0.006802444821440178,0.00854573123471311,24101013948.03613,0.6706827309236948,0.812
2023-12-19,SPY,transformer,0.0060624706430893955,-0.0005304369842633605,-0.013671853579580784,0.011820788495242596,678.7916317466128,407.75905887355657,678.7916317466128,407.75905887355657,20.958617712629987,8080.932129987491,0.006802444821440178,0.00854573123471311,24101013948.03613,0.6706827309236948,0.812
2023-12-20,SPY,transformer,-0.013954179408550985,-0.002749982988461852,-0.0148118045181036,0.008071204647421837,669.3854320652348,406.6392609953782,669.3854320652348,406.6392609953782,20.650469910803128,8146.418771656353,0.006802444821440178,0.00854573123471311,24101013948.03613,0.6706827309236948,0.812
2023-12-21,SPY,transformer,0.009437245558765973,0.0016347015043720603,-0.009857124648988247,0.013534530065953732,675.7324890221145,407.30453433010797,675.7324890221145,407.30453433010797,20.447915250963767,8257.426561858314,0.006802444821440178,0.00854573123471311,24101013948.03613,0.6706827309236948,0.812
2023-12-22,SPY,transformer,0.002007675812166575,-0.000678609823808074,-0.012437427416443825,0.008580194786190987,677.0905035661428,407.02823503794826,677.0905035661428,407.02823503794826,20.195170961962653,8328.58215006204,0.006802444821440178,0.00854573123471311,24101013948.03613,0.6706827309236948,0.812
2023-12-26,SPY,transformer,0.004213637385105742,-6.411788490368053e-05,-0.012356174178421497,0.013163014315068722,679.949536659318,407.0021304458097,679.949536659318,407.0021304458097,19.947170907139476,8438.935807951078,0.006802444821440178,0.00854573123471311,24101013948.03613,0.6706827309236948,0.812
2023-12-27,SPY,transformer,0.0018064529064549342,-0.0008730958215892315,-0.013187814503908157,0.012582490220665932,681.1789435745825,406.64692698452103,681.1789435745825,406.64692698452103,19.68583863009595,8545.789055328632,0.006802444821440178,0.00854573123471311,24101013948.03613,0.6706827309236948,0.812
2023-12-28,SPY,transformer,0.0003776598313376663,-0.0027468004263937473,-0.016496136784553528,0.0100662587210536,681.4362460828764,405.53149212454025,681.4362460828764,405.53149212454025,19.363762180717437,8632.247264550906,0.006802444821440178,0.00854573123471311,24101013948.03613,0.6706827309236948,0.812
2023-12-29,SPY,transformer,-0.0028991719525495417,-0.00022348023776430637,-0.009990456514060497,0.009645664133131504,679.4635062685243,405.4408729441008,679.4635062685243,405.4408729441008,19.17127198872279,8715.913692144652,0.006802444821440178,0.00854573123471311,24101013948.03613,0.6706827309236948,0.812
2023-01-03,SPY,ensemble,,-0.0002978921184239875,-0.02578246063092946,0.025186676394081488,544.3885017415838,546.5271720526066,544.3885017415838,546.5271720526066,532.7751394792084,560.6341731406482,0.006772546346525093,0.00848798942091645,46518030288.6861,0.5662650602409639,1.0
2023-01-04,SPY,ensemble,,0.0011198960475392301,-0.024364672464966243,0.026604464560044706,548.5912838785821,547.139568518648,548.5912838785821,547.139568518648,519.9511087580216,575.7497241497208,0.006772546346525093,0.00848798942091645,46518030288.6861,0.5662650602409639,1.0
2023-01-05,SPY,ensemble,,0.00048025570378509055,-0.025004312808720383,0.025964824216290566,542.3299944244671,547.4023985249487,542.3299944244671,547.4023985249487,507.1112830631401,590.8947324162727,0.006772546346525093,0.00848798942091645,46518030288.6861,0.5662650602409639,1.0
2023-01-06,SPY,ensemble,,0.0018783818551973673,-0.02360618665730811,0.02736295036770284,554.7667622045495,548.4315955677436,554.7667622045495,548.4315955677436,495.2805085829714,607.2865978060064,0.006772546346525093,0.00848798942091645,46518030288.6861,0.5662650602409639,1.0
2023-01-09,SPY,ensemble,,-0.0024020678417853852,-0.02788663635429086,0.02308250067072009,554.452266819285,547.1158066084515,554.452266819285,547.1158066084515,481.65960444337406,621.4673248065749,0.006772546346525093,0.00848798942091645,46518030288.6861,0.5662650602409639,1.0
2023-01-10,SPY,ensemble,,-0.0011044156031969122,-0.026588984115702388,0.02438015290930856,558.3405535710186,546.511896919903,558.3405535710186,546.511896919903,469.02152625906604,636.805000950034,0.006772546346525093,0.00848798942091645,46518030288.6861,0.5662650602409639,1.0
2023-01-11,SPY,ensemble,,-0.0008936389826071736,-0.02637820749511265,0.0245909295298983,565.402368801192,546.0237307390086,565.402368801192,546.0237307390086,456.8113286722301,652.6587582596214,0.006772546346525093,0.00848798942091645,46518030288.6861,0.5662650602409639,1.0
2023-01-12,SPY,ensemble,,-0.0014454902309915308,-0.026930058743497007,0.024039078281513943,567.4608761183088,545.2350289380389,567.4608761183088,545.2350289380389,444.67354195744485,668.538171784266,0.006772546346525093,0.00848798942091645,46518030288.6861,0.5662650602409639,1.0
2023-01-13,SPY,ensemble,,-0.0005998049240784878,-0.02608437343658396,0.02488476358842699,569.6623438151609,544.9080923417937,569.6623438151609,544.9080923417937,433.2244811693792,685.3833105139854,0.006772546346525093,0.00848798942091645,46518030288.6861,0.5662650602409639,1.0
2023-01-17,SPY,ensemble,,-0.0003898720517070528,-0.025874440564212526,0.025094696460798423,568.618781031014,544.6956893135333,568.618781031014,544.6956893135333,422.158816376104,702.8004211865592,0.006772546346525093,0.00848798942091645,46518030288.6861,0.5662650602409639,1.0
2023-01-18,SPY,ensemble,,-0.0003063713717145784,-0.025790939884220054,0.025178197140790896,559.6414188634592,544.5288357089203,559.6414188634592,544.5288357089203,411.4101486462973,720.7203174111124,0.006772546346525093,0.00848798942091645,46518030288.6861,0.5662650602409639,1.0
2023-01-19,SPY,ensemble,,-0.00010641983696520099,-0.025590988349470677,0.025378148675540273,555.5673316059908,544.4708901223358,555.5673316059908,544.4708901223358,401.0153304509733,739.2449307542159,0.006772546346525093,0.00848798942091645,46518030288.6861,0.5662650602409639,1.0
2023-01-20,SPY,ensemble,,-0.0016220640538408052,-0.02710663256634628,0.02386250445866467,565.9170174431625,543.5884393524263,565.9170174431625,543.5884393524263,390.2911599510612,757.097320458547,0.006772546346525093,0.00848798942091645,46518030288.6861,0.5662650602409639,1.0
2023-01-23,SPY,ensemble,,-0.0007153090208604953,-0.02619987753336597,0.02476925949164498,572.7072210394537,543.1997446731008,572.7072210394537,543.1997446731008,380.1983715965515,776.0842356422087,0.006772546346525093,0.00848798942091645,46518030288.6861,0.5662650602409639,1.0
2023-01-24,SPY,ensemble,,-0.0023246747066719654,-0.02780924321917744,0.02315989380583351,572.092539394513,541.9384485855602,572.092539394513,541.9384485855602,369.77100321626585,794.2680185864953,0.006772546346525093,0.00848798942091645,46518030288.6861,0.5662650602409639,1.0
2023-01-25,SPY,ensemble,,-0.00011860818810326048,-0.025603176700608736,0.025365960324402213,572.3069581514244,541.8741740599279,572.3069581514244,541.8741740599279,360.42385976465806,814.6730926883029,0.006772546346525093,0.00848798942091645,46518030288.6861,0.5662650602409639,1.0
2023-01-26,SPY,ensemble,,-0.0014098312304183524,-0.026894399742923826,0.024074737282087123,578.5968222313334,541.110761194479,578.5968222313334,541.110761194479,350.8596645300712,834.5241288212353,0.006772546346525093,0.00848798942091645,46518030288.6861,0.5662650602409639,1.0
2023-01-27,SPY,ensemble,,-0.001232607849799507,-0.02671717636230498,0.02425196066270597,579.926262149568,540.4441947145516,579.926262149568,540.4441947145516,341.60980033294373,855.0103870439016,0.006772546346525093,0.00848798942091645,46518030288.6861,0.5662650602409639,1.0
2023-01-30,SPY,ensemble,,-0.001452934519060482,-0.026937503031565956,0.024031633993444993,572.6500281624828,539.659534856158,572.6500281624828,539.659534856158,332.53052086902386,875.8065659659388,0.006772546346525093,0.00848798942091645,46518030288.6861,0.5662650602409639,1.0
2023-01-31,SPY,ensemble,,-0.0002976101259455245,-0.025782178638451,0.02518695838655995,581.0699015620677,539.4989506109557,581.0699015620677,539.4989506109557,324.06673581889265,898.1456148988495,0.006772546346525093,0.00848798942091645,46518030288.6861,0.5662650602409639,1.0
2023-02-01,SPY,ensemble,,-0.0018940763712673905,-0.027378644883772865,0.023590492141238085,587.245379888035,538.4780655186497,587.245379888035,538.4780655186497,315.3145854523698,919.5852029131943,0.006772546346525093,0.00848798942091645,46518030288.6861,0.5662650602409639,1.0
2023-02-02,SPY,ensemble,,8.562973582700126e-07,-0.025483712215147204,0.025485424809863745,595.7939045417669,538.4785266161922,595.7939045417669,538.4785266161922,307.38072082355166,943.3224141379796,0.006772546346525093,0.00848798942091645,46518030288.6861,0.5662650602409639,1.0
2023-02-03,SPY,ensemble,,-0.0007012146151033001,-0.026185783127608775,0.024783353897402174,589.4611567104756,538.1010699579386,589.4611567104756,538.1010699579386,299.4361868084172,966.9932167388226,0.006772546346525093,0.00848798942091645,46518030288.6861,0.5662650602409639,1.0
2023-02-06,SPY,ensemble,,-0.0015510098948546196,-0.027035578407360095,0.023933558617650855,585.8587470928298,537.2671167760026,585.8587470928298,537.2671167760026,291.4492090660055,990.4159825783772,0.006772546346525093,0.00848798942091645,46518030288.6861,0.5662650602409639,1.0
2023-02-07,SPY,ensemble,,-0.0010859548454812738,-0.02657052335798675,0.0243986136670242,593.5209784677385,536.683985631575,593.5209784677385,536.683985631575,283.80722638193754,1014.8779652487513,0.006772546346525093,0.00848798942091645,46518030288.6861,0.5662650602409639,1.0
2023-02-08,SPY,ensemble,,-0.0015137077203338433,-0.02699827623283932,0.02397086079217163,587.0309611311236,535.872217484002,587.0309611311236,535.872217484002,276.24743041053955,1039.499383014951,0.006772546346525093,0.00848798942091645,46518030288.6861,0.5662650602409639,1.0
2023-02-09,SPY,ensemble,,0.00012173109415678819,-0.025362837418348688,0.02560629960666226,581.9418857153023,535.9374537659261,581.9418857153023,535.9374537659261,269.32911663952154,1066.4608339897395,0.006772546346525093,0.00848798942091645,46518030288.6861,0.5662650602409639,1.0
2023-02-10,SPY,ensemble,,0.0003507030029379402,-0.025133865509567536,0.025835271515443414,583.2999438847137,536.1254416023713,583.2999438847137,536.1254416023713,262.6441957038738,1094.37213475454,0.006772546346525093,0.00848798942091645,46518030288.6861,0.5662650602409639,1.0
2023-02-13,SPY,ensemble,,-0.0007119529216211698,-0.026196521434126645,0.024772615590884305,590.1472967325926,535.743881370445,590.1472967325926,535.743881370445,255.85317038344755,1121.8211835941286,0.006772546346525093,0.00848798942091645,46518030288.6861,0.5662650602409639,1.0
2023-02-14,SPY,ensemble,,0.0008545315457225294,-0.024630036966782946,0.026339100058228003,589.8757287240933,536.2018870797967,589.8757287240933,536.2018870797967,249.62846932299033,1151.761513771601,0.006772546346525093,0.00848798942091645,46518030288.6861,0.5662650602409639,1.0
2023-02-15,SPY,ensemble,,5.816180353547916e-05,-0.025426406708969996,0.025542730316040953,591.7912756614747,536.2330744555566,591.7912756614747,536.2330744555566,243.36132742500564,1181.5595895312033,0.006772546346525093,0.00848798942091645,46518030288.6861,0.5662650602409639,1.0
2023-02-16,SPY,ensemble,,0.0004799976338744201,-0.025004570878631054,0.025964566146379896,583.6430138957722,536.4905268458265,583.6430138957722,536.4905268458265,237.35162993400772,1212.640020527086,0.006772546346525093,0.00848798942091645,46518030288.6861,0.5662650602409639,1.0
2023-02-17,SPY,ensemble,,2.6956543585710492e-05,-0.025457611968919765,0.025511525056091184,582.1849227233907,536.5049889710203,582.1849227233907,536.5049889710203,231.3854883110682,1243.9743101081333,0.006772546346525093,0.00848798942091645,46518030288.6861,0.5662650602409639,1.0
2023-02-21,SPY,ensemble,,-0.0022102600381481395,-0.027694828550653614,0.023274308474357335,570.5057533426016,535.3204829490105,570.5057533426016,535.3204829490105,225.06523008371778,1273.266507483927,0.006772546346525093,0.00848798942091645,46518030288.6861,0.5662650602409639,1.0
2023-02-22,SPY,ensemble,,-0.0004289975379637716,-0.025913566050469246,0.025055570974541704,569.7195366921316,535.0908810326536,569.7195366921316,535.0908810326536,219.30790595072543,1305.5719524704814,0.006772546346525093,0.00848798942091645,46518030288.6861,0.5662650602409639,1.0
2023-02-23,SPY,ensemble,,-0.000393843986533931,-0.025878412499039407,0.025090724525971542,572.750104790836,534.8801802012609,572.750104790836,534.8801802012609,213.70537051875564,1338.7441152164413,0.006772546346525093,0.00848798942091645,46518030288.6861,0.5662650602409639,1.0
2023-02-24,SPY,ensemble,,0.0007460464226287551,-0.02473852208987672,0.02623061493513423,566.6317757164563,535.2793745364725,566.6317757164563,535.2793745364725,208.48347281693816,1374.3248082582716,0.006772546346525093,0.00848798942091645,46518030288.6861,0.5662650602409639,1.0
2023-02-27,SPY,ensemble,,0.0007995924805034146,-0.02468497603200206,0.026284160993008888,568.5616317794262,535.7075510598718,568.5616317794262,535.7075510598718,203.4000633358307,1410.9267005916936,0.006772546346525093,0.00848798942091645,46518030288.6861,0.5662650602409639,1.0
2023-02-28,SPY,ensemble,,0.0001922073450876129,-0.02529236116741786,0.02567677585759309,566.4602407109271,535.8105278821381,566.4602407109271,535.8105278821381,198.3201083037034,1447.623865501764,0.006772546346525093,0.00848798942091645,46518030288.6861,0.5662650602409639,1.0
2023-03-01,SPY,ensemble,,0.000411852546964565,-0.02507271596554091,0.02589642105947004,564.2873476398689,536.0312482617421,564.2873476398689,536.0312482617421,193.4095029130357,1485.6017661254,0.006772546346525093,0.00848798942091645,46518030288.6861,0.5662650602409639,1.0
2023-03-02,SPY,ensemble,,-0.001119177511548058,-0.026603746024053535,0.024365391000957415,568.6759739079848,535.4316697231928,568.6759739079848,535.4316697231928,188.33192636893423,1522.2436177972215,0.006772546346525093,0.00848798942091645,46518030288.6861,0.5662650602409639,1.0
2023-03-03,SPY,ensemble,,0.00030469144031223454,-0.02517987707219324,0.02578925995281771,577.7962964552751,535.5948360262553,577.7962964552751,535.5948360262553,183.64895733102657,1562.0117453807482,0.006772546346525093,0.00848798942091645,46518030288.6861,0.5662650602409639,1.0
2023-03-06,SPY,ensemble,,-0.002001603650146935,-0.02748617216265241,0.02348296486235854,578.1965593433043,534.523859640152,578.1965593433043,534.523859640152,178.6698916658146,1599.1264888603037,0.006772546346525093,0.00848798942091645,46518030288.6861,0.5662650602409639,1.0
2023-03-07,SPY,ensemble,,-2.9451254889837738e-05,-0.025514019767395313,0.025455117257615636,569.333539304308,534.5081174735315,569.333539304308,534.5081174735315,174.16896701769866,1640.3549526481743,0.006772546346525093,0.00848798942091645,46518030288.6861,0.5662650602409639,1.0
2023-03-08,SPY,ensemble,,0.0010929047911867067,-0.02439166372131877,0.02657747330369218,570.2627599598962,535.092603291544,570.2627599598962,535.092603291544,169.97208864331608,1684.5359516536193,0.006772546346525093,0.00848798942091645,46518030288.6861,0.5662650602409639,1.0
2023-03-09,SPY,ensemble,,-0.0006807020824773992,-0.026165270594982873,0.024803866430028076,559.7414954918124,534.728488583045,559.7414954918124,534.728488583045,165.5824020556512,1726.8414575010631,0.006772546346525093,0.00848798942091645,46518030288.6861,0.5662650602409639,1.0
2023-03-10,SPY,ensemble,,-0.001018959672704383,-0.026503528185209856,0.024465608839801093,551.664735728669,534.1838993217,551.664735728669,534.1838993217,161.25152940922024,1769.6107400654523,0.006772546346525093,0.00848798942091645,46518030288.6861,0.5662650602409639,1.0
2023-03-13,SPY,ensemble,,0.0004207037095845403,-0.025063864802920933,0.025905272222090017,550.8784754528161,534.4086797494095,550.8784754528161,534.4086797494095,157.26017125197998,1816.0519266756892,0.006772546346525093,0.00848798942091645,46518030288.6861,0.5662650602409639,1.0
2023-03-14,SPY,ensemble,,0.00040023647317860827,-0.025084332039326866,0.025884804985684084,559.9845324999008,534.6226124035982,559.9845324999008,534.6226124035982,153.36446970546743,1863.6737586101965,0.006772546346525093,0.00848798942091645,46518030288.6861,0.5662650602409639,1.0
2023-03-15,SPY,ensemble,,-0.0014742172817868828,-0.026958785794292357,0.024010351230718593,556.482199510608,533.8350431758782,556.482199510608,533.8350431758782,149.2851831816971,1908.9627466628012,0.006772546346525093,0.00848798942091645,46518030288.6861,0.5662650602409639,1.0
2023-03-16,SPY,ensemble,,-0.0005884076863500048,-0.02607297619885548,0.02489616082615547,566.2457783286329,533.5210229282543,566.2457783286329,533.5210229282543,145.4431780550234,1957.0851360159743,0.006772546346525093,0.00848798942091645,46518030288.6861,0.5662650602409639,1.0
2023-03-17,SPY,ensemble,,-0.0012036131039525164,-0.02668818161645799,0.02428095540855296,557.497144043578,532.8792563306434,557.497144043578,532.8792563306434,141.61290298553476,2005.186645008649,0.006772546346525093,0.00848798942091645,46518030288.6861,0.5662650602409639,1.0
2023-03-20,SPY,ensemble,,0.0001475784939752641,-0.02533699001853021,0.02563214700648074,562.8578310932816,532.9579036519473,562.8578310932816,532.9579036519473,138.0699319233331,2057.2482589677916,0.006772546346525093,0.00848798942091645,46518030288.6861,0.5662650602409639,1.0
2023-03-21,SPY,ensemble,,-0.0014970221260607744,-0.026981590638566248,0.0239875463864447,570.248450834308,532.1606507794085,570.248450834308,532.1606507794085,134.3943944462849,2107.193230824458,0.006772546346525093,0.00848798942091645,46518030288.6861,0.5662650602409639,1.0
2023-03-22,SPY,ensemble,,-0.0019923947415616565,-0.027476963254067132,0.023492173770943817,560.5277121422824,531.1014322382481,560.5277121422824,531.1014322382481,130.75191589786567,2157.281821750521,0.006772546346525093,0.00848798942091645,46518030288.6861,0.5662650602409639,1.0
2023-03-23,SPY,ensemble,,-0.0010848235552899713,-0.026569392067795447,0.024399744957215502,562.0430398170175,530.5255932926066,562.0430398170175,530.5255932926066,127.32366196614646,2210.5663691428213,0.006772546346525093,0.00848798942091645,46518030288.6861,0.5662650602409639,1.0
2023-03-24,SPY,ensemble,,-0.0006308371694684873,-0.02611540568197396,0.024853731343036988,565.7311733120451,530.1910235696071,565.7311733120451,530.1910235696071,124.04159566010513,2266.1956255710875,0.006772546346525093,0.00848798942091645,46518030288.6861,0.5662650602409639,1.0
2023-03-27,SPY,ensemble,,-0.0017392508806472293,-0.027223819393152705,0.023745317631858245,566.7890015963975,529.269689812479,566.7890015963975,529.269689812479,120.7102612312405,2320.6511335235155,0.006772546346525093,0.00848798942091645,46518030288.6861,0.5662650602409639,1.0
2023-03-28,SPY,ensemble,,-0.0005957631866816623,-0.026080331699187137,0.024888805325823812,565.5167545551336,528.9544643246566,565.5167545551336,528.9544643246566,117.60279558157174,2379.1341349102063,0.006772546346525093,0.00848798942091645,46518030288.6861,0.5662650602409639,1.0
2023-03-29,SPY,ensemble,,-0.002069208096789195,-0.02755377660929467,0.02341536041571628,573.7364746980123,527.8610790751707,573.7364746980123,527.8610790751707,114.40662985275544,2435.4997534759805,0.006772546346525093,0.00848798942091645,46518030288.6861,0.5662650602409639,1.0
2023-03-30,SPY,ensemble,,-0.0018712187282247644,-0.02735578724073024,0.02361334978428071,577.0958473075698,526.8742591040525,577.0958473075698,526.8742591040525,111.31936621545546,2493.694442790522,0.006772546346525093,0.00848798942091645,46518030288.6861,0.5662650602409639,1.0
2023-03-31,SPY,ensemble,,0.0005316937859782831,-0.024952874726527192,0.026016262298483757,585.2297999476838,527.1544693600348,585.2297999476838,527.1544693600348,108.57599782367521,2559.422341368204,0.006772546346525093,0.00848798942091645,46518030288.6861,0.5662650602409639,1.0
2023-04-03,SPY,ensemble,,-0.0014411452142298927,-0.026925713726735367,0.024043423298275583,587.4598422703298,526.3953103799137,587.4598422703298,526.3953103799137,105.69151917885218,2621.705364278735,0.006772546346525093,0.00848798942091645,46518030288.6861,0.5662650602409639,1.0
2023-04-04,SPY,ensemble,,-0.0017887874064605527,-0.027273355918966027,0.023695781106044922,584.2005462891252,525.4545427453872,584.2005462891252,525.4545427453872,102.84791039853415,2684.5705996540996,0.006772546346525093,0.00848798942091645,46518030288.6861,0.5662650602409639,1.0
2023-04-05,SPY,ensemble,,3.5184357932409915e-05,-0.025449384154573065,0.025519752870437885,582.6709531141846,525.4730308513406,582.6709531141846,525.4730308513406,100.26351948072485,2753.961835592425,0.006772546346525093,0.00848798942091645,46518030288.6861,0.5662650602409639,1.0
2023-04-06,SPY,ensemble,,4.967443712403173e-05,-0.025434894075381444,0.025534242949629506,584.943879188213,525.4991340766982,584.943879188213,525.4991340766982,97.74548618677723,2825.1876448563444,0.006772546346525093,0.00848798942091645,46518030288.6861,0.5662650602409639,1.0
2023-04-10,SPY,ensemble,,0.0007679933549606592,-0.024716575157544815,0.026252561867466134,585.5442517075654,525.9028689327058,585.5442517075654,525.9028689327058,95.35916486054764,2900.338189371832,0.006772546346525093,0.00848798942091645,46518030288.6861,0.5662650602409639,1.0
2023-04-11,SPY,ensemble,,0.001554707285516284,-0.02392986122698919,0.027039275798021758,585.7015212128891,526.7211298678088,585.7015212128891,526.7211298678088,93.10431994155839,2979.8311058323316,0.006772546346525093,0.00848798942091645,46518030288.6861,0.5662650602409639,1.0
2023-04-12,SPY,ensemble,,-0.000410259705182756,-0.02589482821768823,0.02507430880732272,583.3142093849193,526.505081733308,583.3142093849193,526.505081733308,90.72434705276045,3055.4929310187067,0.006772546346525093,0.00848798942091645,46518030288.6861,0.5662650602409639,1.0
2023-04-13,SPY,ensemble,,-0.0010120165053056477,-0.026496585017811124,0.024472552007199826,591.0622082625927,525.9725194268418,591.0622082625927,525.9725194268418,88.3520296256793,3131.1911267266787,0.006772546346525093,0.00848798942091645,46518030288.6861,0.5662650602409639,1.0
2023-04-14,SPY,ensemble,,-0.0006376284175777379,-0.026122196930083212,0.024846940094927737,589.6183825904167,525.6372513011917,589.6183825904167,525.6372513011917,86.0739640856215,3209.96625275246,0.006772546346525093,0.00848798942091645,46518030288.6861,0.5662650602409639,1.0
2023-04-17,SPY,ensemble,,-0.0015077511235488425,-0.026992319636054318,0.023976817388956632,591.7340827845042,524.8453183139148,591.7340827845042,524.8453183139148,83.7817040168095,3287.8611313607016,0.006772546346525093,0.00848798942091645,46518030288.6861,0.5662650602409639,1.0
2023-04-18,SPY,ensemble,,-0.0011578877040168223,-0.0266424562165223,0.02432668080848865,592.120036546945,524.2379580686658,592.120036546945,524.2379580686658,81.57902629873116,3368.824674048344,0.006772546346525093,0.00848798942091645,46518030288.6861,0.5662650602409639,1.0
2023-04-19,SPY,ensemble,,-0.000617775142305895,-0.02610234365481137,0.02486679337019958,592.0200035439749,523.9141969056138,592.0200035439749,523.9141969056138,79.4771734983138,3453.646797405019,0.006772546346525093,0.00848798942091645,46518030288.6861,0.5662650602409639,1.0
2023-04-20,SPY,ensemble,,-0.00046115810636048816,-0.025945726618865964,0.025023410406144985,588.7892821885644,523.6726453276884,588.7892821885644,523.6726453276884,77.44160186584946,3541.1591813344403,0.006772546346525093,0.00848798942091645,46518030288.6861,0.5662650602409639,1.0
2023-04-21,SPY,ensemble,,-0.0016837638319242168,-0.027168332344429693,0.023800804680581256,589.2467379535643,522.7916461731143,589.2467379535643,522.7916461731143,75.36596614016948,3626.4526192111293,0.006772546346525093,0.00848798942091645,46518030288.6861,0.5662650602409639,1.0
2023-04-24,SPY,ensemble,,-0.0003558751932618917,-0.025840443705767366,0.025128693319243584,589.861419598505,522.6056306961068,589.861419598505,522.6056306961068,73.44342279819007,3718.7352499318213,0.006772546346525093,0.00848798942091645,46518030288.6861,0.5662650602409639,1.0
2023-04-25,SPY,ensemble,,-0.0007695340590768517,-0.026254102571582328,0.02471503445342862,580.4980600431264,522.2036225631344,580.4980600431264,522.2036225631344,71.54032304338303,3811.789097635104,0.006772546346525093,0.00848798942091645,46518030288.6861,0.5662650602409639,1.0
2023-04-26,SPY,ensemble,,4.2858629331331434e-05,-0.025441709883174145,0.025527427141836805,578.0392898379804,522.2260039742442,578.0392898379804,522.2260039742442,69.74317312035505,3910.3468773392,0.006772546346525093,0.00848798942091645,46518030288.6861,0.5662650602409639,1.0
2023-04-27,SPY,ensemble,,-0.0014271720172259945,-0.02691174052973147,0.02405739649527948,589.5469242132403,521.4812292219616,589.5469242132403,521.4812292219616,67.8912933614437,4005.5603445800302,0.006772546346525093,0.00848798942091645,46518030288.6861,0.5662650602409639,1.0
2023-04-28,SPY,ensemble,,-0.001078044273357457,-0.026562612785862933,0.024406524239148016,594.578806752091,520.919352287658,594.578806752091,520.919352287658,66.11166366847257,4104.524928438587,0.006772546346525093,0.00848798942091645,46518030288.6861,0.5662650602409639,1.0
2023-05-01,SPY,ensemble,,0.00034862935668780737,-0.025135939155817667,0.025833197869193282,593.9784342327386,521.1009917269129,593.9784342327386,521.1009917269129,64.47059620240418,4211.939389024079,0.006772546346525093,0.00848798942091645,46518030288.6861,0.5662650602409639,1.0
2023-05-02,SPY,ensemble,,0.0005321124444382551,-0.02495245606806722,0.02601668095694373,587.302572765006,521.3783498357261,587.302572765006,521.3783498357261,62.881801087583014,4322.957977918086,0.006772546346525093,0.00848798942091645,46518030288.6861,0.5662650602409639,1.0
2023-05-03,SPY,ensemble,,0.0007008840239372016,-0.024783684488568273,0.026185452536442676,583.271325633537,521.7439036820136,583.271325633537,521.7439036820136,61.34251178864556,4437.651688722235,0.006772546346525093,0.00848798942091645,46518030288.6861,0.5662650602409639,1.0
2023-05-04,SPY,ensemble,,-0.00019560500034747157,-0.025680173512852945,0.025288963512158005,579.1400454990979,521.6418579462061,579.1400454990979,521.6418579462061,59.787280218760124,4551.306347536228,0.006772546346525093,0.00848798942091645,46518030288.6861,0.5662650602409639,1.0
2023-05-05,SPY,ensemble,,0.0007485687389449987,-0.024735999773560474,0.026233137251450475,589.861419598505,522.0324889228176,589.861419598505,522.0324889228176,58.32652319351542,4672.281229361014,0.006772546346525093,0.00848798942091645,46518030288.6861,0.5662650602409639,1.0
2023-05-08,SPY,ensemble,,-0.0009757914187268624,-0.026460359931232337,0.024508777093778612,590.0186454784458,521.52334255056,590.0186454784458,521.52334255056,56.80342216266571,4788.20793659635,0.006772546346525093,0.00848798942091645,46518030288.6861,0.5662650602409639,1.0
2023-05-09,SPY,ensemble,,-0.0007621835951974552,-0.026246752107702928,0.02472238491730802,587.431224019153,521.1259974585464,587.431224019153,521.1259974585464,55.3319124722941,4908.059257180878,0.006772546346525093,0.00848798942091645,46518030288.6861,0.5662650602409639,1.0
2023-05-10,SPY,ensemble,,-0.0014204583970277565,-0.026905026909533232,0.024064110115477717,590.1759149837696,520.3862851492041,590.1759149837696,520.3862851492041,53.863054317766995,5027.59988644134,0.006772546346525093,0.00848798942091645,46518030288.6861,0.5662650602409639,1.0
2023-05-11,SPY,ensemble,,0.00022779677528790332,-0.025256771737217572,0.025712365287793377,589.1466613252112,520.5048409696693,589.1466613252112,520.5048409696693,52.519683466371994,5158.547645214439,0.006772546346525093,0.00848798942091645,46518030288.6861,0.5662650602409639,1.0
2023-05-12,SPY,ensemble,,-0.0015485654569219508,-0.027033133969427425,0.023936003055583525,588.3747101749467,519.6994289303663,588.3747101749467,519.6994289303663,51.118930502151585,5283.512267909851,0.006772546346525093,0.00848798942091645,46518030288.6861,0.5662650602409639,1.0
2023-05-15,SPY,ensemble,,8.181555507723185e-05,-0.02540275295742824,0.025566384067582708,590.4046428662696,519.7419501670431,590.4046428662696,519.7419501670431,49.83672368063621,5420.334139428983,0.006772546346525093,0.00848798942091645,46518030288.6861,0.5662650602409639,1.0
2023-05-16,SPY,ensemble,,-0.0011954347695008517,-0.026680003282006325,0.024289133743004624,586.4591632375652,519.1210037930357,586.4591632375652,519.1210037930357,48.5246604832391,5553.601280160889,0.006772546346525093,0.00848798942091645,46518030288.6861,0.5662650602409639,1.0
2023-05-17,SPY,ensemble,,-0.0009702241192207936,-0.02645479263172627,0.02451434439328468,593.5781713447094,518.6175843287053,593.5781713447094,518.6175843287053,47.257782041052636,5691.4266213614055,0.006772546346525093,0.00848798942091645,46518030288.6861,0.5662650602409639,1.0
2023-05-18,SPY,ensemble,,-0.0010983397498824335,-0.02658290826238791,0.02438622876262304,599.2962375310598,518.048278723569,599.2962375310598,518.048278723569,46.01808315920857,5831.925205575385,0.006772546346525093,0.00848798942091645,46518030288.6861,0.5662650602409639,1.0
2023-05-19,SPY,ensemble,,-0.0004741911247191695,-0.025958759637224642,0.025010377387786307,598.4242097524423,517.8026830618657,598.4242097524423,517.8026830618657,44.838882312193626,5979.623147590227,0.006772546346525093,0.00848798942091645,46518030288.6861,0.5662650602409639,1.0
2023-05-22,SPY,ensemble,,-0.0003828569392994907,-0.025867425451804964,0.025101711573205985,598.6672467605307,517.6044766562375,598.6672467605307,517.6044766562375,43.69388872919934,6131.621653431326,0.006772546346525093,0.00848798942091645,46518030288.6861,0.5662650602409639,1.0
2023-05-23,SPY,ensemble,,-0.0009157343883466116,-0.026400302900852088,0.02456883412415886,591.9485015414158,517.1307053948268,591.9485015414158,517.1307053948268,42.55545050998392,6284.134306119285,0.006772546346525093,0.00848798942091645,46518030288.6861,0.5662650602409639,1.0
2023-05-24,SPY,ensemble,,-0.0010849296400159067,-0.02656949815252138,0.024399638872489568,587.6599519016529,516.5699592048659,587.6599519016529,516.5699592048659,41.439662153648015,6439.350826836462,0.006772546346525093,0.00848798942091645,46518030288.6861,0.5662650602409639,1.0
2023-05-25,SPY,ensemble,,-0.002120450025150321,-0.027605018537655797,0.023364118487355152,592.7490273174741,515.4757589303663,592.7490273174741,515.4757589303663,40.31136449999934,6591.571913792241,0.006772546346525093,0.00848798942091645,46518030288.6861,0.5662650602409639,1.0
2023-05-26,SPY,ensemble,,-0.00226529811549641,-0.027749866628001885,0.023219270397009065,600.4255241925882,514.3093742683482,600.4255241925882,514.3093742683482,39.208107919468915,6746.414109132634,0.006772546346525093,0.00848798942091645,46518030288.6861,0.5662650602409639,1.0
2023-05-30,SPY,ensemble,,-0.0009536855119524767,-0.02643825402445795,0.024530883000553,600.6542520750883,513.8191186814303,600.6542520750883,513.8191186814303,38.18509690313671,6913.956180136729,0.006772546346525093,0.00848798942091645,46518030288.6861,0.5662650602409639,1.0
2023-05-31,SPY,ensemble,,-0.0012401508082802528,-0.02672471932078573,0.02424441770422522,597.3234977167075,513.1823004430316,597.3234977167075,513.1823004430316,37.178126340695464,7083.629526529707,0.006772546346525093,0.00848798942091645,46518030288.6861,0.5662650602409639,1.0
2023-06-01,SPY,ensemble,,-0.0015626004653798112,-0.027047168977885287,0.023921968047125663,602.9986801516756,512.381027739125,602.9986801516756,512.381027739125,36.18604031373665,7255.1269857327015,0.006772546346525093,0.00848798942091645,46518030288.6861,0.5662650602409639,1.0
2023-06-02,SPY,ensemble,,-0.0005151482532860688,-0.025999716765791544,0.024969420259219405,611.7187398109365,512.1171435232504,611.7187398109365,512.1171435232504,35.25733881775345,7438.563926961881,0.006772546346525093,0.00848798942091645,46518030288.6861,0.5662650602409639,1.0
2023-06-05,SPY,ensemble,,-0.002714774126044706,-0.02819934263855018,0.02276979438646077,610.5465257726429,510.72874659724215,610.5465257726429,510.72874659724215,34.27699256352826,7609.881529639673,0.006772546346525093,0.00848798942091645,46518030288.6861,0.5662650602409639,1.0
2023-06-06,SPY,ensemble,,-0.0008690740376912498,-0.026353642550196725,0.024615494474814224,611.8759656908775,510.28507832148665,611.8759656908775,510.28507832148665,33.385468010966434,7799.5270598582865,0.006772546346525093,0.00848798942091645,46518030288.6861,0.5662650602409639,1.0
2023-06-07,SPY,ensemble,,-0.002353980594380849,-0.027838549106886323,0.023130587918124626,609.7602654967899,509.0852898429384,609.7602654967899,509.0852898429384,32.46888242099368,7982.03735422986,0.006772546346525093,0.00848798942091645,46518030288.6861,0.5662650602409639,1.0
2023-06-08,SPY,ensemble,,-0.0009025477168719775,-0.026387116229377453,0.024582020795633496,613.4484426172005,508.6260233630302,613.4484426172005,508.6260233630302,31.623327190147112,8180.683521583818,0.006772546346525093,0.00848798942091645,46518030288.6861,0.5662650602409639,1.0
2023-06-09,SPY,ensemble,,0.0004347724100410504,-0.025049796102464425,0.025919340922546524,614.549154652935,508.84720800402283,614.549154652935,508.84720800402283,30.841008659600124,8395.49328464949,0.006772546346525093,0.00848798942091645,46518030288.6861,0.5662650602409639,1.0
2023-06-12,SPY,ensemble,,-0.0007530791571069763,-0.02623764766961245,0.024731489355398498,620.1242604595501,508.4641500321138,620.1242604595501,508.4641500321138,30.042336596284944,8605.715172629116,0.006772546346525093,0.00848798942091645,46518030288.6861,0.5662650602409639,1.0
2023-06-13,SPY,ensemble,,-0.0013194077281059341,-0.02680397624061141,0.02416516078439954,624.2127004679899,507.79372088505454,624.2127004679899,507.79372088505454,29.247778745304522,8816.206701224628,0.006772546346525093,0.00848798942091645,46518030288.6861,0.5662650602409639,1.0
2023-06-14,SPY,ensemble,,-0.0012748657533494408,-0.026759434265854917,0.024209702759156033,624.9560333670777,507.1467645394007,624.9560333670777,507.1467645394007,28.47550363789723,9032.249053550906,0.006772546346525093,0.00848798942091645,46518030288.6861,0.5662650602409639,1.0
2023-06-15,SPY,ensemble,,-0.0017679605571033585,-0.027252529069608834,0.023716607955402116,632.7040322447509,506.2509411865479,632.7040322447509,506.2509411865479,27.709953121714555,9249.02378313399,0.006772546346525093,0.00848798942091645,46518030288.6861,0.5662650602409639,1.0
2023-06-16,SPY,ensemble,,-0.0012522828083815715,-0.026736851320887045,0.024232285704123904,628.215329348282,505.6173686249844,628.215329348282,505.6173686249844,26.978892899138756,9475.886368317755,0.006772546346525093,0.00848798942091645,46518030288.6861,0.5662650602409639,1.0
2023-06-20,SPY,ensemble,,-0.0007088834616838238,-0.026193451974189298,0.02477568505082165,624.9560333670777,505.2590718447612,624.9560333670777,505.2590718447612,26.281397350420484,9713.590425866201,0.006772546346525093,0.00848798942091645,46518030288.6861,0.5662650602409639,1.0
2023-06-21,SPY,ensemble,,-0.0009084176472203474,-0.026392986159725823,0.024576150865285126,621.7539302628439,504.8002939999739,621.7539302628439,504.8002939999739,25.596826467108766,9955.270710996203,0.006772546346525093,0.00848798942091645,46518030288.6861,0.5662650602409639,1.0
2023-06-22,SPY,ensemble,,-0.001239791406371041,-0.026724359918876516,0.024244777106134433,623.9982817110783,504.1748347331664,623.9982817110783,504.1748347331664,24.921827296944354,10199.583720306988,0.006772546346525093,0.00848798942091645,46518030288.6861,0.5662650602409639,1.0
2023-06-23,SPY,ensemble,,-0.0018179232708235105,-0.027302491783328987,0.023666645241681963,619.2808509321095,503.259116173773,619.2808509321095,503.259116173773,24.25060404075325,10443.852762858463,0.006772546346525093,0.00848798942091645,46518030288.6861,0.5662650602409639,1.0
2023-06-26,SPY,ensemble,,-0.00068251652552862,-0.026167085038034096,0.024802051986976853,616.7506223497872,502.91575069999567,616.7506223497872,502.91575069999567,23.624266869802607,10706.120689206971,0.006772546346525093,0.00848798942091645,46518030288.6861,0.5662650602409639,1.0
2023-06-27,SPY,ensemble,,0.00019950204861267492,-0.0252850664638928,0.02568407056111815,623.5122513202845,503.0160934314973,623.5122513202845,503.0160934314973,23.034414367458997,10984.659137179411,0.006772546346525093,0.00848798942091645,46518030288.6861,0.5662650602409639,1.0
2023-06-28,SPY,ensemble,,-0.00028852934130449274,-0.02577309785380997,0.02519603917120098,623.826746705549,502.87097946521925,623.826746705549,502.87097946521925,22.448331183499352,11264.945261240095,0.006772546346525093,0.00848798942091645,46518030288.6861,0.5662650602409639,1.0
2023-06-29,SPY,ensemble,,-0.0005345531027278691,-0.026019121615233343,0.024950015409777607,626.2854732853122,502.6022400570158,626.2854732853122,502.6022400570158,21.871778547509287,11549.541394707341,0.006772546346525093,0.00848798942091645,46518030288.6861,0.5662650602409639,1.0
2023-06-30,SPY,ensemble,,-0.0003491728616931507,-0.025833741374198624,0.025135395650812326,633.6760930263384,502.4267756300525,633.6760930263384,502.4267756300525,21.31398465022496,11843.522880051767,0.006772546346525093,0.00848798942091645,46518030288.6861,0.5662650602409639,1.0
2023-07-03,SPY,ensemble,,-7.65330019865716e-05,-0.025561101514492045,0.025408035510518904,634.4051604252206,502.3883248720298,634.4051604252206,502.3883248720298,20.77607973325123,12148.299015419096,0.006772546346525093,0.00848798942091645,46518030288.6861,0.5662650602409639,1.0
2023-07-05,SPY,ensemble,,0.0002619532811163122,-0.02522261523138916,0.025746521793621788,633.4616742694268,502.519944380453,633.4616742694268,502.519944380453,20.258606120621113,12465.136692849213,0.006772546346525093,0.00848798942091645,46518030288.6861,0.5662650602409639,1.0
2023-07-06,SPY,ensemble,,-0.0015693405914076147,-0.02705390910391309,0.02391522792109786,628.5012501077525,501.73193792073374,628.5012501077525,501.73193792073374,19.71787900327968,12766.836508522252,0.006772546346525093,0.00848798942091645,46518030288.6861,0.5662650602409639,1.0
2023-07-07,SPY,ensemble,,-0.0012040973738028603,-0.026688665886308336,0.024280471138702613,626.9144640558411,501.12816738413716,626.9144640558411,501.12816738413716,19.198595434199486,13080.615246385883,0.006772546346525093,0.00848798942091645,46518030288.6861,0.5662650602409639,1.0
2023-07-10,SPY,ensemble,,-0.0007098602908561451,-0.02619442880336162,0.02477470822164933,628.5012501077525,500.7725626272622,628.5012501077525,500.7725626272622,18.702228597297548,13408.73138062873,0.006772546346525093,0.00848798942091645,46518030288.6861,0.5662650602409639,1.0
2023-07-11,SPY,ensemble,,-0.00261874871196368,-0.028103317224469154,0.022865819800541795,632.5038789880446,499.4628807362441,632.5038789880446,499.4628807362441,18.18395070889744,13718.865235995454,0.006772546346525093,0.00848798942091645,46518030288.6861,0.5662650602409639,1.0
2023-07-12,SPY,ensemble,,-0.0013519692009299226,-0.026836537713435398,0.02413259931157555,637.5929544038659,498.7880785631431,637.5929544038659,498.7880785631431,17.702446283685994,14053.96425611465,0.006772546346525093,0.00848798942091645,46518030288.6861,0.5662650602409639,1.0
2023-07-13,SPY,ensemble,,-0.0011205596437627782,-0.026605128156268254,0.024364008868742695,642.6534551938933,498.2294698071811,642.6534551938933,498.2294698071811,17.237680423651813,14400.580500595974,0.006772546346525093,0.00848798942091645,46518030288.6861,0.5662650602409639,1.0
2023-07-14,SPY,ensemble,,-0.000896411490241913,-0.026380980002747387,0.024588157022263562,642.2531923058641,497.78305130290056,642.2531923058641,497.78305130290056,16.788879454313044,14759.053267296536,0.006772546346525093,0.00848798942091645,46518030288.6861,0.5662650602409639,1.0
2023-07-17,SPY,ensemble,,-0.0012364880823682134,-0.02672105659487369,0.02424808043013726,644.4832346285102,497.1679288665124,644.4832346285102,497.1679288665124,16.34620357925465,15121.306197795971,0.006772546346525093,0.00848798942091645,46518030288.6861,0.5662650602409639,1.0
2023-07-18,SPY,ensemble,,-0.001192683730362867,-0.026677252242868342,0.024291884782142607,649.2721237846553,496.575318235273,649.2721237846553,496.575318235273,15.915897001313372,15493.129080950634,0.006772546346525093,0.00848798942091645,46518030288.6861,0.5662650602409639,1.0
2023-07-19,SPY,ensemble,,-0.0011881060147260246,-0.0266726745272315,0.02429646249777945,650.7159494568314,495.9856844559934,650.7159494568314,495.9856844559934,15.496988994322555,15874.167509275869,0.006772546346525093,0.00848798942091645,46518030288.6861,0.5662650602409639,1.0
2023-07-20,SPY,ensemble,,-0.0016811926532407599,-0.027165761165746233,0.023803375859264717,646.3987815658918,495.15253750367555,646.3987815658918,495.15253750367555,15.08166828527725,16256.559338045556,0.006772546346525093,0.00848798942091645,46518030288.6861,0.5662650602409639,1.0
2023-07-21,SPY,ensemble,,-0.0025822694142474886,-0.028066837926752963,0.022902299098257986,646.3987815658918,493.87556969772754,646.3987815658918,493.87556969772754,14.664258631159017,16633.168063878955,0.006772546346525093,0.00848798942091645,46518030288.6861,0.5662650602409639,1.0
2023-07-24,SPY,ensemble,,-0.0012191261717623702,-0.026703694684267844,0.024265442340743106,649.2864329102438,493.27383993189557,649.2864329102438,493.27383993189557,14.277850963683486,17041.71599633962,0.006772546346525093,0.00848798942091645,46518030288.6861,0.5662650602409639,1.0
2023-07-25,SPY,ensemble,,-0.0017526679867182287,-0.027237236499223702,0.023731900525787247,651.0590194678898,492.4100518519375,651.0590194678898,492.4100518519375,13.894210135516348,17450.985468042767,0.006772546346525093,0.00848798942091645,46518030288.6861,0.5662650602409639,1.0
2023-07-26,SPY,ensemble,,-0.0022672912034360686,-0.027751859715941542,0.023217277309069407,651.1590960962428,491.2948795607752,651.1590960962428,491.2948795607752,13.513921233905814,17860.889856087746,0.006772546346525093,0.00848798942091645,46518030288.6861,0.5662650602409639,1.0
2023-07-27,SPY,ensemble,,-0.002372234935902602,-0.027856803448408077,0.023112333576602872,646.8419282053032,490.1307939718098,646.8419282053032,490.1307939718098,13.14266164680456,18278.504130694488,0.006772546346525093,0.00848798942091645,46518030288.6861,0.5662650602409639,1.0
2023-07-28,SPY,ensemble,,-0.001958666798926927,-0.0274432353114324,0.02352590171357855,653.1747196619773,489.1717306079206,653.1747196619773,489.1717306079206,12.786888600690851,18713.620607676225,0.006772546346525093,0.00848798942091645,46518030288.6861,0.5662650602409639,1.0
2023-07-31,SPY,ensemble,,-0.0021791884739948675,-0.02766375698650034,0.02330538003851061,654.4183920774473,488.10689387214325,654.4183920774473,488.10689387214325,12.438003211539456,19154.87042361232,0.006772546346525093,0.00848798942091645,46518030288.6861,0.5662650602409639,1.0
2023-08-01,SPY,ensemble,,-0.00016231929874383226,-0.025646887811249307,0.025322249213761642,652.5457288914481,488.0276711332815,652.5457288914481,488.0276711332815,12.123063019273697,19646.108199975675,0.006772546346525093,0.00848798942091645,46518030288.6861,0.5662650602409639,1.0
2023-08-02,SPY,ensemble,,-0.0016348920893293293,-0.027119460601834802,0.023849676423176147,643.4682900955403,487.23045041686566,643.4682900955403,487.23045041686566,11.79871010631577,20120.293631618864,0.006772546346525093,0.00848798942091645,46518030288.6861,0.5662650602409639,1.0
2023-08-03,SPY,ensemble,,-0.001746969329752367,-0.02723153784225784,0.02373759918275311,641.624201535335,486.38001682045757,641.624201535335,486.38001682045757,11.481748350440137,20603.614845225267,0.006772546346525093,0.00848798942091645,46518030288.6861,0.5662650602409639,1.0
2023-08-04,SPY,ensemble,,-0.0007805269761613065,-0.026265095488666783,0.024704041536344166,638.7222846907775,486.0005322149151,638.7222846907775,486.0005322149151,11.184105059075588,21118.946582276105,0.006772546346525093,0.00848798942091645,46518030288.6861,0.5662650602409639,1.0
2023-08-07,SPY,ensemble,,-0.00047419158282858325,-0.025958760095334057,0.025010376929676892,644.2973904973926,485.77012948512345,644.2973904973926,485.77012948512345,10.89751540815787,21653.79995914897,0.006772546346525093,0.00848798942091645,46518030288.6861,0.5662650602409639,1.0
2023-08-08,SPY,ensemble,,-0.0012671895625580494,-0.026751758075063525,0.024217378949947424,641.4955502811881,485.1549564999492,641.4955502811881,485.1549564999492,10.609852610566461,22184.599584546115,0.006772546346525093,0.00848798942091645,46518030288.6861,0.5662650602409639,1.0
2023-08-09,SPY,ensemble,,-0.0015456057014999653,-0.02703017421400544,0.02393896281100551,637.2070006414252,484.40567742723783,637.2070006414252,484.40567742723783,10.326907698387005,22722.083626291387,0.006772546346525093,0.00848798942091645,46518030288.6861,0.5662650602409639,1.0
2023-08-10,SPY,ensemble,,-0.0010119859011549369,-0.02649655441366041,0.02447258261135054,637.4357285239253,483.9157136712636,637.4357285239253,483.9157136712636,10.05687351271061,23285.01175260903,0.006772546346525093,0.00848798942091645,46518030288.6861,0.5662650602409639,1.0
2023-08-11,SPY,ensemble,,-8.370663126821095e-05,-0.025568275143773685,0.025400861881237264,637.06404026169,483.87520841235744,637.06404026169,483.87520841235744,9.802996038805313,23884.04691680738,0.006772546346525093,0.00848798942091645,46518030288.6861,0.5662650602409639,1.0
2023-08-14,SPY,ensemble,,-0.0011123223228369145,-0.02659689083534239,0.02437224618966856,640.5806387511883,483.33728244556636,640.5806387511883,483.33728244556636,9.545703580116056,24473.30640860163,0.006772546346525093,0.00848798942091645,46518030288.6861,0.5662650602409639,1.0
2023-08-15,SPY,ensemble,,-0.001121745258971873,-0.026606313771477347,0.024362823253533603,633.1186042583686,482.79540512147923,633.1186042583686,482.79540512147923,9.29507651135858,25076.867621431225,0.006772546346525093,0.00848798942091645,46518030288.6861,0.5662650602409639,1.0
2023-08-16,SPY,ensemble,,7.63742277022702e-05,-0.025408194284803204,0.025560942740207745,628.4726754819588,482.83227965579766,628.4726754819588,482.83227965579766,9.061880491703814,25726.11838029024,0.006772546346525093,0.00848798942091645,46518030288.6861,0.5662650602409639,1.0
2023-08-17,SPY,ensemble,,-0.0027598681273399827,-0.02824443663984546,0.02272470038516549,623.6837863258138,481.5015633816983,623.6837863258138,481.5015633816983,8.809513540385018,26317.429955262618,0.006772546346525093,0.00848798942091645,46518030288.6861,0.5662650602409639,1.0
2023-08-18,SPY,ensemble,,-0.0008125058538191962,-0.026297074366324672,0.024672062658686277,623.9839725854899,481.11049943521436,623.9839725854899,481.11049943521436,8.580868629987792,26974.811367917584,0.006772546346525093,0.00848798942091645,46518030288.6861,0.5662650602409639,1.0
2023-08-21,SPY,ensemble,,-0.002020326467937595,-0.02750489498044307,0.02346424204456788,628.0437943427528,480.13948037724015,628.0437943427528,480.13948037724015,8.348068980697855,27615.23906306479,0.006772546346525093,0.00848798942091645,46518030288.6861,0.5662650602409639,1.0
2023-08-22,SPY,ensemble,,-0.002109312087726127,-0.0275938806002316,0.023375256424779348,626.3426661622829,479.1277837345678,626.3426661622829,479.1277837345678,8.120862532293827,28268.356006951977,0.006772546346525093,0.00848798942091645,46518030288.6861,0.5662650602409639,1.0
2023-08-23,SPY,ensemble,,-0.0005136771294891086,-0.025998245641994582,0.024970891383016367,633.3187138896916,478.88172995147147,633.3187138896916,478.88172995147147,7.912455204369795,28983.12917521029,0.006772546346525093,0.00848798942091645,46518030288.6861,0.5662650602409639,1.0
2023-08-24,SPY,ensemble,,-0.0018472452507905432,-0.027331813763296017,0.023637323261714933,624.5415049788428,477.99793449492387,624.5415049788428,477.99793449492387,7.699122122660496,29676.373713950175,0.006772546346525093,0.00848798942091645,46518030288.6861,0.5662650602409639,1.0
2023-08-25,SPY,ensemble,,-0.003223354285094052,-0.028707922797599525,0.022261214227411424,628.9443967471641,476.4596583409121,628.9443967471641,476.4596583409121,7.481238772104749,30344.41393219588,0.006772546346525093,0.00848798942091645,46518030288.6861,0.5662650602409639,1.0
2023-08-28,SPY,ensemble,,-0.000868847286710933,-0.026353415799216406,0.024615721225794543,632.9327601272507,476.0458674461142,632.9327601272507,476.0458674461142,7.286657774306881,31100.63281846395,0.006772546346525093,0.00848798942091645,46518030288.6861,0.5662650602409639,1.0
2023-08-29,SPY,ensemble,,-0.0002825382358534441,-0.025767106748358918,0.02520203027665203,642.0816573003348,475.9113852856114,642.0816573003348,475.9113852856114,7.101300007757567,31894.392068642013,0.006772546346525093,0.00848798942091645,46518030288.6861,0.5662650602409639,1.0
2023-08-30,SPY,ensemble,,-0.0029221550059248683,-0.028406723518430342,0.022562413506580607,644.7262716365984,474.5227283722417,644.7262716365984,474.5227283722417,6.902413571785574,32622.186051304325,0.006772546346525093,0.00848798942091645,46518030288.6861,0.5662650602409639,1.0
2023-08-31,SPY,ensemble,,-0.00012340458302890133,-0.025607973095534375,0.025361163929476575,643.7827854808047,474.4641737058406,643.7827854808047,474.4641737058406,6.7279007471643295,33460.103023257085,0.006772546346525093,0.00848798942091645,46518030288.6861,0.5662650602409639,1.0
2023-09-01,SPY,ensemble,,-0.002296856470958933,-0.027781424983464406,0.023187712041546543,644.9835741448924,473.3756481702338,644.9835741448924,473.3756481702338,6.543562522524487,34245.03143497718,0.006772546346525093,0.00848798942091645,46518030288.6861,0.5662650602409639,1.0
2023-09-05,SPY,ensemble,,-0.0017091893166200451,-0.02719375782912552,0.02377537919588543,642.1959994288934,472.567250618662,642.1959994288934,472.567250618662,6.368016168385874,35068.97602835197,0.006772546346525093,0.00848798942091645,46518030288.6861,0.5662650602409639,1.0
2023-09-06,SPY,ensemble,,-0.0019558449379617066,-0.02744041345046718,0.023528723574543768,637.8788751633366,471.64388562741294,637.8788751633366,471.64388562741294,6.19565087477262,35903.8879604217,0.006772546346525093,0.00848798942091645,46518030288.6861,0.5662650602409639,1.0
2023-09-07,SPY,ensemble,,-0.0021904279363588824,-0.027674996448864356,0.023294140576146594,635.9204444745728,470.61191432631983,635.9204444745728,470.61191432631983,6.026537163120959,36750.05528235864,0.006772546346525093,0.00848798942091645,46518030288.6861,0.5662650602409639,1.0
2023-09-08,SPY,ensemble,,-0.00047168828682046197,-0.025956256799325936,0.025012880225685014,636.8781961305722,470.3899845436482,636.8781961305722,470.3899845436482,5.872123486718003,37680.872696129685,0.006772546346525093,0.00848798942091645,46518030288.6861,0.5662650602409639,1.0
2023-09-11,SPY,ensemble,,-0.0016332988676107225,-0.027117867380116196,0.023851269644894754,641.066712767365,469.6223241946021,641.066712767365,469.6223241946021,5.7150237528388335,38590.41307962873,0.006772546346525093,0.00848798942091645,46518030288.6861,0.5662650602409639,1.0
2023-09-12,SPY,ensemble,,-0.0002630178840445076,-0.025747586396549983,0.025221550628460966,637.5500706524837,469.4988213670305,637.5500706524837,469.4988213670305,5.569753884569791,39576.10117669633,0.006772546346525093,0.00848798942091645,46518030288.6861,0.5662650602409639,1.0
2023-09-13,SPY,ensemble,,-0.002360545866858723,-0.027845114379364197,0.023124022645646752,638.2934471769543,468.39185490133286,638.2934471769543,468.39185490133286,5.416802803195763,40501.922944006255,0.006772546346525093,0.00848798942091645,46518030288.6861,0.5662650602409639,1.0
2023-09-14,SPY,ensemble,,0.0007982698187929994,-0.024686298693712475,0.026282838331298474,643.7970509810102,468.76590725996004,643.7970509810102,468.76590725996004,5.284719028718884,41580.54091714382,0.006772546346525093,0.00848798942091645,46518030288.6861,0.5662650602409639,1.0
2023-09-15,SPY,ensemble,,-0.0019586615431015945,-0.02744323005560707,0.02352590696940388,633.8047442804854,467.8486520941451,633.8047442804854,467.8486520941451,5.141661230986068,42570.35837896536,0.006772546346525093,0.00848798942091645,46518030288.6861,0.5662650602409639,1.0
2023-09-18,SPY,ensemble,,-0.0016015168620886738,-0.02708608537459415,0.0238830516504168,634.1764325427207,467.0999842510171,634.1764325427207,467.0999842510171,5.00426294689674,43599.306751576885,0.006772546346525093,0.00848798942091645,46518030288.6861,0.5662650602409639,1.0
2023-09-19,SPY,ensemble,,-0.0013177825867005926,-0.02680235109920607,0.02416678592580488,632.8612581246916,466.4848534188897,632.8612581246916,466.4848534188897,4.87191842907322,44665.796777438874,0.006772546346525093,0.00848798942091645,46518030288.6861,0.5662650602409639,1.0
2023-09-20,SPY,ensemble,,-0.0010810318685541857,-0.02656560038105966,0.024403536643951288,627.043158935371,465.9808409020262,627.043158935371,465.9808409020262,4.744197000539855,45769.209006930236,0.006772546346525093,0.00848798942091645,46518030288.6861,0.5662650602409639,1.0
2023-09-21,SPY,ensemble,,-0.0013777089630937357,-0.02686227747559921,0.02410685954941174,616.6791639726109,465.33929695278533,616.6791639726109,465.33929695278533,4.618453503758641,46885.96758899613,0.006772546346525093,0.00848798942091645,46518030288.6861,0.5662650602409639,1.0
2023-09-22,SPY,ensemble,,-0.0010380555687877148,-0.02652262408129319,0.02444651294371776,615.2925311774056,464.8564995328365,615.2925311774056,464.8564995328365,4.497570155636855,48046.291148364355,0.006772546346525093,0.00848798942091645,46518030288.6861,0.5662650602409639,1.0
2023-09-25,SPY,ensemble,,-0.0009734422556079581,-0.02645801076811343,0.02451112625689752,617.8799526366986,464.40420874859336,617.8799526366986,464.40420874859336,4.3801338126731455,49238.51149921514,0.006772546346525093,0.00848798942091645,46518030288.6861,0.5662650602409639,1.0
2023-09-26,SPY,ensemble,,-0.001729351608109918,-0.027213920120615392,0.023755216904395558,608.8025138407908,463.60178462009077,608.8025138407908,463.60178462009077,4.262540545220941,50422.18658633155,0.006772546346525093,0.00848798942091645,46518030288.6861,0.5662650602409639,1.0
2023-09-27,SPY,ensemble,,-0.0005924423587474756,-0.02607701087125295,0.024892126153758,609.0455072234962,463.32720862854603,609.0455072234962,463.32720862854603,4.152822999256604,51693.053687563675,0.006772546346525093,0.00848798942091645,46518030288.6861,0.5662650602409639,1.0
2023-09-28,SPY,ensemble,,0.00023865497383804176,-0.025245913538667432,0.025723223486343517,612.576414838583,463.4377971671272,612.576414838583,463.4377971671272,4.049293535524321,53040.01548885241,0.006772546346525093,0.00848798942091645,46518030288.6861,0.5662650602409639,1.0
2023-09-29,SPY,ensemble,,-0.001421686752623644,-0.026906255265129117,0.024062881759881832,611.0897490404076,462.7794019170275,611.0897490404076,462.7794019170275,3.9417948882312834,54331.79069720186,0.006772546346525093,0.00848798942091645,46518030288.6861,0.5662650602409639,1.0
2023-10-02,SPY,ensemble,,-0.0008900684189899733,-0.026374636931495447,0.024594500093515503,610.8467120323193,462.3676798440106,610.8467120323193,462.3676798440106,3.8391905036401526,55684.621839326195,0.006772546346525093,0.00848798942091645,46518030288.6861,0.5662650602409639,1.0
2023-10-03,SPY,ensemble,,-0.0004279352798454265,-0.0259125037923509,0.02505663323266005,602.6698756408229,462.1698587318804,602.6698756408229,462.1698587318804,3.740985331099329,57097.51827801956,0.006772546346525093,0.00848798942091645,46518030288.6861,0.5662650602409639,1.0
2023-10-04,SPY,ensemble,,-0.0010612504255791623,-0.026545818938084637,0.024423318086926313,607.0585019089386,461.67964094054025,607.0585019089386,461.67964094054025,3.642984325211219,58509.19790785227,0.006772546346525093,0.00848798942091645,46518030288.6861,0.5662650602409639,1.0
2023-10-05,SPY,ensemble,,-0.0032129576988537624,-0.028697526211359237,0.022271610813651713,606.8297740264387,460.19866421558345,606.8297740264387,460.19866421558345,3.5399255260710567,59826.91132512739,0.006772546346525093,0.00848798942091645,46518030288.6861,0.5662650602409639,1.0
2023-10-06,SPY,ensemble,,-0.0006277648092374874,-0.026112333321742964,0.024856803703267986,614.0345496363474,459.9098583494951,614.0345496363474,459.9098583494951,3.4486862305129065,61332.653558220474,0.006772546346525093,0.00848798942091645,46518030288.6861,0.5662650602409639,1.0
2023-10-09,SPY,ensemble,,-0.001684594607528435,-0.02716916312003391,0.02379997390497704,617.9657201394633,459.135748895544,617.9657201394633,459.135748895544,3.356249709263297,62809.878338922834,0.006772546346525093,0.00848798942091645,46518030288.6861,0.5662650602409639,1.0
2023-10-10,SPY,ensemble,,-0.0007725621923168101,-0.026257130704822284,0.024712006320188665,621.1821323692853,458.78117495765133,621.1821323692853,458.78117495765133,3.2692711231510883,64381.37388025881,0.006772546346525093,0.00848798942091645,46518030288.6861,0.5662650602409639,1.0
2023-10-11,SPY,ensemble,,-0.0007989493963737954,-0.02628351790887927,0.02468561911613168,623.7266700771959,458.41477840049515,623.7266700771959,458.41477840049515,3.1844625925560894,65990.4467231623,0.006772546346525093,0.00848798942091645,46518030288.6861,0.5662650602409639,1.0
2023-10-12,SPY,ensemble,,-0.001957340216777329,-0.027441908729282802,0.023527228295728148,619.924150828227,457.51838228104214,619.924150828227,457.51838228104214,3.0982630106440676,67561.42696921928,0.006772546346525093,0.00848798942091645,46518030288.6861,0.5662650602409639,1.0
2023-10-13,SPY,ensemble,,-0.0009616719492367265,-0.026446240461742203,0.024522896563268747,616.8363898525519,457.0786111782013,616.8363898525519,457.0786111782013,3.0173995818517834,69238.71072732734,0.006772546346525093,0.00848798942091645,46518030288.6861,0.5662650602409639,1.0
2023-10-16,SPY,ensemble,,-0.0015897288643700377,-0.027074297376875514,0.023894839648135435,623.3264071891668,456.35255738397126,623.3264071891668,456.35255738397126,2.936801598405181,70913.08338431343,0.006772546346525093,0.00848798942091645,46518030288.6861,0.5662650602409639,1.0
2023-10-17,SPY,ensemble,,-0.0035560042713038585,-0.029040572783809334,0.021928564241201615,623.29778893799,454.73264765066074,623.29778893799,454.73264765066074,2.8527416795431537,72485.28050128095,0.006772546346525093,0.00848798942091645,46518030288.6861,0.5662650602409639,1.0
2023-10-18,SPY,ensemble,,-0.0018529520172308306,-0.027337520529736304,0.023631616495274645,614.9923012923467,453.8908300385772,614.9923012923467,453.8908300385772,2.775811131576626,74218.62505324504,0.006772546346525093,0.00848798942091645,46518030288.6861,0.5662650602409639,1.0
2023-10-19,SPY,ensemble,,-0.0007769857544974112,-0.026261554267002885,0.024707582758008065,609.588730491261,453.53830030256705,609.588730491261,453.53830030256705,2.703862888251311,76075.2295299908,0.006772546346525093,0.00848798942091645,46518030288.6861,0.5662650602409639,1.0
2023-10-20,SPY,ensemble,,-0.0014388562933609478,-0.026923424805866424,0.024045712219144526,602.0980777472644,452.88619312166225,602.0980777472644,452.88619312166225,2.6320368788382194,77926.68315907722,0.006772546346525093,0.00848798942091645,46518030288.6861,0.5662650602409639,1.0
2023-10-23,SPY,ensemble,,-0.0030278979010019656,-0.02851246641350744,0.02245667061150351,601.0545149631175,451.5169739421584,601.0545149631175,451.5169739421584,2.5580507909023935,79696.45422324358,0.006772546346525093,0.00848798942091645,46518030288.6861,0.5662650602409639,1.0
2023-10-24,SPY,ensemble,,-0.001457301091039514,-0.02694186960354499,0.02402726742146596,605.5861016109686,450.8594569798684,605.5861016109686,450.8594569798684,2.4900522372317697,81634.53236393382,0.006772546346525093,0.00848798942091645,46518030288.6861,0.5662650602409639,1.0
2023-10-25,SPY,ensemble,,-0.002241144068737466,-0.027725712581242942,0.023243424443768007,596.8946165775014,449.8501474085606,596.8946165775014,449.8501474085606,2.4219620508327235,83554.22210431703,0.006772546346525093,0.00848798942091645,46518030288.6861,0.5662650602409639,1.0
2023-10-26,SPY,ensemble,,-0.0014833779225560438,-0.026967946435061518,0.02400119058994943,589.7470338445634,449.1833443142006,589.7470338445634,449.1833443142006,2.3575195544184187,85583.8826155843,0.006772546346525093,0.00848798942091645,46518030288.6861,0.5662650602409639,1.0
2023-10-27,SPY,ensemble,,-0.0024317204463977365,-0.02791628895890321,0.023052848066107738,587.073844882506,448.09238298572996,587.073844882506,448.09238298572996,2.29261649850428,87579.75170327254,0.006772546346525093,0.00848798942091645,46518030288.6861,0.5662650602409639,1.0
2023-10-30,SPY,ensemble,,-0.0027993145500579217,-0.028283883062563395,0.022685253962447555,594.0927763612971,446.8397854834376,594.0927763612971,446.8397854834376,2.2286808381276266,89589.2271675068,0.006772546346525093,0.00848798942091645,46518030288.6861,0.5662650602409639,1.0
2023-10-31,SPY,ensemble,,-0.001197781414331502,-0.026682349926836976,0.024286787098173973,597.82383723309,446.304889501385,597.82383723309,446.304889501385,2.1700007389882607,91791.69887550989,0.006772546346525093,0.00848798942091645,46518030288.6861,0.5662650602409639,1.0
2023-11-01,SPY,ensemble,,7.793527614299433e-05,-0.02540663323636248,0.02556250378864847,604.1994688157635,446.3396737516347,604.1994688157635,446.3396737516347,2.1155627967687924,94168.37196654912,0.006772546346525093,0.00848798942091645,46518030288.6861,0.5662650602409639,1.0
2023-11-02,SPY,ensemble,,-0.0007724154920124929,-0.026256984004517966,0.024712153020492983,615.7785615681996,445.99504718751206,615.7785615681996,445.99504718751206,2.060737422555368,96524.46737689486,0.006772546346525093,0.00848798942091645,46518030288.6861,0.5662650602409639,1.0
2023-11-03,SPY,ensemble,,-0.0018762591027529812,-0.027360827615258456,0.023608309409752493,621.3965511261971,445.1590294586368,621.3965511261971,445.1590294586368,2.00511830347294,98830.35886976068,0.006772546346525093,0.00848798942091645,46518030288.6861,0.5662650602409639,1.0
2023-11-06,SPY,ensemble,,-0.001403608249088775,-0.02688817676159425,0.0240809602634167,622.8260676727848,444.5346388751293,622.8260676727848,444.5346388751293,1.9519226993855638,101239.17572250558,0.006772546346525093,0.00848798942091645,46518030288.6861,0.5662650602409639,1.0
2023-11-07,SPY,ensemble,,-0.0005556628663255336,-0.02604023137883101,0.02492890564617994,624.598654230431,444.28769609833046,624.598654230431,444.28769609833046,1.9017502666406931,103794.678179823,0.006772546346525093,0.00848798942091645,46518030288.6861,0.5662650602409639,1.0
2023-11-08,SPY,ensemble,,0.0010846673879439301,-0.024399901124561543,0.026569235900449406,625.0561099954307,444.7698619206521,625.0561099954307,444.7698619206521,1.8559092802222237,106589.38568873913,0.006772546346525093,0.00848798942091645,46518030288.6861,0.5662650602409639,1.0
2023-11-09,SPY,ensemble,,0.0006315133602579298,-0.024853055152247543,0.026116081872763406,620.181453336521,445.05082873850705,620.181453336521,445.05082873850705,1.8103527192864928,109409.75095665196,0.006772546346525093,0.00848798942091645,46518030288.6861,0.5662650602409639,1.0
2023-11-10,SPY,ensemble,,-0.001070264897948499,-0.026554833410453973,0.024414303614556977,629.8592646517814,444.57476126330255,629.8592646517814,444.57476126330255,1.7629117852136553,112113.78811468415,0.006772546346525093,0.00848798942091645,46518030288.6861,0.5662650602409639,1.0
2023-11-13,SPY,ensemble,,-0.0006813624325587319,-0.026165930945064208,0.02480320607994674,629.258892132429,444.2719478970551,629.258892132429,444.2719478970551,1.7173818217860302,114929.34255177877,0.006772546346525093,0.00848798942091645,46518030288.6861,0.5662650602409639,1.0
2023-11-14,SPY,ensemble,,-0.001703234300186148,-0.027187802812691623,0.023781334212319327,641.4669756553943,443.51589272911053,641.4669756553943,443.51589272911053,1.6713189943414664,117695.27407352126,0.006772546346525093,0.00848798942091645,46518030288.6861,0.5662650602409639,1.0
2023-11-15,SPY,ensemble,,-0.0006905306663178893,-0.026175099178823363,0.024794037846187587,642.8249901994229,443.20973712126505,642.8249901994229,443.20973712126505,1.6281396312434455,120649.89225099832,0.006772546346525093,0.00848798942091645,46518030288.6861,0.5662650602409639,1.0
2023-11-16,SPY,ensemble,,-0.002044241382057505,-0.02752880989456298,0.02344032713044797,643.6112504752757,442.3046348746407,643.6112504752757,442.3046348746407,1.583930193379453,123511.37117614341,0.006772546346525093,0.00848798942091645,46518030288.6861,0.5662650602409639,1.0
2023-11-17,SPY,ensemble,,-0.0002674279668495383,-0.025751996479355013,0.025217140545655936,644.4117762513342,442.1863660603072,644.4117762513342,442.1863660603072,1.5436615529320807,126665.5776703302,0.006772546346525093,0.00848798942091645,46518030288.6861,0.5662650602409639,1.0
2023-11-20,SPY,ensemble,,-0.001715365459078519,-0.027199933971583993,0.023769203053426956,649.3722004130086,441.42850503164004,649.3722004130086,441.42850503164004,1.5022399468295489,129712.38414057385,0.006772546346525093,0.00848798942091645,46518030288.6861,0.5662650602409639,1.0
2023-11-21,SPY,ensemble,,-0.0008063613493594138,-0.02629092986186489,0.02467820716314606,647.9569493666265,441.0726976206284,647.9569493666265,441.0726976206284,1.4632593254433122,132953.2784815156,0.006772546346525093,0.00848798942091645,46518030288.6861,0.5662650602409639,1.0
2023-11-22,SPY,ensemble,,-0.002187571771913507,-0.027672140284418983,0.023296996740591967,650.4586033231548,440.10887403894435,650.4586033231548,440.10887403894435,1.4233229194325123,136087.0526029723,0.006772546346525093,0.00848798942091645,46518030288.6861,0.5662650602409639,1.0
2023-11-24,SPY,ensemble,,-0.0009779933565718989,-0.026462561869077375,0.024506575155933574,650.8588662111839,439.6786608910567,650.8588662111839,439.6786608910567,1.386152134809324,139463.28111347332,0.006772546346525093,0.00848798942091645,46518030288.6861,0.5662650602409639,1.0
2023-11-27,SPY,ensemble,,-0.0016195900619378817,-0.027104158574443357,0.023864978450567592,649.6866957982731,438.96713804462814,649.6866957982731,438.96713804462814,1.3490862366620233,142831.60189956517,0.006772546346525093,0.00848798942091645,46518030288.6861,0.5662650602409639,1.0
2023-11-28,SPY,ensemble,,-0.0006895069354591258,-0.0261740754479646,0.02479506157704635,650.329952069008,438.6645714813668,650.329952069008,438.6645714813668,1.3142332636306508,146417.39149208702,0.006772546346525093,0.00848798942091645,46518030288.6861,0.5662650602409639,1.0
2023-11-29,SPY,ensemble,,-0.00043363795334513413,-0.025918206465850607,0.025050930559160342,649.8724963040079,438.4743911120778,649.8724963040079,438.4743911120778,1.2806083258835697,150131.61149679133,0.006772546346525093,0.00848798942091645,46518030288.6861,0.5662650602409639,1.0
2023-11-30,SPY,ensemble,,-0.002121958840696856,-0.02760652735320233,0.02336260967180862,652.4313431375068,437.5449529649341,652.4313431375068,437.5449529649341,1.245738706203514,153680.37045949453,0.006772546346525093,0.00848798942091645,46518030288.6861,0.5662650602409639,1.0
2023-12-01,SPY,ensemble,,-0.002421778211449486,-0.02790634672395496,0.02306279030105599,656.2910552634464,436.4865981988419,656.2910552634464,436.4865981988419,1.211455277429214,157265.8553368104,0.006772546346525093,0.00848798942091645,46518030288.6861,0.5662650602409639,1.0
2023-12-04,SPY,ensemble,,-0.0024081205526150177,-0.02789268906512049,0.02307644795989046,652.8459151511244,435.4367504381059,652.8459151511244,435.4367504381059,1.1781314382749728,160937.1904290402,0.006772546346525093,0.00848798942091645,46518030288.6861,0.5662650602409639,1.0
2023-12-05,SPY,ensemble,,8.735043506648143e-05,-0.025397218077438992,0.025571918947571957,652.7172638969774,435.4747876889616,652.7172638969774,435.4747876889616,1.1485869393006896,165105.73490258158,0.006772546346525093,0.00848798942091645,46518030288.6861,0.5662650602409639,1.0
2023-12-06,SPY,ensemble,,-0.0008903003745024526,-0.026374868887007928,0.02459426813800302,650.0869586863022,435.0872568574155,650.0869586863022,435.0872568574155,1.1186891180697198,169216.73592959178,0.006772546346525093,0.00848798942091645,46518030288.6861,0.5662650602409639,1.0
2023-12-07,SPY,ensemble,,-0.0018994686532705343,-0.027384037165776007,0.023585099859234942,655.0473828479766,434.2616066481671,655.0473828479766,434.2616066481671,1.0884705354280846,173255.16573076602,0.006772546346525093,0.00848798942091645,46518030288.6861,0.5662650602409639,1.0
2023-12-08,SPY,ensemble,,-0.00112907435807641,-0.026613642870581884,0.024355494154429065,657.8635321897696,433.7715696995388,657.8635321897696,433.7715696995388,1.059884446543962,177526.68726590133,0.006772546346525093,0.00848798942091645,46518030288.6861,0.5662650602409639,1.0
2023-12-11,SPY,ensemble,,-0.0026499114290408194,-0.028134479941546293,0.022834657083464657,660.4223353978856,432.6236350936509,660.4223353978856,432.6236350936509,1.0304807176677855,181627.0857209621,0.006772546346525093,0.00848798942091645,46518030288.6861,0.5662650602409639,1.0
2023-12-12,SPY,ensemble,,-0.0026614610921970217,-0.028146029604702496,0.022823107420308453,663.4386379963845,431.47375498062763,663.4386379963845,431.47375498062763,1.0018811470823872,185820.04639895126,0.006772546346525093,0.00848798942091645,46518030288.6861,0.5662650602409639,1.0
2023-12-13,SPY,ensemble,,-0.0013434054681633056,-0.02682797398066878,0.02414116304434217,672.5875351694685,430.8944999531204,672.5875351694685,430.8944999531204,0.9753600500597017,190360.54437382976,0.006772546346525093,0.00848798942091645,46518030288.6861,0.5662650602409639,1.0
2023-12-14,SPY,ensemble,,-0.002016313777914413,-0.027500882290419887,0.023468254734591062,674.7461191149383,430.0265567530072,674.7461191149383,430.0265567530072,0.948902261869409,194880.8080070717,0.006772546346525093,0.00848798942091645,46518030288.6861,0.5662650602409639,1.0
2023-12-15,SPY,ensemble,,-0.0010899872121112924,-0.026574555724616766,0.024394581300394184,670.9149816147925,429.5580886637726,670.9149816147925,429.5580886637726,0.9240177181339384,199693.3044845878,0.006772546346525093,0.00848798942091645,46518030288.6861,0.5662650602409639,1.0
2023-12-18,SPY,ensemble,,-0.0004080621356179761,-0.02589263064812345,0.0250765063768875,674.6889262379676,429.38283803174585,674.6889262379676,429.38283803174585,0.9003995563250982,204764.22972561876,0.006772546346525093,0.00848798942091645,46518030288.6861,0.5662650602409639,1.0
2023-12-19,SPY,ensemble,,-0.00172194013091998,-0.027206508643425456,0.023762628381585493,678.7916317466128,428.64410270294906,678.7916317466128,428.64410270294906,0.8762330616265537,209688.2380139232,0.006772546346525093,0.00848798942091645,46518030288.6861,0.5662650602409639,1.0
2023-12-20,SPY,ensemble,,-0.0019504645041359655,-0.02743503301664144,0.02353410400836951,669.3854320652348,427.80886241378084,669.3854320652348,427.80886241378084,0.8525203455487954,214681.5893783251,0.006772546346525093,0.00848798942091645,46518030288.6861,0.5662650602409639,1.0
2023-12-21,SPY,ensemble,,-8.741935063679524e-05,-0.02557198786314227,0.02539714916186868,675.7324890221145,427.77146527547256,675.7324890221145,427.77146527547256,0.8309960875786806,220203.71604529378,0.006772546346525093,0.00848798942091645,46518030288.6861,0.5662650602409639,1.0
2023-12-22,SPY,ensemble,,-0.0006552800789044464,-0.02613984859140992,0.024829288433601028,677.0905035661428,427.4912469767152,677.0905035661428,427.4912469767152,0.8095554243528688,225739.65999646182,0.006772546346525093,0.00848798942091645,46518030288.6861,0.5662650602409639,1.0
2023-12-26,SPY,ensemble,,0.0002233083532458445,-0.02526126015925963,0.02570787686575132,679.949536659318,427.58672000267,679.949536659318,427.58672000267,0.7893611741395787,231618.18583480737,0.006772546346525093,0.00848798942091645,46518030288.6861,0.5662650602409639,1.0
2023-12-27,SPY,ensemble,,-0.002024203766837939,-0.027508772279343414,0.023460364745667536,681.1789435745825,426.7220727597276,681.1789435745825,426.7220727597276,0.7679427650730616,237116.27436588347,0.006772546346525093,0.00848798942091645,46518030288.6861,0.5662650602409639,1.0
2023-12-28,SPY,ensemble,,-0.0025983162779238734,-0.02808288479042935,0.0228862522345816,681.4362460828764,425.61475305831146,681.4362460828764,425.61475305831146,0.7466767204178739,242605.55213173103,0.006772546346525093,0.00848798942091645,46518030288.6861,0.5662650602409639,1.0
2023-12-29,SPY,ensemble,,-0.0014676966835707286,-0.026952265196076203,0.024016871828934746,679.4635062685243,424.99053788809016,679.4635062685243,424.99053788809016,0.7268208734270846,248502.7107748975,0.006772546346525093,0.00848798942091645,46518030288.6861,0.5662650602409639,1.0
2023-01-03,QQQ,lstm,-0.006782706536152626,0.0011204879265278578,-0.018595978617668152,0.01905069500207901,464.1908341420968,467.87398181049866,464.1908341420968,467.87398181049866,458.7394779332499,476.33871046718923,0.008887660770333476,0.011289574759146135,1.3923091114238495,0.5421686746987951,0.936
2023-01-04,QQQ,lstm,0.004752674802299001,0.002166096353903413,-0.01938319392502308,0.026151245459914207,466.40223309043864,468.8885276957198,466.40223309043864,468.8885276957198,449.9332534702298,488.9598628467855,0.008887660770333476,0.011289574759146135,1.3923091114238495,0.5421686746987951,0.936
2023-01-05,QQQ,lstm,-0.015778237686544756,0.002764954464510083,-0.020427195355296135,0.02242179773747921,459.1009797263477,470.1867651320454,459.1009797263477,470.1867651320454,440.83561133216745,500.0470460161281,0.008887660770333476,0.011289574759146135,1.3923091114238495,0.5421686746987951,0.936
2023-01-06,QQQ,lstm,0.02722745050811012,-0.00016494316514581442,-0.025734810158610344,0.02593359537422657,471.7728575618276,470.1092190851256,471.7728575618276,470.1092190851256,429.6355302620819,513.1846689168032,0.008887660770333476,0.011289574759146135,1.3923091114238495,0.5421686746987951,0.936
2023-01-09,QQQ,lstm,0.006452430009805935,0.0024421196430921555,-0.02105415239930153,0.024405520409345627,474.82678092360266,471.2586839537492,474.82678092360266,471.2586839537492,420.68446567682844,525.8632900991257,0.008887660770333476,0.011289574759146135,1.3923091114238495,0.5421686746987951,0.936
2023-01-10,QQQ,lstm,0.008428848135236673,0.00012968080409336835,-0.021610077470541,0.019854258745908737,478.8459383892862,471.3198060669939,478.8459383892862,471.3198060669939,411.69095591124056,536.4082538738943,0.008887660770333476,0.011289574759146135,1.3923091114238495,0.5421686746987951,0.936
2023-01-11,QQQ,lstm,0.017152211773818652,0.0024656725581735373,-0.019300108775496483,0.025445466861128807,487.130047633002,472.4833557123989,487.130047633002,472.4833557123989,403.8214706231053,550.2325542599955,0.008887660770333476,0.011289574759146135,1.3923091114238495,0.5421686746987951,0.936
2023-01-12,QQQ,lstm,0.00538988033468895,0.0014142792206257582,-0.018802575767040253,0.02385934814810753,489.7627087880605,473.1520390504471,489.7627087880605,473.1520390504471,396.29951703190847,563.5186447288288,0.008887660770333476,0.011289574759146135,1.3923091114238495,0.5421686746987951,0.936
2023-01-13,QQQ,lstm,0.006856972923609845,0.0006260709487833083,-0.023952171206474304,0.024079542607069016,493.1325386336518,473.4483862886505,493.1325386336518,473.4483862886505,386.92006891459494,577.252576427817,0.008887660770333476,0.011289574759146135,1.3923091114238495,0.5421686746987951,0.936
2023-01-17,QQQ,lstm,0.0020266573373775624,0.002618929836899042,-0.02400805801153183,0.027188658714294434,494.1329627273648,474.6899412166645,494.1329627273648,474.6899412166645,377.7414845733397,593.162618318011,0.008887660770333476,0.011289574759146135,1.3923091114238495,0.5421686746987951,0.936
2023-01-18,QQQ,lstm,-0.013085180354129759,0.0014898935332894325,-0.022662661969661713,0.022361770272254944,487.7092630816267,475.3976804619358,487.7092630816267,475.3976804619358,369.27714020830905,606.5761869586092,0.008887660770333476,0.011289574759146135,1.3923091114238495,0.5421686746987951,0.936
2023-01-19,QQQ,lstm,-0.009873002073073855,0.0008421305101364851,-0.01893560029566288,0.02392757125198841,482.91780049723405,475.7981802120522,482.91780049723405,475.7981802120522,362.350438098181,621.2651421009608,0.008887660770333476,0.011289574759146135,1.3923091114238495,0.5421686746987951,0.936
2023-01-20,QQQ,lstm,0.02699910858945936,0.0009705784032121301,-0.02127160131931305,0.022091466933488846,496.1337573531625,476.26021777251606,496.1337573531625,476.26021777251606,354.72407143243555,635.1425388110868,0.008887660770333476,0.011289574759146135,1.3923091114238495,0.5421686746987951,0.936
2023-01-23,QQQ,lstm,0.02197275074459945,0.0023479468654841185,-0.02207566425204277,0.029228460043668747,507.1558299132089,477.37975694209655,507.1558299132089,477.37975694209655,346.97910500854164,653.9807065054591,0.008887660770333476,0.011289574759146135,1.3923091114238495,0.5421686746987951,0.936
2023-01-24,QQQ,lstm,-0.0020438797810704125,-0.0003007825871463865,-0.022850975394248962,0.02033713459968567,506.12032295294796,477.23617780158065,506.12032295294796,477.23617780158065,339.140191615981,667.4169777943424,0.008887660770333476,0.011289574759146135,1.3923091114238495,0.5421686746987951,0.936
2023-01-25,QQQ,lstm,-0.0022217822855153503,0.0015443742740899324,-0.022573402151465416,0.022835055366158485,504.9970820455031,477.97376943122856,504.9970820455031,477.97376943122856,331.5704099313686,682.8328106456898,0.008887660770333476,0.011289574759146135,1.3923091114238495,0.5421686746987951,0.936
2023-01-26,QQQ,lstm,0.019309754743691294,-0.001235842239111662,-0.02414596453309059,0.0188242606818676,514.8432090558401,477.3834393981418,514.8432090558401,477.3834393981418,323.66021454644715,695.8083799154633,0.008887660770333476,0.011289574759146135,1.3923091114238495,0.5421686746987951,0.936
2023-01-27,QQQ,lstm,0.009905146782498741,-4.441067630978068e-06,-0.025205401703715324,0.023791057989001274,519.968146338137,477.38130532786727,519.968146338137,477.38130532786727,315.604174956036,712.5609008422233,0.008887660770333476,0.011289574759146135,1.3923091114238495,0.5421686746987951,0.936
2023-01-30,QQQ,lstm,-0.02042599364607902,-0.0009017084375955164,-0.021711032837629318,0.01752399280667305,509.4550163703629,476.95105022965174,509.4550163703629,476.95105022965174,308.82593032110765,725.1579081732489,0.008887660770333476,0.011289574759146135,1.3923091114238495,0.5421686746987951,0.936
2023-01-31,QQQ,lstm,0.014874887342687921,0.0020892301108688116,-0.01833202689886093,0.019742213189601898,517.0897444323582,477.9485493648156,517.0897444323582,477.9485493648156,303.2161096647604,739.6163601513979,0.008887660770333476,0.011289574759146135,1.3923091114238495,0.5421686746987951,0.936
2023-02-01,QQQ,lstm,0.021158119500756085,-0.0019891681149601936,-0.025673024356365204,0.0204792357981205,528.1469534205809,476.9987609949321,528.1469534205809,476.9987609949321,295.5307095081526,754.9192607419318,0.008887660770333476,0.011289574759146135,1.3923091114238495,0.5421686746987951,0.936
2023-02-02,QQQ,lstm,0.03526085957709186,0.0009694780455902219,-0.019321810454130173,0.02431521564722061,547.1020923123506,477.4614526498784,547.1020923123506,477.4614526498784,289.8753247326845,773.5002857087258,0.008887660770333476,0.011289574759146135,1.3923091114238495,0.5421686746987951,0.936
2023-02-03,QQQ,lstm,-0.01793221250873378,0.00011026436550309882,-0.024110395461320877,0.0270850732922554,537.3787821157454,477.51410165239486,537.3787821157454,477.51410165239486,282.9698946967797,794.7368990183312,0.008887660770333476,0.011289574759146135,1.3923091114238495,0.5421686746987951,0.936
2023-02-06,QQQ,lstm,-0.008495045542743843,0.0033252802677452564,-0.015119584277272224,0.02331453375518322,532.8330602820731,479.10461840014005,532.8330602820731,479.10461840014005,278.7236974248794,813.4834859558008,0.008887660770333476,0.011289574759146135,1.3923091114238495,0.5421686746987951,0.936
2023-02-07,QQQ,lstm,0.020507046680902256,0.002115037990733981,-0.020274776965379715,0.021731816232204437,543.8727010562076,480.11901520201764,543.8727010562076,480.11901520201764,273.1295421186485,831.3554545880488,0.008887660770333476,0.011289574759146135,1.3923091114238495,0.5421686746987951,0.936
2023-02-08,QQQ,lstm,-0.017941090965962293,-0.0011320057092234492,-0.0227869413793087,0.019538845866918564,534.2020419402384,479.5758297874918,534.2020419402384,479.5758297874918,266.97612362534994,847.7588671764236,0.008887660770333476,0.011289574759146135,1.3923091114238495,0.5421686746987951,0.936
2023-02-09,QQQ,lstm,-0.008877221882850726,0.001653508865274489,-0.024910002946853638,0.023958396166563034,529.4807986505699,480.3694622553708,529.4807986505699,480.3694622553708,260.4078985494284,868.3150243623539,0.008887660770333476,0.011289574759146135,1.3923091114238495,0.5421686746987951,0.936
2023-02-10,QQQ,lstm,-0.006584813618544564,0.0026890242006629705,-0.01912558078765869,0.02239752933382988,526.0057202053348,481.6629528337152,526.0057202053348,481.6629528337152,255.47477136334032,887.9825696677186,0.008887660770333476,0.011289574759146135,1.3923091114238495,0.5421686746987951,0.936
2023-02-13,QQQ,lstm,0.015889072096500017,0.002782526658847928,-0.017038967460393906,0.026144374161958694,534.4302144768706,483.00505749035614,534.4302144768706,483.00505749035614,251.15861744548639,911.5044630328817,0.008887660770333476,0.011289574759146135,1.3923091114238495,0.5421686746987951,0.936
2023-02-14,QQQ,lstm,0.00736199644106904,0.0015148167731240392,-0.02251681126654148,0.023525161668658257,538.3792062094583,483.73728568794326,538.3792062094583,483.73728568794326,245.566521639512,933.201977768556,0.008887660770333476,0.011289574759146135,1.3923091114238495,0.5421686746987951,0.936
2023-02-15,QQQ,lstm,0.007631785293137086,-0.0006648008711636066,-0.02399548701941967,0.022994181141257286,542.5037193980422,483.4157978597231,542.5037193980422,483.4157978597231,239.74416563140582,954.9088095468572,0.008887660770333476,0.011289574759146135,1.3923091114238495,0.5421686746987951,0.936
2023-02-16,QQQ,lstm,-0.018942494437006258,0.002905336208641529,-0.019248900935053825,0.025828441604971886,532.3240641281724,484.8223160065196,532.3240641281724,484.8223160065196,235.17348059653273,979.8938928742712,0.008887660770333476,0.011289574759146135,1.3923091114238495,0.5421686746987951,0.936
2023-02-17,QQQ,lstm,-0.007080677305217698,0.0015633802395313978,-0.023123353719711304,0.023376118391752243,528.568162065669,485.5808796320443,528.568162065669,485.5808796320443,229.79786559930272,1003.0698343448863,0.008887660770333476,0.011289574759146135,1.3923091114238495,0.5421686746987951,0.936
2023-02-21,QQQ,lstm,-0.02395989834436366,0.00160027458332479,-0.02261178568005562,0.02390090376138687,516.0542374720972,486.3585747058702,516.0542374720972,486.3585747058702,224.6600311592209,1027.3329663397005,0.008887660770333476,0.011289574759146135,1.3923091114238495,0.5421686746987951,0.936
2023-02-22,QQQ,lstm,0.0007479473428156785,0.0008083304273895919,-0.023276999592781067,0.021399937570095062,516.4403632506375,486.75190057957946,516.4403632506375,486.75190057957946,219.49101547700852,1049.5547183565236,0.008887660770333476,0.011289574759146135,1.3923091114238495,0.5421686746987951,0.936
2023-02-23,QQQ,lstm,0.00869617300290989,0.001997062237933278,-0.020805424079298973,0.024078046903014183,520.9510022177617,487.72492764447736,520.9510022177617,487.72492764447736,214.9715892034511,1075.1326950289083,0.008887660770333476,0.011289574759146135,1.3923091114238495,0.5421686746987951,0.936
2023-02-24,QQQ,lstm,-0.016885926580302392,0.004324568901211023,-0.015010606497526169,0.024485506117343903,512.2281161148695,489.8387142786177,512.2281161148695,489.8387142786177,211.76883949936737,1101.78285163902,0.008887660770333476,0.011289574759146135,1.3923091114238495,0.5421686746987951,0.936
2023-02-27,QQQ,lstm,0.007135680621342724,0.0015724716940894723,-0.022076625376939774,0.020915456116199493,515.8962842301889,490.6095645635747,515.8962842301889,490.6095645635747,207.14492383311827,1125.0697900455764,0.008887660770333476,0.011289574759146135,1.3923091114238495,0.5421686746987951,0.936
2023-02-28,QQQ,lstm,-0.0012936338240237123,0.00029789446853101254,-0.0192759707570076,0.021039661020040512,515.2293348343803,490.7557191224532,515.2293348343803,490.7557191224532,203.19024392056616,1148.991616284435,0.008887660770333476,0.011289574759146135,1.3923091114238495,0.5421686746987951,0.936
2023-03-01,QQQ,lstm,-0.008071681118032432,0.00398830184713006,-0.020677989348769188,0.027198875322937965,511.08730699333654,492.71690314394306,511.08730699333654,492.71690314394306,199.0318190316076,1180.6717912209274,0.008887660770333476,0.011289574759146135,1.3923091114238495,0.5421686746987951,0.936
2023-03-02,QQQ,lstm,0.008241947972757306,0.004498106427490711,-0.018745945766568184,0.02779664658010006,515.3170687815642,494.938197528315,515.3170687815642,494.938197528315,195.33553598829616,1213.950867123273,0.008887660770333476,0.011289574759146135,1.3923091114238495,0.5421686746987951,0.936
2023-03-03,QQQ,lstm,0.020462908040608543,0.0022692293860018253,-0.01864258199930191,0.023743771016597748,525.9705837771583,496.06258398555525,525.9705837771583,496.06258398555525,191.72771401453716,1243.1196101052114,0.008887660770333476,0.011289574759146135,1.3923091114238495,0.5421686746987951,0.936
2023-03-06,QQQ,lstm,0.0011338882264449541,0.0021152712870389223,-0.02001967281103134,0.025527887046337128,526.5673138782428,497.11300375476316,526.5673138782428,497.11300375476316,187.92754982878523,1275.2623259684178,0.008887660770333476,0.011289574759146135,1.3923091114238495,0.5421686746987951,0.936
2023-03-07,QQQ,lstm,-0.012341671059299047,0.0006930725066922605,-0.022270413115620613,0.02259775809943676,520.1085313659568,497.4576627529948,520.1085313659568,497.4576627529948,183.78858200319158,1304.408501789164,0.008887660770333476,0.011289574759146135,1.3923091114238495,0.5421686746987951,0.936
2023-03-08,QQQ,lstm,0.004981870332036611,0.002105067018419504,-0.02065850794315338,0.023343488574028015,522.7061096544672,498.5059366864632,522.7061096544672,498.5059366864632,180.0307306526082,1335.2161549301825,0.008887660770333476,0.011289574759146135,1.3923091114238495,0.5421686746987951,0.936
2023-03-09,QQQ,lstm,-0.017477763577361048,0.0031022580806165934,-0.021859556436538696,0.02543211728334427,513.6497488536708,500.0548299872106,513.6497488536708,500.0548299872106,176.13804142790417,1369.6090084158495,0.008887660770333476,0.011289574759146135,1.3923091114238495,0.5421686746987951,0.936
2023-03-10,QQQ,lstm,-0.014143199325227958,0.00295342062599957,-0.014454439282417297,0.023014377802610397,506.4362294367638,501.5339026106593,506.4362294367638,501.5339026106593,173.61037706498342,1401.4951724273983,0.008887660770333476,0.011289574759146135,1.3923091114238495,0.5421686746987951,0.936
2023-03-13,QQQ,lstm,0.007389076794763508,0.0012854582164436579,-0.01994507387280464,0.021445345133543015,510.1921850608955,502.1790097379883,510.1921850608955,502.1790097379883,170.18200689888164,1431.8752403312776,0.008887660770333476,0.011289574759146135,1.3923091114238495,0.5421686746987951,0.936
2023-03-14,QQQ,lstm,0.02271972262746925,0.0020717326551675797,-0.017664439976215363,0.021564960479736328,521.9162898832984,503.2204707565997,521.9162898832984,503.2204707565997,167.20223206719314,1463.0889847121307,0.008887660770333476,0.011289574759146135,1.3923091114238495,0.5421686746987951,0.936
2023-03-15,QQQ,lstm,0.005232269493494949,-0.0002187753707403317,-0.021919503808021545,0.021386802196502686,524.654253199629,503.1103917585301,524.654253199629,503.1103917585301,163.57711868081572,1494.716834089492,0.008887660770333476,0.011289574759146135,1.3923091114238495,0.5421686746987951,0.936
2023-03-16,QQQ,lstm,0.02601924776067548,-4.675822492572479e-05,-0.020355824381113052,0.020737219601869583,538.48450837073,503.0868813890422,538.48450837073,503.0868813890422,160.2810290378455,1526.036793500924,0.008887660770333476,0.011289574759146135,1.3923091114238495,0.5421686746987951,0.936
2023-03-17,QQQ,lstm,-0.0047372950627122025,0.0003841149737127125,-0.022172020748257637,0.02231915481388569,535.9395811628556,503.28017317460626,535.9395811628556,503.28017317460626,156.7663846502569,1560.4796472124237,0.008887660770333476,0.011289574759146135,1.3923091114238495,0.5421686746987951,0.936
2023-03-20,QQQ,lstm,0.001995701454222742,0.0012070403899997473,-0.021625567227602005,0.02397014945745468,537.0102245512927,503.88804932218704,537.0102245512927,503.88804932218704,153.41261580616265,1598.336394196663,0.008887660770333476,0.011289574759146135,1.3923091114238495,0.5421686746987951,0.936
2023-03-21,QQQ,lstm,0.01418139693487051,0.001876972266472876,-0.01773005537688732,0.024344323202967644,544.6800354798359,504.8347231514228,544.6800354798359,504.8347231514228,150.7165771885712,1637.7242995255003,0.008887660770333476,0.011289574759146135,1.3923091114238495,0.5421686746987951,0.936
2023-03-22,QQQ,lstm,-0.013691292863952367,0.0008640103042125702,-0.02012287825345993,0.021085184067487717,537.2734799544728,505.27109550039546,537.2734799544728,505.27109550039546,147.71403475084549,1672.6225963243353,0.008887660770333476,0.011289574759146135,1.3923091114238495,0.5421686746987951,0.936
2023-03-23,QQQ,lstm,0.011788354518180059,7.537475175922737e-05,-0.020737621933221817,0.02128739282488823,543.6445285195748,505.309162761657,543.6445285195748,505.309162761657,144.68233940973514,1708.6100881609063,0.008887660770333476,0.011289574759146135,1.3923091114238495,0.5421686746987951,0.936
2023-03-24,QQQ,lstm,0.003673678472733426,5.670776772603858e-06,-0.02236257493495941,0.020273152738809586,545.6453767070009,505.3120541638792,545.6453767070009,505.3120541638792,141.4827768480371,1743.6024855331468,0.008887660770333476,0.011289574759146135,1.3923091114238495,0.5421686746987951,0.936
2023-03-27,QQQ,lstm,-0.006874891271802477,-0.0007115033222362399,-0.023444460704922676,0.01941784657537937,541.9069892969572,504.9526447873571,541.9069892969572,504.9526447873571,138.20436871632506,1777.790247891394,0.008887660770333476,0.011289574759146135,1.3923091114238495,0.5421686746987951,0.936
2023-03-28,QQQ,lstm,-0.0053257729163529175,0.0018580518662929535,-0.017842352390289307,0.02377133071422577,539.0285873911785,505.8917477006566,539.0285873911785,505.8917477006566,135.76034855502735,1820.5569069907035,0.008887660770333476,0.011289574759146135,1.3923091114238495,0.5421686746987951,0.936
2023-03-29,QQQ,lstm,0.018069690594371288,0.001511464244686067,-0.017231950536370277,0.020876122638583183,548.8571997490557,506.65698317078153,548.8571997490557,506.65698317078153,133.44096986993262,1858.9624912515117,0.008887660770333476,0.011289574759146135,1.3923091114238495,0.5421686746987951,0.936
2023-03-30,QQQ,lstm,0.009420793684701074,0.0007841382175683975,-0.022361211478710175,0.022612497210502625,554.0523027644484,507.05440345186554,554.0523027644484,507.05440345186554,130.49018634202812,1901.4770819942928,0.008887660770333476,0.011289574759146135,1.3923091114238495,0.5421686746987951,0.936
2023-03-31,QQQ,lstm,0.01649398891902967,0.003296344541013241,-0.021538887172937393,0.026221171021461487,563.2666168071531,508.7285651020948,563.2666168071531,508.7285651020948,127.7096230395655,1951.9954033069473,0.008887660770333476,0.011289574759146135,1.3923091114238495,0.5421686746987951,0.936
2023-04-03,QQQ,lstm,-0.0024333910916708563,-0.0008401702507399023,-0.022011157125234604,0.019394349306821823,561.8976351489879,508.30131987366786,561.8976351489879,508.30131987366786,124.92930075457946,1990.222467065304,0.008887660770333476,0.011289574759146135,1.3923091114238495,0.5421686746987951,0.936
2023-04-04,QQQ,lstm,-0.003379079496343258,0.0014605725882574916,-0.02185908332467079,0.023961324244737625,560.0021426844622,509.04426584074264,560.0021426844622,509.04426584074264,122.22809404094905,2038.4868461464455,0.008887660770333476,0.011289574759146135,1.3923091114238495,0.5421686746987951,0.936
2023-04-05,QQQ,lstm,-0.009921477921934187,0.0019726837053894997,-0.017910145223140717,0.021840643137693405,554.473564971165,510.0494158274134,554.473564971165,510.0494158274134,120.05845491666604,2083.4984668513366,0.008887660770333476,0.011289574759146135,1.3923091114238495,0.5421686746987951,0.936
2023-04-06,QQQ,lstm,0.006719505261972641,0.0016429228708148003,-0.01916782185435295,0.022852011024951935,558.2118988195803,510.88806648226665,558.2118988195803,510.88806648226665,117.77911255974243,2131.6588632742405,0.008887660770333476,0.011289574759146135,1.3923091114238495,0.5421686746987951,0.936
2023-04-10,QQQ,lstm,-0.0005660859398195309,0.0009144727955572307,-0.01774146966636181,0.02249838598072529,557.895992335764,511.35549396370953,557.895992335764,511.35549396370953,115.70796225564695,2180.1612602838863,0.008887660770333476,0.011289574759146135,1.3923091114238495,0.5421686746987951,0.936
2023-04-11,QQQ,lstm,-0.006438427176773424,0.0020048513542860746,-0.026050636544823647,0.03126583993434906,554.3155581676286,512.381727367497,554.3155581676286,512.381727367497,112.73262241853718,2249.4026127186207,0.008887660770333476,0.011289574759146135,1.3923091114238495,0.5421686746987951,0.936
2023-04-12,QQQ,lstm,-0.008873046428625459,0.001600218820385635,-0.021697137504816055,0.024133972823619843,549.4188469835923,513.2022849767517,549.4188469835923,513.2022849767517,110.31299098892168,2304.3499696078698,0.008887660770333476,0.011289574759146135,1.3923091114238495,0.5421686746987951,0.936
2023-04-13,QQQ,lstm,0.019392913068436397,0.0017155277309939265,-0.02096947655081749,0.02556386962532997,560.1776641404584,514.083438621137,560.1776641404584,514.083438621137,108.02387302317402,2364.017539829118,0.008887660770333476,0.011289574759146135,1.3923091114238495,0.5421686746987951,0.936
2023-04-14,QQQ,lstm,-0.0018816641923865844,0.0006539297173731029,-0.02321251481771469,0.025938913226127625,559.1245889661094,514.4197013035408,559.1245889661094,514.4197013035408,105.54524736421433,2426.1398011679303,0.008887660770333476,0.011289574759146135,1.3923091114238495,0.5421686746987951,0.936
2023-04-17,QQQ,lstm,0.0008471439992070038,0.0024358495138585567,-0.020358379930257797,0.026239164173603058,559.5984486918338,515.6742596580697,559.5984486918338,515.6742596580697,103.41823950338508,2490.642156847904,0.008887660770333476,0.011289574759146135,1.3923091114238495,0.5421686746987951,0.936
2023-04-18,QQQ,lstm,6.269096519484404e-05,0.0016655358485877514,-0.015638910233974457,0.022648636251688004,559.6335315583817,516.5338388841819,559.6335315583817,516.5338388841819,101.81347439817613,2547.6953432139353,0.008887660770333476,0.011289574759146135,1.3923091114238495,0.5421686746987951,0.936
2023-04-19,QQQ,lstm,-0.00047051744814852615,0.0017564946319907904,-0.02245430275797844,0.022849954664707184,559.3702761552015,517.4418947287303,559.3702761552015,517.4418947287303,99.55279772075647,2606.580257053559,0.008887660770333476,0.011289574759146135,1.3923091114238495,0.5421686746987951,0.936
2023-04-20,QQQ,lstm,-0.007653678247879499,0.003433307632803917,-0.022027423605322838,0.029368309304118156,555.1053779387976,519.2214746856104,555.1053779387976,519.2214746856104,97.38388366986177,2684.266130946638,0.008887660770333476,0.011289574759146135,1.3923091114238495,0.5421686746987951,0.936
2023-04-21,QQQ,lstm,0.001042792935399472,0.0010696136159822345,-0.023143531754612923,0.027096515521407127,555.684539825794,519.7771152851298,555.684539825794,519.7771152851298,95.15595925441735,2757.9949020647323,0.008887660770333476,0.011289574759146135,1.3923091114238495,0.5421686746987951,0.936
2023-04-24,QQQ,lstm,-0.002086674423138586,-0.0019924563821405172,-0.024255406111478806,0.020048901438713074,554.5262160518012,518.7425004381286,554.5262160518012,518.7425004381286,92.87567703557224,2813.8478128173574,0.008887660770333476,0.011289574759146135,1.3923091114238495,0.5421686746987951,0.936
2023-04-25,QQQ,lstm,-0.019044004464082186,0.0021223858930170536,-0.02173393964767456,0.023446638137102127,544.0657371646631,519.8446555972812,544.0657371646631,519.8446555972812,90.8789005988614,2880.602754683871,0.008887660770333476,0.011289574759146135,1.3923091114238495,0.5421686746987951,0.936
2023-04-26,QQQ,lstm,0.006046411265235898,0.0022441684268414974,-0.021728640422225,0.024464139714837074,547.3653477155303,521.0126100688743,547.3653477155303,521.0126100688743,88.92552502924617,2951.9433278622014,0.008887660770333476,0.011289574759146135,1.3923091114238495,0.5421686746987951,0.936
2023-04-27,QQQ,lstm,0.026827748481101664,0.004525204189121723,-0.017309103161096573,0.030384685844182968,562.2486780609804,523.3756297454023,562.2486780609804,523.3756297454023,87.39954725939926,3043.013750680952,0.008887660770333476,0.011289574759146135,1.3923091114238495,0.5421686746987951,0.936
2023-04-28,QQQ,lstm,0.006874990736427471,0.0008293089340440929,-0.022485125809907913,0.024203024804592133,566.127450498844,523.8098727548537,566.127450498844,523.8098727548537,85.45628812063158,3117.5625467221057,0.008887660770333476,0.011289574759146135,1.3923091114238495,0.5421686746987951,0.936
2023-05-01,QQQ,lstm,-0.0011477166585569132,-0.001340746763162315,-0.02310122177004814,0.02237078920006752,565.4780693171235,523.1080446249866,565.4780693171235,523.1080446249866,83.50477014647939,3188.0909862801573,0.008887660770333476,0.011289574759146135,1.3923091114238495,0.5421686746987951,0.936
2023-05-02,QQQ,lstm,-0.00875980951441715,-0.0022537659388035536,-0.026237355545163155,0.02057475782930851,560.5462217049109,521.9304196997641,560.5462217049109,521.9304196997641,81.34231959677614,3254.3644960541887,0.008887660770333476,0.011289574759146135,1.3923091114238495,0.5421686746987951,0.936
2023-05-03,QQQ,lstm,-0.006565422593203637,0.001915947999805212,-0.02062266133725643,0.02620392106473446,556.8780535895914,522.9313982402001,556.8780535895914,522.9313982402001,79.68200154035505,3340.768826851526,0.008887660770333476,0.011289574759146135,1.3923091114238495,0.5421686746987951,0.936
2023-05-04,QQQ,lstm,-0.003536123023990976,0.001460256869904697,-0.024147700518369675,0.023974109441041946,554.9123418303417,523.6955408821769,554.9123418303417,523.6955408821769,77.78090949417934,3421.828371682865,0.008887660770333476,0.011289574759146135,1.3923091114238495,0.5421686746987951,0.936
2023-05-05,QQQ,lstm,0.02103166722702851,0.0016463384963572025,-0.019548622891306877,0.02396843023598194,566.7066659474688,524.5584396808898,566.7066659474688,524.5584396808898,76.27516335299083,3504.8351443419424,0.008887660770333476,0.011289574759146135,1.3923091114238495,0.5421686746987951,0.936
2023-05-08,QQQ,lstm,0.002474521884484839,0.0007881877827458084,-0.017589394003152847,0.018679462373256683,568.1107304721819,524.9720279091214,568.1107304721819,524.9720279091214,74.9452593296308,3570.918725822342,0.008887660770333476,0.011289574759146135,1.3923091114238495,0.5421686746987951,0.936
2023-05-09,QQQ,lstm,-0.006353321972543265,0.00017752364510670304,-0.02370162308216095,0.02175743877887726,564.5127816515867,525.0652118258757,564.5127816515867,525.0652118258757,73.18981978296921,3649.4643043849724,0.008887660770333476,0.011289574759146135,1.3923091114238495,0.5421686746987951,0.936
2023-05-10,QQQ,lstm,0.010822950635878126,4.978310244041495e-05,-0.022274833172559738,0.021958399564027786,570.6556576800565,525.0913755539392,570.6556576800565,525.0913755539392,71.57755305076822,3730.487155031951,0.008887660770333476,0.011289574759146135,1.3923091114238495,0.5421686746987951,0.936
2023-05-11,QQQ,lstm,0.0032548237500508283,0.0009386716992594302,-0.021819256246089935,0.022293884307146072,572.5160672780343,525.5845050286523,572.5160672780343,525.5845050286523,70.03269750889588,3814.5882452633537,0.008887660770333476,0.011289574759146135,1.3923091114238495,0.5421686746987951,0.936
2023-05-12,QQQ,lstm,-0.003593245602546293,0.0033017504028975964,-0.014713017269968987,0.021553104743361473,570.4625680099722,527.3227303603176,570.4625680099722,527.3227303603176,69.00985009089817,3897.6968601216313,0.008887660770333476,0.011289574759146135,1.3923091114238495,0.5421686746987951,0.936
2023-05-15,QQQ,lstm,0.005400306904225894,0.0011744340881705284,-0.02246253937482834,0.027128417044878006,573.5515742382952,527.9424216697568,573.5515742382952,527.9424216697568,67.47699310704733,4004.8827245912976,0.008887660770333476,0.011289574759146135,1.3923091114238495,0.5421686746987951,0.936
2023-05-16,QQQ,lstm,0.0011315701498922643,-0.00038045301334932446,-0.0244203582406044,0.026000704616308212,574.2009554200158,527.7415940392907,574.2009554200158,527.7415940392907,65.84913613136563,4110.3780505921,0.008887660770333476,0.011289574759146135,1.3923091114238495,0.5421686746987951,0.936
2023-05-17,QQQ,lstm,0.012031473633716115,0.0016213267808780074,-0.022549930959939957,0.026094738394021988,581.1511658721143,528.5979481063854,581.1511658721143,528.5979481063854,64.38086099057237,4219.049196515276,0.008887660770333476,0.011289574759146135,1.3923091114238495,0.5421686746987951,0.936
2023-05-18,QQQ,lstm,0.018402931248640956,0.001262908917851746,-0.019436249509453773,0.02242153324186802,591.9450658955285,529.2659572501999,591.9450658955285,529.2659572501999,63.141619242324424,4314.715288871621,0.008887660770333476,0.011289574759146135,1.3923091114238495,0.5421686746987951,0.936
2023-05-19,QQQ,lstm,-0.0022558685972117513,0.002742692595347762,-0.022298499941825867,0.02677059918642044,590.6112206655395,530.7195665247169,590.6112206655395,530.7195665247169,61.74923593831111,4431.782806445749,0.008887660770333476,0.011289574759146135,1.3923091114238495,0.5421686746987951,0.936
2023-05-22,QQQ,lstm,0.0033523871547466795,0.004590496886521578,-0.017490068450570107,0.02665681205689907,592.5945006388774,533.1614081734849,592.5945006388774,533.1614081734849,60.678629051122925,4551.508874391651,0.008887660770333476,0.011289574759146135,1.3923091114238495,0.5421686746987951,0.936
2023-05-23,QQQ,lstm,-0.012757339327899542,-0.000984602840617299,-0.02381691336631775,0.020313750952482224,585.0825893906141,532.63670681598,585.0825893906141,532.63670681598,59.2505241649633,4644.912761925781,0.008887660770333476,0.011289574759146135,1.3923091114238495,0.5421686746987951,0.936
2023-05-24,QQQ,lstm,-0.005142765604319598,-0.00018762258696369827,-0.024953283369541168,0.022369153797626495,582.0813706711033,532.5367970504772,582.0813706711033,532.5367970504772,57.790324974323404,4749.986606193602,0.008887660770333476,0.011289574759146135,1.3923091114238495,0.5421686746987951,0.936
2023-05-25,QQQ,lstm,0.02404157493699059,0.0010941530345007777,-0.02164938487112522,0.02273368649184704,596.2451005401086,533.1197644995837,596.2451005401086,533.1197644995837,56.55264555018658,4859.2079950695,0.008887660770333476,0.011289574759146135,1.3923091114238495,0.5421686746987951,0.936
2023-05-26,QQQ,lstm,0.025229474954575032,0.0016008280217647552,-0.020645856857299805,0.024719931185245514,611.4794202359229,533.9738509600679,611.4794202359229,533.9738509600679,55.397037437295566,4980.824205835916,0.008887660770333476,0.011289574759146135,1.3923091114238495,0.5421686746987951,0.936
2023-05-30,QQQ,lstm,0.004524813925257396,-0.0013308386551216245,-0.024093206971883774,0.02292122319340706,614.2525199804297,533.2636879308459,614.2525199804297,533.2636879308459,54.07829652140513,5096.30943847364,0.008887660770333476,0.011289574759146135,1.3923091114238495,0.5421686746987951,0.936
2023-05-31,QQQ,lstm,-0.005702325718436863,-0.0006697844946756959,-0.021973520517349243,0.019955281168222427,610.7598197594782,532.9066471079509,610.7598197594782,532.9066471079509,52.902965311877516,5199.028960859027,0.008887660770333476,0.011289574759146135,1.3923091114238495,0.5421686746987951,0.936
2023-06-01,QQQ,lstm,0.01148589636147326,-0.0009851553477346897,-0.026259606704115868,0.021779557690024376,617.815385934477,532.3819105956343,617.815385934477,532.3819105956343,51.53183535184134,5313.5034297085085,0.008887660770333476,0.011289574759146135,1.3923091114238495,0.5421686746987951,0.936
2023-06-02,QQQ,lstm,0.007471758410186422,0.003476581070572138,-0.020486073568463326,0.024377131834626198,622.4488417153333,534.2359732882933,622.4488417153333,534.2359732882933,50.486889338021015,5444.623056523822,0.008887660770333476,0.011289574759146135,1.3923091114238495,0.5421686746987951,0.936
2023-06-05,QQQ,lstm,0.0007046720164780302,0.0014088128227740526,-0.02245115116238594,0.022854682058095932,622.8876185745096,534.9891226332272,622.8876185745096,534.9891226332272,49.36602982482037,5570.491307308994,0.008887660770333476,0.011289574759146135,1.3923091114238495,0.5421686746987951,0.936
2023-06-06,QQQ,lstm,-0.00016906912267084675,-0.0010839940514415503,-0.031099393963813782,0.023391544818878174,622.7823164132375,534.4094974271081,622.7823164132375,534.4094974271081,47.85440478119366,5702.329329981718,0.008887660770333476,0.011289574759146135,1.3923091114238495,0.5421686746987951,0.936
2023-06-07,QQQ,lstm,-0.017110922494281724,-0.0004029670380987227,-0.02123224176466465,0.019511619582772255,612.2165889264556,534.1942010517673,612.2165889264556,534.1942010517673,46.849058776684096,5814.683858724433,0.008887660770333476,0.011289574759146135,1.3923091114238495,0.5421686746987951,0.936
2023-06-08,QQQ,lstm,0.012336827734210935,0.0011246481444686651,-0.021090403199195862,0.023700393736362457,619.8161805602747,534.7953488533965,619.8161805602747,534.7953488533965,45.87133985736776,5954.140204302752,0.008887660770333476,0.011289574759146135,1.3923091114238495,0.5421686746987951,0.936
2023-06-09,QQQ,lstm,0.003815467400319617,-0.00017566986207384616,-0.02200397104024887,0.019938893616199493,622.1855863121531,534.7014094362089,622.1855863121531,534.7014094362089,44.87301332118081,6074.05050859096,0.008887660770333476,0.011289574759146135,1.3923091114238495,0.5421686746987951,0.936
2023-06-12,QQQ,lstm,0.016755844027176958,0.0010731365764513612,-0.021063903346657753,0.025701845064759254,632.6986627182988,535.2755280021012,632.6986627182988,535.2755280021012,43.937697055812926,6232.188117229335,0.008887660770333476,0.011289574759146135,1.3923091114238495,0.5421686746987951,0.936
2023-06-13,QQQ,lstm,0.007654668205230697,0.00013457513705361634,-0.022289101034402847,0.02565758302807808,637.5603445974156,535.3475692836957,637.5603445974156,535.3475692836957,42.969199801941706,6394.159772665597,0.008887660770333476,0.011289574759146135,1.3923091114238495,0.5421686746987951,0.936
2023-06-14,QQQ,lstm,0.007241197139741267,-1.577980765432585e-05,-0.021169548854231834,0.022554168477654457,642.1938003782718,535.3391133452457,642.1938003782718,535.3391133452457,42.06912229241952,6540.013492875198,0.008887660770333476,0.011289574759146135,1.3923091114238495,0.5421686746987951,0.936
2023-06-15,QQQ,lstm,0.011845432591746165,0.000688412634190172,-0.019629186019301414,0.0238450039178133,649.8460966543552,535.7077864383018,649.8460966543552,535.7077864383018,41.25139153130722,6697.834067082828,0.008887660770333476,0.011289574759146135,1.3923091114238495,0.5421686746987951,0.936
2023-06-16,QQQ,lstm,-0.006312805158628491,0.0006646193796768785,-0.022145593538880348,0.020535284653306007,645.7566663323191,536.0639411572929,645.7566663323191,536.0639411572929,40.3478951568604,6836.797663252455,0.008887660770333476,0.011289574759146135,1.3923091114238495,0.5421686746987951,0.936
2023-06-20,QQQ,lstm,-0.002803368051578282,0.002116419142112136,-0.021716969087719917,0.02465476654469967,643.9489078149775,537.1997034227592,643.9489078149775,537.1997034227592,39.48110837482064,7007.452563649331,0.008887660770333476,0.011289574759146135,1.3923091114238495,0.5421686746987951,0.936
2023-06-21,QQQ,lstm,-0.013721401021373291,0.0019086020765826106,-0.019153200089931488,0.023293092846870422,635.1733706314493,538.2259955616996,635.1733706314493,538.2259955616996,38.73211359681111,7172.593585533753,0.008887660770333476,0.011289574759146135,1.3923091114238495,0.5421686746987951,0.936
2023-06-22,QQQ,lstm,0.011729829404101097,-0.0003858264535665512,-0.02272557094693184,0.023231610655784607,642.6677136656247,538.0183688229561,642.6677136656247,538.0183688229561,37.86183080812811,7341.174939735905,0.008887660770333476,0.011289574759146135,1.3923091114238495,0.5421686746987951,0.936
2023-06-23,QQQ,lstm,-0.009962906504228033,-0.0009998156456276774,-0.026057999581098557,0.021591097116470337,636.2966651005227,537.4807101332375,636.2966651005227,537.4807101332375,36.88797034784944,7501.402760435276,0.008887660770333476,0.011289574759146135,1.3923091114238495,0.5421686746987951,0.936
2023-06-26,QQQ,lstm,-0.013496125155660286,0.0016491715796291828,-0.019064294174313545,0.02377396635711193,627.7668151060865,538.367860648854,627.7668151060865,538.367860648854,36.19138879261857,7681.877650322972,0.008887660770333476,0.011289574759146135,1.3923091114238495,0.5421686746987951,0.936
2023-06-27,QQQ,lstm,0.017047977220515865,0.0025529160629957914,-0.01986008696258068,0.02463325299322605,638.5607151295005,539.7440391561694,638.5607151295005,539.7440391561694,35.479715230296144,7873.457375330484,0.008887660770333476,0.011289574759146135,1.3923091114238495,0.5421686746987951,0.936
2023-06-28,QQQ,lstm,0.0019496195678474434,-0.00033971414086408913,-0.023579079657793045,0.019590653479099274,639.806879973934,539.5607273638486,639.806879973934,539.5607273638486,34.65292183469955,8029.224710334393,0.008887660770333476,0.011289574759146135,1.3923091114238495,0.5421686746987951,0.936
2023-06-29,QQQ,lstm,-0.002004561610925866,0.0016903309151530266,-0.022387215867638588,0.025737645104527473,638.5256322629526,540.4735660425362,638.5256322629526,540.4735660425362,33.885758943449424,8238.559988639649,0.008887660770333476,0.011289574759146135,1.3923091114238495,0.5421686746987951,0.936
2023-06-30,QQQ,lstm,0.015302497873177967,0.0007939845090731978,-0.02526496909558773,0.023141173645853996,648.371812834918,540.9028596000062,648.371812834918,540.9028596000062,33.04036084057444,8431.433209313327,0.008887660770333476,0.011289574759146135,1.3923091114238495,0.5421686746987951,0.936
2023-07-03,QQQ,lstm,0.0023522610009180946,0.0013444190844893456,-0.019812075421214104,0.02225891314446926,649.8987477349914,541.6305236857027,649.8987477349914,541.6305236857027,32.392205415988506,8621.212140623085,0.008887660770333476,0.011289574759146135,1.3923091114238495,0.5421686746987951,0.936
2023-07-05,QQQ,lstm,-2.703259793567155e-05,-0.0007805766654200852,-0.030358240008354187,0.021775823086500168,649.8811795209033,541.2078978349316,649.8811795209033,541.2078978349316,31.423612362906564,8811.004831905495,0.008887660770333476,0.011289574759146135,1.3923091114238495,0.5421686746987951,0.936
2023-07-06,QQQ,lstm,-0.007645026964738408,0.0011446356074884534,-0.021835342049598694,0.02435838058590889,644.9317636946025,541.8277127403962,644.9317636946025,541.8277127403962,30.744903289989043,9028.26207666422,0.008887660770333476,0.011289574759146135,1.3923091114238495,0.5421686746987951,0.936
2023-07-07,QQQ,lstm,-0.0033256163978637233,0.0014034811174497008,-0.021058088168501854,0.024900713935494423,642.7905304793564,542.5887226852533,642.7905304793564,542.5887226852533,30.104243976787927,9255.894905677671,0.008887660770333476,0.011289574759146135,1.3923091114238495,0.5421686746987951,0.936
2023-07-10,QQQ,lstm,0.0003275870113553908,0.0033318386413156986,-0.016308732330799103,0.023016750812530518,643.0011348019007,544.3995492109768,643.0011348019007,544.3995492109768,29.61726381283675,9471.406571163428,0.008887660770333476,0.011289574759146135,1.3923091114238495,0.5421686746987951,0.936
2023-07-11,QQQ,lstm,0.004928407942104489,0.0023058662191033363,-0.02465653605759144,0.024930858984589577,646.177928539036,545.6562889788228,646.177928539036,545.6562889788228,28.89593375625506,9710.504993826145,0.008887660770333476,0.011289574759146135,1.3923091114238495,0.5421686746987951,0.936
2023-07-12,QQQ,lstm,0.012550924593389445,0.0017004788387566805,-0.02325742319226265,0.028168387711048126,654.3391674073916,546.5849692601937,654.3391674073916,546.5849692601937,28.231644133810104,9987.923089091226,0.008887660770333476,0.011289574759146135,1.3923091114238495,0.5421686746987951,0.936
2023-07-13,QQQ,lstm,0.016836139962497956,0.0009993977146223187,-0.020691391080617905,0.021182816475629807,665.448973914622,547.1315146133863,665.448973914622,547.1315146133863,27.65349436232465,10201.75250006977,0.008887660770333476,0.011289574759146135,1.3923091114238495,0.5421686746987951,0.936
2023-07-14,QQQ,lstm,-0.00021098512947046884,-0.00027073503588326275,-0.02329638972878456,0.02360690012574196,665.308588886802,546.9833928189614,665.308588886802,546.9833928189614,27.016713973344068,10445.449448923082,0.008887660770333476,0.011289574759146135,1.3923091114238495,0.5421686746987951,0.936
2023-07-17,QQQ,lstm,0.009295251417104878,-0.0005974002415314317,-0.018895786255598068,0.015167116187512875,671.5216306483676,546.6567132556747,671.5216306483676,546.6567132556747,26.51100534507005,10605.084642843383,0.008887660770333476,0.011289574759146135,1.3923091114238495,0.5421686746987951,0.936
2023-07-18,QQQ,lstm,0.008147386728363657,0.0005680953036062419,-0.022753307595849037,0.02565120719373226,677.0151254951169,546.9673622396408,677.0151254951169,546.9673622396408,25.914603104413807,10880.636302169793,0.008887660770333476,0.011289574759146135,1.3923091114238495,0.5421686746987951,0.936
2023-07-19,QQQ,lstm,-0.0002333355116098172,-0.0005789099377579987,-0.028366368263959885,0.023225147277116776,676.8571722532088,546.6507988069862,676.8571722532088,546.6507988069862,25.18982839221726,11136.298454890695,0.008887660770333476,0.011289574759146135,1.3923091114238495,0.5421686746987951,0.936
2023-07-20,QQQ,lstm,-0.02332180067880946,-0.00030935322865843773,-0.019900549203157425,0.019625946879386902,661.2542949929423,546.4817260004485,661.2542949929423,546.4817260004485,24.693491412912376,11357.018283187426,0.008887660770333476,0.011289574759146135,1.3923091114238495,0.5421686746987951,0.936
2023-07-21,QQQ,lstm,-0.003003776526670523,0.0007297213305719197,-0.025798816233873367,0.025211423635482788,659.2710150196043,546.8806782568928,659.2710150196043,546.8806782568928,24.064575697679096,11646.984402099912,0.008887660770333476,0.011289574759146135,1.3923091114238495,0.5421686746987951,0.936
2023-07-24,QQQ,lstm,0.0015960583572021297,0.0005764206289313734,-0.024190466850996017,0.02323869615793228,660.3240901939533,547.1960180416019,660.3240901939533,547.1960180416019,23.489427264310912,11920.814482696758,0.008887660770333476,0.011289574759146135,1.3923091114238495,0.5421686746987951,0.936
2023-07-25,QQQ,lstm,0.006754870679702844,0.001394449733197689,-0.022292155772447586,0.02370317652821541,664.7995927329014,547.9596103547956,664.7995927329014,547.9596103547956,22.971591257023853,12206.75118681887,0.008887660770333476,0.011289574759146135,1.3923091114238495,0.5421686746987951,0.936
2023-07-26,QQQ,lstm,-0.003332040068048496,0.0006155693554319441,-0.020711379125714302,0.021264975890517235,662.5881402229312,548.2969978435759,662.5881402229312,548.2969978435759,22.500710506436985,12469.107467917751,0.008887660770333476,0.011289574759146135,1.3923091114238495,0.5421686746987951,0.936
2023-07-27,QQQ,lstm,-0.0023868097241474947,0.001291804015636444,-0.02155909687280655,0.026159469038248062,661.0085542422217,549.0057190459039,661.0085542422217,549.0057190459039,22.020806585474837,12799.596620241286,0.008887660770333476,0.011289574759146135,1.3923091114238495,0.5421686746987951,0.936
2023-07-28,QQQ,lstm,0.018050788265150542,0.0014713049167767167,-0.026427432894706726,0.024648629128932953,673.0486191100692,549.8140497768113,673.0486191100692,549.8140497768113,21.44647611500746,13119.009466531332,0.008887660770333476,0.011289574759146135,1.3923091114238495,0.5421686746987951,0.936
2023-07-31,QQQ,lstm,0.0005213558919346982,0.003129029180854559,-0.021549375727772713,0.024436185136437416,673.3996084604335,551.5371081858564,673.3996084604335,551.5371081858564,20.98926184545697,13443.537537626009,0.008887660770333476,0.011289574759146135,1.3923091114238495,0.5421686746987951,0.936
2023-08-01,QQQ,lstm,-0.0023222944914203045,0.0023513678461313248,-0.01885136030614376,0.025486303493380547,671.8375906938121,552.8355065390103,671.8375906938121,552.8355065390103,20.597291770203604,13790.566568601424,0.008887660770333476,0.011289574759146135,1.3923091114238495,0.5421686746987951,0.936
2023-08-02,QQQ,lstm,-0.02218848428716519,0.0023092972114682198,-0.018995191901922226,0.024689622223377228,657.0946989378103,554.113631802918,657.0946989378103,554.113631802918,20.20973447412265,14135.287660969008,0.008887660770333476,0.011289574759146135,1.3923091114238495,0.5421686746987951,0.936
2023-08-03,QQQ,lstm,-0.001603908721278499,0.0019312906078994274,-0.019254637882113457,0.025734471157193184,656.0416237634613,555.1847876673137,656.0416237634613,555.1847876673137,19.8243258142317,14503.772686747467,0.008887660770333476,0.011289574759146135,1.3923091114238495,0.5421686746987951,0.936
2023-08-04,QQQ,lstm,-0.004692766907874672,0.0010934197343885899,-0.023045925423502922,0.024559209123253822,652.9701857492264,555.7921507478657,652.9701857492264,555.7921507478657,19.37268038424232,14864.383512969118,0.008887660770333476,0.011289574759146135,1.3923091114238495,0.5421686746987951,0.936
2023-08-07,QQQ,lstm,0.008431172489964374,-0.0010133429896086454,-0.023196328431367874,0.02154819667339325,658.4987634625235,555.2292432770727,658.4987634625235,555.2292432770727,18.92847702000748,15188.160118083248,0.008887660770333476,0.011289574759146135,1.3923091114238495,0.5421686746987951,0.936
2023-08-08,QQQ,lstm,-0.00853871655883428,0.001188031630590558,-0.024485986679792404,0.027952425181865692,652.8999664545022,555.8892748358198,652.8999664545022,555.8892748358198,18.470622946524408,15618.695505417954,0.008887660770333476,0.011289574759146135,1.3923091114238495,0.5421686746987951,0.936
2023-08-09,QQQ,lstm,-0.011055501278738172,0.00019808266370091587,-0.024939851835370064,0.02681209333240986,645.7215834657715,555.9994108649175,645.7215834657715,555.9994108649175,18.015664893842583,16043.130907420238,0.008887660770333476,0.011289574759146135,1.3923091114238495,0.5421686746987951,0.936
2023-08-10,QQQ,lstm,0.0018465522579732164,0.0041882870718836784,-0.01901642233133316,0.029509972780942917,646.9150436679405,558.3330074828227,646.9150436679405,558.3330074828227,17.676308558138775,16523.617304764903,0.008887660770333476,0.011289574759146135,1.3923091114238495,0.5421686746987951,0.936
2023-08-11,QQQ,lstm,-0.0063960757126759644,0.0025347804185003042,-0.022835910320281982,0.028125811368227005,642.7905304793566,559.7500375466079,642.7905304793566,559.7500375466079,17.277227595703238,16994.955373057994,0.008887660770333476,0.011289574759146135,1.3923091114238495,0.5421686746987951,0.936
2023-08-14,QQQ,lstm,0.011159691399990946,0.0012139891041442752,-0.01794436387717724,0.022412164136767387,650.0040498962635,560.4299897964448,650.0040498962635,560.4299897964448,16.969964240748663,17380.15049304447,0.008887660770333476,0.011289574759146135,1.3923091114238495,0.5421686746987951,0.936
2023-08-15,QQQ,lstm,-0.01066826783085261,0.0028366311453282833,-0.022187383845448494,0.024037351831793785,643.1064905248011,562.0219686118644,643.1064905248011,562.0219686118644,16.59759175979104,17802.985038784598,0.008887660770333476,0.011289574759146135,1.3923091114238495,0.5421686746987951,0.936
2023-08-16,QQQ,lstm,-0.010645416504473865,-2.780348040687386e-05,-0.024422956630587578,0.02355809323489666,636.2966651005227,562.0063580220399,636.2966651005227,562.0063580220399,16.197139576420522,18227.369120895193,0.008887660770333476,0.011289574759146135,1.3923091114238495,0.5421686746987951,0.936
2023-08-17,QQQ,lstm,-0.010983086884059417,0.0006088843801990151,-0.018129315227270126,0.02201765775680542,629.3464010867958,562.3486425206282,629.3464010867958,562.3486425206282,15.906142213450105,18633.14422373117,0.008887660770333476,0.011289574759146135,1.3923091114238495,0.5421686746987951,0.936
2023-08-18,QQQ,lstm,-0.0012556871089945392,0.002342080231755972,-0.021604128181934357,0.02701161801815033,628.5566348772552,563.6672638936118,628.5566348772552,563.6672638936118,15.566189183491094,19143.315076752093,0.008887660770333476,0.011289574759146135,1.3923091114238495,0.5421686746987951,0.936
2023-08-21,QQQ,lstm,0.015983025234289804,0.002630295231938362,-0.022188125178217888,0.028056053444743156,638.6835855048606,565.1518563943539,638.6835855048606,565.1518563943539,15.224607722953342,19688.006522076455,0.008887660770333476,0.011289574759146135,1.3923091114238495,0.5421686746987951,0.936
2023-08-22,QQQ,lstm,-0.0014299557341041183,0.003470255993306637,-0.017754387110471725,0.02186764031648636,637.7709489199599,567.1164723692947,637.7709489199599,567.1164723692947,14.956689111860031,20123.277546968522,0.008887660770333476,0.011289574759146135,1.3923091114238495,0.5421686746987951,0.936
2023-08-23,QQQ,lstm,0.015645530800356727,0.0026847796980291605,-0.020110169425606728,0.02614721469581127,647.8276802528411,568.6411127726694,647.8276802528411,568.6411127726694,14.658911568362301,20656.38340821992,0.008887660770333476,0.011289574759146135,1.3923091114238495,0.5421686746987951,0.936
2023-08-24,QQQ,lstm,-0.02160746853695175,0.0035460302606225014,-0.021718788892030716,0.031684163957834244,633.9799104292803,570.6611066166437,633.9799104292803,570.6611066166437,14.3439705201789,21321.341221475603,0.008887660770333476,0.011289574759146135,1.3923091114238495,0.5421686746987951,0.936
2023-08-25,QQQ,lstm,0.007721586626792117,0.001820544246584177,-0.023025084286928177,0.025571279227733612,638.8941898274048,571.7009842311111,638.8941898274048,571.7009842311111,14.017472200187788,21873.586968631138,0.008887660770333476,0.011289574759146135,1.3923091114238495,0.5421686746987951,0.936
2023-08-28,QQQ,lstm,0.00749892880674549,-0.0007940095383673906,-0.02774784155189991,0.02385578490793705,643.7032206258856,571.2472277612641,643.7032206258856,571.2472277612641,13.63386445226247,22401.672731328366,0.008887660770333476,0.011289574759146135,1.3923091114238495,0.5421686746987951,0.936
2023-08-29,QQQ,lstm,0.02160476534794587,0.000608576403465122,-0.019387487322092056,0.022029343992471695,657.7615947719906,571.5950041256116,657.7615947719906,571.5950041256116,13.372084135115122,22900.642637081237,0.008887660770333476,0.011289574759146135,1.3923091114238495,0.5421686746987951,0.936
2023-08-30,QQQ,lstm,0.005561251668246927,0.001766576780937612,-0.020160986110568047,0.024698158726096153,661.4297628873101,572.6056482159293,661.4297628873101,572.6056482159293,13.105189475755882,23473.289195542675,0.008887660770333476,0.011289574759146135,1.3923091114238495,0.5421686746987951,0.936
2023-08-31,QQQ,lstm,0.002993987582884357,-0.00019871475524269044,-0.019442815333604813,0.018926318734884262,663.413042860648,572.4918589417641,663.413042860648,572.4918589417641,12.852848500984798,23921.781766943554,0.008887660770333476,0.011289574759146135,1.3923091114238495,0.5421686746987951,0.936
2023-09-01,QQQ,lstm,-0.0010587732363455155,0.0023148362524807453,-0.021502844989299774,0.023680854588747025,662.7110105982914,573.8186361889173,662.7110105982914,573.8186361889173,12.579425806782078,24495.030221370198,0.008887660770333476,0.011289574759146135,1.3923091114238495,0.5421686746987951,0.936
2023-09-05,QQQ,lstm,0.0012704418615892912,0.0016707046888768673,-0.01693853549659252,0.02218008227646351,663.5534814500963,574.778146278055,663.5534814500963,574.778146278055,12.368143360442858,25044.402714496395,0.008887660770333476,0.011289574759146135,1.3923091114238495,0.5421686746987951,0.936
2023-09-06,QQQ,lstm,-0.00884695692213403,0.0010600857203826308,-0.02470303326845169,0.021648649126291275,657.7089436913546,575.387758882129,657.7089436913546,575.387758882129,12.066355553955306,25592.491448542936,0.008887660770333476,0.011289574759146135,1.3923091114238495,0.5421686746987951,0.936
2023-09-07,QQQ,lstm,-0.007177301082651427,0.00023815334134269506,-0.025390390306711197,0.022106602787971497,653.0052686157743,575.5248048309022,653.0052686157743,575.5248048309022,11.763842530316964,26164.555666947806,0.008887660770333476,0.011289574759146135,1.3923091114238495,0.5421686746987951,0.936
2023-09-08,QQQ,lstm,0.001396618793712921,0.0022609459701925516,-0.022369470447301865,0.024842403829097748,653.917905200675,576.8275316950171,653.917905200675,576.8275316950171,11.503613023698042,26822.68628163298,0.008887660770333476,0.011289574759146135,1.3923091114238495,0.5421686746987951,0.936
2023-09-11,QQQ,lstm,0.011713868101392149,0.005495366640388966,-0.017362598329782486,0.02857920527458191,661.6228525573945,580.0061106264205,661.6228525573945,580.0061106264205,11.305604225563146,27600.315139522227,0.008887660770333476,0.011289574759146135,1.3923091114238495,0.5421686746987951,0.936
2023-09-12,QQQ,lstm,-0.011150330584212114,0.0005815766635350883,-0.021672025322914124,0.021417226642370224,654.2865163267556,580.343524154369,654.2865163267556,580.343524154369,11.063224544937249,28197.811414077787,0.008887660770333476,0.011289574759146135,1.3923091114238495,0.5421686746987951,0.936
2023-09-13,QQQ,lstm,0.0038018329866598764,0.00032959901727735996,-0.01857956126332283,0.022285178303718567,656.7787388923658,580.5348133222842,656.7787388923658,580.5348133222842,10.859572702323094,28833.258233111083,0.008887660770333476,0.011289574759146135,1.3923091114238495,0.5421686746987951,0.936
2023-09-14,QQQ,lstm,0.008143968038450564,-0.002673882292583585,-0.02350517548620701,0.018299559131264687,662.1493633637548,578.9846181267977,662.1493633637548,578.9846181267977,10.607293001123054,29365.751490482486,0.008887660770333476,0.011289574759146135,1.3923091114238495,0.5421686746987951,0.936
2023-09-15,QQQ,lstm,-0.01727128690362511,-0.0014190232614055276,-0.025560803711414337,0.02330472320318222,650.8113843198922,578.1636211231687,650.8113843198922,578.1636211231687,10.339597759365393,30058.149083420732,0.008887660770333476,0.011289574759146135,1.3923091114238495,0.5421686746987951,0.936
2023-09-18,QQQ,lstm,-0.0004045852112249382,0.0014788119588047266,-0.021559299901127815,0.02426125667989254,650.548128916712,579.0192247218376,650.548128916712,579.0192247218376,10.119068940720824,30796.3155489688,0.008887660770333476,0.011289574759146135,1.3923091114238495,0.5421686746987951,0.936
2023-09-19,QQQ,lstm,-0.0021336309019912183,0.0005884983693249524,-0.020012900233268738,0.02243250608444214,649.1615790444586,579.3600675567486,649.1615790444586,579.3600675567486,9.91857016580601,31494.96090636671,0.008887660770333476,0.011289574759146135,1.3923091114238495,0.5421686746987951,0.936
2023-09-20,QQQ,lstm,-0.014515271110068968,0.0008718444150872529,-0.018401440232992172,0.01966095343232155,639.8068799739339,579.8654169084305,639.8068799739339,579.8654169084305,9.737723090173176,32120.309079575476,0.008887660770333476,0.011289574759146135,1.3923091114238495,0.5421686746987951,0.936
2023-09-21,QQQ,lstm,-0.018494500706788857,0.002045556204393506,-0.016536006703972816,0.021142223849892616,628.0827215899026,581.0527829489268,628.0827215899026,581.0527829489268,9.578024049814402,32806.63372843751,0.008887660770333476,0.011289574759146135,1.3923091114238495,0.5421686746987951,0.936
2023-09-22,QQQ,lstm,0.00013976084886500436,0.0018995851278305054,-0.017964471131563187,0.022239569574594498,628.1705090987149,582.1575898356041,628.1705090987149,582.1575898356041,9.407496083925919,33544.41270752868,0.008887660770333476,0.011289574759146135,1.3923091114238495,0.5421686746987951,0.936
2023-09-25,QQQ,lstm,0.004738501773735188,0.0028914562426507473,-0.02156049944460392,0.02628721110522747,631.1541596041375,583.843281652066,631.1541596041375,583.843281652066,9.20683644506705,34437.893835998635,0.008887660770333476,0.011289574759146135,1.3923091114238495,0.5421686746987951,0.936
2023-09-26,QQQ,lstm,-0.015130136689643242,0.0025790517684072256,-0.020455215126276016,0.026639830321073532,621.6765901582526,585.3510165480617,621.6765901582526,585.3510165480617,9.020421946606337,35367.641366055344,0.008887660770333476,0.011289574759146135,1.3923091114238495,0.5421686746987951,0.936
2023-09-27,QQQ,lstm,0.0023405497885328986,0.00410307664424181,-0.015669463202357292,0.02302704192698002,623.1333593252301,587.7577038745815,623.1333593252301,587.7577038745815,8.880178423427358,36191.50264658906,0.008887660770333476,0.011289574759146135,1.3923091114238495,0.5421686746987951,0.936
2023-09-28,QQQ,lstm,0.008330462997221929,0.003646333236247301,-0.013275915756821632,0.022371744737029076,628.346030554711,589.9047417764394,628.346030554711,589.9047417764394,8.76306500257458,37010.29546022126,0.008887660770333476,0.011289574759146135,1.3923091114238495,0.5421686746987951,0.936
2023-09-29,QQQ,lstm,0.0007259151725758475,0.0010495613096281886,-0.02208336815237999,0.024422887712717056,628.8023220663472,590.5242093770603,628.8023220663472,590.5242093770603,8.571668379482679,37925.32060351894,0.008887660770333476,0.011289574759146135,1.3923091114238495,0.5421686746987951,0.936
2023-10-02,QQQ,lstm,0.008311086314962877,0.0015202066861093044,-0.022899657487869263,0.0257902629673481,634.0501297240044,591.4226027648631,634.0501297240044,591.4226027648631,8.377610492549962,38916.14499450562,0.008887660770333476,0.011289574759146135,1.3923091114238495,0.5421686746987951,0.936
2023-10-03,QQQ,lstm,-0.017705497936268803,0.0023944599088281393,-0.01987636275589466,0.026239125058054924,622.9227550026859,592.8404194683735,622.9227550026859,592.8404194683735,8.212737925062653,39950.785712621146,0.008887660770333476,0.011289574759146135,1.3923091114238495,0.5421686746987951,0.936
2023-10-04,QQQ,lstm,0.013516895967211326,0.003041085321456194,-0.019251693040132523,0.026418976485729218,631.3999003548578,594.6460205737056,631.3999003548578,594.6460205737056,8.056140842747835,41020.310936478876,0.008887660770333476,0.011289574759146135,1.3923091114238495,0.5421686746987951,0.936
2023-10-05,QQQ,lstm,-0.002950833261357801,0.0025605561677366495,-0.020664963871240616,0.023848403245210648,629.53949075688,596.1705943724191,629.53949075688,596.1705943724191,7.8913692657947205,42010.335876479476,0.008887660770333476,0.011289574759146135,1.3923091114238495,0.5421686746987951,0.936
2023-10-06,QQQ,lstm,0.01661661877994649,0.0011586963664740324,-0.018234215676784515,0.020709410309791565,640.087703591202,596.8617411074044,640.087703591202,596.8617411074044,7.748780357192848,42889.41406176861,0.008887660770333476,0.011289574759146135,1.3923091114238495,0.5421686746987951,0.936
2023-10-09,QQQ,lstm,0.0050870807588011885,0.001523873652331531,-0.020752551034092903,0.020976999774575233,643.3521777138928,597.7719817878591,643.3521777138928,597.7719817878591,7.589630577334126,43798.605782844155,0.008887660770333476,0.011289574759146135,1.3923091114238495,0.5421686746987951,0.936
2023-10-10,QQQ,lstm,0.0055226932075145355,0.0003297000366728753,-0.02491588331758976,0.022814443334937096,646.9150436679403,597.9690868739026,646.9150436679403,597.9690868739026,7.402864826545992,44809.33103142518,0.008887660770333476,0.011289574759146135,1.3923091114238495,0.5421686746987951,0.936
2023-10-11,QQQ,lstm,0.007109976806925727,0.0021849884651601315,-0.020325390622019768,0.022911081090569496,651.5309847963366,599.2770672652916,651.5309847963366,599.2770672652916,7.253917679789719,45847.814037801254,0.008887660770333476,0.011289574759146135,1.3923091114238495,0.5421686746987951,0.936
2023-10-12,QQQ,lstm,-0.003481103307690348,-0.0005815539043396711,-0.021989695727825165,0.020565152168273926,649.2668812057304,598.9286573435201,649.2668812057304,598.9286573435201,7.096147325790725,46800.44266688664,0.008887660770333476,0.011289574759146135,1.3923091114238495,0.5421686746987951,0.936
2023-10-13,QQQ,lstm,-0.01264959931196013,0.002848915057256818,-0.01942053623497486,0.02635202743113041,641.1056423373749,600.6374223205225,641.1056423373749,600.6374223205225,6.959665938000354,48050.12141634892,0.008887660770333476,0.011289574759146135,1.3923091114238495,0.5421686746987951,0.936
2023-10-16,QQQ,lstm,0.011242968798298121,0.001162870554253459,-0.021528728306293488,0.023932307958602905,648.3542446208297,601.3363251515132,648.3542446208297,601.3363251515132,6.811434470457852,49213.94068998452,0.008887660770333476,0.011289574759146135,1.3923091114238495,0.5421686746987951,0.936
2023-10-17,QQQ,lstm,-0.0032808462857156066,0.000394612638046965,-0.018751978874206543,0.020184531807899475,646.2305796196719,601.5736737762882,646.2305796196719,601.5736737762882,6.684896561034742,50217.39113320644,0.008887660770333476,0.011289574759146135,1.3923091114238495,0.5421686746987951,0.936
2023-10-18,QQQ,lstm,-0.013204716495365905,-0.0011881745886057615,-0.02401459589600563,0.021606024354696274,637.7533807058718,600.8593388872952,637.7533807058718,600.8593388872952,6.526273662214618,51314.19762973753,0.008887660770333476,0.011289574759146135,1.3923091114238495,0.5421686746987951,0.936
2023-10-19,QQQ,lstm,-0.009400887421341706,0.0006709955050610006,-0.024427730590105057,0.024767711758613586,631.7860261333982,601.262676239246,631.7860261333982,601.262676239246,6.36878309524696,52601.00301241714,0.008887660770333476,0.011289574759146135,1.3923091114238495,0.5421686746987951,0.936
2023-10-20,QQQ,lstm,-0.015030287183028417,0.0020246219355612993,-0.019443059340119362,0.02318000979721546,622.3611077681494,602.4812415552965,622.3611077681494,602.4812415552965,6.246150390338141,53834.53504915073,0.008887660770333476,0.011289574759146135,1.3923091114238495,0.5421686746987951,0.936
2023-10-23,QQQ,lstm,0.0030129615618009215,0.000709146203007549,-0.01869966834783554,0.02114519104361534,624.2390855802153,602.9086504732595,624.2390855802153,602.9086504732595,6.1304348424622495,54984.99476721791,0.008887660770333476,0.011289574759146135,1.3923091114238495,0.5421686746987951,0.936
2023-10-24,QQQ,lstm,0.009681081113309502,0.0011134272208437324,-0.020555689930915833,0.02253217250108719,630.3117423139608,603.580297227843,630.3117423139608,603.580297227843,6.005705832466195,56237.98890101301,0.008887660770333476,0.011289574759146135,1.3923091114238495,0.5421686746987951,0.936
2023-10-25,QQQ,lstm,-0.024780352457127813,0.00172573106829077,-0.0170358307659626,0.01945514604449272,614.8843329480623,604.6228152387614,614.8843329480623,604.6228152387614,5.904260217593019,57342.816344719766,0.008887660770333476,0.011289574759146135,1.3923091114238495,0.5421686746987951,0.936
2023-10-26,QQQ,lstm,-0.019251293895687808,0.0004019485495518893,-0.021883439272642136,0.01996377855539322,603.1602281256593,604.8658577236391,603.1602281256593,604.8658577236391,5.776458225932425,58499.09814111861,0.008887660770333476,0.011289574759146135,1.3923091114238495,0.5421686746987951,0.936
2023-10-27,QQQ,lstm,0.004789750055975098,0.0019806220661848783,-0.018494490534067154,0.022150062024593353,606.056144683898,606.0650464424112,606.056144683898,606.0650464424112,5.670607549739706,59809.31183305075,0.008887660770333476,0.011289574759146135,1.3923091114238495,0.5421686746987951,0.936
2023-10-30,QQQ,lstm,0.011202301691807404,0.0005757916951552033,-0.02117500826716423,0.023835323750972748,612.8835383222645,606.4140793498213,612.8835383222645,606.4140793498213,5.551794692010083,61252.01064809638,0.008887660770333476,0.011289574759146135,1.3923091114238495,0.5421686746987951,0.936
2023-10-31,QQQ,lstm,0.00477091165256834,0.002538671251386404,-0.021223818883299828,0.020280035212635994,615.8145377470511,607.95552310473,615.8145377470511,607.95552310473,5.435205857196103,62506.88488300646,0.008887660770333476,0.011289574759146135,1.3923091114238495,0.5421686746987951,0.936
2023-11-01,QQQ,lstm,0.017207936171035547,0.0038625779561698437,-0.0190105102956295,0.024751540273427963,626.5031356091931,610.3083172872775,626.5031356091931,610.3083172872775,5.332855740128419,64073.33337528019,0.008887660770333476,0.011289574759146135,1.3923091114238495,0.5421686746987951,0.936
2023-11-02,QQQ,lstm,0.01799052142245798,0.0025613722391426563,-0.021827392280101776,0.02626243233680725,637.876251081232,611.8735558987514,637.876251081232,611.8735558987514,5.217714646455582,65778.34876869989,0.008887660770333476,0.011289574759146135,1.3923091114238495,0.5421686746987951,0.936
2023-11-03,QQQ,lstm,0.011680332614331677,-0.00039349644794128835,-0.024912912398576736,0.026678286492824554,645.3705405537789,611.6328505595026,645.3705405537789,611.6328505595026,5.08933196887995,67556.82311996695,0.008887660770333476,0.011289574759146135,1.3923091114238495,0.5421686746987951,0.936
2023-11-06,QQQ,lstm,0.004071003925582125,5.429275188362226e-05,-0.0215761736035347,0.020120769739151,648.0032017088374,611.666025664002,648.0032017088374,611.666025664002,4.980699776226081,68929.88770444137,0.008887660770333476,0.011289574759146135,1.3923091114238495,0.5421686746987951,0.936
2023-11-07,QQQ,lstm,0.00940827452962433,0.00043473110417835414,-0.02284187264740467,0.024021876975893974,654.1285630848474,611.9320242255776,654.1285630848474,611.9320242255776,4.868220891140692,70605.76177047483,0.008887660770333476,0.011289574759146135,1.3923091114238495,0.5421686746987951,0.936
2023-11-08,QQQ,lstm,0.0006437161041451204,0.0022516848985105753,-0.02198011800646782,0.025625627487897873,654.5497717299357,613.3114705625749,654.5497717299357,613.3114705625749,4.7623842240633625,72438.45787138512,0.008887660770333476,0.011289574759146135,1.3923091114238495,0.5421686746987951,0.936
2023-11-09,QQQ,lstm,-0.0077253586174426455,0.0012651258148252964,-0.018500259146094322,0.02181127481162548,649.5126219564511,614.0878514002424,649.5126219564511,614.0878514002424,4.675088974479523,74035.78798661011,0.008887660770333476,0.011289574759146135,1.3923091114238495,0.5421686746987951,0.936
2023-11-10,QQQ,lstm,0.022233251754866554,0.0013349757064133883,-0.019785184413194656,0.02086695283651352,664.1151286846329,614.9081863667578,664.1151286846329,614.9081863667578,4.583500543243138,75596.92260181964,0.008887660770333476,0.011289574759146135,1.3923091114238495,0.5421686746987951,0.936
2023-11-13,QQQ,lstm,-0.0031234095901414394,0.0015204125083982944,-0.02069292962551117,0.025606468319892883,662.0440612024827,615.843822897966,662.0440612024827,615.843822897966,4.489629190948489,77557.6860600732,0.008887660770333476,0.011289574759146135,1.3923091114238495,0.5421686746987951,0.936
2023-11-14,QQQ,lstm,0.02129803627079444,0.001535934628918767,-0.023536760360002518,0.0307125486433506,676.295525018672,616.7904269415029,676.295525018672,616.7904269415029,4.3851918644962655,79976.63924956007,0.008887660770333476,0.011289574759146135,1.3923091114238495,0.5421686746987951,0.936
2023-11-15,QQQ,lstm,0.0007523407886084935,0.0004852162965107709,-0.023565903306007385,0.023751981556415558,676.8045211725725,617.089755963443,676.8045211725725,617.089755963443,4.283059010590815,81898.98080474159,0.008887660770333476,0.011289574759146135,1.3923091114238495,0.5421686746987951,0.936
2023-11-16,QQQ,lstm,0.0008554430753815377,0.001271333429031074,-0.021821986883878708,0.02442147582769394,677.3837366211973,617.8748185001168,677.3837366211973,617.8748185001168,4.190606681882081,83923.69554110912,0.008887660770333476,0.011289574759146135,1.3923091114238495,0.5421686746987951,0.936
2023-11-17,QQQ,lstm,0.00023315414935199327,-0.0003756308287847787,-0.025424879044294357,0.023498255759477615,677.5416898631054,617.6427639547519,677.5416898631054,617.6427639547519,4.085404000847966,85919.10990819664,0.008887660770333476,0.011289574759146135,1.3923091114238495,0.5421686746987951,0.936
2023-11-20,QQQ,lstm,0.012101338997102277,-0.0016271299682557583,-0.02157656103372574,0.021926861256361008,685.7906626786449,616.6385781784948,685.7906626786449,616.6385781784948,3.998199268872668,87823.8501359314,0.008887660770333476,0.011289574759146135,1.3923091114238495,0.5421686746987951,0.936
2023-11-21,QQQ,lstm,-0.00582640227965293,-0.0019096349133178592,-0.03154720366001129,0.02367321029305458,681.8065880795093,615.4621393932792,681.8065880795093,615.4621393932792,3.874036011054854,89927.73218693033,0.008887660770333476,0.011289574759146135,1.3923091114238495,0.5421686746987951,0.936
2023-11-22,QQQ,lstm,0.004084617294185339,-0.0010271620703861117,-0.02416946552693844,0.020073948428034782,684.597202476476,614.8302872499373,684.597202476476,614.8302872499373,3.7815251667473744,91751.1774687463,0.008887660770333476,0.011289574759146135,1.3923091114238495,0.5421686746987951,0.936
2023-11-24,QQQ,lstm,-0.00141100319163238,-0.001650678925216198,-0.024465205147862434,0.01986842416226864,683.6319148109393,613.81623528336,683.6319148109393,613.81623528336,3.690131859206815,93592.35713278608,0.008887660770333476,0.011289574759146135,1.3923091114238495,0.5421686746987951,0.936
2023-11-27,QQQ,lstm,-0.0008732633414755951,-0.00027462432626634836,-0.024145003408193588,0.024083252996206284,683.0351847098548,613.6476822054268,683.0351847098548,613.6476822054268,3.6021005717351846,95873.72305302466,0.008887660770333476,0.011289574759146135,1.3923091114238495,0.5421686746987951,0.936
2023-11-28,QQQ,lstm,0.0026175055821707695,-0.0008571030339226127,-0.022637955844402313,0.02258995547890663,684.8253750131084,613.1219351575244,684.8253750131084,613.1219351575244,3.5214724843214817,98064.15540982658,0.008887660770333476,0.011289574759146135,1.3923091114238495,0.5421686746987951,0.936
2023-11-29,QQQ,lstm,-0.0009743715714800281,0.0010321156587451696,-0.0193881057202816,0.023633524775505066,684.1584256172998,613.7550392675668,684.1584256172998,613.7550392675668,3.4538554998669846,100409.36482638138,0.008887660770333476,0.011289574759146135,1.3923091114238495,0.5421686746987951,0.936
2023-11-30,QQQ,lstm,-0.0025172390932583213,0.0028307184111326933,-0.02214968577027321,0.0292527973651886,682.4384010471421,615.4948369883261,682.4384010471421,615.4948369883261,3.3781946606318805,103390.00690457139,0.008887660770333476,0.011289574759146135,1.3923091114238495,0.5421686746987951,0.936
2023-12-01,QQQ,lstm,0.0028506918255882126,0.000678527052514255,-0.02423388510942459,0.023400723934173584,684.3865981539321,615.9126211548781,684.3865981539321,615.9126211548781,3.2973119317435344,105837.93424023238,0.008887660770333476,0.011289574759146135,1.3923091114238495,0.5421686746987951,0.936
2023-12-04,QQQ,lstm,-0.009326826871062741,-0.0013339552097022533,-0.02444585971534252,0.018168313428759575,678.0331178029182,615.0915739816088,678.0331178029182,615.0915739816088,3.2176835714972847,107778.40806928098,0.008887660770333476,0.011289574759146135,1.3923091114238495,0.5421686746987951,0.936
2023-12-05,QQQ,lstm,0.0025077279485594757,0.002143431454896927,-0.02182498201727867,0.031091198325157166,679.7355741589879,616.4114173133831,679.7355741589879,616.4114173133831,3.1482184040426824,111182.00855975867,0.008887660770333476,0.011289574759146135,1.3923091114238495,0.5421686746987951,0.936
2023-12-06,QQQ,lstm,-0.005800624189987266,-6.0954393120482564e-05,-0.02401086688041687,0.023309729993343353,675.80409707886,616.3738312871967,675.80409707886,616.3738312871967,3.0735271944219478,113804.07294748578,0.008887660770333476,0.011289574759146135,1.3923091114238495,0.5421686746987951,0.936
2023-12-07,QQQ,lstm,0.013875512806697398,-0.00033086209441535175,-0.02540755085647106,0.02556638978421688,685.2465836581969,616.1699312620887,685.2465836581969,616.1699312620887,2.9964201553829435,116751.13789204575,0.008887660770333476,0.011289574759146135,1.3923091114238495,0.5421686746987951,0.936
2023-12-08,QQQ,lstm,0.00444677640076634,0.00046337262028828263,-0.021853473037481308,0.02111107110977173,688.300507019972,616.4555172249501,688.300507019972,616.4555172249501,2.931648340869043,119242.07976276243,0.008887660770333476,0.011289574759146135,1.3923091114238495,0.5421686746987951,0.936
2023-12-11,QQQ,lstm,0.008505873562084109,0.0008120855200104415,-0.023558927699923515,0.025704873725771904,694.1800740836331,616.9563326582005,694.1800740836331,616.9563326582005,2.8633890111931875,122346.91107542143,0.008887660770333476,0.011289574759146135,1.3923091114238495,0.5421686746987951,0.936
2023-12-12,QQQ,lstm,0.00793271364050274,-0.0020678737200796604,-0.024531012400984764,0.02071301080286503,699.7087053585585,615.681874749276,699.7087053585585,615.681874749276,2.7940017469745206,124907.50699824396,0.008887660770333476,0.011289574759146135,1.3923091114238495,0.5421686746987951,0.936
2023-12-13,QQQ,lstm,0.012637041547523997,-0.0005101814749650657,-0.020501799881458282,0.022447265684604645,708.6070593558187,615.3678542465758,708.6070593558187,615.3678542465758,2.7373029103632085,127743.0503285775,0.008887660770333476,0.011289574759146135,1.3923091114238495,0.5421686746987951,0.936
2023-12-14,QQQ,lstm,-0.0008672100052126146,0.0026740797329694033,-0.019936684519052505,0.027939844876527786,707.9928146022744,617.0156118652518,707.9928146022744,617.0156118652518,2.6832705485682014,131362.4942154711,0.008887660770333476,0.011289574759146135,1.3923091114238495,0.5421686746987951,0.936
2023-12-15,QQQ,lstm,0.004822339821343323,0.0022355937398970127,-0.021817851811647415,0.024128004908561707,711.4152419668734,618.3965145248061,711.4152419668734,618.3965145248061,2.6253613032586682,134570.55725643924,0.008887660770333476,0.011289574759146135,1.3923091114238495,0.5421686746987951,0.936
2023-12-18,QQQ,lstm,0.004283481281731042,0.0012165445368736982,-0.022666780278086662,0.02143905498087406,714.4691117670201,619.14925524291,714.4691117670201,619.14925524291,2.5665221697030365,137486.77927103557,0.008887660770333476,0.011289574759146135,1.3923091114238495,0.5421686746987951,0.936
2023-12-19,QQQ,lstm,0.005096593200880441,-0.0007167735602706671,-0.023777827620506287,0.019817840307950974,718.1197652298797,618.7056301982498,718.1197652298797,618.7056301982498,2.5062157178018194,140238.64289527043,0.008887660770333476,0.011289574759146135,1.3923091114238495,0.5421686746987951,0.936
2023-12-20,QQQ,lstm,-0.014971266439743901,0.00027089077048003674,-0.01892685890197754,0.020773995667696,707.4486820201976,618.8732763556862,707.4486820201976,618.8732763556862,2.45922698147647,143182.4378789128,0.008887660770333476,0.011289574759146135,1.3923091114238495,0.5421686746987951,0.936
2023-12-21,QQQ,lstm,0.011568242919174146,-0.0012692868476733565,-0.026441311463713646,0.021979382261633873,715.6801401832773,618.0882318603777,715.6801401832773,618.0882318603777,2.395053959323305,146364.3464511707,0.008887660770333476,0.011289574759146135,1.3923091114238495,0.5421686746987951,0.936
2023-12-22,QQQ,lstm,0.0014948624328822123,0.0030913862865418196,-0.014920751564204693,0.023826278746128082,716.7507835717146,620.0019707841789,716.7507835717146,620.0019707841789,2.3595832914083745,149893.53389112878,0.008887660770333476,0.011289574759146135,1.3923091114238495,0.5421686746987951,0.936
2023-12-26,QQQ,lstm,0.00610308749390333,0.0014404905959963799,-0.020632999017834663,0.021395759657025337,721.1385521634786,620.8956904371561,721.1385521634786,620.8956904371561,2.3113967682012015,153135.16653832427,0.008887660770333476,0.011289574759146135,1.3923091114238495,0.5421686746987951,0.936
2023-12-27,QQQ,lstm,0.0015078071717908995,0.0009025941835716367,-0.0233889352530241,0.023329714313149452,722.2267102043756,621.4563656832829,722.2267102043756,621.4563656832829,2.25796295571686,156749.7744268346,0.008887660770333476,0.011289574759146135,1.3923091114238495,0.5421686746987951,0.936
2023-12-28,QQQ,lstm,-0.0004861745598888769,0.00028040510369464755,-0.020751995965838432,0.021642284467816353,721.8756672923832,621.6306838572223,721.8756672923832,621.6306838572223,2.211588570983408,160179.16531638787,0.008887660770333476,0.011289574759146135,1.3923091114238495,0.5421686746987951,0.936
2023-12-29,QQQ,lstm,-0.0043371302352380675,0.001323625911027193,-0.021478751674294472,0.023342149332165718,718.7515781975122,622.4540550921563,718.7515781975122,622.4540550921563,2.164592951863414,163962.0640547715,0.008887660770333476,0.011289574759146135,1.3923091114238495,0.5421686746987951,0.936
2023-01-03,QQQ,gru,-0.006782706536152626,-0.0067698718048632145,-0.04208795726299286,0.030372612178325653,464.1908341420968,464.19679216796794,464.1908341420968,464.19679216796794,448.08839726624683,481.7624300872012,0.011005848246946679,0.013424612405764256,3.721099494748391,0.5461847389558233,0.996
2023-01-04,QQQ,gru,0.004752674802299001,-0.0030554106924682856,-0.040552858263254166,0.03404835984110832,466.40223309043864,462.78064634177525,466.40223309043864,462.78064634177525,430.28065829796617,498.4480744024219,0.011005848246946679,0.013424612405764256,3.721099494748391,0.5461847389558233,0.996
2023-01-05,QQQ,gru,-0.015778237686544756,-0.0020455631893128157,-0.03744850307703018,0.02943972498178482,459.1009797263477,461.83496073582126,459.1009797263477,461.83496073582126,414.4652714311583,513.3403595633694,0.011005848246946679,0.013424612405764256,3.721099494748391,0.5461847389558233,0.996
2023-01-06,QQQ,gru,0.02722745050811012,-0.0015185038791969419,-0.03300090134143829,0.029381586238741875,471.7728575618276,461.13419294482117,471.7728575618276,461.13419294482117,401.01077591868847,528.6468662110166,0.011005848246946679,0.013424612405764256,3.721099494748391,0.5461847389558233,0.996
2023-01-09,QQQ,gru,0.006452430009805935,-0.0033248087856918573,-0.03695089370012283,0.028251299634575844,474.82678092360266,459.6035670688289,474.82678092360266,459.6035670688289,386.4635007671463,543.7947655928222,0.011005848246946679,0.013424612405764256,3.721099494748391,0.5461847389558233,0.996
2023-01-10,QQQ,gru,0.008428848135236673,-0.004522566217929125,-0.03889208287000656,0.028403714299201965,478.8459383892862,457.5296658896973,478.8459383892862,457.5296658896973,371.72166404623533,559.4620245859156,0.011005848246946679,0.013424612405764256,3.721099494748391,0.5461847389558233,0.996
2023-01-11,QQQ,gru,0.017152211773818652,-0.009804515168070793,-0.0483950674533844,0.02537612058222294,487.130047633002,453.0657206511179,487.130047633002,453.0657206511179,354.1605285965451,573.8406504233103,0.011005848246946679,0.013424612405764256,3.721099494748391,0.5461847389558233,0.996
2023-01-12,QQQ,gru,0.00538988033468895,-0.0052382792346179485,-0.043128982186317444,0.029045244678854942,489.7627087880605,450.6986400414415,489.7627087880605,450.6986400414415,339.21065880449316,590.7523994618816,0.011005848246946679,0.013424612405764256,3.721099494748391,0.5461847389558233,0.996
2023-01-13,QQQ,gru,0.006856972923609845,-0.005243371240794659,-0.0360431894659996,0.028079427778720856,493.1325386336518,448.34164302962523,493.1325386336518,448.34164302962523,327.20214548215733,607.5755097678884,0.011005848246946679,0.013424612405764256,3.721099494748391,0.5461847389558233,0.996
2023-01-17,QQQ,gru,0.0020266573373775624,-0.003808136098086834,-0.040736570954322815,0.031811051070690155,494.1329627273648,446.6375551825883,494.1329627273648,446.6375551825883,314.1408884501628,627.2138125373664,0.011005848246946679,0.013424612405764256,3.721099494748391,0.5461847389558233,0.996
2023-01-18,QQQ,gru,-0.013085180354129759,-0.006259475834667683,-0.039118293672800064,0.023726757615804672,487.7092630816267,443.85055887673457,487.7092630816267,443.85055887673457,302.0894891400069,642.2734795093361,0.011005848246946679,0.013424612405764256,3.721099494748391,0.5461847389558233,0.996
2023-01-19,QQQ,gru,-0.009873002073073855,-0.003425599541515112,-0.03783094510436058,0.034714456647634506,482.91780049723405,442.332697870177,482.91780049723405,442.332697870177,290.8746355197793,664.9611334293579,0.011005848246946679,0.013424612405764256,3.721099494748391,0.5461847389558233,0.996
2023-01-20,QQQ,gru,0.02699910858945936,-0.0016330491052940488,-0.04048436880111694,0.03582346439361572,496.1337573531625,441.61092734895976,496.1337573531625,441.61092734895976,279.3339424075406,689.2141261236777,0.011005848246946679,0.013424612405764256,3.721099494748391,0.5461847389558233,0.996
2023-01-23,QQQ,gru,0.02197275074459945,-0.0013698774855583906,-0.03593076765537262,0.032337918877601624,507.1558299132089,441.0063885405887,507.1558299132089,441.0063885405887,269.4754309610333,711.8661670139902,0.011005848246946679,0.013424612405764256,3.721099494748391,0.5461847389558233,0.996
2023-01-24,QQQ,gru,-0.0020438797810704125,-0.008913977071642876,-0.04365251213312149,0.03253164887428284,506.12032295294796,437.0927405211174,506.12032295294796,437.0927405211174,257.96520202869556,735.405182426898,0.011005848246946679,0.013424612405764256,3.721099494748391,0.5461847389558233,0.996
2023-01-25,QQQ,gru,-0.0022217822855153503,-0.006000767927616835,-0.03978681564331055,0.02876315265893936,504.9970820455031,434.4776949837763,504.9970820455031,434.4776949837763,247.9030895802421,756.8648683468446,0.011005848246946679,0.013424612405764256,3.721099494748391,0.5461847389558233,0.996
2023-01-26,QQQ,gru,0.019309754743691294,-0.004813381936401129,-0.03800578787922859,0.026934590190649033,514.8432090558401,432.391415735444,514.8432090558401,432.391415735444,238.65812412540134,777.5277305236901,0.011005848246946679,0.013424612405764256,3.721099494748391,0.5461847389558233,0.996
2023-01-27,QQQ,gru,0.009905146782498741,-0.00505011435598135,-0.04021114110946655,0.029582208022475243,519.968146338137,430.21330133803446,519.968146338137,430.21330133803446,229.25179779548168,800.8722632768831,0.011005848246946679,0.013424612405764256,3.721099494748391,0.5461847389558233,0.996
2023-01-30,QQQ,gru,-0.02042599364607902,-0.005810024216771126,-0.044115543365478516,0.02843332290649414,509.4550163703629,427.7210093274322,509.4550163703629,427.7210093274322,219.35806419330223,823.9705215939896,0.011005848246946679,0.013424612405764256,3.721099494748391,0.5461847389558233,0.996
2023-01-31,QQQ,gru,0.014874887342687921,0.0020930501632392406,-0.03427255526185036,0.03730166330933571,517.0897444323582,428.61717999841113,517.0897444323582,428.61717999841113,211.96747794027615,855.2864006711324,0.011005848246946679,0.013424612405764256,3.721099494748391,0.5461847389558233,0.996
2023-02-01,QQQ,gru,0.021158119500756085,-0.004624966531991959,-0.04057115688920021,0.031266454607248306,528.1469534205809,426.6394144984869,528.1469534205809,426.6394144984869,203.53982926333802,882.4505832505074,0.011005848246946679,0.013424612405764256,3.721099494748391,0.5461847389558233,0.996
2023-02-02,QQQ,gru,0.03526085957709186,-0.006838866043835878,-0.04314366728067398,0.031242525205016136,547.1020923123506,423.73163108017457,547.1020923123506,423.73163108017457,194.94511667433275,910.4557337321825,0.011005848246946679,0.013424612405764256,3.721099494748391,0.5461847389558233,0.996
2023-02-03,QQQ,gru,-0.01793221250873378,-0.014592539519071579,-0.05707048624753952,0.023259267210960388,537.3787821157454,417.59319581917055,537.3787821157454,417.59319581917055,184.13102502076114,931.8804995382295,0.011005848246946679,0.013424612405764256,3.721099494748391,0.5461847389558233,0.996
2023-02-06,QQQ,gru,-0.008495045542743843,-0.002499813213944435,-0.039502955973148346,0.034475818276405334,532.8330602820731,416.55058280241775,532.8330602820731,416.55058280241775,176.99909896167952,964.5680492899435,0.011005848246946679,0.013424612405764256,3.721099494748391,0.5461847389558233,0.996
2023-02-07,QQQ,gru,0.020507046680902256,-0.004066122230142355,-0.04016876593232155,0.0352359376847744,543.8727010562076,414.86026876716966,543.8727010562076,414.86026876716966,170.03016962283553,999.161428504812,0.011005848246946679,0.013424612405764256,3.721099494748391,0.5461847389558233,0.996
2023-02-08,QQQ,gru,-0.017941090965962293,-0.002253631129860878,-0.04246550798416138,0.03388135880231857,534.2020419402384,413.9263815375763,534.2020419402384,413.9263815375763,162.9609094751225,1033.5943856631593,0.011005848246946679,0.013424612405764256,3.721099494748391,0.5461847389558233,0.996
2023-02-09,QQQ,gru,-0.008877221882850726,0.0014910254394635558,-0.03016095608472824,0.031926948577165604,529.4807986505699,414.5440187567318,529.4807986505699,414.5440187567318,158.1192348576658,1067.1263507391188,0.011005848246946679,0.013424612405764256,3.721099494748391,0.5461847389558233,0.996
2023-02-10,QQQ,gru,-0.006584813618544564,-0.003314291127026081,-0.037266843020915985,0.036025725305080414,526.0057202053348,413.1723619745075,526.0057202053348,413.1723619745075,152.33507831754073,1106.2711987303098,0.011005848246946679,0.013424612405764256,3.721099494748391,0.5461847389558233,0.996
2023-02-13,QQQ,gru,0.015889072096500017,0.002747178776189685,-0.04018603265285492,0.04199005663394928,534.4302144768706,414.30899615711394,534.4302144768706,414.30899615711394,146.33470434842698,1153.7126560601605,0.011005848246946679,0.013424612405764256,3.721099494748391,0.5461847389558233,0.996
2023-02-14,QQQ,gru,0.00736199644106904,-0.002244602655991912,-0.037661291658878326,0.032531000673770905,538.3792062094583,413.3800787968412,538.3792062094583,413.3800787968412,140.92604199937193,1191.8612208041561,0.011005848246946679,0.013424612405764256,3.721099494748391,0.5461847389558233,0.996
2023-02-15,QQQ,gru,0.007631785293137086,-0.007027545478194952,-0.04135489836335182,0.026577439159154892,542.5037193980422,410.48522353135724,542.5037193980422,410.48522353135724,135.21692661099814,1223.9625597443985,0.011005848246946679,0.013424612405764256,3.721099494748391,0.5461847389558233,0.996
2023-02-16,QQQ,gru,-0.018942494437006258,-0.0062567382119596004,-0.044807158410549164,0.02299170009791851,532.3240641281724,407.9249414651317,532.3240641281724,407.9249414651317,129.2919756101665,1252.4295911390961,0.011005848246946679,0.013424612405764256,3.721099494748391,0.5461847389558233,0.996
2023-02-17,QQQ,gru,-0.007080677305217698,-0.00142865686211735,-0.039626333862543106,0.03143463656306267,528.568162065669,407.34256723820556,528.568162065669,407.34256723820556,124.26878847696045,1292.4245570862392,0.011005848246946679,0.013424612405764256,3.721099494748391,0.5461847389558233,0.996
2023-02-21,QQQ,gru,-0.02395989834436366,-0.001998427091166377,-0.037211738526821136,0.03410445153713226,516.0542374720972,406.5293250835094,516.0542374720972,406.5293250835094,119.72951406724512,1337.26218352878,0.011005848246946679,0.013424612405764256,3.721099494748391,0.5461847389558233,0.996
2023-02-22,QQQ,gru,0.0007479473428156785,0.0037375283427536488,-0.03126273304224014,0.04257350414991379,516.4403632506375,408.0515672278792,516.4403632506375,408.0515672278792,116.04434459036906,1395.423452250286,0.011005848246946679,0.013424612405764256,3.721099494748391,0.5461847389558233,0.996
2023-02-23,QQQ,gru,0.00869617300290989,0.0005239454912953079,-0.03370044380426407,0.037082552909851074,520.9510022177617,408.2654042184185,520.9510022177617,408.2654042184185,112.19875908553865,1448.1407852900572,0.011005848246946679,0.013424612405764256,3.721099494748391,0.5461847389558233,0.996
2023-02-24,QQQ,gru,-0.016885926580302392,-0.0007636811351403594,-0.042267829179763794,0.033702291548252106,512.2281161148695,407.9537277580791,512.2281161148695,407.9537277580791,107.55518662632518,1497.7781344684674,0.011005848246946679,0.013424612405764256,3.721099494748391,0.5461847389558233,0.996
2023-02-27,QQQ,gru,0.007135680621342724,-0.00047463036025874317,-0.03478648513555527,0.034440331161022186,515.8962842301889,407.7601485834006,515.8962842301889,407.7601485834006,103.87804798328409,1550.2606687658774,0.011005848246946679,0.013424612405764256,3.721099494748391,0.5461847389558233,0.996
2023-02-28,QQQ,gru,-0.0012936338240237123,0.000317429774440825,-0.03143034875392914,0.028876153752207756,515.2293348343803,407.889593811462,515.2293348343803,407.889593811462,100.66390058703274,1595.6788314070736,0.011005848246946679,0.013424612405764256,3.721099494748391,0.5461847389558233,0.996
2023-03-01,QQQ,gru,-0.008071681118032432,-0.0017425119876861572,-0.03730446472764015,0.037226367741823196,511.08730699333654,407.1794612635089,511.08730699333654,407.1794612635089,96.97786844873669,1656.199714494824,0.011005848246946679,0.013424612405764256,3.721099494748391,0.5461847389558233,0.996
2023-03-02,QQQ,gru,0.008241947972757306,-0.0014369424898177385,-0.04043290764093399,0.03239675611257553,515.3170687815642,406.5947778213157,515.3170687815642,406.5947778213157,93.13498274708287,1710.7338574586477,0.011005848246946679,0.013424612405764256,3.721099494748391,0.5461847389558233,0.996
2023-03-03,QQQ,gru,0.020462908040608543,-0.006465675309300423,-0.043159592896699905,0.022995885461568832,525.9705837771583,403.97435099086255,525.9705837771583,403.97435099086255,89.20082564599046,1750.529601187598,0.011005848246946679,0.013424612405764256,3.721099494748391,0.5461847389558233,0.996
2023-03-06,QQQ,gru,0.0011338882264449541,-0.007681831251829863,-0.043818168342113495,0.02566400170326233,526.5673138782428,400.8829768900396,526.5673138782428,400.8829768900396,85.3766068086775,1796.0367331444354,0.011005848246946679,0.013424612405764256,3.721099494748391,0.5461847389558233,0.996
2023-03-07,QQQ,gru,-0.012341671059299047,-0.0070594726130366325,-0.039363279938697815,0.02943515032529831,520.1085313659568,398.0629255885877,520.1085313659568,398.0629255885877,82.08118956499756,1849.6891204008984,0.011005848246946679,0.013424612405764256,3.721099494748391,0.5461847389558233,0.996
2023-03-08,QQQ,gru,0.004981870332036611,-0.003626694669947028,-0.03524170070886612,0.02771667204797268,522.7061096544672,396.62187900204145,522.7061096544672,396.62187900204145,79.23888915653403,1901.6733480903117,0.011005848246946679,0.013424612405764256,3.721099494748391,0.5461847389558233,0.996
2023-03-09,QQQ,gru,-0.017477763577361048,-0.005610504187643528,-0.04138024151325226,0.02922988124191761,513.6497488536708,394.4028628868215,513.6497488536708,394.4028628868215,76.02688151349551,1958.0794475828363,0.011005848246946679,0.013424612405764256,3.721099494748391,0.5461847389558233,0.996
2023-03-10,QQQ,gru,-0.014143199325227958,-0.0012811747146770358,-0.036189135164022446,0.03617239370942116,506.4362294367638,393.8978823288033,506.4362294367638,393.8978823288033,73.32472417149465,2030.2045160790717,0.011005848246946679,0.013424612405764256,3.721099494748391,0.5461847389558233,0.996
2023-03-13,QQQ,gru,0.007389076794763508,-0.004869351629167795,-0.044199876487255096,0.034145891666412354,510.1921850608955,391.9845075580268,510.1921850608955,391.9845075580268,70.15436335366132,2100.7248077065583,0.011005848246946679,0.013424612405764256,3.721099494748391,0.5461847389558233,0.996
2023-03-14,QQQ,gru,0.02271972262746925,-0.004773338790982962,-0.04137902334332466,0.025575723499059677,521.9162898832984,390.11790309410225,521.9162898832984,390.11790309410225,67.31068320830441,2155.145363466504,0.011005848246946679,0.013424612405764256,3.721099494748391,0.5461847389558233,0.996
2023-03-15,QQQ,gru,0.005232269493494949,-0.006379670929163694,-0.05118214711546898,0.0327766127884388,524.654253199629,387.63701119183935,524.654253199629,387.63701119183935,63.95225756151317,2226.9541856168617,0.011005848246946679,0.013424612405764256,3.721099494748391,0.5461847389558233,0.996
2023-03-16,QQQ,gru,0.02601924776067548,-0.007174227386713028,-0.04080388322472572,0.028908666223287582,538.48450837073,384.865963262119,538.48450837073,384.865963262119,61.39527894745168,2292.272113059857,0.011005848246946679,0.013424612405764256,3.721099494748391,0.5461847389558233,0.996
2023-03-17,QQQ,gru,-0.0047372950627122025,-0.010572956874966621,-0.055515166372060776,0.028104688972234726,535.9395811628556,380.81823572391477,535.9395811628556,380.81823572391477,58.07978993640827,2357.6094299363817,0.011005848246946679,0.013424612405764256,3.721099494748391,0.5461847389558233,0.996
2023-03-20,QQQ,gru,0.001995701454222742,-0.007196447346359491,-0.0428333654999733,0.02751193381845951,537.0102245512927,378.08753378789066,537.0102245512927,378.08753378789066,55.644565504025906,2423.3723536682146,0.011005848246946679,0.013424612405764256,3.721099494748391,0.5461847389558233,0.996
2023-03-21,QQQ,gru,0.01418139693487051,-0.007883698679506779,-0.04155845195055008,0.02337466925382614,544.6800354798359,375.1185132832996,544.6800354798359,375.1185132832996,53.37945587959761,2480.6852313967474,0.011005848246946679,0.013424612405764256,3.721099494748391,0.5461847389558233,0.996
2023-03-22,QQQ,gru,-0.013691292863952367,-0.0017624476458877325,-0.04041707515716553,0.04210452735424042,537.2734799544728,374.45796708553183,537.2734799544728,374.45796708553183,51.265030490064525,2587.3632296640203,0.011005848246946679,0.013424612405764256,3.721099494748391,0.5461847389558233,0.996
2023-03-23,QQQ,gru,0.011788354518180059,0.0015604281798005104,-0.03886006772518158,0.035598039627075195,543.6445285195748,375.0427362592518,543.6445285195748,375.0427362592518,49.311077871695296,2681.127375005914,0.011005848246946679,0.013424612405764256,3.721099494748391,0.5461847389558233,0.996
2023-03-24,QQQ,gru,0.003673678472733426,-0.001614167238585651,-0.03468768298625946,0.033323004841804504,545.6453767070009,374.4378515512979,545.6453767070009,374.4378515512979,47.62991713105504,2771.9757837590478,0.011005848246946679,0.013424612405764256,3.721099494748391,0.5461847389558233,0.996
2023-03-27,QQQ,gru,-0.006874891271802477,-0.0014555142261087894,-0.03565802797675133,0.034859512001276016,541.9069892969572,373.89324197760254,541.9069892969572,373.89324197760254,45.96145213914247,2870.309354925472,0.011005848246946679,0.013424612405764256,3.721099494748391,0.5461847389558233,0.996
2023-03-28,QQQ,gru,-0.0053257729163529175,0.0015587725210934877,-0.031011704355478287,0.03583958372473717,539.0285873911785,374.4765052513804,539.0285873911785,374.4765052513804,44.557984380359166,2975.045812108192,0.011005848246946679,0.013424612405764256,3.721099494748391,0.5461847389558233,0.996
2023-03-29,QQQ,gru,0.018069690594371288,-0.0012922431342303753,-0.03553129732608795,0.02913142554461956,548.8571997490557,373.9929084518413,548.8571997490557,373.9929084518413,43.00257831344334,3062.9877221181982,0.011005848246946679,0.013424612405764256,3.721099494748391,0.5461847389558233,0.996
2023-03-30,QQQ,gru,0.009420793684701074,-0.002699495293200016,-0.03887355327606201,0.03256262093782425,554.0523027644484,372.98467649867524,554.0523027644484,372.98467649867524,41.36299059607532,3164.368261539499,0.011005848246946679,0.013424612405764256,3.721099494748391,0.5461847389558233,0.996
2023-03-31,QQQ,gru,0.01649398891902967,-0.004055615048855543,-0.03998229280114174,0.029799293726682663,563.2666168071531,371.4750606319566,563.2666168071531,371.4750606319566,39.74182730334757,3260.0830863602546,0.011005848246946679,0.013424612405764256,3.721099494748391,0.5461847389558233,0.996
2023-04-03,QQQ,gru,-0.0024333910916708563,-0.0072052436880767345,-0.041023530066013336,0.03080393373966217,561.8976351489879,368.80812235220515,561.8976351489879,368.80812235220515,38.14446661056186,3362.069111189632,0.011005848246946679,0.013424612405764256,3.721099494748391,0.5461847389558233,0.996
2023-04-04,QQQ,gru,-0.003379079496343258,-0.005207476671785116,-0.03704070299863815,0.03145985305309296,560.0021426844622,366.8925518676998,560.0021426844622,366.8925518676998,36.75741688255144,3469.520474591144,0.011005848246946679,0.013424612405764256,3.721099494748391,0.5461847389558233,0.996
2023-04-05,QQQ,gru,-0.009921477921934187,3.554225031621172e-06,-0.03152685612440109,0.03357899188995361,554.473564971165,366.8938639777133,554.473564971165,366.8938639777133,35.616648036442484,3588.0017188253814,0.011005848246946679,0.013424612405764256,3.721099494748391,0.5461847389558233,0.996
2023-04-06,QQQ,gru,0.006719505261972641,-0.004734650254249573,-0.042877551168203354,0.03524632379412651,558.2118988195803,365.16086661123853,558.2118988195803,365.16086661123853,34.12177009515369,3716.7207193154877,0.011005848246946679,0.013424612405764256,3.721099494748391,0.5461847389558233,0.996
2023-04-10,QQQ,gru,-0.0005660859398195309,-0.004165763035416603,-0.039754848927259445,0.027074385434389114,557.895992335764,363.6428468967757,557.895992335764,363.6428468967757,32.791874092678654,3818.723307501763,0.011005848246946679,0.013424612405764256,3.721099494748391,0.5461847389558233,0.996
2023-04-11,QQQ,gru,-0.006438427176773424,-0.002809343859553337,-0.03340655565261841,0.03236781060695648,554.3155581676286,362.62267895741735,554.3155581676286,362.62267895741735,31.71450573129501,3944.3491968159506,0.011005848246946679,0.013424612405764256,3.721099494748391,0.5461847389558233,0.996
2023-04-12,QQQ,gru,-0.008873046428625459,0.0033245510421693325,-0.0360817089676857,0.03971950709819794,549.4188469835923,363.8302529120801,549.4188469835923,363.8302529120801,30.590590027545428,4104.169808167697,0.011005848246946679,0.013424612405764256,3.721099494748391,0.5461847389558233,0.996
2023-04-13,QQQ,gru,0.019392913068436397,-0.002277194056659937,-0.04439599812030792,0.03414776176214218,560.1776641404584,363.0026728110889,560.1776641404584,363.0026728110889,29.26219658169731,4246.738274584325,0.011005848246946679,0.013424612405764256,3.721099494748391,0.5461847389558233,0.996
2023-04-14,QQQ,gru,-0.0018816641923865844,-0.008336810395121574,-0.0487559475004673,0.026417840272188187,559.1245889661094,359.98896938807536,559.1245889661094,359.98896938807536,27.86971278936034,4360.422933638271,0.011005848246946679,0.013424612405764256,3.721099494748391,0.5461847389558233,0.996
2023-04-17,QQQ,gru,0.0008471439992070038,-0.0023250069934874773,-0.0366232767701149,0.03407344967126846,559.5984486918338,359.15296118353785,559.5984486918338,359.15296118353785,26.867497464136555,4511.557711857383,0.011005848246946679,0.013424612405764256,3.721099494748391,0.5461847389558233,0.996
2023-04-18,QQQ,gru,6.269096519484404e-05,-0.004751366563141346,-0.0424843430519104,0.023513756692409515,559.6335315583817,357.45053341536214,559.6335315583817,357.45053341536214,25.74995719819654,4618.8984346472735,0.011005848246946679,0.013424612405764256,3.721099494748391,0.5461847389558233,0.996
2023-04-19,QQQ,gru,-0.00047051744814852615,-0.009264364838600159,-0.044128917157649994,0.024838177487254143,559.3702761552015,354.15428408974356,559.3702761552015,354.15428408974356,24.638347530640242,4735.060156122664,0.011005848246946679,0.013424612405764256,3.721099494748391,0.5461847389558233,0.996
2023-04-20,QQQ,gru,-0.007653678247879499,-0.005023433361202478,-0.03522297739982605,0.023231323808431625,555.1053779387976,352.3796724762997,555.1053779387976,352.3796724762997,23.785617914349974,4846.349712194558,0.011005848246946679,0.013424612405764256,3.721099494748391,0.5461847389558233,0.996
2023-04-21,QQQ,gru,0.001042792935399472,0.00014970413758419454,-0.03120410442352295,0.03523119539022446,555.684539825794,352.4324331808922,555.684539825794,352.4324331808922,23.054869965222714,5020.136067520201,0.011005848246946679,0.013424612405764256,3.721099494748391,0.5461847389558233,0.996
2023-04-24,QQQ,gru,-0.002086674423138586,-0.007788521237671375,-0.04228247329592705,0.026119764894247055,554.5262160518012,349.6981708117547,554.5262160518012,349.6981708117547,22.100374633659722,5152.98827688666,0.011005848246946679,0.013424612405764256,3.721099494748391,0.5461847389558233,0.996
2023-04-25,QQQ,gru,-0.019044004464082186,-0.007048854138702154,-0.04766892269253731,0.036003392189741135,544.0657371646631,347.24187345937275,544.0657371646631,347.24187345937275,21.07158955485003,5341.893528854145,0.011005848246946679,0.013424612405764256,3.721099494748391,0.5461847389558233,0.996
2023-04-26,QQQ,gru,0.006046411265235898,-0.006657181773334742,-0.03934003785252571,0.02528652921319008,547.3653477155303,344.9378993751296,547.3653477155303,344.9378993751296,20.25872674715428,5478.693531136888,0.011005848246946679,0.013424612405764256,3.721099494748391,0.5461847389558233,0.996
2023-04-27,QQQ,gru,0.026827748481101664,-0.00727768475189805,-0.04594872519373894,0.02878129854798317,562.2486780609804,342.4366640637179,562.2486780609804,342.4366640637179,19.348926372114903,5638.668538861323,0.011005848246946679,0.013424612405764256,3.721099494748391,0.5461847389558233,0.996
2023-04-28,QQQ,gru,0.006874990736427471,-0.007775436155498028,-0.04628012329339981,0.029638411477208138,566.127450498844,339.7844010258518,566.127450498844,339.7844010258518,18.47386148195356,5808.2908946928865,0.011005848246946679,0.013424612405764256,3.721099494748391,0.5461847389558233,0.996
2023-05-01,QQQ,gru,-0.0011477166585569132,-0.011847211048007011,-0.04518117010593414,0.027623290196061134,565.4780693171235,335.78266439692015,565.4780693171235,335.78266439692015,17.65776600651577,5970.971491282808,0.011005848246946679,0.013424612405764256,3.721099494748391,0.5461847389558233,0.996
2023-05-02,QQQ,gru,-0.00875980951441715,-0.0052737523801624775,-0.03363126516342163,0.027057871222496033,560.5462217049109,334.0164907360237,560.5462217049109,334.0164907360237,17.073788461295436,6134.739211481424,0.011005848246946679,0.013424612405764256,3.721099494748391,0.5461847389558233,0.996
2023-05-03,QQQ,gru,-0.006565422593203637,-0.0046148584224283695,-0.04080434888601303,0.031241321936249733,556.8780535895914,332.4786051986738,556.8780535895914,332.4786051986738,16.39112659445228,6329.421887797929,0.011005848246946679,0.013424612405764256,3.721099494748391,0.5461847389558233,0.996
2023-05-04,QQQ,gru,-0.003536123023990976,-0.0031991663854569197,-0.04300413653254509,0.02751687541604042,554.9123418303417,331.4166571962888,554.9123418303417,331.4166571962888,15.701182086585431,6506.005844595888,0.011005848246946679,0.013424612405764256,3.721099494748391,0.5461847389558233,0.996
2023-05-05,QQQ,gru,0.02103166722702851,-0.005938354879617691,-0.041873861104249954,0.030035149306058884,566.7066659474688,329.4544161292407,566.7066659474688,329.4544161292407,15.057288427447075,6704.378881564777,0.011005848246946679,0.013424612405764256,3.721099494748391,0.5461847389558233,0.996
2023-05-08,QQQ,gru,0.002474521884484839,-0.003184899687767029,-0.046497225761413574,0.037302084267139435,568.1107304721819,328.4068010990665,568.1107304721819,328.4068010990665,14.373193563210746,6959.189153278301,0.011005848246946679,0.013424612405764256,3.721099494748391,0.5461847389558233,0.996
2023-05-09,QQQ,gru,-0.006353321972543265,-0.0021553116384893656,-0.03768003731966019,0.03314906358718872,564.5127816515867,327.6997480300413,564.5127816515867,327.6997480300413,13.841687812829385,7193.746107811418,0.011005848246946679,0.013424612405764256,3.721099494748391,0.5461847389558233,0.996
2023-05-10,QQQ,gru,0.010822950635878126,1.7325504813925363e-05,-0.03574179857969284,0.03451769798994064,570.6556576800565,327.70541243389283,570.6556576800565,327.70541243389283,13.355697947785647,7446.393118443984,0.011005848246946679,0.013424612405764256,3.721099494748391,0.5461847389558233,0.996
2023-05-11,QQQ,gru,0.0032548237500508283,-0.007200776133686304,-0.0422830656170845,0.026680244132876396,572.5160672780343,325.3541558832393,572.5160672780343,325.3541558832393,12.802750354017784,7647.738297514422,0.011005848246946679,0.013424612405764256,3.721099494748391,0.5461847389558233,0.996
2023-05-12,QQQ,gru,-0.003593245602546293,-0.006663990672677755,-0.04173155501484871,0.025484580546617508,570.4625680099722,323.1931975753543,570.4625680099722,323.1931975753543,12.27946670534741,7845.141946647377,0.011005848246946679,0.013424612405764256,3.721099494748391,0.5461847389558233,0.996
2023-05-15,QQQ,gru,0.005400306904225894,-0.007551956921815872,-0.04425580054521561,0.0261528417468071,573.5515742382952,320.7616416979816,573.5515742382952,320.7616416979816,11.747878843056842,8053.021269641225,0.011005848246946679,0.013424612405764256,3.721099494748391,0.5461847389558233,0.996
2023-05-16,QQQ,gru,0.0011315701498922643,-0.005855675786733627,-0.041488222777843475,0.028549110516905785,574.2009554200158,318.8888514440726,574.2009554200158,318.8888514440726,11.270452790165898,8286.2414814124,0.011005848246946679,0.013424612405764256,3.721099494748391,0.5461847389558233,0.996
2023-05-17,QQQ,gru,0.012031473633716115,-0.00240810913965106,-0.0362996906042099,0.03205054998397827,581.1511658721143,318.1218516139266,581.1511658721143,318.1218516139266,10.868675087720394,8556.12144005424,0.011005848246946679,0.013424612405764256,3.721099494748391,0.5461847389558233,0.996
2023-05-18,QQQ,gru,0.018402931248640956,-0.002616671845316887,-0.04102775454521179,0.03814905136823654,591.9450658955285,317.290520817428,591.9450658955285,317.290520817428,10.431781611680698,8888.835379452254,0.011005848246946679,0.013424612405764256,3.721099494748391,0.5461847389558233,0.996
2023-05-19,QQQ,gru,-0.0022558685972117513,-0.006910841912031174,-0.04549264907836914,0.028360165655612946,590.6112206655395,315.10533507338977,590.6112206655395,315.10533507338977,9.967845336439453,9144.532997906335,0.011005848246946679,0.013424612405764256,3.721099494748391,0.5461847389558233,0.996
2023-05-22,QQQ,gru,0.0033523871547466795,-0.005580658093094826,-0.046271659433841705,0.03614421188831329,592.5945006388774,313.351740208795,592.5945006388774,313.351740208795,9.517124744139412,9481.101113256533,0.011005848246946679,0.013424612405764256,3.721099494748391,0.5461847389558233,0.996
2023-05-23,QQQ,gru,-0.012757339327899542,-0.00668380269780755,-0.051407590508461,0.03226873278617859,585.0825893906141,311.2643368404879,585.0825893906141,311.2643368404879,9.040235404206458,9792.034503130328,0.011005848246946679,0.013424612405764256,3.721099494748391,0.5461847389558233,0.996
2023-05-24,QQQ,gru,-0.005142765604319598,-0.0018047353951260448,-0.03477374464273453,0.03802594542503357,582.0813706711033,310.70309608077173,582.0813706711033,310.70309608077173,8.731275313565442,10171.555730239672,0.011005848246946679,0.013424612405764256,3.721099494748391,0.5461847389558233,0.996
2023-05-25,QQQ,gru,0.02404157493699059,-0.002738119335845113,-0.038704607635736465,0.03709959611296654,596.2451005401086,309.8535210062954,596.2451005401086,309.8535210062954,8.399790887843348,10556.003696847965,0.011005848246946679,0.013424612405764256,3.721099494748391,0.5461847389558233,0.996
2023-05-26,QQQ,gru,0.025229474954575032,-0.011256772093474865,-0.04715559259057045,0.026493433862924576,611.4794202359229,306.3851343837509,611.4794202359229,306.3851343837509,8.012887792410588,10839.40581321557,0.011005848246946679,0.013424612405764256,3.721099494748391,0.5461847389558233,0.996
2023-05-30,QQQ,gru,0.004524813925257396,-0.01028475072234869,-0.042655110359191895,0.022989913821220398,614.2525199804297,303.25019208498173,614.2525199804297,303.25019208498173,7.678284184342732,11091.489014848401,0.011005848246946679,0.013424612405764256,3.721099494748391,0.5461847389558233,0.996
2023-05-31,QQQ,gru,-0.005702325718436863,-0.008702783845365047,-0.041985005140304565,0.02464139275252819,610.7598197594782,300.62252151828255,610.7598197594782,300.62252151828255,7.362585230778727,11368.194204026677,0.011005848246946679,0.013424612405764256,3.721099494748391,0.5461847389558233,0.996
2023-06-01,QQQ,gru,0.01148589636147326,-0.009542867541313171,-0.04170885309576988,0.02600603923201561,617.815385934477,297.7673700318116,617.815385934477,297.7673700318116,7.061816283816496,11667.713839489099,0.011005848246946679,0.013424612405764256,3.721099494748391,0.5461847389558233,0.996
2023-06-02,QQQ,gru,0.007471758410186422,-0.005409496836364269,-0.03872882202267647,0.02726973220705986,622.4488417153333,296.1609519926715,622.4488417153333,296.1609519926715,6.793549010490122,11990.26769377804,0.011005848246946679,0.013424612405764256,3.721099494748391,0.5461847389558233,0.996
2023-06-05,QQQ,gru,0.0007046720164780302,-0.005921913310885429,-0.04343496635556221,0.03574154153466225,622.8876185745096,294.4122885729245,622.8876185745096,294.4122885729245,6.504787819312057,12426.56859994979,0.011005848246946679,0.013424612405764256,3.721099494748391,0.5461847389558233,0.996
2023-06-06,QQQ,gru,-0.00016906912267084675,-0.007489541545510292,-0.04445264860987663,0.027733590453863144,622.7823164132375,292.21551719364965,622.7823164132375,292.21551719364965,6.221965597013689,12776.024956220741,0.011005848246946679,0.013424612405764256,3.721099494748391,0.5461847389558233,0.996
2023-06-07,QQQ,gru,-0.017110922494281724,-0.004382557235658169,-0.04075244814157486,0.038208797574043274,612.2165889264556,290.9376720711675,612.2165889264556,290.9376720711675,5.973502571497414,13273.62785406999,0.011005848246946679,0.013424612405764256,3.721099494748391,0.5461847389558233,0.996
2023-06-08,QQQ,gru,0.012336827734210935,0.0019866677466779947,-0.03639162331819534,0.034829117357730865,619.8161805602747,291.51624508894247,619.8161805602747,291.51624508894247,5.7600251488545275,13744.081195724864,0.011005848246946679,0.013424612405764256,3.721099494748391,0.5461847389558233,0.996
2023-06-09,QQQ,gru,0.003815467400319617,-0.004387303721159697,-0.04455448314547539,0.029972631484270096,622.1855863121531,290.24008516940887,622.1855863121531,290.24008516940887,5.509023190832917,14162.263874423264,0.011005848246946679,0.013424612405764256,3.721099494748391,0.5461847389558233,0.996
2023-06-12,QQQ,gru,0.016755844027176958,-0.00035727969952858984,-0.02885790914297104,0.032511673867702484,632.6986627182988,290.1364083239525,632.6986627182988,290.1364083239525,5.3523163694210485,14630.270147767886,0.011005848246946679,0.013424612405764256,3.721099494748391,0.5461847389558233,0.996
2023-06-13,QQQ,gru,0.007654668205230697,-0.006602464243769646,-0.04624534398317337,0.02686706930398941,637.5603445974156,288.2271046410641,637.5603445974156,288.2271046410641,5.1104328755439115,15028.670200600836,0.011005848246946679,0.013424612405764256,3.721099494748391,0.5461847389558233,0.996
2023-06-14,QQQ,gru,0.007241197139741267,-0.008311004377901554,-0.04399474710226059,0.026632681488990784,642.1938003782718,285.8415694428376,642.1938003782718,285.8415694428376,4.890474781013015,15434.302017718603,0.011005848246946679,0.013424612405764256,3.721099494748391,0.5461847389558233,0.996
2023-06-15,QQQ,gru,0.011845432591746165,-0.00797345396131277,-0.042449887841939926,0.026921752840280533,649.8460966543552,283.57149491363305,649.8460966543552,283.57149491363305,4.687219390002168,15855.463435055286,0.011005848246946679,0.013424612405764256,3.721099494748391,0.5461847389558233,0.996
2023-06-16,QQQ,gru,-0.006312805158628491,-0.009981576353311539,-0.049006469547748566,0.028479313477873802,645.7566663323191,280.75508495637564,645.7566663323191,280.75508495637564,4.4630529425310606,16313.507199527003,0.011005848246946679,0.013424612405764256,3.721099494748391,0.5461847389558233,0.996
2023-06-20,QQQ,gru,-0.002803368051578282,-0.008802317082881927,-0.039662331342697144,0.025542085990309715,643.9489078149775,278.2946397823291,643.9489078149775,278.2946397823291,4.289502352271791,16735.55457132644,0.011005848246946679,0.013424612405764256,3.721099494748391,0.5461847389558233,0.996
2023-06-21,QQQ,gru,-0.013721401021373291,-0.004133928567171097,-0.03818338364362717,0.028241118416190147,635.1733706314493,277.1465585450574,635.1733706314493,277.1465585450574,4.1288021287671794,17214.92323272448,0.011005848246946679,0.013424612405764256,3.721099494748391,0.5461847389558233,0.996
2023-06-22,QQQ,gru,0.011729829404101097,-0.0022134187165647745,-0.04176872968673706,0.03693649172782898,642.6677136656247,276.53379451777954,642.6677136656247,276.53379451777954,3.959899209174514,17862.67088695435,0.011005848246946679,0.013424612405764256,3.721099494748391,0.5461847389558233,0.996
2023-06-23,QQQ,gru,-0.009962906504228033,-0.005092076491564512,-0.0431828647851944,0.029563918709754944,636.2966651005227,275.1292378400782,636.2966651005227,275.1292378400782,3.7925390337764653,18398.64419594533,0.011005848246946679,0.013424612405764256,3.721099494748391,0.5461847389558233,0.996
2023-06-26,QQQ,gru,-0.013496125155660286,-0.002969469642266631,-0.04163593053817749,0.03383506089448929,627.7668151060865,274.31345415668324,627.7668151060865,274.31345415668324,3.6378751932956237,19031.813918467407,0.011005848246946679,0.013424612405764256,3.721099494748391,0.5461847389558233,0.996
2023-06-27,QQQ,gru,0.017047977220515865,-0.005465565714985132,-0.04116770252585411,0.030937131494283676,638.5607151295005,272.81826315227187,638.5607151295005,272.81826315227187,3.4911529911856523,19629.806980650545,0.011005848246946679,0.013424612405764256,3.721099494748391,0.5461847389558233,0.996
2023-06-28,QQQ,gru,0.0019496195678474434,-0.0047160261310637,-0.040376029908657074,0.030660368502140045,639.806879973934,271.5346662539433,639.806879973934,271.5346662539433,3.353001915616254,20240.984975499425,0.011005848246946679,0.013424612405764256,3.721099494748391,0.5461847389558233,0.996
2023-06-29,QQQ,gru,-0.002004561610925866,-0.007623671088367701,-0.044509243220090866,0.031062226742506027,638.5256322629526,269.4724406674846,638.5256322629526,269.4724406674846,3.207034792697714,20879.581820368767,0.011005848246946679,0.013424612405764256,3.721099494748391,0.5461847389558233,0.996
2023-06-30,QQQ,gru,0.015302497873177967,-0.006952651776373386,-0.04453841596841812,0.030497834086418152,648.371812834918,267.60538385376356,648.371812834918,267.60538385376356,3.067332635157319,21526.17470526315,0.011005848246946679,0.013424612405764256,3.721099494748391,0.5461847389558233,0.996
2023-07-03,QQQ,gru,0.0023522610009180946,-0.007329526357352734,-0.04509562999010086,0.02946241945028305,649.8987477349914,265.65112567232495,649.8987477349914,265.65112567232495,2.932081955574471,22169.824318717772,0.011005848246946679,0.013424612405764256,3.721099494748391,0.5461847389558233,0.996
2023-07-05,QQQ,gru,-2.703259793567155e-05,-0.005824413150548935,-0.04050016030669212,0.024602141231298447,649.8811795209033,264.1083675575322,649.8811795209033,264.1083675575322,2.8157047746080424,22722.013261588858,0.011005848246946679,0.013424612405764256,3.721099494748391,0.5461847389558233,0.996
2023-07-06,QQQ,gru,-0.007645026964738408,-0.00616040825843811,-0.051303986459970474,0.033881913870573044,644.9317636946025,262.4863503010323,644.9317636946025,262.4863503010323,2.674890971367734,23505.06955147858,0.011005848246946679,0.013424612405764256,3.721099494748391,0.5461847389558233,0.996
2023-07-07,QQQ,gru,-0.0033256163978637233,-0.006553909741342068,-0.040107227861881256,0.03034139983355999,642.7905304793564,260.77166077602755,642.7905304793564,260.77166077602755,2.5697314986776902,24229.17664871113,0.011005848246946679,0.013424612405764256,3.721099494748391,0.5461847389558233,0.996
2023-07-10,QQQ,gru,0.0003275870113553908,-0.0034685686696320772,-0.03459617495536804,0.027536332607269287,643.0011348019007,259.8687250733579,643.0011348019007,259.8687250733579,2.4823488864815655,24905.629452359222,0.011005848246946679,0.013424612405764256,3.721099494748391,0.5461847389558233,0.996
2023-07-11,QQQ,gru,0.004928407942104489,-0.007056146394461393,-0.0388202965259552,0.025480568408966064,646.177928539036,258.04150451292617,646.177928539036,258.04150451292617,2.387829827502084,25548.39335753033,0.011005848246946679,0.013424612405764256,3.721099494748391,0.5461847389558233,0.996
2023-07-12,QQQ,gru,0.012550924593389445,-0.009244297631084919,-0.04897349327802658,0.028180649504065514,654.3391674073916,255.6670825930319,654.3391674073916,255.6670825930319,2.273706779899694,26278.604763643016,0.011005848246946679,0.013424612405764256,3.721099494748391,0.5461847389558233,0.996
2023-07-13,QQQ,gru,0.016836139962497956,-0.011296935379505157,-0.04323090985417366,0.026740465313196182,665.448973914622,252.79507470323088,665.448973914622,252.79507470323088,2.177506789350368,26990.785412157213,0.011005848246946679,0.013424612405764256,3.721099494748391,0.5461847389558233,0.996
2023-07-14,QQQ,gru,-0.00021098512947046884,-0.008971490897238255,-0.0381334125995636,0.02331642434000969,665.308588886802,250.53727624735143,665.308588886802,250.53727624735143,2.0960342743714033,27627.506847371707,0.011005848246946679,0.013424612405764256,3.721099494748391,0.5461847389558233,0.996
2023-07-17,QQQ,gru,0.009295251417104878,-0.0069458987563848495,-0.04469723254442215,0.029769228771328926,671.5216306483676,248.8031003654096,671.5216306483676,248.8031003654096,2.004410258548914,28462.322057851354,0.011005848246946679,0.013424612405764256,3.721099494748391,0.5461847389558233,0.996
2023-07-18,QQQ,gru,0.008147386728363657,-0.007426195312291384,-0.040142543613910675,0.02434684894979,677.0151254951169,246.96228958695517,677.0151254951169,246.96228958695517,1.9255416669483172,29163.795514377915,0.011005848246946679,0.013424612405764256,3.721099494748391,0.5461847389558233,0.996
2023-07-19,QQQ,gru,-0.0002333355116098172,-0.0053229741752147675,-0.04444912448525429,0.03103809431195259,676.8571722532088,245.6512144808922,676.8571722532088,245.6512144808922,1.8418273043892706,30083.17767646985,0.011005848246946679,0.013424612405764256,3.721099494748391,0.5461847389558233,0.996
2023-07-20,QQQ,gru,-0.02332180067880946,-0.003700363915413618,-0.03915494307875633,0.03615977242588997,661.2542949929423,244.7438965559315,661.2542949929423,244.7438965559315,1.7711042201450347,31190.884938972245,0.011005848246946679,0.013424612405764256,3.721099494748391,0.5461847389558233,0.996
2023-07-21,QQQ,gru,-0.003003776526670523,-0.0037934884894639254,-0.04115326702594757,0.03209967911243439,659.2710150196043,243.8172165105164,659.2710150196043,243.8172165105164,1.6996969240892907,32208.345017533597,0.011005848246946679,0.013424612405764256,3.721099494748391,0.5461847389558233,0.996
2023-07-24,QQQ,gru,0.0015960583572021297,-0.007689937949180603,-0.04322942718863487,0.030741918832063675,660.3240901939533,241.94946726754617,660.3240901939533,241.94946726754617,1.6277855848140879,33213.86903911224,0.011005848246946679,0.013424612405764256,3.721099494748391,0.5461847389558233,0.996
2023-07-25,QQQ,gru,0.006754870679702844,-0.0035099396482110023,-0.04362494498491287,0.03203444182872772,664.7995927329014,241.10172485999445,664.7995927329014,241.10172485999445,1.5583002064130287,34295.082666910275,0.011005848246946679,0.013424612405764256,3.721099494748391,0.5461847389558233,0.996
2023-07-26,QQQ,gru,-0.003332040068048496,-0.005819547921419144,-0.04829942435026169,0.03692357987165451,662.5881402229312,239.70270042599,662.5881402229312,239.70270042599,1.484823912081027,35585.04931556548,0.011005848246946679,0.013424612405764256,3.721099494748391,0.5461847389558233,0.996
2023-07-27,QQQ,gru,-0.0023868097241474947,-0.005167480558156967,-0.03924323618412018,0.03289233148097992,661.0085542422217,238.4672408651644,661.0085542422217,238.4672408651644,1.4276831328587825,36774.987693715935,0.011005848246946679,0.013424612405764256,3.721099494748391,0.5461847389558233,0.996
2023-07-28,QQQ,gru,0.018050788265150542,-0.00914793647825718,-0.03648548945784569,0.02145497500896454,673.0486191100692,236.2957059896727,673.0486191100692,236.2957059896727,1.376532194742501,37572.51921637335,0.011005848246946679,0.013424612405764256,3.721099494748391,0.5461847389558233,0.996
2023-07-31,QQQ,gru,0.0005213558919346982,-0.007208000402897596,-0.04659070819616318,0.02948850207030773,673.3996084604335,234.59861565637632,673.3996084604335,234.59861565637632,1.313869649139746,38696.97496895945,0.011005848246946679,0.013424612405764256,3.721099494748391,0.5461847389558233,0.996
2023-08-01,QQQ,gru,-0.0023222944914203045,-0.009040208533406258,-0.0398387610912323,0.021611979231238365,671.8375906938121,232.48735318091593,671.8375906938121,232.48735318091593,1.2625556219346021,39542.397380950955,0.011005848246946679,0.013424612405764256,3.721099494748391,0.5461847389558233,0.996
2023-08-02,QQQ,gru,-0.02218848428716519,-0.005787304602563381,-0.04697013273835182,0.033880140632390976,657.0946989378103,231.14577001176218,657.0946989378103,231.14577001176218,1.2046243526340084,40905.05464276283,0.011005848246946679,0.013424612405764256,3.721099494748391,0.5461847389558233,0.996
2023-08-03,QQQ,gru,-0.001603908721278499,0.0005751509452238679,-0.03870221599936485,0.03872833028435707,656.0416237634613,231.27874910508456,656.0416237634613,231.27874910508456,1.1588933743202954,42520.31659688146,0.011005848246946679,0.013424612405764256,3.721099494748391,0.5461847389558233,0.996
2023-08-04,QQQ,gru,-0.004692766907874672,-0.005805030465126038,-0.045118849724531174,0.03107263520359993,652.9701857492264,229.94005981804224,652.9701857492264,229.94005981804224,1.1077674726552236,43862.275689306705,0.011005848246946679,0.013424612405764256,3.721099494748391,0.5461847389558233,0.996
2023-08-07,QQQ,gru,0.008431172489964374,-0.0030839131213724613,-0.03903185948729515,0.032166074961423874,658.4987634625235,229.23203391611668,658.4987634625235,229.23203391611668,1.065362188504931,45296.08853741491,0.011005848246946679,0.013424612405764256,3.721099494748391,0.5461847389558233,0.996
2023-08-08,QQQ,gru,-0.00853871655883428,-0.0028355459216982126,-0.040106602013111115,0.028937721624970436,652.8999664545022,228.58295913689318,652.8999664545022,228.58295913689318,1.023479648769215,46626.00582884563,0.011005848246946679,0.013424612405764256,3.721099494748391,0.5461847389558233,0.996
2023-08-09,QQQ,gru,-0.011055501278738172,-0.007263907231390476,-0.04371362924575806,0.029553033411502838,645.7215834657715,226.92856409428805,645.7215834657715,226.92856409428805,0.9797034432844137,48024.506757078794,0.011005848246946679,0.013424612405764256,3.721099494748391,0.5461847389558233,0.996
2023-08-10,QQQ,gru,0.0018465522579732164,-0.004475502297282219,-0.04478173702955246,0.032047055661678314,646.9150436679405,225.91520996608347,646.9150436679405,225.91520996608347,0.9367984506911642,49588.47623257769,0.011005848246946679,0.013424612405764256,3.721099494748391,0.5461847389558233,0.996
2023-08-11,QQQ,gru,-0.0063960757126759644,-0.0012423958396539092,-0.03850506618618965,0.03532618656754494,642.7905304793566,225.63470813915322,642.7905304793566,225.63470813915322,0.9014125830145449,51371.557578128384,0.011005848246946679,0.013424612405764256,3.721099494748391,0.5461847389558233,0.996
2023-08-14,QQQ,gru,0.011159691399990946,-0.004714534617960453,-0.03909074515104294,0.03245119750499725,650.0040498962635,224.57344383559007,650.0040498962635,224.57344383559007,0.8668555118916674,53065.96735487614,0.011005848246946679,0.013424612405764256,3.721099494748391,0.5461847389558233,0.996
2023-08-15,QQQ,gru,-0.01066826783085261,-0.0018612402491271496,-0.03532569110393524,0.031190035864710808,643.1064905248011,224.15585263766195,643.1064905248011,224.15585263766195,0.8367677924190048,54747.1787964051,0.011005848246946679,0.013424612405764256,3.721099494748391,0.5461847389558233,0.996
2023-08-16,QQQ,gru,-0.010645416504473865,-0.0014270079554989934,-0.03529180586338043,0.03379768878221512,636.2966651005227,223.8362105338407,636.2966651005227,223.8362105338407,0.8077517702058326,56629.13003609947,0.011005848246946679,0.013424612405764256,3.721099494748391,0.5461847389558233,0.996
2023-08-17,QQQ,gru,-0.010983086884059417,-0.004931320436298847,-0.04060342162847519,0.027505958452820778,629.3464010867958,222.7351218636252,629.3464010867958,222.7351218636252,0.7756112032766849,58208.386338398384,0.011005848246946679,0.013424612405764256,3.721099494748391,0.5461847389558233,0.996
2023-08-18,QQQ,gru,-0.0012556871089945392,0.00019687220628838986,-0.04014701768755913,0.048374470323324203,628.5566348772552,222.77898592561485,628.5566348772552,222.77898592561485,0.745089490081831,61093.4062115306,0.011005848246946679,0.013424612405764256,3.721099494748391,0.5461847389558233,0.996
2023-08-21,QQQ,gru,0.015983025234289804,-0.006190747022628784,-0.046270761638879776,0.03313974663615227,638.6835855048606,221.404073393065,638.6835855048606,221.404073393065,0.7113990617663413,63151.94746644607,0.011005848246946679,0.013424612405764256,3.721099494748391,0.5461847389558233,0.996
2023-08-22,QQQ,gru,-0.0014299557341041183,-0.00735433679074049,-0.04212731122970581,0.030188359320163727,637.7709489199599,219.78176210170238,637.7709489199599,219.78176210170238,0.6820522035480634,65087.46555737079,0.011005848246946679,0.013424612405764256,3.721099494748391,0.5461847389558233,0.996
2023-08-23,QQQ,gru,0.015645530800356727,-0.005253468174487352,-0.0432916060090065,0.02598477713763714,647.8276802528411,218.63017918347123,647.8276802528411,218.63017918347123,0.6531551006517893,66800.91554590654,0.011005848246946679,0.013424612405764256,3.721099494748391,0.5461847389558233,0.996
2023-08-24,QQQ,gru,-0.02160746853695175,-0.008100473321974277,-0.04332028329372406,0.02811317890882492,633.9799104292803,216.8663305644155,633.9799104292803,216.8663305644155,0.6254643593886857,68705.55128255358,0.011005848246946679,0.013424612405764256,3.721099494748391,0.5461847389558233,0.996
2023-08-25,QQQ,gru,0.007721586626792117,-0.003180778818204999,-0.03807802498340607,0.03781560808420181,638.8941898274048,216.1776204654055,638.8941898274048,216.1776204654055,0.6020956609831405,71353.4472388187,0.011005848246946679,0.013424612405764256,3.721099494748391,0.5461847389558233,0.996
2023-08-28,QQQ,gru,0.00749892880674549,-0.00037969351978972554,-0.030772347003221512,0.027295049279928207,643.7032206258856,216.0955546885362,643.7032206258856,216.0955546885362,0.5838499246707654,73327.86701460532,0.011005848246946679,0.013424612405764256,3.721099494748391,0.5461847389558233,0.996
2023-08-29,QQQ,gru,0.02160476534794587,-0.002806213218718767,-0.03667151927947998,0.029799310490489006,657.7615947719906,215.49000032194004,657.7615947719906,215.49000032194004,0.5628270739669621,75545.8742206501,0.011005848246946679,0.013424612405764256,3.721099494748391,0.5461847389558233,0.996
2023-08-30,QQQ,gru,0.005561251668246927,-0.0059439330361783504,-0.034399405121803284,0.02494000270962715,661.4297628873101,214.21293955917645,661.4297628873101,214.21293955917645,0.5437953635918069,77453.6835535603,0.011005848246946679,0.013424612405764256,3.721099494748391,0.5461847389558233,0.996
2023-08-31,QQQ,gru,0.002993987582884357,-0.010291600599884987,-0.046898700296878815,0.02310236543416977,663.413042860648,212.01965048520043,663.413042860648,212.01965048520043,0.5188808653007952,79263.8798366297,0.011005848246946679,0.013424612405764256,3.721099494748391,0.5461847389558233,0.996
2023-09-01,QQQ,gru,-0.0010587732363455155,-0.004923591390252113,-0.04452473670244217,0.03043302707374096,662.7110105982914,210.97831971735246,662.7110105982914,210.97831971735246,0.49628461670974533,81713.19998746425,0.011005848246946679,0.013424612405764256,3.721099494748391,0.5461847389558233,0.996
2023-09-05,QQQ,gru,0.0012704418615892912,-0.0043585579842329025,-0.04011998325586319,0.03200821578502655,663.5534814500963,210.06076384287505,663.5534814500963,210.06076384287505,0.47676781059343126,84371.00485689905,0.011005848246946679,0.013424612405764256,3.721099494748391,0.5461847389558233,0.996
2023-09-06,QQQ,gru,-0.00884695692213403,-0.0037719416432082653,-0.039088793098926544,0.028591565787792206,657.7089436913546,209.2699253612934,657.7089436913546,209.2699253612934,0.45849107501254854,86818.11972228646,0.011005848246946679,0.013424612405764256,3.721099494748391,0.5461847389558233,0.996
2023-09-07,QQQ,gru,-0.007177301082651427,-0.002644302323460579,-0.04228471219539642,0.034739330410957336,653.0052686157743,208.71728873533993,653.0052686157743,208.71728873533993,0.4395080890728094,89887.12687460158,0.011005848246946679,0.013424612405764256,3.721099494748391,0.5461847389558233,0.996
2023-09-08,QQQ,gru,0.001396618793712921,0.0016524839447811246,-0.03762182593345642,0.03818407654762268,653.917905200675,209.06248828023632,653.917905200675,209.06248828023632,0.4232801619310596,93385.75219601269,0.011005848246946679,0.013424612405764256,3.721099494748391,0.5461847389558233,0.996
2023-09-11,QQQ,gru,0.011713868101392149,-0.0047258418053388596,-0.044098928570747375,0.03370431810617447,661.6228525573945,208.07682809916227,661.6228525573945,208.07682809916227,0.4050195554703319,96586.89908828799,0.011005848246946679,0.013424612405764256,3.721099494748391,0.5461847389558233,0.996
2023-09-12,QQQ,gru,-0.011150330584212114,-0.0056243217550218105,-0.03839073330163956,0.027200981974601746,654.2865163267556,206.90981700406647,654.2865163267556,206.90981700406647,0.38976523843887334,99250.21529380289,0.011005848246946679,0.013424612405764256,3.721099494748391,0.5461847389558233,0.996
2023-09-13,QQQ,gru,0.0038018329866598764,-0.006458042189478874,-0.04269267991185188,0.028215911239385605,656.7787388923658,205.57788843340123,656.7787388923658,205.57788843340123,0.3734753195666985,102090.53211800974,0.011005848246946679,0.013424612405764256,3.721099494748391,0.5461847389558233,0.996
2023-09-14,QQQ,gru,0.008143968038450564,-0.0021880287677049637,-0.031700339168310165,0.029569819569587708,662.1493633637548,205.12856861830412,662.1493633637548,205.12856861830412,0.3618217128691507,105154.40132399782,0.011005848246946679,0.013424612405764256,3.721099494748391,0.5461847389558233,0.996
2023-09-15,QQQ,gru,-0.01727128690362511,-0.004561461508274078,-0.040745560079813004,0.027275141328573227,650.8113843198922,204.19501762103008,650.8113843198922,204.19501762103008,0.3473753846500288,108061.97052173599,0.011005848246946679,0.013424612405764256,3.721099494748391,0.5461847389558233,0.996
2023-09-18,QQQ,gru,-0.0004045852112249382,-0.007460817229002714,-0.04871508106589317,0.03803003951907158,650.548128916712,202.67722445037242,650.548128916712,202.67722445037242,0.3308585468763423,112250.71727456545,0.011005848246946679,0.013424612405764256,3.721099494748391,0.5461847389558233,0.996
2023-09-19,QQQ,gru,-0.0021336309019912183,-0.0018050591461360455,-0.03802823647856712,0.0356452502310276,649.1615790444586,202.31170464183,649.1615790444586,202.31170464183,0.31851281292128986,116324.08726555784,0.011005848246946679,0.013424612405764256,3.721099494748391,0.5461847389558233,0.996
2023-09-20,QQQ,gru,-0.014515271110068968,-0.006460956763476133,-0.051105789840221405,0.036202721297740936,639.8068799739339,201.00879641489678,639.8068799739339,201.00879641489678,0.30264391417419473,120612.49907444319,0.011005848246946679,0.013424612405764256,3.721099494748391,0.5461847389558233,0.996
2023-09-21,QQQ,gru,-0.018494500706788857,-0.0025131243746727705,-0.046434611082077026,0.039966776967048645,628.0827215899026,200.50427406643138,628.0827215899026,200.50427406643138,0.2889120450298406,125530.62482109957,0.011005848246946679,0.013424612405764256,3.721099494748391,0.5461847389558233,0.996
2023-09-22,QQQ,gru,0.00013976084886500436,-0.0026104124262928963,-0.03406466916203499,0.03363121673464775,628.1705090987149,199.9815618393779,628.1705090987149,199.9815618393779,0.27923608727060106,129824.17033923505,0.011005848246946679,0.013424612405764256,3.721099494748391,0.5461847389558233,0.996
2023-09-25,QQQ,gru,0.004738501773735188,-0.003908494487404823,-0.05032825469970703,0.03719611465930939,631.1541596041375,199.2014566481388,631.1541596041375,199.2014566481388,0.26553041052084136,134744.05382010248,0.011005848246946679,0.013424612405764256,3.721099494748391,0.5461847389558233,0.996
2023-09-26,QQQ,gru,-0.015130136689643242,-0.003995498642325401,-0.045424893498420715,0.036790333688259125,621.6765901582526,198.40713073317409,621.6765901582526,198.40713073317409,0.25373857157987617,139793.65012586192,0.011005848246946679,0.013424612405764256,3.721099494748391,0.5461847389558233,0.996
2023-09-27,QQQ,gru,0.0023405497885328986,-0.002696691546589136,-0.04210646077990532,0.032740022987127304,623.1333593252301,197.8728090089508,623.1333593252301,197.8728090089508,0.24327634974928103,144446.25153303094,0.011005848246946679,0.013424612405764256,3.721099494748391,0.5461847389558233,0.996
2023-09-28,QQQ,gru,0.008330462997221929,-0.001989913173019886,-0.04546207934617996,0.03698679804801941,628.346030554711,197.47945090197607,628.346030554711,197.47945090197607,0.23246414068466617,149888.887289262,0.011005848246946679,0.013424612405764256,3.721099494748391,0.5461847389558233,0.996
2023-09-29,QQQ,gru,0.0007259151725758475,-0.008972215466201305,-0.050256963819265366,0.028153035789728165,628.8023220663472,195.71554200348143,628.8023220663472,195.71554200348143,0.22106991418547078,154168.68391015683,0.011005848246946679,0.013424612405764256,3.721099494748391,0.5461847389558233,0.996
2023-10-02,QQQ,gru,0.008311086314962877,-0.008862512186169624,-0.04332636296749115,0.025110682472586632,634.0501297240044,193.98867817826053,634.0501297240044,193.98867817826053,0.2116962857399781,158088.98584029346,0.011005848246946679,0.013424612405764256,3.721099494748391,0.5461847389558233,0.996
2023-10-03,QQQ,gru,-0.017705497936268803,-0.007583171129226685,-0.039620496332645416,0.028262263163924217,622.9227550026859,192.52319623904324,622.9227550026859,192.52319623904324,0.2034727536879277,162620.6735532149,0.011005848246946679,0.013424612405764256,3.721099494748391,0.5461847389558233,0.996
2023-10-04,QQQ,gru,0.013516895967211326,-0.002847237279638648,-0.040780626237392426,0.03704669326543808,631.3999003548578,191.97581406408653,631.3999003548578,191.97581406408653,0.1953419284978027,168758.20912593458,0.011005848246946679,0.013424612405764256,3.721099494748391,0.5461847389558233,0.996
2023-10-05,QQQ,gru,-0.002950833261357801,-0.008604053407907486,-0.044784046709537506,0.02296452969312668,629.53949075688,190.33112762249377,629.53949075688,190.33112762249377,0.1867867211944038,172678.49523945447,0.011005848246946679,0.013424612405764256,3.721099494748391,0.5461847389558233,0.996
2023-10-06,QQQ,gru,0.01661661877994649,-0.006721668876707554,-0.04062829166650772,0.028570694848895073,640.087703591202,189.05607183094438,640.087703591202,189.05607183094438,0.17934998440985594,177683.1943689277,0.011005848246946679,0.013424612405764256,3.721099494748391,0.5461847389558233,0.996
2023-10-09,QQQ,gru,0.0050870807588011885,-0.006318820174783468,-0.04432733356952667,0.028680549934506416,643.3521777138928,187.8652266061496,643.3521777138928,187.8652266061496,0.17157350897382434,182853.02353476873,0.011005848246946679,0.013424612405764256,3.721099494748391,0.5461847389558233,0.996
2023-10-10,QQQ,gru,0.0055226932075145355,-0.008729159832000732,-0.04507547989487648,0.025374416261911392,646.9150436679403,186.2324539129716,646.9150436679403,186.2324539129716,0.16401146583086817,187552.18873758015,0.011005848246946679,0.013424612405764256,3.721099494748391,0.5461847389558233,0.996
2023-10-11,QQQ,gru,0.007109976806925727,-0.0060599385760724545,-0.048286959528923035,0.04110879451036453,651.5309847963366,185.107314452344,651.5309847963366,185.107314452344,0.15628001384169093,195422.9072293332,0.011005848246946679,0.013424612405764256,3.721099494748391,0.5461847389558233,0.996
2023-10-12,QQQ,gru,-0.003481103307690348,-0.003739872481673956,-0.045002393424510956,0.03312867134809494,649.2668812057304,184.4163347461635,649.2668812057304,184.4163347461635,0.1494029434112324,202005.4422364412,0.011005848246946679,0.013424612405764256,3.721099494748391,0.5461847389558233,0.996
2023-10-13,QQQ,gru,-0.01264959931196013,-0.008559849113225937,-0.04478445276618004,0.033895302563905716,641.1056423373749,182.84449070266834,641.1056423373749,182.84449070266834,0.1428596293378133,208969.838467415,0.011005848246946679,0.013424612405764256,3.721099494748391,0.5461847389558233,0.996
2023-10-16,QQQ,gru,0.011242968798298121,-0.004834558814764023,-0.042240776121616364,0.03738781064748764,648.3542446208297,181.96264821073126,648.3542446208297,181.96264821073126,0.1369507988483797,216930.64356634856,0.011005848246946679,0.013424612405764256,3.721099494748391,0.5461847389558233,0.996
2023-10-17,QQQ,gru,-0.0032808462857156066,-0.002965012099593878,-0.04117703437805176,0.03622310608625412,646.2305796196719,181.42392553473573,646.2305796196719,181.42392553473573,0.13142609663524873,224932.60085175544,0.011005848246946679,0.013424612405764256,3.721099494748391,0.5461847389558233,0.996
2023-10-18,QQQ,gru,-0.013204716495365905,-0.0015385511796921492,-0.03104952909052372,0.03078974224627018,637.7533807058718,181.1450075479066,637.7533807058718,181.1450075479066,0.1274080835461789,231965.92762103773,0.011005848246946679,0.013424612405764256,3.721099494748391,0.5461847389558233,0.996
2023-10-19,QQQ,gru,-0.009400887421341706,0.002476037247106433,-0.029761027544736862,0.032529689371585846,631.7860261333982,181.59407985846948,631.7860261333982,181.59407985846948,0.1236721593797056,239635.78911421238,0.011005848246946679,0.013424612405764256,3.721099494748391,0.5461847389558233,0.996
2023-10-20,QQQ,gru,-0.015030287183028417,-0.0012060569133609533,-0.042300306260585785,0.04123865067958832,622.3611077681494,181.37519995116557,622.3611077681494,181.37519995116557,0.11854988916622505,249724.64446829486,0.011005848246946679,0.013424612405764256,3.721099494748391,0.5461847389558233,0.996
2023-10-23,QQQ,gru,0.0030129615618009215,0.0012985249049961567,-0.03464610129594803,0.04062827676534653,624.2390855802153,181.61087548630414,624.2390855802153,181.61087548630414,0.1145129347794278,260079.45807495527,0.011005848246946679,0.013424612405764256,3.721099494748391,0.5461847389558233,0.996
2023-10-24,QQQ,gru,0.009681081113309502,-0.0039057941175997257,-0.038836948573589325,0.034850314259529114,630.3117423139608,180.90291935891807,630.3117423139608,180.90291935891807,0.11015085832267177,269303.0835796685,0.011005848246946679,0.013424612405764256,3.721099494748391,0.5461847389558233,0.996
2023-10-25,QQQ,gru,-0.024780352457127813,-0.0015802322886884212,-0.03589550405740738,0.03077317588031292,614.8843329480623,180.61727606525497,614.8843329480623,180.61727606525497,0.10626706141397468,277719.2222861136,0.011005848246946679,0.013424612405764256,3.721099494748391,0.5461847389558233,0.996
2023-10-26,QQQ,gru,-0.019251293895687808,-0.00011687420192174613,-0.037915442138910294,0.0403917096555233,603.1602281256593,180.59616466760926,603.1602281256593,180.59616466760926,0.10231332775494371,289166.3973851265,0.011005848246946679,0.013424612405764256,3.721099494748391,0.5461847389558233,0.996
2023-10-27,QQQ,gru,0.004789750055975098,-0.00011790547432610765,-0.039187174290418625,0.036970142275094986,606.056144683898,180.57487274326897,606.056144683898,180.57487274326897,0.09838150225520577,300056.9907062923,0.011005848246946679,0.013424612405764256,3.721099494748391,0.5461847389558233,0.996
2023-10-30,QQQ,gru,0.011202301691807404,0.002027153968811035,-0.03708678483963013,0.04000599682331085,612.8835383222645,180.94129175865697,612.8835383222645,180.94129175865697,0.09479968059411994,312304.42359430576,0.011005848246946679,0.013424612405764256,3.721099494748391,0.5461847389558233,0.996
2023-10-31,QQQ,gru,0.00477091165256834,-0.002171573229134083,-0.03601221367716789,0.039201971143484116,615.8145377470511,180.54879538554164,615.8145377470511,180.54879538554164,0.09144647536308688,324790.52020169067,0.011005848246946679,0.013424612405764256,3.721099494748391,0.5461847389558233,0.996
2023-11-01,QQQ,gru,0.017207936171035547,-0.006091298069804907,-0.038982756435871124,0.026663443073630333,626.5031356091931,179.45236594998687,626.5031356091931,179.45236594998687,0.08795023115523096,333567.0496972016,0.011005848246946679,0.013424612405764256,3.721099494748391,0.5461847389558233,0.996
2023-11-02,QQQ,gru,0.01799052142245798,-0.005941864103078842,-0.04959995299577713,0.03788280487060547,637.876251081232,178.3892497836038,637.876251081232,178.3892497836038,0.08369432199764824,346445.9082701531,0.011005848246946679,0.013424612405764256,3.721099494748391,0.5461847389558233,0.996
2023-11-03,QQQ,gru,0.011680332614331677,-0.008200270123779774,-0.04050399735569954,0.022943612188100815,645.3705405537789,176.93239287366708,645.3705405537789,176.93239287366708,0.08037210376766982,354486.5216688381,0.011005848246946679,0.013424612405764256,3.721099494748391,0.5461847389558233,0.996
2023-11-06,QQQ,gru,0.004071003925582125,-0.008709213696420193,-0.042712774127721786,0.02846374735236168,648.0032017088374,175.39814080347577,648.0032017088374,175.39814080347577,0.07701147017802244,364721.5147119313,0.011005848246946679,0.013424612405764256,3.721099494748391,0.5461847389558233,0.996
2023-11-07,QQQ,gru,0.00940827452962433,-0.0066531384363770485,-0.043164364993572235,0.033728621900081635,654.1285630848474,174.23506234263175,654.1285630848474,174.23506234263175,0.07375804024485909,377232.88638605585,0.011005848246946679,0.013424612405764256,3.721099494748391,0.5461847389558233,0.996
2023-11-08,QQQ,gru,0.0006437161041451204,-0.003801332786679268,-0.043586988002061844,0.03145049139857292,654.5497717299357,173.57399122729174,654.5497717299357,173.57399122729174,0.07061220822614923,389285.5658941957,0.011005848246946679,0.013424612405764256,3.721099494748391,0.5461847389558233,0.996
2023-11-09,QQQ,gru,-0.0077253586174426455,-0.007316461764276028,-0.04000171273946762,0.028537234291434288,649.5126219564511,172.30867722793212,649.5126219564511,172.30867722793212,0.06784334629755791,400554.7239809108,0.011005848246946679,0.013424612405764256,3.721099494748391,0.5461847389558233,0.996
2023-11-10,QQQ,gru,0.022233251754866554,-0.0009437448461540043,-0.033260978758335114,0.03214002400636673,664.1151286846329,172.14613791713055,664.1151286846329,172.14613791713055,0.06562392652441307,413637.65600834676,0.011005848246946679,0.013424612405764256,3.721099494748391,0.5461847389558233,0.996
2023-11-13,QQQ,gru,-0.0031234095901414394,-0.008420560508966446,-0.04101690277457237,0.027055654674768448,662.0440612024827,170.7026613187377,662.0440612024827,170.7026613187377,0.06298668988558682,424981.64040102693,0.011005848246946679,0.013424612405764256,3.721099494748391,0.5461847389558233,0.996
2023-11-14,QQQ,gru,0.02129803627079444,-0.005467412527650595,-0.03708320111036301,0.02668129652738571,676.295525018672,169.77190272016477,676.295525018672,169.77190272016477,0.060693721568248524,436473.348614767,0.011005848246946679,0.013424612405764256,3.721099494748391,0.5461847389558233,0.996
2023-11-15,QQQ,gru,0.0007523407886084935,-0.007861878722906113,-0.04105781018733978,0.02642187662422657,676.8045211725725,168.44241266084364,676.8045211725725,168.44241266084364,0.058252235270741894,448159.50735276396,0.011005848246946679,0.013424612405764256,3.721099494748391,0.5461847389558233,0.996
2023-11-16,QQQ,gru,0.0008554430753815377,-0.00834424328058958,-0.04032004624605179,0.02430703304708004,677.3837366211973,167.0427331674485,677.3837366211973,167.0427331674485,0.055950223513310124,459186.38121760666,0.011005848246946679,0.013424612405764256,3.721099494748391,0.5461847389558233,0.996
2023-11-17,QQQ,gru,0.00023315414935199327,-0.003307466395199299,-0.03853679075837135,0.029529821127653122,677.5416898631054,166.49116171888335,677.5416898631054,166.49116171888335,0.05383509751676187,472948.27469613805,0.011005848246946679,0.013424612405764256,3.721099494748391,0.5461847389558233,0.996
2023-11-20,QQQ,gru,0.012101338997102277,-0.002181308576837182,-0.03892990201711655,0.03540026396512985,685.7906626786449,166.1283928955103,685.7906626786449,166.1283928955103,0.05177957115423113,489990.6562901521,0.011005848246946679,0.013424612405764256,3.721099494748391,0.5461847389558233,0.996
2023-11-21,QQQ,gru,-0.00582640227965293,-0.007909716106951237,-0.043912578374147415,0.02589854970574379,681.8065880795093,164.81954338359316,681.8065880795093,164.81954338359316,0.049554997940612903,502846.42968460557,0.011005848246946679,0.013424612405764256,3.721099494748391,0.5461847389558233,0.996
2023-11-22,QQQ,gru,0.004084617294185339,-0.0038280116859823465,-0.0378938689827919,0.027236349880695343,684.597202476476,164.18981449708232,684.597202476476,164.18981449708232,0.047712300590812266,516730.35128535266,0.011005848246946679,0.013424612405764256,3.721099494748391,0.5461847389558233,0.996
2023-11-24,QQQ,gru,-0.00141100319163238,-0.003167536808177829,-0.03612019121646881,0.029880650341510773,683.6319148109393,163.67056367635104,683.6319148109393,163.67056367635104,0.04601967754237319,532403.6156196791,0.011005848246946679,0.013424612405764256,3.721099494748391,0.5461847389558233,0.996
2023-11-27,QQQ,gru,-0.0008732633414755951,-0.0009165520314127207,-0.031192604452371597,0.03011898696422577,683.0351847098548,163.52062124468029,683.0351847098548,163.52062124468029,0.04460636196041518,548683.0182817712,0.011005848246946679,0.013424612405764256,3.721099494748391,0.5461847389558233,0.996
2023-11-28,QQQ,gru,0.0026175055821707695,-0.004394913092255592,-0.04734063893556595,0.03735218942165375,684.8253750131084,162.80353548582525,684.8253750131084,162.80353548582525,0.04254387403583421,569565.0815574186,0.011005848246946679,0.013424612405764256,3.721099494748391,0.5461847389558233,0.996
2023-11-29,QQQ,gru,-0.0009743715714800281,-0.007807210087776184,-0.0487268902361393,0.030095074325799942,684.1584256172998,161.53744546913583,684.1584256172998,161.53744546913583,0.040520539099412806,586966.7223835957,0.011005848246946679,0.013424612405764256,3.721099494748391,0.5461847389558233,0.996
2023-11-30,QQQ,gru,-0.0025172390932583213,-0.0033135954290628433,-0.041697148233652115,0.033651214092969894,682.4384010471421,161.00306063669507,682.4384010471421,161.00306063669507,0.038865688739313876,607054.9511253734,0.011005848246946679,0.013424612405764256,3.721099494748391,0.5461847389558233,0.996
2023-12-01,QQQ,gru,0.0028506918255882126,-0.00364327197894454,-0.04208967089653015,0.027763865888118744,684.3865981539321,160.41754753734494,684.3865981539321,160.41754753734494,0.037263792947818175,624145.2619877502,0.011005848246946679,0.013424612405764256,3.721099494748391,0.5461847389558233,0.996
2023-12-04,QQQ,gru,-0.009326826871062741,-0.005393604747951031,-0.04111408442258835,0.02556747943162918,678.0331178029182,159.55464859183127,678.0331178029182,159.55464859183127,0.035762794619860074,640308.8425078413,0.011005848246946679,0.013424612405764256,3.721099494748391,0.5461847389558233,0.996
2023-12-05,QQQ,gru,0.0025077279485594757,-0.003764593508094549,-0.04108313098549843,0.03081180527806282,679.7355741589879,158.9551161901576,679.7355741589879,158.9551161901576,0.034323318569124135,660344.9806106976,0.011005848246946679,0.013424612405764256,3.721099494748391,0.5461847389558233,0.996
2023-12-06,QQQ,gru,-0.005800624189987266,-0.0016019382746890187,-0.037084922194480896,0.03473983705043793,675.80409707886,158.70067947996168,675.80409707886,158.70067947996168,0.03307375472876105,683688.3887840556,0.011005848246946679,0.013424612405764256,3.721099494748391,0.5461847389558233,0.996
2023-12-07,QQQ,gru,0.013875512806697398,-0.00490344874560833,-0.042747337371110916,0.032492417842149734,685.2465836581969,157.92440222028264,685.2465836581969,157.92440222028264,0.03168973142545098,706267.9493373561,0.011005848246946679,0.013424612405764256,3.721099494748391,0.5461847389558233,0.996
2023-12-08,QQQ,gru,0.00444677640076634,-0.006911901757121086,-0.04134809970855713,0.024895697832107544,688.300507019972,156.8366044775712,688.300507019972,156.8366044775712,0.030406140996175973,724071.7176267763,0.011005848246946679,0.013424612405764256,3.721099494748391,0.5461847389558233,0.996
2023-12-11,QQQ,gru,0.008505873562084109,-0.0059240772388875484,-0.0397736057639122,0.026525750756263733,694.1800740836331,155.91023623165307,694.1800740836331,155.91023623165307,0.029220514310386605,743535.3020201699,0.011005848246946679,0.013424612405764256,3.721099494748391,0.5461847389558233,0.996
2023-12-12,QQQ,gru,0.00793271364050274,-0.0065854513086378574,-0.047985345125198364,0.0319087877869606,699.7087053585585,154.8868660286028,699.7087053585585,154.8868660286028,0.02785146802322672,767643.2274579254,0.011005848246946679,0.013424612405764256,3.721099494748391,0.5461847389558233,0.996
2023-12-13,QQQ,gru,0.012637041547523997,-0.012635655701160431,-0.048538949340581894,0.0291026271879673,708.6070593558187,152.94208552765514,708.6070593558187,152.94208552765514,0.026531871268727587,790311.9521163459,0.011005848246946679,0.013424612405764256,3.721099494748391,0.5461847389558233,0.996
2023-12-14,QQQ,gru,-0.0008672100052126146,-0.009353205561637878,-0.0503794401884079,0.026636550202965736,707.9928146022744,151.51825743862778,707.9928146022744,151.51825743862778,0.025228321881497418,811646.0018548649,0.011005848246946679,0.013424612405764256,3.721099494748391,0.5461847389558233,0.996
2023-12-15,QQQ,gru,0.004822339821343323,-0.010539855808019638,-0.04394403472542763,0.019366588443517685,711.4152419668734,149.9296617501827,711.4152419668734,149.9296617501827,0.024143693943036542,827518.0074887287,0.011005848246946679,0.013424612405764256,3.721099494748391,0.5461847389558233,0.996
2023-12-18,QQQ,gru,0.004283481281731042,-0.006061116233468056,-0.05077071860432625,0.025155093520879745,714.4691117670201,149.02367001484978,714.4691117670201,149.02367001484978,0.02294849790273342,848598.3590290903,0.011005848246946679,0.013424612405764256,3.721099494748391,0.5461847389558233,0.996
2023-12-19,QQQ,gru,0.005096593200880441,-0.008329612202942371,-0.0492405965924263,0.03047926537692547,718.1197652298797,147.78751873176702,718.1197652298797,147.78751873176702,0.02184586939792843,874861.2220665974,0.011005848246946679,0.013424612405764256,3.721099494748391,0.5461847389558233,0.996
2023-12-20,QQQ,gru,-0.014971266439743901,-0.0035999456886202097,-0.038003645837306976,0.03012116253376007,707.4486820201976,147.25645243749622,707.4486820201976,147.25645243749622,0.02103122440777245,901613.9950920269,0.011005848246946679,0.013424612405764256,3.721099494748391,0.5461847389558233,0.996
2023-12-21,QQQ,gru,0.011568242919174146,-0.0008335973252542317,-0.038447823375463486,0.039652179926633835,715.6801401832773,147.1337476213291,715.6801401832773,147.1337476213291,0.020237966219920515,938083.1855775855,0.011005848246946679,0.013424612405764256,3.721099494748391,0.5461847389558233,0.996
2023-12-22,QQQ,gru,0.0014948624328822123,-0.0032022001687437296,-0.037156492471694946,0.030281588435173035,716.7507835717146,146.66335015163492,716.7507835717146,146.66335015163492,0.019499793583738396,966924.3570877542,0.011005848246946679,0.013424612405764256,3.721099494748391,0.5461847389558233,0.996
2023-12-26,QQQ,gru,0.00610308749390333,-0.006083080545067787,-0.04597530514001846,0.030070915818214417,721.1385521634786,145.773896508797,721.1385521634786,145.773896508797,0.01862358105312898,996442.2290708603,0.011005848246946679,0.013424612405764256,3.721099494748391,0.5461847389558233,0.996
2023-12-27,QQQ,gru,0.0015078071717908995,-0.005305771715939045,-0.04473628103733063,0.03689727187156677,722.2267102043756,145.00250472770227,722.2267102043756,145.00250472770227,0.017808792943753374,1033894.9556664509,0.011005848246946679,0.013424612405764256,3.721099494748391,0.5461847389558233,0.996
2023-12-28,QQQ,gru,-0.0004861745598888769,-0.005231701303273439,-0.04584941267967224,0.03109843283891678,721.8756672923832,144.245877449739,721.8756672923832,144.245877449739,0.01701070561835299,1066552.6004506506,0.011005848246946679,0.013424612405764256,3.721099494748391,0.5461847389558233,0.996
2023-12-29,QQQ,gru,-0.0043371302352380675,-0.004162281285971403,-0.041262175887823105,0.03124290332198143,718.7515781975122,143.64673643516528,718.7515781975122,143.64673643516528,0.016323090384446615,1100400.8582780724,0.011005848246946679,0.013424612405764256,3.721099494748391,0.5461847389558233,0.996
2023-01-03,QQQ,transformer,-0.006782706536152626,-3.1493232199863996e-06,-0.012978236190974712,0.014437303878366947,464.1908341420968,467.34852972326735,464.1908341420968,467.34852972326735,461.323811917282,474.14620222980375,0.00949741919793991,0.011893167163046808,1.4230495250877575,0.6184738955823293,0.832
2023-01-04,QQQ,transformer,0.004752674802299001,0.002292387653142214,-0.012787453830242157,0.018086951225996017,466.40223309043864,468.4211026572073,466.40223309043864,468.4211026572073,455.4622124937524,482.80009978853985,0.00949741919793991,0.011893167163046808,1.4230495250877575,0.6184738955823293,0.832
2023-01-05,QQQ,transformer,-0.015778237686544756,-0.0004975951742380857,-0.016631362959742546,0.016853807494044304,459.1009797263477,468.1880817243674,459.1009797263477,468.1880817243674,447.94991108204795,491.00607062752175,0.00949741919793991,0.011893167163046808,1.4230495250877575,0.6184738955823293,0.832
2023-01-06,QQQ,transformer,0.02722745050811012,0.0037735633086413145,-0.010943233966827393,0.018681546673178673,471.7728575618276,469.958170994469,471.7728575618276,469.958170994469,443.0746169948801,500.2650317426692,0.00949741919793991,0.011893167163046808,1.4230495250877575,0.6184738955823293,0.832
2023-01-09,QQQ,transformer,0.006452430009805935,-0.0029206587933003902,-0.016118327155709267,0.012693585827946663,474.82678092360266,468.5875870222183,474.82678092360266,468.5875870222183,435.99024165914335,506.65565111617485,0.00949741919793991,0.011893167163046808,1.4230495250877575,0.6184738955823293,0.832
2023-01-10,QQQ,transformer,0.008428848135236673,-0.00015228090342134237,-0.015603015199303627,0.01583201251924038,478.8459383892862,468.5162258807249,478.8459383892862,468.5162258807249,429.24028902461384,514.7408374470497,0.00949741919793991,0.011893167163046808,1.4230495250877575,0.6184738955823293,0.832
2023-01-11,QQQ,transformer,0.017152211773818652,0.0003758121165446937,-0.01430334523320198,0.016342585906386375,487.130047633002,468.6923256174395,487.130047633002,468.6923256174395,423.1444236710544,523.2221550947758,0.00949741919793991,0.011893167163046808,1.4230495250877575,0.6184738955823293,0.832
2023-01-12,QQQ,transformer,0.00538988033468895,-0.001242926111444831,-0.015077373012900352,0.012554315850138664,489.7627087880605,468.1101343846469,489.7627087880605,468.1101343846469,416.812370971582,529.832252304048,0.00949741919793991,0.011893167163046808,1.4230495250877575,0.6184738955823293,0.832
2023-01-13,QQQ,transformer,0.006856972923609845,-0.0013370162341743708,-0.015225643292069435,0.013143917545676231,493.1325386336518,467.48469350265754,493.1325386336518,467.48469350265754,410.51420521198077,536.8422940399914,0.00949741919793991,0.011893167163046808,1.4230495250877575,0.6184738955823293,0.832
2023-01-17,QQQ,transformer,0.0020266573373775624,0.0004175031208433211,-0.013655878603458405,0.016335023567080498,494.1329627273648,467.67991050187123,494.1329627273648,467.67991050187123,404.94638589106444,545.6836147273459,0.00949741919793991,0.011893167163046808,1.4230495250877575,0.6184738955823293,0.832
2023-01-18,QQQ,transformer,-0.013085180354129759,0.00215317914262414,-0.014445304870605469,0.018085457384586334,487.7092630816267,468.68801436626626,487.7092630816267,468.68801436626626,399.1388579967315,555.6423344512666,0.00949741919793991,0.011893167163046808,1.4230495250877575,0.6184738955823293,0.832
2023-01-19,QQQ,transformer,-0.009873002073073855,0.0018061344744637609,-0.011420750990509987,0.01490219496190548,482.91780049723405,469.53531271873004,482.91780049723405,469.53531271873004,394.6063338313502,563.9846450959486,0.00949741919793991,0.011893167163046808,1.4230495250877575,0.6184738955823293,0.832
2023-01-20,QQQ,transformer,0.02699910858945936,0.0031947896350175142,-0.012492287904024124,0.01783464290201664,496.1337573531625,471.03779518057695,496.1337573531625,471.03779518057695,389.70746405324985,574.1333470232807,0.00949741919793991,0.011893167163046808,1.4230495250877575,0.6184738955823293,0.832
2023-01-23,QQQ,transformer,0.02197275074459945,-0.002785008167847991,-0.016983171924948692,0.013224845752120018,507.1558299132089,469.727767132829,507.1558299132089,469.727767132829,383.1448906457083,581.7766105455272,0.00949741919793991,0.011893167163046808,1.4230495250877575,0.6184738955823293,0.832
2023-01-24,QQQ,transformer,-0.0020438797810704125,-0.0033665259834378958,-0.017211971804499626,0.011468116194009781,506.12032295294796,468.14907434628134,506.12032295294796,468.14907434628134,376.60664163573637,588.4868771300825,0.00949741919793991,0.011893167163046808,1.4230495250877575,0.6184738955823293,0.832
2023-01-25,QQQ,transformer,-0.0022217822855153503,0.001180640421807766,-0.012350086122751236,0.01560511440038681,504.9970820455031,468.702128837178,504.9970820455031,468.702128837178,371.9841167015947,597.742316253418,0.00949741919793991,0.011893167163046808,1.4230495250877575,0.6184738955823293,0.832
2023-01-26,QQQ,transformer,0.019309754743691294,0.0011633284157142043,-0.012281682342290878,0.015466151759028435,514.8432090558401,469.24767913419583,514.8432090558401,469.24767913419583,367.44347234036377,607.0589528593367,0.00949741919793991,0.011893167163046808,1.4230495250877575,0.6184738955823293,0.832
2023-01-27,QQQ,transformer,0.009905146782498741,-0.0023124590516090393,-0.01697707548737526,0.009556563571095467,519.968146338137,468.16381122298765,519.968146338137,468.16381122298765,361.2580089576276,612.8881924318346,0.00949741919793991,0.011893167163046808,1.4230495250877575,0.6184738955823293,0.832
2023-01-30,QQQ,transformer,-0.02042599364607902,0.0003502579056657851,-0.01235569454729557,0.013682393357157707,509.4550163703629,468.3278352709804,509.4550163703629,468.3278352709804,356.82187284616305,621.3315985319151,0.00949741919793991,0.011893167163046808,1.4230495250877575,0.6184738955823293,0.832
2023-01-31,QQQ,transformer,0.014874887342687921,0.004186875186860561,-0.010769646614789963,0.01996166817843914,517.0897444323582,470.2927937587531,517.0897444323582,470.2927937587531,352.99965091860673,633.8590258779657,0.00949741919793991,0.011893167163046808,1.4230495250877575,0.6184738955823293,0.832
2023-02-01,QQQ,transformer,0.021158119500756085,-0.001523914048448205,-0.018451828509569168,0.014354344457387924,528.1469534205809,469.57664155001066,528.1469534205809,469.57664155001066,346.5458811796008,643.0232467495937,0.00949741919793991,0.011893167163046808,1.4230495250877575,0.6184738955823293,0.832
2023-02-02,QQQ,transformer,0.03526085957709186,-0.004938027821481228,-0.01847282610833645,0.011202000081539154,547.1020923123506,467.26357883382605,547.1020923123506,467.26357883382605,340.2029565787094,650.2668523332729,0.00949741919793991,0.011893167163046808,1.4230495250877575,0.6184738955823293,0.832
2023-02-03,QQQ,transformer,-0.01793221250873378,-0.005681830458343029,-0.022075211629271507,0.010233433917164803,537.3787821157454,464.61619445932376,537.3787821157454,464.61619445932376,332.7751828882681,656.9554799760924,0.00949741919793991,0.011893167163046808,1.4230495250877575,0.6184738955823293,0.832
2023-02-06,QQQ,transformer,-0.008495045542743843,0.002784831216558814,-0.01260908879339695,0.018462905660271645,532.8330602820731,465.9118524084122,532.8330602820731,465.9118524084122,328.60553992597784,669.1974764746084,0.00949741919793991,0.011893167163046808,1.4230495250877575,0.6184738955823293,0.832
2023-02-07,QQQ,transformer,0.020507046680902256,0.0013243791181594133,-0.011718968860805035,0.013794033788144588,543.8727010562076,466.52930193796755,543.8727010562076,466.52930193796755,324.7771006154217,678.4923290620654,0.00949741919793991,0.011893167163046808,1.4230495250877575,0.6184738955823293,0.832
2023-02-08,QQQ,transformer,-0.017941090965962293,-0.003859292482957244,-0.01967678591609001,0.010583192110061646,534.2020419402384,464.7323099293329,534.2020419402384,464.7323099293329,318.44899407464175,685.7111000868636,0.00949741919793991,0.011893167163046808,1.4230495250877575,0.6184738955823293,0.832
2023-02-09,QQQ,transformer,-0.008877221882850726,0.005070585757493973,-0.010855033062398434,0.017681919038295746,529.4807986505699,467.0947495489118,529.4807986505699,467.0947495489118,315.0109204875384,697.9436329795197,0.00949741919793991,0.011893167163046808,1.4230495250877575,0.6184738955823293,0.832
2023-02-10,QQQ,transformer,-0.006584813618544564,0.0011640769662335515,-0.017553800716996193,0.01812628097832203,526.0057202053348,467.6388186957646,526.0057202053348,467.6388186957646,309.5295344183831,710.7101335703222,0.00949741919793991,0.011893167163046808,1.4230495250877575,0.6184738955823293,0.832
2023-02-13,QQQ,transformer,0.015889072096500017,0.0028068453539162874,-0.014232480898499489,0.017932171002030373,534.4302144768706,468.9532746467433,534.4302144768706,468.9532746467433,305.1553666592475,723.5696826401684,0.00949741919793991,0.011893167163046808,1.4230495250877575,0.6184738955823293,0.832
2023-02-14,QQQ,transformer,0.00736199644106904,-0.0016085893148556352,-0.01788584142923355,0.01483289897441864,538.3792062094583,468.19952658722474,538.3792062094583,468.19952658722474,299.745926729999,734.3823320770425,0.00949741919793991,0.011893167163046808,1.4230495250877575,0.6184738955823293,0.832
2023-02-15,QQQ,transformer,0.007631785293137086,-0.0018778836820274591,-0.016464371234178543,0.01260622963309288,542.5037193980422,467.32113005833344,542.5037193980422,467.32113005833344,294.8511996896733,743.6987167519462,0.00949741919793991,0.011893167163046808,1.4230495250877575,0.6184738955823293,0.832
2023-02-16,QQQ,transformer,-0.018942494437006258,-0.0014066457515582442,-0.016988791525363922,0.014502830803394318,532.3240641281724,466.664237150108,532.3240641281724,466.664237150108,289.88434693515813,754.56304123157,0.00949741919793991,0.011893167163046808,1.4230495250877575,0.6184738955823293,0.832
2023-02-17,QQQ,transformer,-0.007080677305217698,0.004224421922117472,-0.011845249682664871,0.019821874797344208,528.568162065669,468.6397950006685,528.568162065669,468.6397950006685,286.47085021366297,769.6691295665245,0.00949741919793991,0.011893167163046808,1.4230495250877575,0.6184738955823293,0.832
2023-02-21,QQQ,transformer,-0.02395989834436366,0.001414366764947772,-0.013835258781909943,0.01598810963332653,516.0542374720972,469.3030945953144,516.0542374720972,469.3030945953144,282.5347398410956,782.0735937685561,0.00949741919793991,0.011893167163046808,1.4230495250877575,0.6184738955823293,0.832
2023-02-22,QQQ,transformer,0.0007479473428156785,0.004938233643770218,-0.010956918820738792,0.023176705464720726,516.4403632506375,471.6263345904673,516.4403632506375,471.6263345904673,279.4559305355488,800.4111817488182,0.00949741919793991,0.011893167163046808,1.4230495250877575,0.6184738955823293,0.832
2023-02-23,QQQ,transformer,0.00869617300290989,0.001433375058695674,-0.013682377524673939,0.016793135553598404,520.9510022177617,472.3028568077562,520.9510022177617,472.3028568077562,275.6583470659869,813.9661378142845,0.00949741919793991,0.011893167163046808,1.4230495250877575,0.6184738955823293,0.832
2023-02-24,QQQ,transformer,-0.016885926580302392,-0.002208486432209611,-0.01970294676721096,0.01233629323542118,512.2281161148695,471.2609437136343,512.2281161148695,471.2609437136343,270.2802278086933,824.0696286556628,0.00949741919793991,0.011893167163046808,1.4230495250877575,0.6184738955823293,0.832
2023-02-27,QQQ,transformer,0.007135680621342724,0.001436886959709227,-0.013348974287509918,0.017941761761903763,515.8962842301889,471.938570979454,515.8962842301889,471.938570979454,266.6962456819448,838.988353449549,0.00949741919793991,0.011893167163046808,1.4230495250877575,0.6184738955823293,0.832
2023-02-28,QQQ,transformer,-0.0012936338240237123,0.001118878717534244,-0.01325242593884468,0.01664554700255394,515.2293348343803,472.4669035848241,515.2293348343803,472.4669035848241,263.1851903807397,853.0706944222591,0.00949741919793991,0.011893167163046808,1.4230495250877575,0.6184738955823293,0.832
2023-03-01,QQQ,transformer,-0.008071681118032432,0.0008307371172122657,-0.015553135424852371,0.020776379853487015,511.08730699333654,472.85958366378276,511.08730699333654,472.85958366378276,259.1234968617803,870.9798128186981,0.00949741919793991,0.011893167163046808,1.4230495250877575,0.6184738955823293,0.832
2023-03-02,QQQ,transformer,0.008241947972757306,0.00040121906204149127,-0.0162567850202322,0.015235984697937965,515.3170687815642,473.0493225761997,515.3170687815642,473.0493225761997,254.94503175067433,884.3516233924526,0.00949741919793991,0.011893167163046808,1.4230495250877575,0.6184738955823293,0.832
2023-03-03,QQQ,transformer,0.020462908040608543,-0.0015675212489441037,-0.01635519228875637,0.01389935053884983,525.9705837771583,472.30838974809177,525.9705837771583,472.30838974809177,250.8092678267695,896.7293294555452,0.00949741919793991,0.011893167163046808,1.4230495250877575,0.6184738955823293,0.832
2023-03-06,QQQ,transformer,0.0011338882264449541,-0.004491395782679319,-0.021132435649633408,0.012356474995613098,526.5673138782428,470.19182678706056,526.5673138782428,470.19182678706056,245.56467541246246,907.8785187935408,0.00949741919793991,0.011893167163046808,1.4230495250877575,0.6184738955823293,0.832
2023-03-07,QQQ,transformer,-0.012341671059299047,0.0005285154329612851,-0.01713358238339424,0.01780504360795021,520.1085313659568,470.4404140081824,520.1085313659568,470.4404140081824,241.3931155829932,924.1880863817069,0.00949741919793991,0.011893167163046808,1.4230495250877575,0.6184738955823293,0.832
2023-03-08,QQQ,transformer,0.004981870332036611,0.0020614988170564175,-0.015229370445013046,0.017778433859348297,522.7061096544672,471.41122990599234,522.7061096544672,471.41122990599234,237.7446977697222,940.7656379084746,0.00949741919793991,0.011893167163046808,1.4230495250877575,0.6184738955823293,0.832
2023-03-09,QQQ,transformer,-0.017477763577361048,-0.0030570863746106625,-0.018925150856375694,0.014555251225829124,513.6497488536708,469.9722879209386,513.6497488536708,469.9722879209386,233.28764787475038,954.558832985894,0.00949741919793991,0.011893167163046808,1.4230495250877575,0.6184738955823293,0.832
2023-03-10,QQQ,transformer,-0.014143199325227958,0.003617876674979925,-0.013849700801074505,0.020307231694459915,506.4362294367638,471.67567392275777,506.4362294367638,471.67567392275777,230.07895156612076,974.1414602975261,0.00949741919793991,0.011893167163046808,1.4230495250877575,0.6184738955823293,0.832
2023-03-13,QQQ,transformer,0.007389076794763508,-0.0003807143366429955,-0.016580913215875626,0.015195552259683609,510.1921850608955,471.49613752925416,510.1921850608955,471.49613752925416,226.2954858355923,989.0571234903938,0.00949741919793991,0.011893167163046808,1.4230495250877575,0.6184738955823293,0.832
2023-03-14,QQQ,transformer,0.02271972262746925,-0.005000354256480932,-0.020326942205429077,0.009242887608706951,521.9162898832984,469.14436407191414,521.9162898832984,469.14436407191414,221.74202391576125,998.2411997491915,0.00949741919793991,0.011893167163046808,1.4230495250877575,0.6184738955823293,0.832
2023-03-15,QQQ,transformer,0.005232269493494949,-0.005775172729045153,-0.021827733144164085,0.012080049142241478,524.654253199629,466.442785019602,524.654253199629,466.442785019602,216.95433730045696,1010.3730924390431,0.00949741919793991,0.011893167163046808,1.4230495250877575,0.6184738955823293,0.832
2023-03-16,QQQ,transformer,0.02601924776067548,-0.0035291158128529787,-0.02175242267549038,0.013702673837542534,538.48450837073,464.79956636128594,538.48450837073,464.79956636128594,212.2860190536862,1024.3132552136906,0.00949741919793991,0.011893167163046808,1.4230495250877575,0.6184738955823293,0.832
2023-03-17,QQQ,transformer,-0.0047372950627122025,-0.007862754166126251,-0.02516597881913185,0.00996339414268732,535.9395811628556,461.1592881756358,535.9395811628556,461.1592881756358,207.01029161557148,1034.569931946968,0.00949741919793991,0.011893167163046808,1.4230495250877575,0.6184738955823293,0.832
2023-03-20,QQQ,transformer,0.001995701454222742,-0.0025827616918832064,-0.018724439665675163,0.014672288671135902,537.0102245512927,459.9697505696892,537.0102245512927,459.9697505696892,203.17020575347792,1049.8612916281343,0.00949741919793991,0.011893167163046808,1.4230495250877575,0.6184738955823293,0.832
2023-03-21,QQQ,transformer,0.01418139693487051,-0.0012792658526450396,-0.017975065857172012,0.013393129222095013,544.6800354798359,459.3816976305145,544.6800354798359,459.3816976305145,199.55083877477404,1064.0167464294077,0.00949741919793991,0.011893167163046808,1.4230495250877575,0.6184738955823293,0.832
2023-03-22,QQQ,transformer,-0.013691292863952367,-0.0020785292144864798,-0.01776675134897232,0.013025356456637383,537.2734799544728,458.4278432592853,537.2734799544728,458.4278432592853,196.0367814954868,1077.9665576204372,0.00949741919793991,0.011893167163046808,1.4230495250877575,0.6184738955823293,0.832
2023-03-23,QQQ,transformer,0.011788354518180059,0.00026613217778503895,-0.015594772063195705,0.015710417181253433,543.6445285195748,458.5498741580945,543.6445285195748,458.5498741580945,193.00335087543047,1095.0355659567626,0.00949741919793991,0.011893167163046808,1.4230495250877575,0.6184738955823293,0.832
2023-03-24,QQQ,transformer,0.003673678472733426,-0.0020727806258946657,-0.022235993295907974,0.014909595251083374,545.6453767070009,457.60039814977597,545.6453767070009,457.60039814977597,188.75909191879953,1111.4844501572259,0.00949741919793991,0.011893167163046808,1.4230495250877575,0.6184738955823293,0.832
2023-03-27,QQQ,transformer,-0.006874891271802477,-0.0004987083957530558,-0.014173378236591816,0.015626806765794754,541.9069892969572,457.37224186147864,541.9069892969572,457.37224186147864,186.10260377021615,1128.9898564298067,0.00949741919793991,0.011893167163046808,1.4230495250877575,0.6184738955823293,0.832
2023-03-28,QQQ,transformer,-0.0053257729163529175,0.0003177190665155649,-0.01553963590413332,0.016232889145612717,539.0285873911785,457.51760023283214,539.0285873911785,457.51760023283214,183.23298670815151,1147.4662370712972,0.00949741919793991,0.011893167163046808,1.4230495250877575,0.6184738955823293,0.832
2023-03-29,QQQ,transformer,0.018069690594371288,-0.0004689325869549066,-0.016871267929673195,0.01512184925377369,548.8571997490557,457.3030930438306,548.8571997490557,457.3030930438306,180.16754060098705,1164.9498764416514,0.00949741919793991,0.011893167163046808,1.4230495250877575,0.6184738955823293,0.832
2023-03-30,QQQ,transformer,0.009420793684701074,-0.004285017494112253,-0.01993274688720703,0.00948080513626337,554.0523027644484,455.3477297710632,554.0523027644484,455.3477297710632,176.61186285739183,1176.0470667831928,0.00949741919793991,0.011893167163046808,1.4230495250877575,0.6184738955823293,0.832
2023-03-31,QQQ,transformer,0.01649398891902967,-0.002450772328302264,-0.01563432440161705,0.010818802751600742,563.2666168071531,454.2331369078308,563.2666168071531,454.2331369078308,173.87212462912274,1188.8395070429792,0.00949741919793991,0.011893167163046808,1.4230495250877575,0.6184738955823293,0.832
2023-04-03,QQQ,transformer,-0.0024333910916708563,-0.002476523630321026,-0.02206735499203205,0.012976119294762611,561.8976351489879,453.10960325866034,561.8976351489879,453.10960325866034,170.07724880682036,1204.366570082656,0.00949741919793991,0.011893167163046808,1.4230495250877575,0.6184738955823293,0.832
2023-04-04,QQQ,transformer,-0.003379079496343258,0.0009824130684137344,-0.012310747057199478,0.013748813420534134,560.0021426844622,453.554955893909,560.0021426844622,453.554955893909,167.99630539096572,1221.0395496501478,0.00949741919793991,0.011893167163046808,1.4230495250877575,0.6184738955823293,0.832
2023-04-05,QQQ,transformer,-0.009921477921934187,0.0017581965075805783,-0.013262368738651276,0.01816808432340622,554.473564971165,454.3531071794269,554.473564971165,454.3531071794269,165.78298231312593,1243.4262722931767,0.00949741919793991,0.011893167163046808,1.4230495250877575,0.6184738955823293,0.832
2023-04-06,QQQ,transformer,0.006719505261972641,0.003091357881203294,-0.01204962283372879,0.01753399334847927,558.2118988195803,455.75983150122903,558.2118988195803,455.75983150122903,163.79734732077122,1265.4207820570944,0.00949741919793991,0.011893167163046808,1.4230495250877575,0.6184738955823293,0.832
2023-04-10,QQQ,transformer,-0.0005660859398195309,0.001397265587002039,-0.014519833959639072,0.018012017011642456,557.895992335764,456.3970775215077,557.895992335764,456.3970775215077,161.43622387390437,1288.4201139529625,0.00949741919793991,0.011893167163046808,1.4230495250877575,0.6184738955823293,0.832
2023-04-11,QQQ,transformer,-0.006438427176773424,0.001152043230831623,-0.014763740822672844,0.017760852351784706,554.3155581676286,456.9231910006014,554.3155581676286,456.9231910006014,159.070328868142,1311.5080102439097,0.00949741919793991,0.011893167163046808,1.4230495250877575,0.6184738955823293,0.832
2023-04-12,QQQ,transformer,-0.008873046428625459,0.000860043044667691,-0.01569845899939537,0.016945216804742813,549.4188469835923,457.3163517720479,549.4188469835923,457.3163517720479,156.5926675958652,1333.9211645279752,0.00949741919793991,0.011893167163046808,1.4230495250877575,0.6184738955823293,0.832
2023-04-13,QQQ,transformer,0.019392913068436397,0.0009768824093043804,-0.015184257179498672,0.01608382910490036,560.1776641404584,457.763331386327,560.1776641404584,457.763331386327,154.2328874520723,1355.549220747765,0.00949741919793991,0.011893167163046808,1.4230495250877575,0.6184738955823293,0.832
2023-04-14,QQQ,transformer,-0.0018816641923865844,-0.001994183287024498,-0.02029537782073021,0.013837072066962719,559.1245889661094,456.8513635372955,559.1245889661094,456.8513635372955,151.13422251817056,1374.436496022783,0.00949741919793991,0.011893167163046808,1.4230495250877575,0.6184738955823293,0.832
2023-04-17,QQQ,transformer,0.0008471439992070038,0.0003515317221172154,-0.012753056362271309,0.01349121704697609,559.5984486918338,457.01196880947793,559.5984486918338,457.01196880947793,149.21903957150002,1393.1048996387751,0.00949741919793991,0.011893167163046808,1.4230495250877575,0.6184738955823293,0.832
2023-04-18,QQQ,transformer,6.269096519484404e-05,0.0007489480776712298,-0.015927111729979515,0.016481926664710045,559.6335315583817,457.35437606273945,559.6335315583817,457.35437606273945,146.86123655374985,1416.256199787625,0.00949741919793991,0.011893167163046808,1.4230495250877575,0.6184738955823293,0.832
2023-04-19,QQQ,transformer,-0.00047051744814852615,0.0012438271660357714,-0.013319678604602814,0.01808324083685875,559.3702761552015,457.92357415688036,559.3702761552015,457.92357415688036,144.91806603032188,1442.0996514389708,0.00949741919793991,0.011893167163046808,1.4230495250877575,0.6184738955823293,0.832
2023-04-20,QQQ,transformer,-0.007653678247879499,0.0025957596953958273,-0.014265499077737331,0.01601838693022728,555.1053779387976,459.113772541087,555.1053779387976,459.113772541087,142.86541620217508,1465.385775452158,0.00949741919793991,0.011893167163046808,1.4230495250877575,0.6184738955823293,0.832
2023-04-21,QQQ,transformer,0.001042792935399472,0.0015109962550923228,-0.012425716035068035,0.016071509569883347,555.684539825794,459.8080305401118,555.684539825794,459.8080305401118,141.10119536462074,1489.1270427261059,0.00949741919793991,0.011893167163046808,1.4230495250877575,0.6184738955823293,0.832
2023-04-24,QQQ,transformer,-0.002086674423138586,-0.000977694639004767,-0.0167863629758358,0.014863867312669754,554.5262160518012,459.3586977866499,554.5262160518012,459.3586977866499,138.75238733597996,1511.4264708139565,0.00949741919793991,0.011893167163046808,1.4230495250877575,0.6184738955823293,0.832
2023-04-25,QQQ,transformer,-0.019044004464082186,0.004144832957535982,-0.011584987863898277,0.023403508588671684,544.0657371646631,461.2666395748801,544.0657371646631,461.2666395748801,137.1542205821169,1547.2162861575205,0.00949741919793991,0.011893167163046808,1.4230495250877575,0.6184738955823293,0.832
2023-04-26,QQQ,transformer,0.006046411265235898,0.002535627456381917,-0.01508244313299656,0.019933020696043968,547.3653477155303,462.43770342993525,547.3653477155303,462.43770342993525,135.1011193751196,1578.36642026041,0.00949741919793991,0.011893167163046808,1.4230495250877575,0.6184738955823293,0.832
2023-04-27,QQQ,transformer,0.026827748481101664,0.0006905121845193207,-0.016028057783842087,0.017338048666715622,562.2486780609804,462.75710851522155,562.2486780609804,462.75710851522155,132.95296917499908,1605.970778160601,0.00949741919793991,0.011893167163046808,1.4230495250877575,0.6184738955823293,0.832
2023-04-28,QQQ,transformer,0.006874990736427471,-0.003481063758954406,-0.02291039377450943,0.014925775118172169,566.127450498844,461.14902275274784,566.127450498844,461.14902275274784,129.94159189134206,1630.1210054428684,0.00949741919793991,0.011893167163046808,1.4230495250877575,0.6184738955823293,0.832
2023-05-01,QQQ,transformer,-0.0011477166585569132,-0.0006602696957997978,-0.013030238449573517,0.013275442644953728,565.4780693171235,460.84463588200816,565.4780693171235,460.84463588200816,128.2594055162214,1651.9058731247499,0.00949741919793991,0.011893167163046808,1.4230495250877575,0.6184738955823293,0.832
2023-05-02,QQQ,transformer,-0.00875980951441715,0.0019702052231878042,-0.014759289100766182,0.01873302273452282,560.5462217049109,461.7535129753271,560.5462217049109,461.7535129753271,126.38029219162136,1683.1427087385266,0.00949741919793991,0.011893167163046808,1.4230495250877575,0.6184738955823293,0.832
2023-05-03,QQQ,transformer,-0.006565422593203637,0.00042301404755562544,-0.015194486826658249,0.015591446310281754,556.8780535895914,461.9488687742331,556.8780535895914,461.9488687742331,124.4745257257949,1709.5908937237314,0.00949741919793991,0.011893167163046808,1.4230495250877575,0.6184738955823293,0.832
2023-05-04,QQQ,transformer,-0.003536123023990976,0.0005798856727778912,-0.017262272536754608,0.0182315856218338,554.9123418303417,462.21683256458493,554.9123418303417,462.21683256458493,122.34424847225081,1741.0452492660718,0.00949741919793991,0.011893167163046808,1.4230495250877575,0.6184738955823293,0.832
2023-05-05,QQQ,transformer,0.02103166722702851,0.0007456469465978444,-0.015156274661421776,0.016704315319657326,566.7066659474688,462.56159664479424,566.7066659474688,462.56159664479424,120.50394543405886,1770.3725127234945,0.00949741919793991,0.011893167163046808,1.4230495250877575,0.6184738955823293,0.832
2023-05-08,QQQ,transformer,0.002474521884484839,-0.004117830190807581,-0.02201983705163002,0.01280217245221138,568.1107304721819,460.6607540545171,568.1107304721819,460.6607540545171,117.87946836718838,1793.1828731900575,0.00949741919793991,0.011893167163046808,1.4230495250877575,0.6184738955823293,0.832
2023-05-09,QQQ,transformer,-0.006353321972543265,0.0016422719927504659,-0.011670016683638096,0.01696661114692688,564.5127816515867,461.4179226427863,564.5127816515867,461.4179226427863,116.51181152372818,1823.8667796022505,0.00949741919793991,0.011893167163046808,1.4230495250877575,0.6184738955823293,0.832
2023-05-10,QQQ,transformer,0.010822950635878126,0.0015354312490671873,-0.017346065491437912,0.020247142761945724,570.6556576800565,462.1269409951596,570.6556576800565,462.1269409951596,114.50821889960632,1861.1711531737699,0.00949741919793991,0.011893167163046808,1.4230495250877575,0.6184738955823293,0.832
2023-05-11,QQQ,transformer,0.0032548237500508283,-0.0024367859587073326,-0.020626630634069443,0.01658022031188011,572.5160672780343,461.00219959696483,572.5160672780343,461.00219959696483,112.17049173557858,1892.2869339094655,0.00949741919793991,0.011893167163046808,1.4230495250877575,0.6184738955823293,0.832
2023-05-12,QQQ,transformer,-0.003593245602546293,-0.0006302749970927835,-0.01555420272052288,0.013379411771893501,570.4625680099722,460.7117310083778,570.4625680099722,460.7117310083778,110.43926942679174,1917.77478700446,0.00949741919793991,0.011893167163046808,1.4230495250877575,0.6184738955823293,0.832
2023-05-15,QQQ,transformer,0.005400306904225894,0.0004758551949635148,-0.01493830792605877,0.015278717502951622,573.5515742382952,460.9310310331157,573.5515742382952,460.9310310331157,108.80175202808398,1947.3008456206705,0.00949741919793991,0.011893167163046808,1.4230495250877575,0.6184738955823293,0.832
2023-05-16,QQQ,transformer,0.0011315701498922643,0.001022713491693139,-0.015638206154108047,0.0179981030523777,574.2009554200158,461.4026983193196,574.2009554200158,461.4026983193196,107.11352103095604,1982.6658900507985,0.00949741919793991,0.011893167163046808,1.4230495250877575,0.6184738955823293,0.832
2023-05-17,QQQ,transformer,0.012031473633716115,-6.81989113218151e-05,-0.017882317304611206,0.016701824963092804,581.1511658721143,461.3712363242617,581.1511658721143,461.3712363242617,105.21510723184694,2016.058200464893,0.00949741919793991,0.011893167163046808,1.4230495250877575,0.6184738955823293,0.832
2023-05-18,QQQ,transformer,0.018402931248640956,-0.0025320416316390038,-0.021094050258398056,0.013904941268265247,591.9450658955285,460.2044993970189,591.9450658955285,460.2044993970189,103.01893868714667,2044.287218212558,0.00949741919793991,0.011893167163046808,1.4230495250877575,0.6184738955823293,0.832
2023-05-19,QQQ,transformer,-0.0022558685972117513,-0.003600387368351221,-0.018785063177347183,0.011373934336006641,590.6112206655395,458.5505604779728,590.6112206655395,458.5505604779728,101.10178687733733,2067.671506083776,0.00949741919793991,0.011893167163046808,1.4230495250877575,0.6184738955823293,0.832
2023-05-22,QQQ,transformer,0.0033523871547466795,-2.4627688617329113e-05,-0.01571357622742653,0.01525677926838398,592.5945006388774,458.53927246800276,592.5945006388774,458.53927246800276,99.52553045949631,2099.459281613469,0.00949741919793991,0.011893167163046808,1.4230495250877575,0.6184738955823293,0.832
2023-05-23,QQQ,transformer,-0.012757339327899542,0.0002525552117731422,-0.0174533911049366,0.015277694910764694,585.0825893906141,458.65510154457417,585.0825893906141,458.65510154457417,97.80354205234627,2131.7805523183833,0.00949741919793991,0.011893167163046808,1.4230495250877575,0.6184738955823293,0.832
2023-05-24,QQQ,transformer,-0.005142765604319598,0.0011977250687777996,-0.015843387693166733,0.01825258880853653,582.0813706711033,459.20475885790046,582.0813706711033,459.20475885790046,96.2662151510743,2171.048417850333,0.00949741919793991,0.011893167163046808,1.4230495250877575,0.6184738955823293,0.832
2023-05-25,QQQ,transformer,0.02404157493699059,-0.0008869303856045008,-0.014805124141275883,0.012649408541619778,596.2451005401086,458.79764652273997,596.2451005401086,458.79764652273997,94.85148092213944,2198.685351808881,0.00949741919793991,0.011893167163046808,1.4230495250877575,0.6184738955823293,0.832
2023-05-26,QQQ,transformer,0.025229474954575032,-0.0058440156280994415,-0.021738531067967415,0.010317659005522728,611.4794202359229,456.12425554273096,611.4794202359229,456.12425554273096,92.81180175956767,2221.488113235094,0.00949741919793991,0.011893167163046808,1.4230495250877575,0.6184738955823293,0.832
2023-05-30,QQQ,transformer,0.004524813925257396,-0.005223947111517191,-0.020114624872803688,0.009769532829523087,614.2525199804297,453.747693078597,614.2525199804297,453.747693078597,90.96357785158052,2243.2972658474655,0.00949741919793991,0.011893167163046808,1.4230495250877575,0.6184738955823293,0.832
2023-05-31,QQQ,transformer,-0.005702325718436863,-0.003844222519546747,-0.019720347598195076,0.01114274188876152,610.7598197594782,452.0067220796628,610.7598197594782,452.0067220796628,89.18731415758552,2268.4335848295104,0.00949741919793991,0.011893167163046808,1.4230495250877575,0.6184738955823293,0.832
2023-06-01,QQQ,transformer,0.01148589636147326,-0.00043672695755958557,-0.016248907893896103,0.01684838905930519,617.815385934477,451.8093741263889,617.815385934477,451.8093741263889,87.74982581422518,2306.9768539526976,0.00949741919793991,0.011893167163046808,1.4230495250877575,0.6184738955823293,0.832
2023-06-02,QQQ,transformer,0.007471758410186422,-0.001267002196982503,-0.01991225779056549,0.017760545015335083,622.4488417153333,451.237301469366,622.4488417153333,451.237301469366,86.0198108710475,2348.3159938619183,0.00949741919793991,0.011893167163046808,1.4230495250877575,0.6184738955823293,0.832
2023-06-05,QQQ,transformer,0.0007046720164780302,-0.0020936590153723955,-0.015710223466157913,0.014462422579526901,622.8876185745096,450.2935533724673,622.8876185745096,450.2935533724673,84.67898144975787,2382.525073934073,0.00949741919793991,0.011893167163046808,1.4230495250877575,0.6184738955823293,0.832
2023-06-06,QQQ,transformer,-0.00016906912267084675,-0.0011867247521877289,-0.01923239603638649,0.017050109803676605,622.7823164132375,449.7594992645029,622.7823164132375,449.7594992645029,83.06596276247042,2423.4956842534743,0.00949741919793991,0.011893167163046808,1.4230495250877575,0.6184738955823293,0.832
2023-06-07,QQQ,transformer,-0.017110922494281724,-0.001874612527899444,-0.017509961500763893,0.013948766514658928,612.2165889264556,448.9171727887402,612.2165889264556,448.9171727887402,81.6241429705561,2457.537437065296,0.00949741919793991,0.011893167163046808,1.4230495250877575,0.6184738955823293,0.832
2023-06-08,QQQ,transformer,0.012336827734210935,0.001079185283742845,-0.013010656461119652,0.01446794904768467,619.8161805602747,449.40191253949746,619.8161805602747,449.40191253949746,80.56903667271254,2493.3513690795658,0.00949741919793991,0.011893167163046808,1.4230495250877575,0.6184738955823293,0.832
2023-06-09,QQQ,transformer,0.003815467400319617,-0.001183288055472076,-0.01704052835702896,0.014229077845811844,622.1855863121531,448.8704427565075,622.1855863121531,448.8704427565075,79.20772706123407,2529.0829511053203,0.00949741919793991,0.011893167163046808,1.4230495250877575,0.6184738955823293,0.832
2023-06-12,QQQ,transformer,0.016755844027176958,-0.0004917921032756567,-0.015941636636853218,0.013918505981564522,632.6986627182988,448.64974271412274,632.6986627182988,448.64974271412274,77.95503642009793,2564.5300562520033,0.00949741919793991,0.011893167163046808,1.4230495250877575,0.6184738955823293,0.832
2023-06-13,QQQ,transformer,0.007654668205230697,-0.0035366255324333906,-0.01749519631266594,0.009929514490067959,637.5603445974156,447.0658372401181,637.5603445974156,447.0658372401181,76.60305877153674,2590.121526375396,0.00949741919793991,0.011893167163046808,1.4230495250877575,0.6184738955823293,0.832
2023-06-14,QQQ,transformer,0.007241197139741267,-0.0020834526512771845,-0.02025998756289482,0.017426051199436188,642.1938003782718,446.1353702958557,642.1938003782718,446.1353702958557,75.0666979811768,2635.6525501639485,0.00949741919793991,0.011893167163046808,1.4230495250877575,0.6184738955823293,0.832
2023-06-15,QQQ,transformer,0.011845432591746165,-0.0026122978888452053,-0.0171225406229496,0.012841910123825073,649.8460966543552,444.97144982431564,649.8460966543552,444.97144982431564,73.79230763422694,2669.717492701349,0.00949741919793991,0.011893167163046808,1.4230495250877575,0.6184738955823293,0.832
2023-06-16,QQQ,transformer,-0.006312805158628491,-0.004679662175476551,-0.022881578654050827,0.012762017548084259,645.7566663323191,442.8940060027758,645.7566663323191,442.8940060027758,72.1229920392721,2704.0069364444144,0.00949741919793991,0.011893167163046808,1.4230495250877575,0.6184738955823293,0.832
2023-06-20,QQQ,transformer,-0.002803368051578282,-0.00014889909652993083,-0.014539973810315132,0.013863964006304741,643.9489078149775,442.8280624501033,643.9489078149775,442.8280624501033,71.08191433024632,2741.756173066279,0.00949741919793991,0.011893167163046808,1.4230495250877575,0.6184738955823293,0.832
2023-06-21,QQQ,transformer,-0.013721401021373291,-0.0016220292309299111,-0.016572406515479088,0.016743069514632225,635.1733706314493,442.1103666270251,635.1733706314493,442.1103666270251,69.91362182493812,2788.047900139459,0.00949741919793991,0.011893167163046808,1.4230495250877575,0.6184738955823293,0.832
2023-06-22,QQQ,transformer,0.011729829404101097,0.0020395570900291204,-0.01276150718331337,0.015458635985851288,642.6677136656247,443.013022258236,642.6677136656247,443.013022258236,69.02708834201216,2831.4821924298876,0.00949741919793991,0.011893167163046808,1.4230495250877575,0.6184738955823293,0.832
2023-06-23,QQQ,transformer,-0.009962906504228033,-0.0021099024452269077,-0.019075842574238777,0.014635967090725899,636.2966651005227,442.0792926406359,636.2966651005227,442.0792926406359,67.72281943548155,2873.228338464527,0.00949741919793991,0.011893167163046808,1.4230495250877575,0.6184738955823293,0.832
2023-06-26,QQQ,transformer,-0.013496125155660286,0.001019422896206379,-0.017772002145648003,0.01966130919754505,627.7668151060865,442.53019348471315,627.7668151060865,442.53019348471315,66.52988059803752,2930.278749181021,0.00949741919793991,0.011893167163046808,1.4230495250877575,0.6184738955823293,0.832
2023-06-27,QQQ,transformer,0.017047977220515865,0.002229157602414489,-0.012109600938856602,0.013871525414288044,638.5607151295005,443.5177429353531,638.5607151295005,443.5177429353531,65.7290895676325,2971.209554644399,0.00949741919793991,0.011893167163046808,1.4230495250877575,0.6184738955823293,0.832
2023-06-28,QQQ,transformer,0.0019496195678474434,-0.002951547270640731,-0.021581972017884254,0.012349719181656837,639.806879973934,442.21060244689653,639.806879973934,442.21060244689653,64.32572477470957,3008.1305685678744,0.00949741919793991,0.011893167163046808,1.4230495250877575,0.6184738955823293,0.832
2023-06-29,QQQ,transformer,-0.002004561610925866,-0.002967142965644598,-0.022004814818501472,0.015721118077635765,638.5256322629526,440.9004349902799,638.5256322629526,440.9004349902799,62.925710289331846,3055.7952961572482,0.00949741919793991,0.011893167163046808,1.4230495250877575,0.6184738955823293,0.832
2023-06-30,QQQ,transformer,0.015302497873177967,-0.0010251664789393544,-0.020605862140655518,0.0172220878303051,648.371812834918,440.4486604301909,648.371812834918,440.4486604301909,61.6423378787292,3108.878423459338,0.00949741919793991,0.011893167163046808,1.4230495250877575,0.6184738955823293,0.832
2023-07-03,QQQ,transformer,0.0023522610009180946,-0.004964006133377552,-0.018989939242601395,0.008896159008145332,649.8987477349914,438.2676839848797,649.8987477349914,438.2676839848797,60.482799329793316,3136.658767676649,0.00949741919793991,0.011893167163046808,1.4230495250877575,0.6184738955823293,0.832
2023-07-05,QQQ,transformer,-2.703259793567155e-05,3.481087333057076e-05,-0.01748574525117874,0.016390305012464523,649.8811795209033,438.282939694018,649.8811795209033,438.282939694018,59.43440585147749,3188.493270095784,0.00949741919793991,0.011893167163046808,1.4230495250877575,0.6184738955823293,0.832
2023-07-06,QQQ,transformer,-0.007645026964738408,0.00024954439140856266,-0.018428048118948936,0.018369941040873528,644.9317636946025,438.3923457451435,644.9317636946025,438.3923457451435,58.349175984463706,3247.6068739680636,0.00949741919793991,0.011893167163046808,1.4230495250877575,0.6184738955823293,0.832
2023-07-07,QQQ,transformer,-0.0033256163978637233,0.0022187838330864906,-0.014230570755898952,0.01989521086215973,642.7905304793564,439.36611452516865,642.7905304793564,439.36611452516865,57.524712777355866,3312.865568271523,0.00949741919793991,0.011893167163046808,1.4230495250877575,0.6184738955823293,0.832
2023-07-10,QQQ,transformer,0.0003275870113553908,0.001427359296940267,-0.011973334476351738,0.016644394025206566,643.0011348019007,439.9936900161489,643.0011348019007,439.9936900161489,56.84005853125835,3368.4677574652587,0.00949741919793991,0.011893167163046808,1.4230495250877575,0.6184738955823293,0.832
2023-07-11,QQQ,transformer,0.004928407942104489,0.001491451170295477,-0.017341911792755127,0.021761484444141388,646.177928539036,440.6504331841086,646.177928539036,440.6504331841086,55.86284018211063,3442.5738971456985,0.00949741919793991,0.011893167163046808,1.4230495250877575,0.6184738955823293,0.832
2023-07-12,QQQ,transformer,0.012550924593389445,-0.00032495002960786223,-0.01890147477388382,0.01763889193534851,654.3391674073916,440.5072636909527,654.3391674073916,440.5072636909527,54.81686633499276,3503.8356161601187,0.00949741919793991,0.011893167163046808,1.4230495250877575,0.6184738955823293,0.832
2023-07-13,QQQ,transformer,0.016836139962497956,-0.0012359274551272392,-0.01861420087516308,0.016178524121642113,665.448973914622,439.96315482178943,665.448973914622,439.96315482178943,53.80593178272588,3560.983510681762,0.00949741919793991,0.011893167163046808,1.4230495250877575,0.6184738955823293,0.832
2023-07-14,QQQ,transformer,-0.00021098512947046884,-0.001464958768337965,-0.02110554836690426,0.014670277014374733,665.308588886802,439.31909712577936,665.308588886802,439.31909712577936,52.682227469096304,3613.6090625992215,0.00949741919793991,0.011893167163046808,1.4230495250877575,0.6184738955823293,0.832
2023-07-17,QQQ,transformer,0.009295251417104878,-0.00028143380768597126,-0.01579597406089306,0.014868054538965225,671.5216306483676,439.1954755751281,671.5216306483676,439.1954755751281,51.856599542004616,3667.737761085531,0.00949741919793991,0.011893167163046808,1.4230495250877575,0.6184738955823293,0.832
2023-07-18,QQQ,transformer,0.008147386728363657,-0.0018612818093970418,-0.017631053924560547,0.01461197528988123,677.0151254951169,438.37877151367996,677.0151254951169,438.37877151367996,50.95032463688853,3721.7241021223604,0.00949741919793991,0.011893167163046808,1.4230495250877575,0.6184738955823293,0.832
2023-07-19,QQQ,transformer,-0.0002333355116098172,-0.0008780052303336561,-0.015202730894088745,0.014349933713674545,676.8571722532088,437.99404206680583,676.8571722532088,437.99404206680583,50.181600214711715,3775.5157105796543,0.00949741919793991,0.011893167163046808,1.4230495250877575,0.6184738955823293,0.832
2023-07-20,QQQ,transformer,-0.02332180067880946,-0.0018692601006478071,-0.017308253794908524,0.013985267840325832,661.2542949929423,437.17607385765615,661.2542949929423,437.17607385765615,49.320516936090726,3828.688203747006,0.00949741919793991,0.011893167163046808,1.4230495250877575,0.6184738955823293,0.832
2023-07-21,QQQ,transformer,-0.003003776526670523,0.00026907463325187564,-0.016105715185403824,0.015715599060058594,659.2710150196043,437.29369842644,659.2710150196043,437.29369842644,48.53253650106894,3889.333460706978,0.00949741919793991,0.011893167163046808,1.4230495250877575,0.6184738955823293,0.832
2023-07-24,QQQ,transformer,0.0015960583572021297,0.0014950218610465527,-0.013791250064969063,0.019081981852650642,660.3240901939533,437.94797541839745,660.3240901939533,437.94797541839745,47.86780523128514,3964.262149938604,0.00949741919793991,0.011893167163046808,1.4230495250877575,0.6184738955823293,0.832
2023-07-25,QQQ,transformer,0.006754870679702844,-0.0007197128143161535,-0.016882142052054405,0.014891566708683968,664.7995927329014,437.6329033549931,664.7995927329014,437.6329033549931,47.06647704658225,4023.7378399003205,0.00949741919793991,0.011893167163046808,1.4230495250877575,0.6184738955823293,0.832
2023-07-26,QQQ,transformer,-0.003332040068048496,-0.00018190992705058306,-0.01753947325050831,0.018253913149237633,662.5881402229312,437.5532920761588,662.5881402229312,437.5532920761588,46.24815312314144,4097.861250141643,0.00949741919793991,0.011893167163046808,1.4230495250877575,0.6184738955823293,0.832
2023-07-27,QQQ,transformer,-0.0023868097241474947,-0.00018476328114047647,-0.015305252745747566,0.015189601108431816,661.0085542422217,437.4724434296709,661.0085542422217,437.4724434296709,45.54570407727761,4160.581143791243,0.00949741919793991,0.011893167163046808,1.4230495250877575,0.6184738955823293,0.832
2023-07-28,QQQ,transformer,0.018050788265150542,-0.0015967105282470584,-0.018242841586470604,0.01598094217479229,673.0486191100692,436.7744834765248,673.0486191100692,436.7744834765248,44.72235465840541,4227.605390587163,0.00949741919793991,0.011893167163046808,1.4230495250877575,0.6184738955823293,0.832
2023-07-31,QQQ,transformer,0.0005213558919346982,-0.0028601540252566338,-0.018706411123275757,0.013082996010780334,673.3996084604335,435.52702246006385,673.3996084604335,435.52702246006385,43.893536968997935,4283.278434302256,0.00949741919793991,0.011893167163046808,1.4230495250877575,0.6184738955823293,0.832
2023-08-01,QQQ,transformer,-0.0023222944914203045,-0.0014490521280094981,-0.013118934817612171,0.011737973429262638,671.8375906938121,434.8963899429274,671.8375906938121,434.8963899429274,43.32146061373643,4333.8514629293495,0.00949741919793991,0.011893167163046808,1.4230495250877575,0.6184738955823293,0.832
2023-08-02,QQQ,transformer,-0.02218848428716519,-0.0011315173469483852,-0.014558020979166031,0.013997361063957214,657.0946989378103,434.40457478084164,657.0946989378103,434.40457478084164,42.69535388417801,4394.940493717607,0.00949741919793991,0.011893167163046808,1.4230495250877575,0.6184738955823293,0.832
2023-08-03,QQQ,transformer,-0.001603908721278499,0.002490014536306262,-0.015421269461512566,0.01951105333864689,656.0416237634613,435.48760754110015,656.0416237634613,435.48760754110015,42.041988757831795,4481.53256893684,0.00949741919793991,0.011893167163046808,1.4230495250877575,0.6184738955823293,0.832
2023-08-04,QQQ,transformer,-0.004692766907874672,0.00020231281814631075,-0.015194513835012913,0.015700846910476685,652.9701857492264,435.5757058847106,652.9701857492264,435.5757058847106,41.408009142513755,4552.451902092142,0.00949741919793991,0.011893167163046808,1.4230495250877575,0.6184738955823293,0.832
2023-08-07,QQQ,transformer,0.008431172489964374,-0.0003939011075999588,-0.016527803614735603,0.017265716567635536,658.4987634625235,435.40417273589856,658.4987634625235,435.40417273589856,40.72924936435384,4631.735778002465,0.00949741919793991,0.011893167163046808,1.4230495250877575,0.6184738955823293,0.832
2023-08-08,QQQ,transformer,-0.00853871655883428,-0.0033582306932657957,-0.01840570569038391,0.011626974679529667,652.8999664545022,433.94444434568913,652.8999664545022,433.94444434568913,39.986455691881005,4685.902950318703,0.00949741919793991,0.011893167163046808,1.4230495250877575,0.6184738955823293,0.832
2023-08-09,QQQ,transformer,-0.011055501278738172,0.0006946246139705181,-0.01941072940826416,0.017213530838489532,645.7215834657715,434.2459797334544,645.7215834657715,434.2459797334544,39.21777322890061,4767.262383601081,0.00949741919793991,0.011893167163046808,1.4230495250877575,0.6184738955823293,0.832
2023-08-10,QQQ,transformer,0.0018465522579732164,0.0005268036620691419,-0.01848956011235714,0.016939816996455193,646.9150436679405,434.4747861373801,646.9150436679405,434.4747861373801,38.49931670695905,4848.706874357907,0.00949741919793991,0.011893167163046808,1.4230495250877575,0.6184738955823293,0.832
2023-08-11,QQQ,transformer,-0.0063960757126759644,-0.001448894734494388,-0.018093546852469444,0.01373659260571003,642.7905304793566,433.8457290262323,642.7905304793566,433.8457290262323,37.80899064541496,4915.7711672422865,0.00949741919793991,0.011893167163046808,1.4230495250877575,0.6184738955823293,0.832
2023-08-14,QQQ,transformer,0.011159691399990946,0.001935425098054111,-0.01335141807794571,0.018586523830890656,650.0040498962635,434.6862054130661,650.0040498962635,434.6862054130661,37.30754175678517,5007.992624712038,0.00949741919793991,0.011893167163046808,1.4230495250877575,0.6184738955823293,0.832
2023-08-15,QQQ,transformer,-0.01066826783085261,-0.0024058243725448847,-0.02153169736266136,0.015145231038331985,643.1064905248011,433.6416713037581,643.1064905248011,433.6416713037581,36.512832635761654,5084.416885788475,0.00949741919793991,0.011893167163046808,1.4230495250877575,0.6184738955823293,0.832
2023-08-16,QQQ,transformer,-0.010645416504473865,0.002559438580647111,-0.014960399828851223,0.016934450715780258,636.2966651005227,434.75299139997526,636.2966651005227,434.75299139997526,35.97065114729439,5171.251801612337,0.00949741919793991,0.011893167163046808,1.4230495250877575,0.6184738955823293,0.832
2023-08-17,QQQ,transformer,-0.010983086884059417,0.0020920108072459698,-0.01421456877142191,0.01710718497633934,629.3464010867958,435.6634291984662,629.3464010867958,435.6634291984662,35.462960576476654,5260.478403423433,0.00949741919793991,0.011893167163046808,1.4230495250877575,0.6184738955823293,0.832
2023-08-18,QQQ,transformer,-0.0012556871089945392,0.0011122757568955421,-0.015446655452251434,0.01819916069507599,628.5566348772552,436.14829555233524,628.5566348772552,436.14829555233524,34.919384669436575,5357.09098613878,0.00949741919793991,0.011893167163046808,1.4230495250877575,0.6184738955823293,0.832
2023-08-21,QQQ,transformer,0.015983025234289804,-0.00017636569100432098,-0.01761990785598755,0.017680399119853973,638.6835855048606,436.0713720146911,638.6835855048606,436.0713720146911,34.309496963790004,5452.648866007396,0.00949741919793991,0.011893167163046808,1.4230495250877575,0.6184738955823293,0.832
2023-08-22,QQQ,transformer,-0.0014299557341041183,-0.002837646985426545,-0.020862668752670288,0.015348013490438461,637.7709489199599,434.8357180763036,637.7709489199599,434.8357180763036,33.601123460565084,5536.981996030104,0.00949741919793991,0.011893167163046808,1.4230495250877575,0.6184738955823293,0.832
2023-08-23,QQQ,transformer,0.015645530800356727,0.0019190445309504867,-0.013260331936180592,0.01780526712536812,647.8276802528411,435.6710107447751,647.8276802528411,435.6710107447751,33.15850240304545,5636.452331253748,0.00949741919793991,0.011893167163046808,1.4230495250877575,0.6184738955823293,0.832
2023-08-24,QQQ,transformer,-0.02160746853695175,-0.003971022553741932,-0.02099359780550003,0.012125860899686813,633.9799104292803,433.9443714039315,633.9799104292803,433.9443714039315,32.46964175399231,5705.215022116861,0.00949741919793991,0.011893167163046808,1.4230495250877575,0.6184738955823293,0.832
2023-08-25,QQQ,transformer,0.007721586626792117,0.0027698695193976164,-0.013826752081513405,0.018496671691536903,638.8941898274048,435.1480297026417,638.8941898274048,435.1480297026417,32.023781658491295,5811.724373672997,0.00949741919793991,0.011893167163046808,1.4230495250877575,0.6184738955823293,0.832
2023-08-28,QQQ,transformer,0.00749892880674549,-0.0043230606243014336,-0.022938229143619537,0.010463708080351353,643.7032206258856,433.2709284478423,643.7032206258856,433.2709284478423,31.297574405392332,5872.855984967718,0.00949741919793991,0.011893167163046808,1.4230495250877575,0.6184738955823293,0.832
2023-08-29,QQQ,transformer,0.02160476534794587,-0.004410810302942991,-0.02081509307026863,0.014694791287183762,657.7615947719906,431.3640650674858,657.7615947719906,431.3640650674858,30.65284558445758,5959.793577397511,0.00949741919793991,0.011893167163046808,1.4230495250877575,0.6184738955823293,0.832
2023-08-30,QQQ,transformer,0.005561251668246927,-0.0048186988569796085,-0.021649014204740524,0.011543666012585163,661.4297628873101,429.29044857189484,661.4297628873101,429.29044857189484,29.996373021404526,6028.989808198165,0.00949741919793991,0.011893167163046808,1.4230495250877575,0.6184738955823293,0.832
2023-08-31,QQQ,transformer,0.002993987582884357,-0.0013198870001360774,-0.016948645934462547,0.012917576357722282,663.413042860648,428.7242182547524,663.413042860648,428.7242182547524,29.492259147252216,6107.374650528563,0.00949741919793991,0.011893167163046808,1.4230495250877575,0.6184738955823293,0.832
2023-09-01,QQQ,transformer,-0.0010587732363455155,-0.0005112664075568318,-0.019249334931373596,0.01598108559846878,662.7110105982914,428.5050930928939,662.7110105982914,428.5050930928939,28.929981532458534,6205.76119818627,0.00949741919793991,0.011893167163046808,1.4230495250877575,0.6184738955823293,0.832
2023-09-05,QQQ,transformer,0.0012704418615892912,-0.0013074033195152879,-0.018559863790869713,0.014349086210131645,663.5534814500963,427.9452366995211,663.5534814500963,427.9452366995211,28.39799711188719,6295.450437495641,0.00949741919793991,0.011893167163046808,1.4230495250877575,0.6184738955823293,0.832
2023-09-06,QQQ,transformer,-0.00884695692213403,-0.0010766638442873955,-0.017697706818580627,0.01680772379040718,657.7089436913546,427.48472386453267,657.7089436913546,427.48472386453267,27.899839316338092,6402.156892303795,0.00949741919793991,0.011893167163046808,1.4230495250877575,0.6184738955823293,0.832
2023-09-07,QQQ,transformer,-0.007177301082651427,-9.979114111047238e-05,-0.020296528935432434,0.018849153071641922,653.0052686157743,427.44207021879373,653.0052686157743,427.44207021879373,27.33927711486042,6523.976803168118,0.00949741919793991,0.011893167163046808,1.4230495250877575,0.6184738955823293,0.832
2023-09-08,QQQ,transformer,0.001396618793712921,-0.0003975419676862657,-0.017909985035657883,0.014922098256647587,653.917905200675,427.27218603036704,653.917905200675,427.27218603036704,26.85398960224861,6622.058011701732,0.00949741919793991,0.011893167163046808,1.4230495250877575,0.6184738955823293,0.832
2023-09-11,QQQ,transformer,0.011713868101392149,-0.00030832941411063075,-0.014718988910317421,0.015656152740120888,661.6228525573945,427.14046860203155,661.6228525573945,427.14046860203155,26.461621003003824,6726.549955160637,0.00949741919793991,0.011893167163046808,1.4230495250877575,0.6184738955823293,0.832
2023-09-12,QQQ,transformer,-0.011150330584212114,-0.0023217550478875637,-0.01994090899825096,0.013114777393639088,654.2865163267556,426.1499136606218,654.2865163267556,426.1499136606218,25.939179086572995,6815.347931593024,0.00949741919793991,0.011893167163046808,1.4230495250877575,0.6184738955823293,0.832
2023-09-13,QQQ,transformer,0.0038018329866598764,0.0008720111800357699,-0.012904424220323563,0.017500512301921844,656.7787388923658,426.52167558681606,656.7787388923658,426.52167558681606,25.606600017785084,6935.669751688221,0.00949741919793991,0.011893167163046808,1.4230495250877575,0.6184738955823293,0.832
2023-09-14,QQQ,transformer,0.008143968038450564,-0.003192386357113719,-0.018733523786067963,0.012905284762382507,662.1493633637548,425.16222357282703,662.1493633637548,425.16222357282703,25.13136308609524,7025.7566457800895,0.00949741919793991,0.011893167163046808,1.4230495250877575,0.6184738955823293,0.832
2023-09-15,QQQ,transformer,-0.01727128690362511,-0.0019418864976614714,-0.01795664057135582,0.014286946505308151,650.8113843198922,424.3374037664391,650.8113843198922,424.3374037664391,24.68411536620728,7126.853875880581,0.00949741919793991,0.011893167163046808,1.4230495250877575,0.6184738955823293,0.832
2023-09-18,QQQ,transformer,-0.0004045852112249382,0.001357326633296907,-0.016555853188037872,0.0196111761033535,650.548128916712,424.91376880561063,650.548128916712,424.91376880561063,24.278813795530084,7267.999193651484,0.00949741919793991,0.011893167163046808,1.4230495250877575,0.6184738955823293,0.832
2023-09-19,QQQ,transformer,-0.0021336309019912183,-0.00028571515576913953,-0.01735452003777027,0.017704328522086143,649.1615790444586,424.7923772890512,649.1615790444586,424.7923772890512,23.86110114742053,7397.8199213787975,0.00949741919793991,0.011893167163046808,1.4230495250877575,0.6184738955823293,0.832
2023-09-20,QQQ,transformer,-0.014515271110068968,-9.3109963927418e-05,-0.016810908913612366,0.015744253993034363,639.8068799739339,424.75282807580123,639.8068799739339,424.75282807580123,23.463326906914,7515.21520225187,0.00949741919793991,0.011893167163046808,1.4230495250877575,0.6184738955823293,0.832
2023-09-21,QQQ,transformer,-0.018494500706788857,0.0021328460425138474,-0.011818142607808113,0.016237948089838028,628.0827215899026,425.65974229847865,628.0827215899026,425.65974229847865,23.187665384567566,7638.243294977677,0.00949741919793991,0.011893167163046808,1.4230495250877575,0.6184738955823293,0.832
2023-09-22,QQQ,transformer,0.00013976084886500436,0.0017161349533125758,-0.014033544808626175,0.018172800540924072,628.1705090987149,426.3908416140071,628.1705090987149,426.3908416140071,22.86453352650205,7778.3204176674935,0.00949741919793991,0.011893167163046808,1.4230495250877575,0.6184738955823293,0.832
2023-09-25,QQQ,transformer,0.004738501773735188,-0.001205981126986444,-0.019497111439704895,0.016204051673412323,631.1541596041375,425.87692743371184,631.1541596041375,425.87692743371184,22.423058962066477,7905.3877088170975,0.00949741919793991,0.011893167163046808,1.4230495250877575,0.6184738955823293,0.832
2023-09-26,QQQ,transformer,-0.015130136689643242,-0.0013233816716820002,-0.017006393522024155,0.014696073718369007,621.6765901582526,425.31370185052214,621.6765901582526,425.31370185052214,22.0449471963933,8022.423824887606,0.00949741919793991,0.011893167163046808,1.4230495250877575,0.6184738955823293,0.832
2023-09-27,QQQ,transformer,0.0023405497885328986,0.0015878388658165932,-0.01389334723353386,0.019667409360408783,623.1333593252301,425.9895507691589,623.1333593252301,425.9895507691589,21.74078681739948,8181.765654376319,0.00949741919793991,0.011893167163046808,1.4230495250877575,0.6184738955823293,0.832
2023-09-28,QQQ,transformer,0.008330462997221929,-0.0033225505612790585,-0.022062864154577255,0.013736016117036343,628.346030554711,424.57651868506014,628.346030554711,424.57651868506014,21.26637544581972,8294.925863195993,0.00949741919793991,0.011893167163046808,1.4230495250877575,0.6184738955823293,0.832
2023-09-29,QQQ,transformer,0.0007259151725758475,-0.002092729089781642,-0.01935693807899952,0.013479439541697502,628.8023220663472,423.68893565341523,628.8023220663472,423.68893565341523,20.858681574931644,8407.49353417792,0.00949741919793991,0.011893167163046808,1.4230495250877575,0.6184738955823293,0.832
2023-10-02,QQQ,transformer,0.008311086314962877,-0.001137533807195723,-0.019537167623639107,0.01847379468381405,634.0501297240044,423.207244128513,634.0501297240044,423.207244128513,20.455117221831603,8564.25566487717,0.00949741919793991,0.011893167163046808,1.4230495250877575,0.6184738955823293,0.832
2023-10-03,QQQ,transformer,-0.017705497936268803,-0.005535225383937359,-0.021739978343248367,0.009736941196024418,622.9227550026859,420.8711712263404,622.9227550026859,420.8711712263404,20.015222647330276,8648.052282440154,0.00949741919793991,0.011893167163046808,1.4230495250877575,0.6184738955823293,0.832
2023-10-04,QQQ,transformer,0.013516895967211326,0.00040447383071295917,-0.016103342175483704,0.014822051860392094,631.3999003548578,421.0414541570891,631.3999003548578,421.0414541570891,19.69549142608234,8777.188406693787,0.00949741919793991,0.011893167163046808,1.4230495250877575,0.6184738955823293,0.832
2023-10-05,QQQ,transformer,-0.002950833261357801,-0.006011407822370529,-0.024886153638362885,0.011906791478395462,629.53949075688,418.51799851949085,629.53949075688,418.51799851949085,19.21139499385004,8882.320788219755,0.00949741919793991,0.011893167163046808,1.4230495250877575,0.6184738955823293,0.832
2023-10-06,QQQ,transformer,0.01661661877994649,-0.002180479234084487,-0.02208689972758293,0.01780739054083824,640.087703591202,417.6064108508396,640.087703591202,417.6064108508396,18.79172697521834,9041.908259971697,0.00949741919793991,0.011893167163046808,1.4230495250877575,0.6184738955823293,0.832
2023-10-09,QQQ,transformer,0.0050870807588011885,-0.005266560707241297,-0.023623298853635788,0.01266319677233696,643.3521777138928,415.41284175316326,643.3521777138928,415.41284175316326,18.35300734763118,9157.13572998907,0.00949741919793991,0.011893167163046808,1.4230495250877575,0.6184738955823293,0.832
2023-10-10,QQQ,transformer,0.0055226932075145355,-0.00245832372456789,-0.018246328458189964,0.01463034562766552,646.9150436679403,414.3928810403526,646.9150436679403,414.3928810403526,18.021168637330145,9292.092172142351,0.00949741919793991,0.011893167163046808,1.4230495250877575,0.6184738955823293,0.832
2023-10-11,QQQ,transformer,0.007109976806925727,-0.002620771760120988,-0.01887643150985241,0.011292755603790283,651.5309847963366,413.3082660367523,651.5309847963366,413.3082660367523,17.684183459957584,9397.619781128667,0.00949741919793991,0.011893167163046808,1.4230495250877575,0.6184738955823293,0.832
2023-10-12,QQQ,transformer,-0.003481103307690348,-0.003047341015189886,-0.019755791872739792,0.014372088015079498,649.2668812057304,412.05069384094554,649.2668812057304,412.05069384094554,17.33824641112655,9533.658056520964,0.00949741919793991,0.011893167163046808,1.4230495250877575,0.6184738955823293,0.832
2023-10-13,QQQ,transformer,-0.01264959931196013,-0.0019566379487514496,-0.016391078010201454,0.013321906328201294,641.1056423373749,411.2452442058861,641.1056423373749,411.2452442058861,17.056370478917845,9661.514374441484,0.00949741919793991,0.011893167163046808,1.4230495250877575,0.6184738955823293,0.832
2023-10-16,QQQ,transformer,0.011242968798298121,0.0002970811619888991,-0.014596836641430855,0.015716752037405968,648.3542446208297,411.36741264534123,648.3542446208297,411.36741264534123,16.809209295241565,9814.561341783254,0.00949741919793991,0.011893167163046808,1.4230495250877575,0.6184738955823293,0.832
2023-10-17,QQQ,transformer,-0.0032808462857156066,-0.003939446993172169,-0.02129356376826763,0.013539815321564674,646.2305796196719,409.75003890226463,646.2305796196719,409.75003890226463,16.455065245979217,9948.352852021537,0.00949741919793991,0.011893167163046808,1.4230495250877575,0.6184738955823293,0.832
2023-10-18,QQQ,transformer,-0.013204716495365905,-0.0026946309953927994,-0.018712012097239494,0.012498065829277039,637.7533807058718,408.6473890492521,637.7533807058718,408.6473890492521,16.150020295278892,10073.467922070753,0.00949741919793991,0.011893167163046808,1.4230495250877575,0.6184738955823293,0.832
2023-10-19,QQQ,transformer,-0.009400887421341706,0.0007638463284820318,-0.017118068411946297,0.01926662214100361,631.7860261333982,408.9596494104236,631.7860261333982,408.9596494104236,15.875916288448417,10269.431186750538,0.00949741919793991,0.011893167163046808,1.4230495250877575,0.6184738955823293,0.832
2023-10-20,QQQ,transformer,-0.015030287183028417,0.00024536607088521123,-0.016137223690748215,0.017476197332143784,622.3611077681494,409.0600293445123,622.3611077681494,409.0600293445123,15.621779043150559,10450.478615451146,0.00949741919793991,0.011893167163046808,1.4230495250877575,0.6184738955823293,0.832
2023-10-23,QQQ,transformer,0.0030129615618009215,-0.002221444621682167,-0.018025115132331848,0.011979317292571068,624.2390855802153,408.15234079997447,624.2390855802153,408.15234079997447,15.342717342878576,10576.42092735205,0.00949741919793991,0.011893167163046808,1.4230495250877575,0.6184738955823293,0.832
2023-10-24,QQQ,transformer,0.009681081113309502,-0.0013696072855964303,-0.02088291198015213,0.016719061881303787,630.3117423139608,407.59372642382,630.3117423139608,407.59372642382,15.025639209772807,10754.735688911354,0.00949741919793991,0.011893167163046808,1.4230495250877575,0.6184738955823293,0.832
2023-10-25,QQQ,transformer,-0.024780352457127813,-0.0029863128438591957,-0.016516856849193573,0.01223797257989645,614.8843329480623,406.37834650907104,614.8843329480623,406.37834650907104,14.77950114671985,10887.16012086808,0.00949741919793991,0.011893167163046808,1.4230495250877575,0.6184738955823293,0.832
2023-10-26,QQQ,transformer,-0.019251293895687808,0.0034747484605759382,-0.012937033548951149,0.021647749468684196,603.1602281256593,407.79286502510115,603.1602281256593,407.79286502510115,14.589530138252833,11125.411751177691,0.00949741919793991,0.011893167163046808,1.4230495250877575,0.6184738955823293,0.832
2023-10-27,QQQ,transformer,0.004789750055975098,-0.00031422649044543505,-0.015337865799665451,0.016912791877985,606.056144683898,407.6647462602508,606.056144683898,407.6647462602508,14.367465512948215,11315.173275231533,0.00949741919793991,0.011893167163046808,1.4230495250877575,0.6184738955823293,0.832
2023-10-30,QQQ,transformer,0.011202301691807404,-0.003285251557826996,-0.01800115406513214,0.012636387720704079,612.8835383222645,406.32766101366025,612.8835383222645,406.32766101366025,14.111148672282637,11459.063035482823,0.00949741919793991,0.011893167163046808,1.4230495250877575,0.6184738955823293,0.832
2023-10-31,QQQ,transformer,0.00477091165256834,-0.004218578804284334,-0.019663378596305847,0.012846996076405048,615.8145377470511,404.6171445778933,615.8145377470511,404.6171445778933,13.836386436321124,11607.227762345803,0.00949741919793991,0.011893167163046808,1.4230495250877575,0.6184738955823293,0.832
2023-11-01,QQQ,transformer,0.017207936171035547,-0.0029240346048027277,-0.021380769088864326,0.014220690354704857,626.5031356091931,403.4357462192924,626.5031356091931,403.4357462192924,13.543694179213436,11773.469738640235,0.00949741919793991,0.011893167163046808,1.4230495250877575,0.6184738955823293,0.832
2023-11-02,QQQ,transformer,0.01799052142245798,-0.005585172679275274,-0.024459030479192734,0.010800433345139027,637.876251081232,401.18877967858486,637.876251081232,401.18877967858486,13.216446671922178,11901.317994922114,0.00949741919793991,0.011893167163046808,1.4230495250877575,0.6184738955823293,0.832
2023-11-03,QQQ,transformer,0.011680332614331677,-0.0071290237829089165,-0.02580723911523819,0.010575556196272373,645.3705405537789,398.33886234056564,645.3705405537789,398.33886234056564,12.879730576309749,12027.84900523719,0.00949741919793991,0.011893167163046808,1.4230495250877575,0.6184738955823293,0.832
2023-11-06,QQQ,transformer,0.004071003925582125,-0.004829599987715483,-0.02077321708202362,0.013716927729547024,648.0032017088374,396.4196805811657,648.0032017088374,396.4196805811657,12.614936797065212,12193.971269848647,0.00949741919793991,0.011893167163046808,1.4230495250877575,0.6184738955823293,0.832
2023-11-07,QQQ,transformer,0.00940827452962433,-0.0017095219809561968,-0.01874612458050251,0.015321509912610054,654.1285630848474,395.7425599679237,654.1285630848474,395.7425599679237,12.3806585486743,12382.240215421705,0.00949741919793991,0.011893167163046808,1.4230495250877575,0.6184738955823293,0.832
2023-11-08,QQQ,transformer,0.0006437161041451204,-0.004551772493869066,-0.02076304703950882,0.013592410832643509,654.5497717299357,393.94531226773097,654.5497717299357,393.94531226773097,12.126248404705944,12551.693976609546,0.00949741919793991,0.011893167163046808,1.4230495250877575,0.6184738955823293,0.832
2023-11-09,QQQ,transformer,-0.0077253586174426455,0.00031591442530043423,-0.014764973893761635,0.016120247542858124,649.5126219564511,394.0698083727846,649.5126219564511,394.0698083727846,11.94852023744177,12755.669657232525,0.00949741919793991,0.011893167163046808,1.4230495250877575,0.6184738955823293,0.832
2023-11-10,QQQ,transformer,0.022233251754866554,-0.0007508815615437925,-0.01717809960246086,0.014901428483426571,664.1151286846329,393.77401906561715,664.1151286846329,393.77401906561715,11.745020549285739,12947.170264400313,0.00949741919793991,0.011893167163046808,1.4230495250877575,0.6184738955823293,0.832
2023-11-13,QQQ,transformer,-0.0031234095901414394,-0.006444746162742376,-0.021970048546791077,0.011142965406179428,662.0440612024827,391.24441090817106,662.0440612024827,391.24441090817106,11.489795584857973,13092.247393209149,0.00949741919793991,0.011893167163046808,1.4230495250877575,0.6184738955823293,0.832
2023-11-14,QQQ,transformer,0.02129803627079444,-0.000711245636921376,-0.016166597604751587,0.014335833489894867,676.295525018672,390.9662501374381,676.295525018672,390.9662501374381,11.305537988001257,13281.287740934906,0.00949741919793991,0.011893167163046808,1.4230495250877575,0.6184738955823293,0.832
2023-11-15,QQQ,transformer,0.0007523407886084935,-0.006073181051760912,-0.021887902170419693,0.0076776910573244095,676.8045211725725,388.5990437057238,676.8045211725725,388.5990437057238,11.060772232329652,13383.649789121526,0.00949741919793991,0.011893167163046808,1.4230495250877575,0.6184738955823293,0.832
2023-11-16,QQQ,transformer,0.0008554430753815377,-0.00047971843741834164,-0.015328602865338326,0.01607321761548519,677.3837366211973,388.41267977587654,677.3837366211973,388.41267977587654,10.892519067954058,13600.50568022851,0.00949741919793991,0.011893167163046808,1.4230495250877575,0.6184738955823293,0.832
2023-11-17,QQQ,transformer,0.00023315414935199327,-0.0008186099003069103,-0.017217913642525673,0.017039718106389046,677.5416898631054,388.0948601049631,677.5416898631054,388.0948601049631,10.70657797433127,13834.239727746819,0.00949741919793991,0.011893167163046808,1.4230495250877575,0.6184738955823293,0.832
2023-11-20,QQQ,transformer,0.012101338997102277,-0.0022305715829133987,-0.022904355078935623,0.016653772443532944,685.7906626786449,387.23015323312075,685.7906626786449,387.23015323312075,10.46413776263224,14066.561588409179,0.00949741919793991,0.011893167163046808,1.4230495250877575,0.6184738955823293,0.832
2023-11-21,QQQ,transformer,-0.00582640227965293,-0.002858314896002412,-0.020189257338643074,0.013493085280060768,681.8065880795093,386.12491007968447,681.8065880795093,386.12491007968447,10.254993047145526,14257.648718217506,0.00949741919793991,0.011893167163046808,1.4230495250877575,0.6184738955823293,0.832
2023-11-22,QQQ,transformer,0.004084617294185339,-0.00017278520681429654,-0.016478069126605988,0.017552219331264496,684.597202476476,386.0581900640203,684.597202476476,386.0581900640203,10.087395109645652,14510.110464589085,0.00949741919793991,0.011893167163046808,1.4230495250877575,0.6184738955823293,0.832
2023-11-24,QQQ,transformer,-0.00141100319163238,-0.002124410355463624,-0.017113499343395233,0.012993758544325829,683.6319148109393,385.23891135895747,683.6319148109393,385.23891135895747,9.916233272339435,14699.881965317278,0.00949741919793991,0.011893167163046808,1.4230495250877575,0.6184738955823293,0.832
2023-11-27,QQQ,transformer,-0.0008732633414755951,-0.0024801213294267654,-0.018467282876372337,0.013619313016533852,683.0351847098548,384.28465538000034,683.0351847098548,384.28465538000034,9.734788103645034,14901.454469669428,0.00949741919793991,0.011893167163046808,1.4230495250877575,0.6184738955823293,0.832
2023-11-28,QQQ,transformer,0.0026175055821707695,0.00030779975350014865,-0.013845248147845268,0.014673328027129173,684.8253750131084,384.4029375765449,684.8253750131084,384.4029375765449,9.60093634546887,15121.719947376949,0.00949741919793991,0.011893167163046808,1.4230495250877575,0.6184738955823293,0.832
2023-11-29,QQQ,transformer,-0.0009743715714800281,3.1374300306197256e-05,-0.015904292464256287,0.016239389777183533,684.1584256172998,384.4149893940315,684.1584256172998,384.4149893940315,9.449448144539934,15369.292223269786,0.00949741919793991,0.011893167163046808,1.4230495250877575,0.6184738955823293,0.832
2023-11-30,QQQ,transformer,-0.0025172390932583213,0.00011808190174633637,-0.015200048685073853,0.014973808079957962,682.4384010471421,384.46040279926984,682.4384010471421,384.46040279926984,9.306902263679305,15601.161536666705,0.00949741919793991,0.011893167163046808,1.4230495250877575,0.6184738955823293,0.832
2023-12-01,QQQ,transformer,0.0028506918255882126,-0.0007207926828414202,-0.015668576583266258,0.015098081901669502,684.3865981539321,384.1833757997104,684.3865981539321,384.1833757997104,9.16221305601658,15838.496625775488,0.00949741919793991,0.011893167163046808,1.4230495250877575,0.6184738955823293,0.832
2023-12-04,QQQ,transformer,-0.009326826871062741,-0.0010022837668657303,-0.01380125805735588,0.01472056657075882,678.0331178029182,383.79851039670996,678.0331178029182,383.79851039670996,9.036631680327707,16073.371983314333,0.00949741919793991,0.011893167163046808,1.4230495250877575,0.6184738955823293,0.832
2023-12-05,QQQ,transformer,0.0025077279485594757,0.00032173385261557996,-0.018195252865552902,0.01902921125292778,679.7355741589879,383.9219959833008,679.7355741589879,383.9219959833008,8.873694857766829,16382.164146294768,0.00949741919793991,0.011893167163046808,1.4230495250877575,0.6184738955823293,0.832
2023-12-06,QQQ,transformer,-0.005800624189987266,7.830062531866133e-05,-0.014725386165082455,0.012506439350545406,675.80409707886,383.95206494722913,675.80409707886,383.95206494722913,8.743983599318849,16588.33244846413,0.00949741919793991,0.011893167163046808,1.4230495250877575,0.6184738955823293,0.832
2023-12-07,QQQ,transformer,0.013875512806697398,0.0017026520799845457,-0.013617591001093388,0.017184089869260788,685.2465836581969,384.6063564302047,685.2465836581969,384.6063564302047,8.625718535174318,16875.8506141332,0.00949741919793991,0.011893167163046808,1.4230495250877575,0.6184738955823293,0.832
2023-12-08,QQQ,transformer,0.00444677640076634,-0.003800411010161042,-0.02188713103532791,0.011736776679754257,688.300507019972,383.1474752954049,688.300507019972,383.1474752954049,8.438977243682817,17075.085083734197,0.00949741919793991,0.011893167163046808,1.4230495250877575,0.6184738955823293,0.832
2023-12-11,QQQ,transformer,0.008505873562084109,-0.0015756977954879403,-0.019627898931503296,0.018957164138555527,694.1800740836331,382.544226189002,694.1800740836331,382.544226189002,8.27495273995289,17401.867695870533,0.00949741919793991,0.011893167163046808,1.4230495250877575,0.6184738955823293,0.832
2023-12-12,QQQ,transformer,0.00793271364050274,-0.002299139741808176,-0.017137598246335983,0.012878763489425182,699.7087053585585,381.66571055858776,699.7087053585585,381.66571055858776,8.13434792640791,17627.43249542283,0.00949741919793991,0.011893167163046808,1.4230495250877575,0.6184738955823293,0.832
2023-12-13,QQQ,transformer,0.012637041547523997,-0.001068474375642836,-0.017414430156350136,0.0139631237834692,708.6070593558187,381.25813859489796,708.6070593558187,381.25813859489796,7.993919383554729,17875.293468916,0.00949741919793991,0.011893167163046808,1.4230495250877575,0.6184738955823293,0.832
2023-12-14,QQQ,transformer,-0.0008672100052126146,-0.004555427469313145,-0.022543666884303093,0.010929541662335396,707.9928146022744,379.5252850570753,707.9928146022744,379.5252850570753,7.815723077544468,18071.734842624122,0.00949741919793991,0.011893167163046808,1.4230495250877575,0.6184738955823293,0.832
2023-12-15,QQQ,transformer,0.004822339821343323,-0.0010046304669231176,-0.01707329973578453,0.014747905544936657,711.4152419668734,379.14420377683956,711.4152419668734,379.14420377683956,7.683415588210333,18340.22973297674,0.00949741919793991,0.011893167163046808,1.4230495250877575,0.6184738955823293,0.832
2023-12-18,QQQ,transformer,0.004283481281731042,-0.0029614262748509645,-0.019311992451548576,0.01237390749156475,714.4691117670201,378.0230569135237,714.4691117670201,378.0230569135237,7.536457101274981,18568.580526631747,0.00949741919793991,0.011893167163046808,1.4230495250877575,0.6184738955823293,0.832
2023-12-19,QQQ,transformer,0.005096593200880441,-0.0010635644430294633,-0.016083521768450737,0.01340561918914318,718.1197652298797,377.62122247347145,718.1197652298797,377.62122247347145,7.416214042834588,18819.18064271549,0.00949741919793991,0.011893167163046808,1.4230495250877575,0.6184738955823293,0.832
2023-12-20,QQQ,transformer,-0.014971266439743901,-0.001291031134314835,-0.015251022763550282,0.014326670207083225,707.4486820201976,377.1340147638216,707.4486820201976,377.1340147638216,7.303967505657687,19090.737799764447,0.00949741919793991,0.011893167163046808,1.4230495250877575,0.6184738955823293,0.832
2023-12-21,QQQ,transformer,0.011568242919174146,0.0005578277050517499,-0.012992769479751587,0.01370181329548359,715.6801401832773,377.3444625905778,715.6801401832773,377.3444625905778,7.209682365941849,19354.115357228897,0.00949741919793991,0.011893167163046808,1.4230495250877575,0.6184738955823293,0.832
2023-12-22,QQQ,transformer,0.0014948624328822123,-0.002023375825956464,-0.0174826942384243,0.01503323670476675,716.7507835717146,376.5817314309282,716.7507835717146,376.5817314309282,7.084733049911944,19647.269269225362,0.00949741919793991,0.011893167163046808,1.4230495250877575,0.6184738955823293,0.832
2023-12-26,QQQ,transformer,0.00610308749390333,3.4087524909409694e-06,-0.014822336845099926,0.01719599962234497,721.1385521634786,376.5830333001074,721.1385521634786,376.5830333001074,6.9804950258576275,19988.04552008054,0.00949741919793991,0.011893167163046808,1.4230495250877575,0.6184738955823293,0.832
2023-12-27,QQQ,transformer,0.0015078071717908995,0.0008148264605551958,-0.013995867222547531,0.01253509521484375,722.2267102043756,376.89000613537473,722.2267102043756,376.89000613537473,6.883477504705764,20240.174961420726,0.00949741919793991,0.011893167163046808,1.4230495250877575,0.6184738955823293,0.832
2023-12-28,QQQ,transformer,-0.0004861745598888769,-0.0009478070423938334,-0.01861485093832016,0.017179973423480988,721.8756672923832,376.53295704227634,721.8756672923832,376.53295704227634,6.756527660400634,20590.904435556015,0.00949741919793991,0.011893167163046808,1.4230495250877575,0.6184738955823293,0.832
2023-12-29,QQQ,transformer,-0.0043371302352380675,0.00178641511593014,-0.014717768877744675,0.01828707754611969,718.7515781975122,377.206205550572,718.7515781975122,377.206205550572,6.657814841928302,20970.915073707918,0.00949741919793991,0.011893167163046808,1.4230495250877575,0.6184738955823293,0.832
2023-01-03,QQQ,ensemble,,-0.0020369690464522505,-0.03524212736502944,0.03116818927212494,464.1908341420968,466.39899752357405,464.1908341420968,466.39899752357405,451.1664442132015,482.1458414761907,0.00949282333917979,0.011894891939536715,1.8212082773188445,0.6024096385542169,0.996
2023-01-04,QQQ,ensemble,,0.0003536788318436677,-0.032851479486733524,0.03355883715042086,466.40223309043864,466.56398215025644,466.40223309043864,466.56398215025644,436.5857686964571,498.6006531771574,0.00949282333917979,0.011894891939536715,1.8212082773188445,0.6024096385542169,0.996
2023-01-05,QQQ,ensemble,,1.90079229452994e-05,-0.03318615039563189,0.03322416624152249,459.1009797263477,466.5728506467638,459.1009797263477,466.5728506467638,422.33494064752676,515.4445062652957,0.00949282333917979,0.011894891939536715,1.8212082773188445,0.6024096385542169,0.996
2023-01-06,QQQ,ensemble,,0.0006092218550989448,-0.03259593646347825,0.033814380173676134,471.7728575618276,466.8571836265121,471.7728575618276,466.8571836265121,408.7904841003558,533.1719753294744,0.00949282333917979,0.011894891939536715,1.8212082773188445,0.6024096385542169,0.996
2023-01-09,QQQ,ensemble,,-0.001312097478139577,-0.034517255796716766,0.031893060840437616,474.82678092360266,466.24502318813273,474.82678092360266,466.24502318813273,394.9209053304916,550.4505300011482,0.00949282333917979,0.011894891939536715,1.8212082773188445,0.6024096385542169,0.996
2023-01-10,QQQ,ensemble,,-0.0016107870512215336,-0.03481594536979873,0.031594371267355655,478.8459383892862,465.4946062852547,478.8459383892862,465.4946062852547,381.40795862133217,568.119315768638,0.00949282333917979,0.011894891939536715,1.8212082773188445,0.6024096385542169,0.996
2023-01-11,QQQ,ensemble,,-0.0025535338855679074,-0.0357586922041451,0.030651624433009284,487.130047633002,464.3074663806085,487.130047633002,464.3074663806085,368.01027817670274,585.8027237849777,0.00949282333917979,0.011894891939536715,1.8212082773188445,0.6024096385542169,0.996
2023-01-12,QQQ,ensemble,,-0.001792438057521587,-0.034997596376098776,0.031412720261055606,489.7627087880605,463.4759694334847,489.7627087880605,463.4759694334847,355.3535719811904,604.4964541785405,0.00949282333917979,0.011894891939536715,1.8212082773188445,0.6024096385542169,0.996
2023-01-13,QQQ,ensemble,,-0.002081711150336986,-0.03528686946891418,0.031123447168240205,493.1325386336518,462.51214988501323,493.1325386336518,462.51214988501323,343.0329140055087,623.606307317267,0.00949282333917979,0.011894891939536715,1.8212082773188445,0.6024096385542169,0.996
2023-01-17,QQQ,ensemble,,-0.00036261417431473575,-0.033567772492891924,0.03284254414426246,494.1329627273648,462.3444668276362,494.1329627273648,462.3444668276362,331.7091826830154,644.4271583835067,0.00949282333917979,0.011894891939536715,1.8212082773188445,0.6024096385542169,0.996
2023-01-18,QQQ,ensemble,,-0.0010484004766639153,-0.034253558795241106,0.032156757841913276,487.7092630816267,461.8599986709294,487.7092630816267,461.8599986709294,320.53935792963654,665.486633997491,0.00949282333917979,0.011894891939536715,1.8212082773188445,0.6024096385542169,0.996
2023-01-19,QQQ,ensemble,,-0.0003650646279819551,-0.03357022294655915,0.032840093690595235,482.91780049723405,461.69142069513504,482.91780049723405,461.69142069513504,309.9573934430817,687.7040924098333,0.00949282333917979,0.011894891939536715,1.8212082773188445,0.6024096385542169,0.996
2023-01-20,QQQ,ensemble,,0.0007552013749078026,-0.03244995694366939,0.033960359693484994,496.1337573531625,462.0402223820063,496.1337573531625,462.0402223820063,300.0607309244423,711.4598649450401,0.00949282333917979,0.011894891939536715,1.8212082773188445,0.6024096385542169,0.996
2023-01-23,QQQ,ensemble,,-0.0006060290048876078,-0.033811187323464796,0.032599129313689586,507.1558299132089,461.76029743570376,507.1558299132089,461.76029743570376,290.0849187117215,735.035014005,0.00949282333917979,0.011894891939536715,1.8212082773188445,0.6024096385542169,0.996
2023-01-24,QQQ,ensemble,,-0.00433327273880312,-0.03753843105738031,0.02887188557977407,506.12032295294796,459.7636931666163,506.12032295294796,459.7636931666163,279.39743662287964,756.5661879694441,0.00949282333917979,0.011894891939536715,1.8212082773188445,0.6024096385542169,0.996
2023-01-25,QQQ,ensemble,,-0.0012485655321204,-0.03445372385069759,0.031956592786456794,504.9970820455031,459.19000628376966,504.9970820455031,459.19000628376966,269.9350969274808,781.1339254173957,0.00949282333917979,0.011894891939536715,1.8212082773188445,0.6024096385542169,0.996
2023-01-26,QQQ,ensemble,,-0.0017410478959801407,-0.03494620621455733,0.03146411042259705,514.8432090558401,458.3912300450931,514.8432090558401,458.3912300450931,260.6648134010858,806.1023543631765,0.00949282333917979,0.011894891939536715,1.8212082773188445,0.6024096385542169,0.996
2023-01-27,QQQ,ensemble,,-0.00252980303407033,-0.03573496135264752,0.03067535528450686,519.968146338137,457.23305611417936,519.968146338137,457.23305611417936,251.51443431231036,831.2130004591137,0.00949282333917979,0.011894891939536715,1.8212082773188445,0.6024096385542169,0.996
2023-01-30,QQQ,ensemble,,-0.0022444730820032023,-0.03544963140058039,0.030960685236573988,509.4550163703629,456.2079596585701,509.4550163703629,456.2079596585701,242.75452543932954,857.3504534227569,0.00949282333917979,0.011894891939536715,1.8212082773188445,0.6024096385542169,0.996
2023-01-31,QQQ,ensemble,,0.0027586893083872974,-0.030446469010189894,0.03596384762696449,517.0897444323582,457.4682332316353,517.0897444323582,457.4682332316353,235.47488924792108,888.7452292024863,0.00949282333917979,0.011894891939536715,1.8212082773188445,0.6024096385542169,0.996
2023-02-01,QQQ,ensemble,,-0.0027761907795206945,-0.03598134909809789,0.030428967539056495,528.1469534205809,456.1999754180015,528.1469534205809,456.1999754180015,227.152802837155,916.2044886612484,0.00949282333917979,0.011894891939536715,1.8212082773188445,0.6024096385542169,0.996
2023-02-02,QQQ,ensemble,,-0.0036825499118914667,-0.036887708230468656,0.029522608406685726,547.1020923123506,454.5230857487219,547.1020923123506,454.5230857487219,218.92631741517695,943.6564681566147,0.00949282333917979,0.011894891939536715,1.8212082773188445,0.6024096385542169,0.996
2023-02-03,QQQ,ensemble,,-0.006951226417382323,-0.04015638473595951,0.02625393190119487,537.3787821157454,451.3745486428891,537.3787821157454,451.3745486428891,210.30920200417157,968.7592422062945,0.00949282333917979,0.011894891939536715,1.8212082773188445,0.6024096385542169,0.996
2023-02-06,QQQ,ensemble,,0.0010863463773478491,-0.03211881194122934,0.03429150469592504,532.8330602820731,451.8651641895953,532.8330602820731,451.8651641895953,203.6616475396365,1002.5556066875677,0.00949282333917979,0.011894891939536715,1.8212082773188445,0.6024096385542169,0.996
2023-02-07,QQQ,ensemble,,-0.00032992413234821365,-0.0335350824509254,0.03287523418622898,543.8727010562076,451.71610755740375,543.8727010562076,451.71610755740375,196.9450870451339,1036.062614651821,0.00949282333917979,0.011894891939536715,1.8212082773188445,0.6024096385542169,0.996
2023-02-08,QQQ,ensemble,,-0.0023986151695741644,-0.03560377348815136,0.030806543149003027,534.2020419402384,450.6339128526473,534.2020419402384,450.6339128526473,190.05645705728216,1068.476843971066,0.00949282333917979,0.011894891939536715,1.8212082773188445,0.6024096385542169,0.996
2023-02-09,QQQ,ensemble,,0.0026842034242741016,-0.03052095489430309,0.03588936174285129,529.4807986505699,451.8451307950647,529.4807986505699,451.8451307950647,184.3433802679221,1107.5202262564562,0.00949282333917979,0.011894891939536715,1.8212082773188445,0.6024096385542169,0.996
2023-02-10,QQQ,ensemble,,7.329098642073968e-05,-0.03313186733215645,0.03327844930499793,526.0057202053348,451.87824818399827,526.0057202053348,451.87824818399827,178.3358103960454,1144.9969062768064,0.00949282333917979,0.011894891939536715,1.8212082773188445,0.6024096385542169,0.996
2023-02-13,QQQ,ensemble,,0.0027777304349636857,-0.030427427883613505,0.03598288875354087,534.4302144768706,453.13518906014986,534.4302144768706,453.13518906014986,172.9912335892057,1186.9474267821508,0.00949282333917979,0.011894891939536715,1.8212082773188445,0.6024096385542169,0.996
2023-02-14,QQQ,ensemble,,-0.0008138724093966513,-0.03401903072797384,0.03239128590918054,538.3792062094583,452.7665448670647,538.3792062094583,452.7665448670647,167.2052148721785,1226.0236279566511,0.00949282333917979,0.011894891939536715,1.8212082773188445,0.6024096385542169,0.996
2023-02-15,QQQ,ensemble,,-0.003308733701684774,-0.036513892020261965,0.029896424616892417,542.5037193980422,451.2709365902806,542.5037193980422,451.2709365902806,161.21002171224094,1263.2307597760584,0.00949282333917979,0.011894891939536715,1.8212082773188445,0.6024096385542169,0.996
2023-02-16,QQQ,ensemble,,-0.0017188311571884635,-0.03492398947576565,0.03148632716138873,532.3240641281724,450.49594427540615,532.3240641281724,450.49594427540615,155.6771027688239,1303.6380572290054,0.00949282333917979,0.011894891939536715,1.8212082773188445,0.6024096385542169,0.996
2023-02-17,QQQ,ensemble,,0.0013493230064546041,-0.031855835312122584,0.0345544813250318,528.568162065669,451.10421910465305,528.568162065669,451.10421910465305,150.79603660722006,1349.4719163214102,0.00949282333917979,0.011894891939536715,1.8212082773188445,0.6024096385542169,0.996
2023-02-21,QQQ,ensemble,,0.00026420821375917197,-0.03294095010481802,0.03346936653233636,516.0542374720972,451.2234202908748,516.0542374720972,451.2234202908748,145.9095957426389,1395.402228227111,0.00949282333917979,0.011894891939536715,1.8212082773188445,0.6024096385542169,0.996
2023-02-22,QQQ,ensemble,,0.0031630201166908322,-0.030042138201886358,0.036368178435268024,516.4403632506375,452.6529086047241,516.4403632506375,452.6529086047241,141.59134895975598,1447.0845653610731,0.00949282333917979,0.011894891939536715,1.8212082773188445,0.6024096385542169,0.996
2023-02-23,QQQ,ensemble,,0.0012948506741844651,-0.031910307644392726,0.034500008992761656,520.9510022177617,453.23940616003455,520.9510022177617,453.23940616003455,137.1444536904784,1497.880182307094,0.00949282333917979,0.011894891939536715,1.8212082773188445,0.6024096385542169,0.996
2023-02-24,QQQ,ensemble,,0.00043841814161495413,-0.03276674017696224,0.03364357646019214,512.2281161148695,453.43815810323514,512.2281161148695,453.43815810323514,132.72350262957474,1549.1315339822804,0.00949282333917979,0.011894891939536715,1.8212082773188445,0.6024096385542169,0.996
2023-02-27,QQQ,ensemble,,0.0008029559695161466,-0.03240220234906104,0.03400811428809334,515.8962842301889,453.8023951926934,515.8962842301889,453.8023951926934,128.49189575678977,1602.7206437394573,0.00949282333917979,0.011894891939536715,1.8212082773188445,0.6024096385542169,0.996
2023-02-28,QQQ,ensemble,,0.0005663107750097291,-0.03263884754356746,0.03377146909358692,515.2293348343803,454.05946116156,515.2293348343803,454.05946116156,124.36577063334316,1657.7712116476105,0.00949282333917979,0.011894891939536715,1.8212082773188445,0.6024096385542169,0.996
2023-03-01,QQQ,ensemble,,0.0009492631473606368,-0.032255895171216555,0.03415442146593783,511.08730699333654,454.49068771610774,511.08730699333654,454.49068771610774,120.41824905231519,1715.369446460898,0.00949282333917979,0.011894891939536715,1.8212082773188445,0.6024096385542169,0.996
2023-03-02,QQQ,ensemble,,0.001087427149164437,-0.03211773116941275,0.03429258546774163,515.3170687815642,454.9851820435228,515.3170687815642,454.9851820435228,116.61213711815826,1775.2141500453015,0.00949282333917979,0.011894891939536715,1.8212082773188445,0.6024096385542169,0.996
2023-03-03,QQQ,ensemble,,-0.0020520119535857714,-0.03525717027216296,0.03115314636499142,525.9705837771583,454.05250427150656,525.9705837771583,454.05250427150656,112.57235721602761,1831.3881110226373,0.00949282333917979,0.011894891939536715,1.8212082773188445,0.6024096385542169,0.996
2023-03-06,QQQ,ensemble,,-0.0034650716552772232,-0.03667022997385441,0.02974008666329997,526.5673138782428,452.48190250426165,526.5673138782428,452.48190250426165,108.51907458715625,1886.6717475501578,0.00949282333917979,0.011894891939536715,1.8212082773188445,0.6024096385542169,0.996
2023-03-07,QQQ,ensemble,,-0.0021100177045013527,-0.03531517602307854,0.03109514061407584,520.1085313659568,451.52816423517856,520.1085313659568,451.52816423517856,104.75358516679701,1946.2597177267007,0.00949282333917979,0.011894891939536715,1.8212082773188445,0.6024096385542169,0.996
2023-03-08,QQQ,ensemble,,5.750561931268112e-05,-0.03314765269926451,0.033262663937889875,522.7061096544672,451.5541303884927,522.7061096544672,451.5541303884927,101.3381689451792,2012.0862138451694,0.00949282333917979,0.011894891939536715,1.8212082773188445,0.6024096385542169,0.996
2023-03-09,QQQ,ensemble,,-0.0019508773038661481,-0.03515603562244334,0.03125428101471104,513.6497488536708,450.6740624154905,513.6497488536708,450.6740624154905,97.83741749366109,2075.9655736747204,0.00949282333917979,0.011894891939536715,1.8212082773188445,0.6024096385542169,0.996
2023-03-10,QQQ,ensemble,,0.0016625754452196304,-0.03154258287335756,0.03486773376379682,506.4362294367638,451.4239652577483,506.4362294367638,451.4239652577483,94.79953583156657,2149.6265210738757,0.00949282333917979,0.011894891939536715,1.8212082773188445,0.6024096385542169,0.996
2023-03-13,QQQ,ensemble,,-0.0014290072507225967,-0.03463416556929979,0.03177615106785459,510.1921850608955,450.7793378365719,510.1921850608955,450.7793378365719,91.57243948188584,2219.030229729481,0.00949282333917979,0.011894891939536715,1.8212082773188445,0.6024096385542169,0.996
2023-03-14,QQQ,ensemble,,-0.0026094379904328486,-0.03581459630901004,0.03059572032814434,521.9162898832984,449.6045904888856,521.9162898832984,449.6045904888856,88.350843950927,2287.9723469416554,0.00949282333917979,0.011894891939536715,1.8212082773188445,0.6024096385542169,0.996
2023-03-15,QQQ,ensemble,,-0.004174443846834586,-0.03737960216541178,0.029030714471742606,524.654253199629,447.73165332792746,524.654253199629,447.73165332792746,85.10928605136829,2355.3673481735955,0.00949282333917979,0.011894891939536715,1.8212082773188445,0.6024096385542169,0.996
2023-03-16,QQQ,ensemble,,-0.0036847909527099347,-0.03688994927128712,0.029520367365867255,538.48450837073,446.08489163206906,538.48450837073,446.08489163206906,82.0268144783052,2425.9351263119556,0.00949282333917979,0.011894891939536715,1.8212082773188445,0.6024096385542169,0.996
2023-03-17,QQQ,ensemble,,-0.006130203741287293,-0.03933536205986449,0.027074954577289898,535.9395811628556,443.35866506011064,535.9395811628556,443.35866506011064,78.86289493537464,2492.5144587319915,0.00949282333917979,0.011894891939536715,1.8212082773188445,0.6024096385542169,0.996
2023-03-20,QQQ,ensemble,,-0.0029816577858377174,-0.03618681610441491,0.030223500532739474,537.0102245512927,442.0386900792674,537.0102245512927,442.0386900792674,76.06011553356173,2568.9969329690866,0.00949282333917979,0.011894891939536715,1.8212082773188445,0.6024096385542169,0.996
2023-03-21,QQQ,ensemble,,-0.0025914764399330155,-0.03579663475851021,0.030613681878644175,544.6800354798359,440.8946402577301,544.6800354798359,440.8946402577301,73.38557472836553,2648.8595957381904,0.00949282333917979,0.011894891939536715,1.8212082773188445,0.6024096385542169,0.996
2023-03-22,QQQ,ensemble,,-0.0010050867817228259,-0.03421024510030002,0.03220007153685436,537.2734799544728,440.4517255038429,537.2734799544728,440.4517255038429,70.91749376080277,2735.5411508709867,0.00949282333917979,0.011894891939536715,1.8212082773188445,0.6024096385542169,0.996
2023-03-23,QQQ,ensemble,,0.0006630427555759441,-0.032542115563001246,0.033868201074153136,543.6445285195748,440.7438606679687,543.6445285195748,440.7438606679687,68.64683488524821,2829.7757797752447,0.00949282333917979,0.011894891939536715,1.8212082773188445,0.6024096385542169,0.996
2023-03-24,QQQ,ensemble,,-0.0012310541061410236,-0.03443621242471821,0.03197410421243617,545.6453767070009,440.201614963918,545.6453767070009,440.201614963918,66.32313719620227,2921.7173675544614,0.00949282333917979,0.011894891939536715,1.8212082773188445,0.6024096385542169,0.996
2023-03-27,QQQ,ensemble,,-0.0009077100594944886,-0.03411286837807168,0.0322974482590827,541.9069892969572,439.80222082427167,541.9069892969572,439.80222082427167,64.0988193739325,3017.621780419613,0.00949282333917979,0.011894891939536715,1.8212082773188445,0.6024096385542169,0.996
2023-03-28,QQQ,ensemble,,0.0012612658179225167,-0.03194389250065467,0.03446642413649971,539.0285873911785,440.35727829597005,539.0285873911785,440.35727829597005,62.0836117256441,3123.441551776482,0.00949282333917979,0.011894891939536715,1.8212082773188445,0.6024096385542169,0.996
2023-03-29,QQQ,ensemble,,-0.00011407845285803979,-0.03331923677143523,0.03309107986571915,548.8571997490557,440.30704588422964,548.8571997490557,440.30704588422964,60.04911531722117,3228.528740700665,0.00949282333917979,0.011894891939536715,1.8212082773188445,0.6024096385542169,0.996
2023-03-30,QQQ,ensemble,,-0.0020664242617596464,-0.03527158258033684,0.031138734056817545,554.0523027644484,439.398124154381,554.0523027644484,439.398124154381,57.96800575323504,3330.6426364273193,0.00949282333917979,0.011894891939536715,1.8212082773188445,0.6024096385542169,0.996
2023-03-31,QQQ,ensemble,,-0.0011426695629304135,-0.03434782788150761,0.032062488755646774,563.2666168071531,438.8963240423582,563.2666168071531,438.8963240423582,56.01073705712681,3439.161728249108,0.00949282333917979,0.011894891939536715,1.8212082773188445,0.6024096385542169,0.996
2023-04-03,QQQ,ensemble,,-0.0036197418257361107,-0.036824900144313305,0.02958541649284108,561.8976351489879,437.310504521205,561.8976351489879,437.310504521205,53.98566267945749,3542.430857987064,0.00949282333917979,0.011894891939536715,1.8212082773188445,0.6024096385542169,0.996
2023-04-04,QQQ,ensemble,,-0.0010576108886345683,-0.03426276920721176,0.03214754742994262,560.0021426844622,436.8482446585292,560.0021426844622,436.8482446585292,52.167293445422644,3658.1615847272383,0.00949282333917979,0.011894891939536715,1.8212082773188445,0.6024096385542169,0.996
2023-04-05,QQQ,ensemble,,0.00120570282976555,-0.03199945548881164,0.03441086114834274,554.473564971165,437.37527147831037,554.473564971165,437.37527147831037,50.52439458223946,3786.232960977848,0.00949282333917979,0.011894891939536715,1.8212082773188445,0.6024096385542169,0.996
2023-04-06,QQQ,ensemble,,-0.00015857295247902734,-0.03336373127105622,0.03304658536609816,558.2118988195803,437.30592108886407,558.2118988195803,437.30592108886407,48.866522442964474,3913.4454235532144,0.00949282333917979,0.011894891939536715,1.8212082773188445,0.6024096385542169,0.996
2023-04-10,QQQ,ensemble,,-0.0007342739445470158,-0.03393943226312421,0.03247088437403017,557.895992335764,436.9849366049058,557.895992335764,436.9849366049058,47.23584900593291,4042.604056838463,0.00949282333917979,0.011894891939536715,1.8212082773188445,0.6024096385542169,0.996
2023-04-11,QQQ,ensemble,,2.510707296868878e-05,-0.0331800512456085,0.03323026539154588,554.3155581676286,436.9959081553265,554.3155581676286,436.9959081553265,45.69427725591493,4179.197816719573,0.00949282333917979,0.011894891939536715,1.8212082773188445,0.6024096385542169,0.996
2023-04-12,QQQ,ensemble,,0.001976281336696818,-0.03122887698188037,0.03518143965527401,549.4188469835923,437.860388960101,549.4188469835923,437.860388960101,44.28934765662185,4328.844978858611,0.00949282333917979,0.011894891939536715,1.8212082773188445,0.6024096385542169,0.996
2023-04-13,QQQ,ensemble,,6.361128036020942e-05,-0.03314154703821698,0.0332687695989374,560.1776641404584,437.88824270595853,560.1776641404584,437.88824270595853,42.84558654171213,4475.282720507021,0.00949282333917979,0.011894891939536715,1.8212082773188445,0.6024096385542169,0.996
2023-04-14,QQQ,ensemble,,-0.003379501252446039,-0.03658465957102323,0.02982565706613115,559.1245889661094,436.4108965938878,559.1245889661094,436.4108965938878,41.306421919936156,4610.771444571915,0.00949282333917979,0.011894891939536715,1.8212082773188445,0.6024096385542169,0.996
2023-04-17,QQQ,ensemble,,8.279223577826277e-05,-0.03312236608279893,0.033287950554355454,559.5984486918338,436.44702952347717,559.5984486918338,436.44702952347717,39.960665836860464,4766.837728818799,0.00949282333917979,0.011894891939536715,1.8212082773188445,0.6024096385542169,0.996
2023-04-18,QQQ,ensemble,,-0.0009031784840059209,-0.034108336802583114,0.03230197983457127,559.6335315583817,436.05301791519076,559.6335315583817,436.05301791519076,38.62065663914603,4923.329921848528,0.00949282333917979,0.011894891939536715,1.8212082773188445,0.6024096385542169,0.996
2023-04-19,QQQ,ensemble,,-0.002317099127351234,-0.03552225744592843,0.030888059191225958,559.3702761552015,435.0438095173818,559.3702761552015,435.0438095173818,37.27284412578547,5077.775003181557,0.00949282333917979,0.011894891939536715,1.8212082773188445,0.6024096385542169,0.996
2023-04-20,QQQ,ensemble,,0.00016601304493416848,-0.033039145273643024,0.03337117136351136,555.1053779387976,435.11603846018704,555.1053779387976,435.11603846018704,36.06150225224552,5250.085412442789,0.00949282333917979,0.011894891939536715,1.8212082773188445,0.6024096385542169,0.996
2023-04-21,QQQ,ensemble,,0.0008838019579855193,-0.03232135636059167,0.03408896027656271,555.684539825794,435.500764852856,555.684539825794,435.500764852856,34.9145804654477,5432.140774972665,0.00949282333917979,0.011894891939536715,1.8212082773188445,0.6024096385542169,0.996
2023-04-24,QQQ,ensemble,,-0.003725753141672237,-0.036930911460249426,0.029479405176904953,554.5262160518012,433.88121540417336,554.5262160518012,433.88121540417336,33.648672627628066,5594.660780943644,0.00949282333917979,0.011894891939536715,1.8212082773188445,0.6024096385542169,0.996
2023-04-25,QQQ,ensemble,,-0.0004875062532205131,-0.033692664571797704,0.03271765206535668,544.0657371646631,433.6697471487455,544.0657371646631,433.6697471487455,32.533845397711865,5780.732258759794,0.00949282333917979,0.011894891939536715,1.8212082773188445,0.6024096385542169,0.996
2023-04-26,QQQ,ensemble,,-0.0008212870451194888,-0.03402644536369668,0.0323838712734577,547.3653477155303,433.31372602133354,547.3653477155303,433.31372602133354,31.44545630018601,5970.998905726823,0.00949282333917979,0.011894891939536715,1.8212082773188445,0.6024096385542169,0.996
2023-04-27,QQQ,ensemble,,-0.0008839321508245513,-0.03408909046940174,0.03232122616775264,562.2486780609804,432.9308753194598,562.2486780609804,432.9308753194598,30.39157428985017,6167.141623442293,0.00949282333917979,0.011894891939536715,1.8212082773188445,0.6024096385542169,0.996
2023-04-28,QQQ,ensemble,,-0.0035966000048426655,-0.03680175832341986,0.029608558313734525,566.127450498844,431.3765928727724,566.127450498844,431.3765928727724,29.293441464190522,6352.47193833474,0.00949282333917979,0.011894891939536715,1.8212082773188445,0.6024096385542169,0.996
2023-05-01,QQQ,ensemble,,-0.004851809379642384,-0.038056967698219576,0.028353348938934805,565.4780693171235,429.2887049860782,565.4780693171235,429.2887049860782,28.199568670537957,6535.163511956951,0.00949282333917979,0.011894891939536715,1.8212082773188445,0.6024096385542169,0.996
2023-05-02,QQQ,ensemble,,-0.001979943962636099,-0.03518510228121329,0.03122521435594109,560.5462217049109,428.43957829543945,560.5462217049109,428.43957829543945,27.22461643936524,6742.444752483492,0.00949282333917979,0.011894891939536715,1.8212082773188445,0.6024096385542169,0.996
2023-05-03,QQQ,ensemble,,-0.0008767479009098227,-0.034081906219487014,0.03232841041766737,556.8780535895914,428.0641094143304,556.8780535895914,428.0641094143304,26.312383238877054,6963.97890320877,0.00949282333917979,0.011894891939536715,1.8212082773188445,0.6024096385542169,0.996
2023-05-04,QQQ,ensemble,,-0.0004733517033459028,-0.0336785100219231,0.032731806615231285,554.9123418303417,427.861532487847,554.9123418303417,427.861532487847,25.440977562523443,7195.694054324342,0.00949282333917979,0.011894891939536715,1.8212082773188445,0.6024096385542169,0.996
2023-05-05,QQQ,ensemble,,-0.001331656463452716,-0.034536814782029905,0.03187350185512448,566.7066659474688,427.29214710964766,566.7066659474688,427.29214710964766,24.57732694778972,7428.740292605024,0.00949282333917979,0.011894891939536715,1.8212082773188445,0.6024096385542169,0.996
2023-05-08,QQQ,ensemble,,-0.0021840780575035834,-0.035389236376080775,0.031021080261073607,568.1107304721819,426.35992609930173,568.1107304721819,426.35992609930173,23.72276445775926,7662.79945607032,0.00949282333917979,0.011894891939536715,1.8212082773188445,0.6024096385542169,0.996
2023-05-09,QQQ,ensemble,,-0.00018366398774747282,-0.033388822306324666,0.033021494330829716,564.5127816515867,426.28162632570303,564.5127816515867,426.28162632570303,22.94376657012063,7920.060744495749,0.00949282333917979,0.011894891939536715,1.8212082773188445,0.6024096385542169,0.996
2023-05-10,QQQ,ensemble,,0.0005114484915907705,-0.03269370982698642,0.033716606810167964,570.6556576800565,426.4997031832664,570.6556576800565,426.4997031832664,22.205779229267048,8191.651143485604,0.00949282333917979,0.011894891939536715,1.8212082773188445,0.6024096385542169,0.996
2023-05-11,QQQ,ensemble,,-0.003024373089045878,-0.03622953140762307,0.030180785229531312,572.5160672780343,425.21175755424156,572.5160672780343,425.21175755424156,21.41567325893131,8442.650229871393,0.00949282333917979,0.011894891939536715,1.8212082773188445,0.6024096385542169,0.996
2023-05-12,QQQ,ensemble,,-0.0014865488543709961,-0.034691707172948186,0.031718609464206196,570.4625680099722,424.58012909278295,570.4625680099722,424.58012909278295,20.685466289589154,8714.73156547464,0.00949282333917979,0.011894891939536715,1.8212082773188445,0.6024096385542169,0.996
2023-05-15,QQQ,ensemble,,-0.002144273054895389,-0.03534943137347258,0.031060885263681802,573.5515742382952,423.67068875499115,573.5515742382952,423.67068875499115,19.967019964678805,8989.666601608766,0.00949282333917979,0.011894891939536715,1.8212082773188445,0.6024096385542169,0.996
2023-05-16,QQQ,ensemble,,-0.0018762042492999997,-0.03508136256787719,0.031328954069277194,574.2009554200158,422.8765412328823,574.2009554200158,422.8765412328823,19.27869399655501,9275.761582036648,0.00949282333917979,0.011894891939536715,1.8212082773188445,0.6024096385542169,0.996
2023-05-17,QQQ,ensemble,,-0.0003464733443326073,-0.033551631662909795,0.03285868497424459,581.1511658721143,422.7300511623193,581.1511658721143,422.7300511623193,18.642593138561782,9585.613698024586,0.00949282333917979,0.011894891939536715,1.8212082773188445,0.6024096385542169,0.996
2023-05-18,QQQ,ensemble,,-0.0013223028190211391,-0.03452746113759833,0.03188285549955605,591.9450658955285,422.17144342966526,591.9450658955285,422.17144342966526,18.00989727362595,9896.154594312355,0.00949282333917979,0.011894891939536715,1.8212082773188445,0.6024096385542169,0.996
2023-05-19,QQQ,ensemble,,-0.002702758034795881,-0.03590791635337307,0.03050240028378131,590.6112206655395,421.03195674092916,590.6112206655395,421.03195674092916,17.374672441167643,10202.661903258448,0.00949282333917979,0.011894891939536715,1.8212082773188445,0.6024096385542169,0.996
2023-05-22,QQQ,ensemble,,-0.0004882535643798095,-0.033693411882957,0.03271690475419738,592.5945006388774,420.82643656439484,592.5945006388774,420.82643656439484,16.799012872326312,10541.981904378563,0.00949282333917979,0.011894891939536715,1.8212082773188445,0.6024096385542169,0.996
2023-05-23,QQQ,ensemble,,-0.002612697323154451,-0.03581785564173164,0.03059246099542274,585.0825893906141,419.7283795300361,585.0825893906141,419.7283795300361,16.207956626400314,10869.470880490418,0.00949282333917979,0.011894891939536715,1.8212082773188445,0.6024096385542169,0.996
2023-05-24,QQQ,ensemble,,-0.0003201541838800245,-0.033525312502457216,0.032885004134697166,582.0813706711033,419.5940232417479,582.0813706711033,419.5940232417479,15.673587313847335,11232.855683564621,0.00949282333917979,0.011894891939536715,1.8212082773188445,0.6024096385542169,0.996
2023-05-25,QQQ,ensemble,,-0.0008965532150008624,-0.03410171153357806,0.032308605103576325,596.2451005401086,419.218003457276,596.2451005401086,419.218003457276,15.14810205796364,11601.699919252445,0.00949282333917979,0.011894891939536715,1.8212082773188445,0.6024096385542169,0.996
2023-05-26,QQQ,ensemble,,-0.0053323700340604,-0.03853752835263759,0.02787278828451679,611.4794202359229,416.9885274162907,611.4794202359229,416.9885274162907,14.575437064401108,11929.620444898206,0.00949282333917979,0.011894891939536715,1.8212082773188445,0.6024096385542169,0.996
2023-05-30,QQQ,ensemble,,-0.005747736011899126,-0.038952894330476315,0.027457422306678067,614.2525199804297,414.59866217734884,614.2525199804297,414.59866217734884,14.018597272663317,12261.715443844158,0.00949282333917979,0.011894891939536715,1.8212082773188445,0.6024096385542169,0.996
2023-05-31,QQQ,ensemble,,-0.00453103520317721,-0.037736193521754405,0.02867412311539998,610.7598197594782,412.72435053652373,610.7598197594782,412.72435053652373,13.499445779086347,12618.398733797803,0.00949282333917979,0.011894891939536715,1.8212082773188445,0.6024096385542169,0.996
2023-06-01,QQQ,ensemble,,-0.0038468394966765943,-0.037051997815253784,0.029358318821900597,617.815385934477,411.13971607499775,617.815385934477,411.13971607499775,13.008417310877741,12994.345283870973,0.00949282333917979,0.011894891939536715,1.8212082773188445,0.6024096385542169,0.996
2023-06-02,QQQ,ensemble,,-0.0011871258536745924,-0.034392284172251784,0.0320180324649026,622.4488417153333,410.65193107694876,622.4488417153333,410.65193107694876,12.568634049722798,13417.130917336737,0.00949282333917979,0.011894891939536715,1.8212082773188445,0.6024096385542169,0.996
2023-06-05,QQQ,ensemble,,-0.002307743882986142,-0.035512902201563334,0.030897414435591047,622.8876185745096,409.70534425504513,622.8876185745096,409.70534425504513,12.130117953368295,13838.156377080733,0.00949282333917979,0.011894891939536715,1.8212082773188445,0.6024096385542169,0.996
2023-06-06,QQQ,ensemble,,-0.0033894645784815353,-0.036594622897058726,0.029815693740095656,622.7823164132375,408.31901329016273,622.7823164132375,408.31901329016273,11.694244808980596,14256.963090614965,0.00949282333917979,0.011894891939536715,1.8212082773188445,0.6024096385542169,0.996
2023-06-07,QQQ,ensemble,,-0.002283686171279941,-0.03548884448985713,0.03092147214729725,612.2165889264556,407.3876047332538,612.2165889264556,407.3876047332538,11.28650743084419,14704.695983873924,0.00949282333917979,0.011894891939536715,1.8212082773188445,0.6024096385542169,0.996
2023-06-08,QQQ,ensemble,,0.001416021086725546,-0.031789137231851644,0.03462117940530274,619.8161805602747,407.96488279452143,619.8161805602747,407.96488279452143,10.933361931371852,15222.705206161982,0.00949282333917979,0.011894891939536715,1.8212082773188445,0.6024096385542169,0.996
2023-06-09,QQQ,ensemble,,-0.001990926799997411,-0.035196085118574603,0.03121423151857978,622.1855863121531,407.15346258305544,622.1855863121531,407.15346258305544,10.555243569715481,15705.363973693684,0.00949282333917979,0.011894891939536715,1.8212082773188445,0.6024096385542169,0.996
2023-06-12,QQQ,ensemble,,6.717830027053181e-05,-0.03313798001830666,0.03327233661884772,632.6986627182988,407.18081537936797,632.6986627182988,407.18081537936797,10.211196121318832,16236.708652266425,0.00949282333917979,0.011894891939536715,1.8212082773188445,0.6024096385542169,0.996
2023-06-13,QQQ,ensemble,,-0.0034250761715142,-0.03663023449009139,0.02978008214706299,637.5603445974156,405.78857569564434,637.5603445974156,405.78857569564434,9.843925286656953,16727.5109643808,0.00949282333917979,0.011894891939536715,1.8212082773188445,0.6024096385542169,0.996
2023-06-14,QQQ,ensemble,,-0.0036175638358056355,-0.03682272215438283,0.029587594482771554,642.1938003782718,404.3232616507915,642.1938003782718,404.3232616507915,9.488037746717735,17229.832371660534,0.00949282333917979,0.011894891939536715,1.8212082773188445,0.6024096385542169,0.996
2023-06-15,QQQ,ensemble,,-0.0034361843173032745,-0.03664134263588047,0.029768974001273915,649.8460966543552,402.93631666397243,649.8460966543552,402.93631666397243,9.146675482100301,17750.457595708605,0.00949282333917979,0.011894891939536715,1.8212082773188445,0.6024096385542169,0.996
2023-06-16,QQQ,ensemble,,-0.004814917991241196,-0.038020076309818386,0.028390240327335996,645.7566663323191,401.0008745801793,645.7566663323191,401.0008745801793,8.805446070112252,18261.61901778801,0.00949282333917979,0.011894891939536715,1.8212082773188445,0.6024096385542169,0.996
2023-06-20,QQQ,ensemble,,-0.0024791627826025193,-0.03568432110117971,0.030725995535974673,643.9489078149775,400.0079594438138,643.9489078149775,400.0079594438138,8.496769908970817,18831.434690195656,0.00949282333917979,0.011894891939536715,1.8212082773188445,0.6024096385542169,0.996
2023-06-21,QQQ,ensemble,,-0.001359859171148726,-0.034565017489725916,0.031845299147428466,635.1733706314493,399.4643746347927,635.1733706314493,399.4643746347927,8.20809664686704,19440.778230026455,0.00949282333917979,0.011894891939536715,1.8212082773188445,0.6024096385542169,0.996
2023-06-22,QQQ,ensemble,,-0.00026178487144258827,-0.03346694319001978,0.032943373447134605,642.6677136656247,399.3598145915489,642.6677136656247,399.3598145915489,7.937942572936992,20091.889056283067,0.00949282333917979,0.011894891939536715,1.8212082773188445,0.6024096385542169,0.996
2023-06-23,QQQ,ensemble,,-0.0028053543154610916,-0.03601051263403828,0.0303998040031161,636.2966651005227,398.24103882720357,636.2966651005227,398.24103882720357,7.657178755668972,20712.05728203146,0.00949282333917979,0.011894891939536715,1.8212082773188445,0.6024096385542169,0.996
2023-06-26,QQQ,ensemble,,-0.00019014340063437505,-0.03339530171921157,0.033015014917942814,627.7668151060865,398.1653231204579,627.7668151060865,398.1653231204579,7.405687644022669,21407.279398770876,0.00949282333917979,0.011894891939536715,1.8212082773188445,0.6024096385542169,0.996
2023-06-27,QQQ,ensemble,,-0.00039523699733533615,-0.03360039531591253,0.03280992132124185,638.5607151295005,398.00798454876525,638.5607151295005,398.00798454876525,7.160987641491536,22121.299979170934,0.00949282333917979,0.011894891939536715,1.8212082773188445,0.6024096385542169,0.996
2023-06-28,QQQ,ensemble,,-0.0027243458837543197,-0.035929504202331514,0.03048081243482287,639.806879973934,396.9251488136366,639.806879973934,396.9251488136366,6.908264206547707,22805.956612284856,0.00949282333917979,0.011894891939536715,1.8212082773188445,0.6024096385542169,0.996
2023-06-29,QQQ,ensemble,,-0.0030977816468122617,-0.036302939965389455,0.03010737667176493,638.5256322629526,395.6974639041381,638.5256322629526,395.6974639041381,6.661971528514689,23503.024933382723,0.00949282333917979,0.011894891939536715,1.8212082773188445,0.6024096385542169,0.996
2023-06-30,QQQ,ensemble,,-0.0025340003879662674,-0.035739158706543456,0.030671157930610923,648.371812834918,394.69603572264856,648.371812834918,394.69603572264856,6.428082661179896,24235.058698915258,0.00949282333917979,0.011894891939536715,1.8212082773188445,0.6024096385542169,0.996
2023-07-03,QQQ,ensemble,,-0.0037424262085441204,-0.03694758452712131,0.02946273211003307,649.8987477349914,393.2216754971195,649.8987477349914,393.2216754971195,6.194914557496326,24959.712461837873,0.00949282333917979,0.011894891939536715,1.8212082773188445,0.6024096385542169,0.996
2023-07-05,QQQ,ensemble,,-0.002310476525955599,-0.03551563484453279,0.030894681792621594,649.8811795209033,392.3141948065036,649.8811795209033,392.3141948065036,5.978759398347643,25742.870249840067,0.00949282333917979,0.011894891939536715,1.8212082773188445,0.6024096385542169,0.996
2023-07-06,QQQ,ensemble,,-0.0017323532671519736,-0.034937511585729164,0.03147280505142522,644.9317636946025,391.6351563664295,644.9317636946025,391.6351563664295,5.773483222084762,26565.95504001031,0.00949282333917979,0.011894891939536715,1.8212082773188445,0.6024096385542169,0.996
2023-07-07,QQQ,ensemble,,-0.0011602032152890924,-0.03436536153386628,0.0320449551032881,642.7905304793564,391.18104348134665,642.7905304793564,391.18104348134665,5.578445843063988,27431.04676178173,0.00949282333917979,0.011894891939536715,1.8212082773188445,0.6024096385542169,0.996
2023-07-10,QQQ,ensemble,,0.0003124077581076443,-0.032892750560469544,0.03351756607668484,643.0011348019007,391.30327056550544,643.0011348019007,391.30327056550544,5.397940350777155,28366.050679536736,0.00949282333917979,0.011894891939536715,1.8212082773188445,0.6024096385542169,0.996
2023-07-11,QQQ,ensemble,,-0.0012752596849429593,-0.03448041800352015,0.031929898633634234,646.177928539036,390.8045753305162,646.177928539036,390.8045753305162,5.214989350112266,29286.390795021878,0.00949282333917979,0.011894891939536715,1.8212082773188445,0.6024096385542169,0.996
2023-07-12,QQQ,ensemble,,-0.0028279372137224538,-0.03603309553229964,0.03037722110485474,654.3391674073916,389.70096573345523,654.3391674073916,389.70096573345523,5.030422369942656,30189.680214728927,0.00949282333917979,0.011894891939536715,1.8212082773188445,0.6024096385542169,0.996
2023-07-13,QQQ,ensemble,,-0.004075416143000083,-0.03728057446157727,0.02912974217557711,665.448973914622,388.11600400978045,665.448973914622,388.11600400978045,4.846338039179178,31082.03170120437,0.00949282333917979,0.011894891939536715,1.8212082773188445,0.6024096385542169,0.996
2023-07-14,QQQ,ensemble,,-0.003738210369427868,-0.03694336868800506,0.029466947949149322,665.308588886802,386.66785317168734,665.308588886802,386.66785317168734,4.670564804914604,32011.55211872392,0.00949282333917979,0.011894891939536715,1.8212082773188445,0.6024096385542169,0.996
2023-07-17,QQQ,ensemble,,-0.0027492734297111234,-0.035954431748288315,0.030455884888866067,671.5216306483676,385.60625749390687,671.5216306483676,385.60625749390687,4.505620312707483,33001.49047159859,0.00949282333917979,0.011894891939536715,1.8212082773188445,0.6024096385542169,0.996
2023-07-18,QQQ,ensemble,,-0.0030421179013837194,-0.03624727621996091,0.030163040417193473,677.0151254951169,384.43498028008565,677.0151254951169,384.43498028008565,4.345228296289102,34012.08037542357,0.00949282333917979,0.011894891939536715,1.8212082773188445,0.6024096385542169,0.996
2023-07-19,QQQ,ensemble,,-0.002357412513251272,-0.03556257083182846,0.03084774580532592,676.8571722532088,383.52977583639796,676.8571722532088,383.52977583639796,4.193416220417978,35077.626741868204,0.00949282333917979,0.011894891939536715,1.8212082773188445,0.6024096385542169,0.996
2023-07-20,QQQ,ensemble,,-0.0020093500336328457,-0.03521450835221004,0.031195808284944344,661.2542949929423,382.7599039984526,661.2542949929423,382.7599039984526,4.048316924119366,36189.14893644943,0.00949282333917979,0.011894891939536715,1.8212082773188445,0.6024096385542169,0.996
2023-07-21,QQQ,ensemble,,-0.0010218743664003626,-0.03422703268497755,0.03218328395217683,659.2710150196043,382.3689712401716,659.2710150196043,382.3689712401716,3.912099505311002,37372.77898192011,0.00949282333917979,0.011894891939536715,1.8212082773188445,0.6024096385542169,0.996
2023-07-24,QQQ,ensemble,,-0.0020639876914482404,-0.03526914601002543,0.03114117062712895,660.3240901939533,381.5805802844363,660.3240901939533,381.5805802844363,3.776527897054298,38554.92219818588,0.00949282333917979,0.011894891939536715,1.8212082773188445,0.6024096385542169,0.996
2023-07-25,QQQ,ensemble,,-0.001019040015401768,-0.03422419833397896,0.03218611830317542,664.7995927329014,381.1919324615003,664.7995927329014,381.1919324615003,3.6494659558472153,39816.041889888,0.00949282333917979,0.011894891939536715,1.8212082773188445,0.6024096385542169,0.996
2023-07-26,QQQ,ensemble,,-0.0019216715165101272,-0.03512682983508732,0.031283486802067065,662.5881402229312,380.4601101688005,662.5881402229312,380.4601101688005,3.523497180506988,41081.3143914104,0.00949282333917979,0.011894891939536715,1.8212082773188445,0.6024096385542169,0.996
2023-07-27,QQQ,ensemble,,-0.0014703024271708468,-0.03467546074574804,0.031734855891406344,661.0085542422217,379.90112978118776,661.0085542422217,379.90112978118776,3.403412323349092,42405.93107655008,0.00949282333917979,0.011894891939536715,1.8212082773188445,0.6024096385542169,0.996
2023-07-28,QQQ,ensemble,,-0.003273673859749003,-0.0364788321783262,0.02993148445882819,673.0486191100692,378.6594908526664,673.0486191100692,378.6594908526664,3.2814969998316594,43694.39009700633,0.00949282333917979,0.011894891939536715,1.8212082773188445,0.6024096385542169,0.996
2023-07-31,QQQ,ensemble,,-0.00244621538969563,-0.03565137370827282,0.03075894292888156,673.3996084604335,377.7343401989112,673.3996084604335,377.7343401989112,3.166567985425423,45059.26682206932,0.00949282333917979,0.011894891939536715,1.8212082773188445,0.6024096385542169,0.996
2023-08-01,QQQ,ensemble,,-0.0029009150881913253,-0.03610607340676852,0.030304243230385865,671.8375906938121,376.6401527918064,671.8375906938121,376.6401527918064,3.0542750762491973,46445.65441998225,0.00949282333917979,0.011894891939536715,1.8212082773188445,0.6024096385542169,0.996
2023-08-02,QQQ,ensemble,,-0.0016593616849296983,-0.03486452000350689,0.03154579663364749,657.0946989378103,376.01568880235396,657.0946989378103,376.01568880235396,2.94962414436675,47934.17442542087,0.00949282333917979,0.011894891939536715,1.8212082773188445,0.6024096385542169,0.996
2023-08-03,QQQ,ensemble,,0.0016280736496764206,-0.03157708466890077,0.03483323196825361,656.0416237634613,376.6283686457804,656.0416237634613,376.6283686457804,2.8579388090709243,49633.297822389286,0.00949282333917979,0.011894891939536715,1.8212082773188445,0.6024096385542169,0.996
2023-08-04,QQQ,ensemble,,-0.0016380367423184379,-0.03484319506089563,0.03156712157625875,652.9701857492264,376.0119425418738,652.9701857492264,376.0119425418738,2.760073952669371,51225.069820094686,0.00949282333917979,0.011894891939536715,1.8212082773188445,0.6024096385542169,0.996
2023-08-07,QQQ,ensemble,,-0.0015507080537704725,-0.03475586637234766,0.03165445026480672,658.4987634625235,375.4293096577677,658.4987634625235,375.4293096577677,2.6657930882703784,52872.50806159051,0.00949282333917979,0.011894891939536715,1.8212082773188445,0.6024096385542169,0.996
2023-08-08,QQQ,ensemble,,-0.0016875657476480988,-0.03489272406622529,0.03151759257092909,652.8999664545022,374.7962823019996,652.8999664545022,374.7962823019996,2.574380398904429,54565.460989052095,0.00949282333917979,0.011894891939536715,1.8212082773188445,0.6024096385542169,0.996
2023-08-09,QQQ,ensemble,,-0.0022913544729517826,-0.035496512791528975,0.030913803845625407,645.7215834657715,373.9384743105031,645.7215834657715,373.9384743105031,2.4846017138477983,56278.630812468444,0.00949282333917979,0.011894891939536715,1.8212082773188445,0.6024096385542169,0.996
2023-08-10,QQQ,ensemble,,-5.189892485843445e-05,-0.033257057243435625,0.033153259393718756,646.9150436679405,373.91906780931583,646.9150436679405,373.91906780931583,2.403330090549657,58175.72451706408,0.00949282333917979,0.011894891939536715,1.8212082773188445,0.6024096385542169,0.996
2023-08-11,QQQ,ensemble,,-7.420633557608997e-05,-0.03327936465415328,0.0331309519830011,642.7905304793566,373.8913216749739,642.7905304793566,373.8913216749739,2.3246650140674805,60135.4257830288,0.00949282333917979,0.011894891939536715,1.8212082773188445,0.6024096385542169,0.996
2023-08-14,QQQ,ensemble,,-0.0006597301401273612,-0.03386488845870455,0.03254542817844983,650.0040498962635,373.64473564999304,650.0040498962635,373.64473564999304,2.2472585704834493,62124.7551628733,0.00949282333917979,0.011894891939536715,1.8212082773188445,0.6024096385542169,0.996
2023-08-15,QQQ,ensemble,,-0.0004999510622785345,-0.033705109380855726,0.032705207256298656,643.1064905248011,373.45797825615875,643.1064905248011,373.45797825615875,2.172776734794741,64190.14861936698,0.00949282333917979,0.011894891939536715,1.8212082773188445,0.6024096385542169,0.996
2023-08-16,QQQ,ensemble,,0.0002997864941286371,-0.032905371824448554,0.03350494481270583,636.2966651005227,373.5699526975385,636.2966651005227,373.5699526975385,2.102444213339108,66377.27111760082,0.00949282333917979,0.011894891939536715,1.8212082773188445,0.6024096385542169,0.996
2023-08-17,QQQ,ensemble,,-0.0008844557353834353,-0.034089614053960625,0.03232070258319376,629.3464010867958,373.23969268201984,629.3464010867958,373.23969268201984,2.031980564528309,68557.6774823663,0.00949282333917979,0.011894891939536715,1.8212082773188445,0.6024096385542169,0.996
2023-08-18,QQQ,ensemble,,0.0011892445583792772,-0.03201591376019791,0.03439440287695647,628.5566348772552,373.68382999711025,628.5566348772552,373.68382999711025,1.9679552335858117,70956.69780397984,0.00949282333917979,0.011894891939536715,1.8212082773188445,0.6024096385542169,0.996
2023-08-21,QQQ,ensemble,,-0.0013934230888230283,-0.03459858140740022,0.03181173522975416,638.6835855048606,373.1634929295062,638.6835855048606,373.1634929295062,1.9010311886244788,73250.24086327941,0.00949282333917979,0.011894891939536715,1.8212082773188445,0.6024096385542169,0.996
2023-08-22,QQQ,ensemble,,-0.002379493579656719,-0.03558465189823391,0.030825664738920473,637.7709489199599,372.27660838042425,637.7709489199599,372.27660838042425,1.8345731119519797,75543.39058189532,0.00949282333917979,0.011894891939536715,1.8212082773188445,0.6024096385542169,0.996
2023-08-23,QQQ,ensemble,,-0.0003756759835664902,-0.03358083430214368,0.0328294823350107,647.8276802528411,372.1367792662767,647.8276802528411,372.1367792662767,1.7739895329243927,78064.59954382357,0.00949282333917979,0.011894891939536715,1.8212082773188445,0.6024096385542169,0.996
2023-08-24,QQQ,ensemble,,-0.0029804577065150706,-0.03618561602509226,0.03022470061206212,633.9799104292803,371.0292925631032,633.9799104292803,371.0292925631032,1.7109441755434878,80460.09794337538,0.00949282333917979,0.011894891939536715,1.8212082773188445,0.6024096385542169,0.996
2023-08-25,QQQ,ensemble,,0.0003483879755291356,-0.032856770343048056,0.033553546294106326,638.8941898274048,371.1585772265047,638.8941898274048,371.1585772265047,1.655641583136865,83205.62303575287,0.00949282333917979,0.011894891939536715,1.8212082773188445,0.6024096385542169,0.996
2023-08-28,QQQ,ensemble,,-0.0017710154279697594,-0.03497617374654695,0.03143414289060743,643.7032206258856,370.50183138517855,643.7032206258856,370.50183138517855,1.5987345714595231,85862.66257722354,0.00949282333917979,0.011894891939536715,1.8212082773188445,0.6024096385542169,0.996
2023-08-29,QQQ,ensemble,,-0.0022017080744800637,-0.035406866393057256,0.031003450244097126,657.7615947719906,369.68699185995166,657.7615947719906,369.68699185995166,1.5431187904417407,88566.39734866841,0.00949282333917979,0.011894891939536715,1.8212082773188445,0.6024096385542169,0.996
2023-08-30,QQQ,ensemble,,-0.003066609539968396,-0.036271767858545585,0.030138548778608797,661.4297628873101,368.5550427140161,661.4297628873101,368.5550427140161,1.4881500765708375,91276.29104648593,0.00949282333917979,0.011894891939536715,1.8212082773188445,0.6024096385542169,0.996
2023-08-31,QQQ,ensemble,,-0.0041368643267245256,-0.03734202264530172,0.029068293991852664,663.413042860648,367.0335298214675,663.413042860648,367.0335298214675,1.4336043056115508,93968.47615893524,0.00949282333917979,0.011894891939536715,1.8212082773188445,0.6024096385542169,0.996
2023-09-01,QQQ,ensemble,,-0.0011535472258300092,-0.0343587055444072,0.03205161109274718,662.7110105982914,366.6103834179577,662.7110105982914,366.6103834179577,1.3851841083838168,97029.10422981867,0.00949282333917979,0.011894891939536715,1.8212082773188445,0.6024096385542169,0.996
2023-09-05,QQQ,ensemble,,-0.0014170692690884344,-0.03462222758766562,0.03178808904948876,663.5534814500963,366.09123902854145,663.5534814500963,366.09123902854145,1.3380466592179576,100163.02075129746,0.00949282333917979,0.011894891939536715,1.8212082773188445,0.6024096385542169,0.996
2023-09-06,QQQ,ensemble,,-0.0013349232862444574,-0.03454008160482165,0.03187023503233273,657.7089436913546,365.6028613545618,657.7089436913546,365.6028613545618,1.2926194641260544,103406.6528783199,0.00949282333917979,0.011894891939536715,1.8212082773188445,0.6024096385542169,0.996
2023-09-07,QQQ,ensemble,,-0.0008922059276547309,-0.03409736424623192,0.03231295239092246,653.0052686157743,365.2768137869087,653.0052686157743,365.2768137869087,1.249287498506741,106802.59816079144,0.00949282333917979,0.011894891939536715,1.8212082773188445,0.6024096385542169,0.996
2023-09-08,QQQ,ensemble,,0.0011983244336909338,-0.03200683388488626,0.03440348275226812,653.917905200675,365.7147962880855,653.917905200675,365.7147962880855,1.2099348966289778,110540.91637217138,0.00949282333917979,0.011894891939536715,1.8212082773188445,0.6024096385542169,0.996
2023-09-11,QQQ,ensemble,,2.0294535300156366e-05,-0.033184863783277035,0.033225452853877346,661.6228525573945,365.72221837524216,661.6228525573945,365.72221837524216,1.1704422746929568,114275.3845322236,0.00949282333917979,0.011894891939536715,1.8212082773188445,0.6024096385542169,0.996
2023-09-12,QQQ,ensemble,,-0.0025450529887092294,-0.03575021130728642,0.030660105329867963,654.2865163267556,364.79261939143873,654.2865163267556,364.79261939143873,1.129337839958303,117833.34486284474,0.00949282333917979,0.011894891939536715,1.8212082773188445,0.6024096385542169,0.996
2023-09-13,QQQ,ensemble,,-0.0019059628929705451,-0.03511112121154773,0.03129919542560665,656.7787388923658,364.09800036457233,656.7787388923658,364.09800036457233,1.0903735646846366,121579.75776661615,0.00949282333917979,0.011894891939536715,1.8212082773188445,0.6024096385542169,0.996
2023-09-14,QQQ,ensemble,,-0.0026666412280375446,-0.035871799546614735,0.030538517090539646,662.1493633637548,363.1283750217933,662.1493633637548,363.1283750217933,1.051953127667291,125349.89751717621,0.00949282333917979,0.011894891939536715,1.8212082773188445,0.6024096385542169,0.996
2023-09-15,QQQ,ensemble,,-0.002700523843909215,-0.03590568216248641,0.030504634474667974,650.8113843198922,362.14906111209285,650.8113843198922,362.14906111209285,1.0148520879439495,129232.56898458849,0.00949282333917979,0.011894891939536715,1.8212082773188445,0.6024096385542169,0.996
2023-09-18,QQQ,ensemble,,-0.0017317488054318403,-0.03493690712400903,0.03147340951314535,650.548128916712,361.5224526289673,650.548128916712,361.5224526289673,0.980008502423367,133364.64268592792,0.00949282333917979,0.011894891939536715,1.8212082773188445,0.6024096385542169,0.996
2023-09-19,QQQ,ensemble,,-0.0005391977508525099,-0.0337443560694297,0.03266596056772468,649.1615790444586,361.3275730796559,649.1615790444586,361.3275730796559,0.9474904819774714,137793.06235895058,0.00949282333917979,0.011894891939536715,1.8212082773188445,0.6024096385542169,0.996
2023-09-20,QQQ,ensemble,,-0.0020372445698896083,-0.0352424028884668,0.031167913748687583,639.8068799739339,360.5922097552533,639.8068799739339,360.5922097552533,0.9146801932539789,142155.4142039587,0.00949282333917979,0.011894891939536715,1.8212082773188445,0.6024096385542169,0.996
2023-09-21,QQQ,ensemble,,0.0004558939287677519,-0.03274926438980944,0.03366105224734494,628.0827215899026,360.75663903274835,628.0827215899026,360.75663903274835,0.8852102825823946,147021.96208852858,0.00949282333917979,0.011894891939536715,1.8212082773188445,0.6024096385542169,0.996
2023-09-22,QQQ,ensemble,,0.00024096487257877722,-0.032964193445998415,0.03344612319115597,628.1705090987149,360.8435791846454,628.1705090987149,360.8435791846454,0.8565057497134895,152022.433804258,0.00949282333917979,0.011894891939536715,1.8212082773188445,0.6024096385542169,0.996
2023-09-25,QQQ,ensemble,,-0.0008262737961959039,-0.034031432114773094,0.03237888452238129,631.1541596041375,360.5455467357973,631.1541596041375,360.5455467357973,0.8278480298080035,157025.30729119832,0.00949282333917979,0.011894891939536715,1.8212082773188445,0.6024096385542169,0.996
2023-09-26,QQQ,ensemble,,-0.00099659493343979,-0.03420175325201698,0.032208563385137404,621.6765901582526,360.18640785836374,621.6765901582526,360.18640785836374,0.8000128942965302,162165.19674972203,0.00949282333917979,0.011894891939536715,1.8212082773188445,0.6024096385542169,0.996
2023-09-27,QQQ,ensemble,,0.0008893448451255318,-0.03231581347345166,0.03409450316370272,623.1333593252301,360.50688026759667,623.1333593252301,360.50688026759667,0.7745730946236531,167789.47219102958,0.00949282333917979,0.011894891939536715,1.8212082773188445,0.6024096385542169,0.996
2023-09-28,QQQ,ensemble,,-0.0005730641368629539,-0.03377822245544015,0.032632094181714234,628.346030554711,360.3003458877982,628.346030554711,360.3003458877982,0.7488463404099961,173355.10937503146,0.00949282333917979,0.011894891939536715,1.8212082773188445,0.6024096385542169,0.996
2023-09-29,QQQ,ensemble,,-0.003507087912812485,-0.036712246231389675,0.029698070405764707,628.8023220663472,359.03895409859274,628.8023220663472,359.03895409859274,0.7218530333446599,178580.6315212389,0.00949282333917979,0.011894891939536715,1.8212082773188445,0.6024096385542169,0.996
2023-10-02,QQQ,ensemble,,-0.003010178271791935,-0.03621533659036913,0.030194980046785256,634.0501297240044,357.9598078663692,634.0501297240044,357.9598078663692,0.6961785930707494,184055.10500192308,0.00949282333917979,0.011894891939536715,1.8212082773188445,0.6024096385542169,0.996
2023-10-03,QQQ,ensemble,,-0.0036713200341796128,-0.0368764783527568,0.029533838284397578,622.9227550026859,356.6480322996843,622.9227550026859,356.6480322996843,0.6709735707253622,189572.02562498578,0.00949282333917979,0.011894891939536715,1.8212082773188445,0.6024096385542169,0.996
2023-10-04,QQQ,ensemble,,0.00011208554062076522,-0.03309307277795642,0.03331724385919796,631.3999003548578,356.68800962759434,631.3999003548578,356.68800962759434,0.6491323827761446,195994.43747974158,0.00949282333917979,0.011894891939536715,1.8212082773188445,0.6024096385542169,0.996
2023-10-05,QQQ,ensemble,,-0.004130942259555896,-0.03733610057813309,0.029074216059021295,629.53949075688,355.21759125286667,629.53949075688,355.21759125286667,0.6253431724373847,201776.46882060246,0.00949282333917979,0.011894891939536715,1.8212082773188445,0.6024096385542169,0.996
2023-10-06,QQQ,ensemble,,-0.0027008674948956063,-0.0359060258134728,0.030504290823681585,640.087703591202,354.25949004166625,640.087703591202,354.25949004166625,0.6032879122146791,208026.35647690954,0.00949282333917979,0.011894891939536715,1.8212082773188445,0.6024096385542169,0.996
2023-10-09,QQQ,ensemble,,-0.0034215562714638333,-0.03662671459004102,0.029783602047113358,643.3521777138928,353.04944256506144,643.3521777138928,353.04944256506144,0.5815912227488534,214315.3197986365,0.00949282333917979,0.011894891939536715,1.8212082773188445,0.6024096385542169,0.996
2023-10-10,QQQ,ensemble,,-0.003772462318581641,-0.03697762063715883,0.02943269599999555,646.9150436679403,351.7200858969159,646.9150436679403,351.7200858969159,0.5604781248945144,220716.9438532794,0.00949282333917979,0.011894891939536715,1.8212082773188445,0.6024096385542169,0.996
2023-10-11,QQQ,ensemble,,-0.002271035365312949,-0.03547619368389014,0.030934122953264243,651.5309847963366,350.9222234729652,651.5309847963366,350.9222234729652,0.5409430580824496,227651.330555461,0.00949282333917979,0.011894891939536715,1.8212082773188445,0.6024096385542169,0.996
2023-10-12,QQQ,ensemble,,-0.0024875138018909514,-0.035692672120468144,0.030717644516686238,649.2668812057304,350.05038440410266,649.2668812057304,350.05038440410266,0.5219758633936796,234752.75432236335,0.00949282333917979,0.011894891939536715,1.8212082773188445,0.6024096385542169,0.996
2023-10-13,QQQ,ensemble,,-0.0027296029876250367,-0.035934761306202226,0.030475555330952156,641.1056423373749,349.0961887091784,641.1056423373749,349.0961887091784,0.5035518000453233,242017.10521202633,0.00949282333917979,0.011894891939536715,1.8212082773188445,0.6024096385542169,0.996
2023-10-16,QQQ,ensemble,,-0.0012408312823088275,-0.03444598960088602,0.031964327036268364,648.3542446208297,348.6632878716874,648.3542446208297,348.6632878716874,0.4865017978986247,249877.9836674448,0.00949282333917979,0.011894891939536715,1.8212082773188445,0.6024096385542169,0.996
2023-10-17,QQQ,ensemble,,-0.0021778208708405395,-0.03538297918941773,0.031027337447736652,646.2305796196719,347.904787924763,646.2305796196719,347.904787924763,0.4695888938536117,257752.56409429948,0.00949282333917979,0.011894891939536715,1.8212082773188445,0.6024096385542169,0.996
2023-10-18,QQQ,ensemble,,-0.001792300743931666,-0.034997459062508854,0.03141285757464553,637.7533807058718,347.28179637542854,637.7533807058718,347.28179637542854,0.45343873147745584,265977.82174622366,0.00949282333917979,0.011894891939536715,1.8212082773188445,0.6024096385542169,0.996
2023-10-19,QQQ,ensemble,,0.001341015045262943,-0.03186414327331425,0.03454617336384013,631.7860261333982,347.7478188910782,631.7860261333982,347.7478188910782,0.4392180626807035,275326.8952679957,0.00949282333917979,0.011894891939536715,1.8212082773188445,0.6024096385542169,0.996
2023-10-20,QQQ,ensemble,,0.0003116493708545488,-0.032893508947722645,0.03351680768943174,622.3611077681494,347.856211169367,622.3611077681494,347.856211169367,0.42500566860267663,284711.36407883925,0.00949282333917979,0.011894891939536715,1.8212082773188445,0.6024096385542169,0.996
2023-10-23,QQQ,ensemble,,-1.5135050903079274e-05,-0.03322029336948027,0.03319002326767411,624.2390855802153,347.85094638774547,624.2390855802153,347.85094638774547,0.4111187956958875,294319.506112672,0.00949282333917979,0.011894891939536715,1.8212082773188445,0.6024096385542169,0.996
2023-10-24,QQQ,ensemble,,-0.001458292419801279,-0.03466345073837847,0.031746865898775914,630.3117423139608,347.34404768250886,630.3117423139608,347.34404768250886,0.3971121611668463,303813.1270167242,0.00949282333917979,0.011894891939536715,1.8212082773188445,0.6024096385542169,0.996
2023-10-25,QQQ,ensemble,,-0.0009480515473858457,-0.034153209865963034,0.03225710677119135,614.8843329480623,347.0149036680273,614.8843329480623,347.0149036680273,0.3837784959724664,313773.0347881958,0.00949282333917979,0.011894891939536715,1.8212082773188445,0.6024096385542169,0.996
2023-10-26,QQQ,ensemble,,0.0011965575965254473,-0.03200860072205174,0.03440171591510264,603.1602281256593,347.4303755055395,603.1602281256593,347.4303755055395,0.3716888026039602,324755.1849242445,0.00949282333917979,0.011894891939536715,1.8212082773188445,0.6024096385542169,0.996
2023-10-27,QQQ,ensemble,,0.0005051305889841413,-0.03270002772959305,0.03371028890756133,606.056144683898,347.60591754784457,606.056144683898,347.60591754784457,0.35973114187088007,335889.3902981825,0.00949282333917979,0.011894891939536715,1.8212082773188445,0.6024096385542169,0.996
2023-10-30,QQQ,ensemble,,-0.00013900020165507883,-0.03334415852023227,0.03306615811692211,612.8835383222645,347.5576036131101,612.8835383222645,347.5576036131101,0.3479339857914808,347181.62859112513,0.00949282333917979,0.011894891939536715,1.8212082773188445,0.6024096385542169,0.996
2023-10-31,QQQ,ensemble,,-0.0012847658874510352,-0.03448992420602823,0.031920392431126154,615.8145377470511,347.1113601806151,615.8145377470511,347.1113601806151,0.3361383534975283,358442.57316302543,0.00949282333917979,0.011894891939536715,1.8212082773188445,0.6024096385542169,0.996
2023-11-01,QQQ,ensemble,,-0.0018307027147498353,-0.03503586103332702,0.03137445560382736,626.5031356091931,346.47648378349805,626.5031356091931,346.47648378349805,0.3245653752906735,369866.7909584197,0.00949282333917979,0.011894891939536715,1.8212082773188445,0.6024096385542169,0.996
2023-11-02,QQQ,ensemble,,-0.003050348300911758,-0.036255506619488946,0.030154810017665432,637.876251081232,345.4212201089973,637.876251081232,345.4212201089973,0.3130088528229526,381189.91915246897,0.00949282333917979,0.011894891939536715,1.8212082773188445,0.6024096385542169,0.996
2023-11-03,QQQ,ensemble,,-0.005308693564285309,-0.0385138518828625,0.02789646475429188,645.3705405537789,343.59234346881135,645.3705405537789,343.59234346881135,0.3011828700717531,391973.4826295543,0.00949282333917979,0.011894891939536715,1.8212082773188445,0.6024096385542169,0.996
2023-11-06,QQQ,ensemble,,-0.004610613449884515,-0.03781577176846171,0.028594544868692676,648.0032017088374,342.01181838371144,648.0032017088374,342.01181838371144,0.2900060689769457,403343.57252168964,0.00949282333917979,0.011894891939536715,1.8212082773188445,0.6024096385542169,0.996
2023-11-07,QQQ,ensemble,,-0.0027630625530055664,-0.03596822087158276,0.030442095765571626,654.1285630848474,341.0681226811668,654.1285630848474,341.0681226811668,0.27976042989116995,415811.00069980655,0.00949282333917979,0.011894891939536715,1.8212082773188445,0.6024096385542169,0.996
2023-11-08,QQQ,ensemble,,-0.0020628983670734568,-0.035268056685650646,0.031142259951503735,654.5497717299357,340.365259025227,654.5497717299357,340.365259025227,0.27006578371499596,428964.0396414169,0.00949282333917979,0.011894891939536715,1.8212082773188445,0.6024096385542169,0.996
2023-11-09,QQQ,ensemble,,-0.002082030571240362,-0.03528718888981755,0.03112312774733683,649.5126219564511,339.6573453552247,649.5126219564511,339.6573453552247,0.26070210200174493,442524.6722904682,0.00949282333917979,0.011894891939536715,1.8212082773188445,0.6024096385542169,0.996
2023-11-10,QQQ,ensemble,,-0.00013788589675656972,-0.03334304421533376,0.03306727242182062,664.1151286846329,339.6105146262932,664.1151286846329,339.6105146262932,0.2521528218474016,457402.38320447796,0.00949282333917979,0.011894891939536715,1.8212082773188445,0.6024096385542169,0.996
2023-11-13,QQQ,ensemble,,-0.004543659148098381,-0.03774881746667557,0.02866149917047881,662.0440612024827,338.07094050343215,662.0440612024827,338.07094050343215,0.242811767090326,470701.90288742667,0.00949282333917979,0.011894891939536715,1.8212082773188445,0.6024096385542169,0.996
2023-11-14,QQQ,ensemble,,-0.001664652159501944,-0.03486981047807913,0.03154050615907525,676.295525018672,337.50863813103564,676.295525018672,337.50863813103564,0.23449088370239024,485784.6881486469,0.00949282333917979,0.011894891939536715,1.8212082773188445,0.6024096385542169,0.996
2023-11-15,QQQ,ensemble,,-0.0045652758669003585,-0.03777043418547755,0.028639882451676833,676.8045211725725,335.9713298786524,676.8045211725725,335.9713298786524,0.2257992380979099,499898.6509045931,0.00949282333917979,0.011894891939536715,1.8212082773188445,0.6024096385542169,0.996
2023-11-16,QQQ,ensemble,,-0.002698080029887338,-0.03590323834846453,0.030507078288689853,677.3837366211973,335.06607411829754,677.3837366211973,335.06607411829754,0.21783612047006715,515384.10518321395,0.00949282333917979,0.011894891939536715,1.8212082773188445,0.6024096385542169,0.996
2023-11-17,QQQ,ensemble,,-0.0015569642769486176,-0.03476212259552581,0.03164819404162857,677.5416898631054,334.544794122948,677.5416898631054,334.544794122948,0.21039377975651516,531955.9323678141,0.00949282333917979,0.011894891939536715,1.8212082773188445,0.6024096385542169,0.996
2023-11-20,QQQ,ensemble,,-0.0020159551951798,-0.035221113513756994,0.03118920312339739,685.7906626786449,333.8710461582505,685.7906626786449,333.8710461582505,0.2031124574050775,548808.6594338943,0.00949282333917979,0.011894891939536715,1.8212082773188445,0.6024096385542169,0.996
2023-11-21,QQQ,ensemble,,-0.004340678448217695,-0.037545836766794884,0.028864479870359495,681.8065880795093,332.42496007159673,681.8065880795093,332.42496007159673,0.195627817989946,564880.5738061337,0.00949282333917979,0.011894891939536715,1.8212082773188445,0.6024096385542169,0.996
2023-11-22,QQQ,ensemble,,-0.0017488101821289195,-0.03495396850070611,0.03145634813644827,684.597202476476,331.8441199542192,684.597202476476,331.8441199542192,0.1889079761389761,582932.0825880663,0.00949282333917979,0.011894891939536715,1.8212082773188445,0.6024096385542169,0.996
2023-11-24,QQQ,ensemble,,-0.002339759198846056,-0.035544917517423245,0.030865399119731136,683.6319148109393,331.06859224981395,683.6319148109393,331.06859224981395,0.18231119329898607,601205.0647626529,0.00949282333917979,0.011894891939536715,1.8212082773188445,0.6024096385542169,0.996
2023-11-27,QQQ,ensemble,,-0.0012048413678165779,-0.03440999968639377,0.03200031695076061,683.0351847098548,330.66994731446533,683.0351847098548,330.66994731446533,0.17614457039368686,620754.950394259,0.00949282333917979,0.011894891939536715,1.8212082773188445,0.6024096385542169,0.996
2023-11-28,QQQ,ensemble,,-0.0017413288086830703,-0.03494648712726026,0.03146382950989412,684.8253750131084,330.09464325118154,684.8253750131084,330.09464325118154,0.1700952532586071,640596.791595717,0.00949282333917979,0.011894891939536715,1.8212082773188445,0.6024096385542169,0.996
2023-11-29,QQQ,ensemble,,-0.002422901127913775,-0.035628059446490966,0.030782257190663416,684.1584256172998,329.2958246877145,684.1584256172998,329.2958246877145,0.16414177465372695,660622.4429187364,0.00949282333917979,0.011894891939536715,1.8212082773188445,0.6024096385542169,0.996
2023-11-30,QQQ,ensemble,,-0.00021332366140712397,-0.033418481979984316,0.032991834657170066,682.4384010471421,329.2255855888033,682.4384010471421,329.2255855888033,0.15874704953484864,682781.106948991,0.00949282333917979,0.011894891939536715,1.8212082773188445,0.6024096385542169,0.996
2023-12-01,QQQ,ensemble,,-0.001300575220910889,-0.03450573353948808,0.0319045830976663,684.3865981539321,328.7976812712893,684.3865981539321,328.7976812712893,0.1533627942010938,704916.1810890187,0.00949282333917979,0.011894891939536715,1.8212082773188445,0.6024096385542169,0.996
2023-12-04,QQQ,ensemble,,-0.002668720424339228,-0.03587387874291642,0.03053643789423796,678.0331178029182,327.9213820027717,678.0331178029182,327.9213820027717,0.14795859035423925,726773.8393367744,0.00949282333917979,0.011894891939536715,1.8212082773188445,0.6024096385542169,0.996
2023-12-05,QQQ,ensemble,,-0.0005330073469562187,-0.03373816566553341,0.032672150971620975,679.7355741589879,327.7466440693782,679.7355741589879,327.7466440693782,0.1430500078032027,750911.267663241,0.00949282333917979,0.011894891939536715,1.8212082773188445,0.6024096385542169,0.996
2023-12-06,QQQ,ensemble,,-0.0005633574972303843,-0.03376851581580757,0.03264180082134681,675.80409707886,327.56205753923433,675.80409707886,327.56205753923433,0.13830007185494203,775826.7953170429,0.00949282333917979,0.011894891939536715,1.8212082773188445,0.6024096385542169,0.996
2023-12-07,QQQ,ensemble,,-0.0013055823575077695,-0.034510740676084964,0.03189957596106942,685.2465836581969,327.13467734664926,685.2465836581969,327.13467734664926,0.1336086517419062,800974.306135673,0.00949282333917979,0.011894891939536715,1.8212082773188445,0.6024096385542169,0.996
2023-12-08,QQQ,ensemble,,-0.0035114694388486715,-0.03671662775742586,0.02969368887972852,688.300507019972,325.987968419718,688.300507019972,325.987968419718,0.12879196005588658,825114.8247786742,0.00949282333917979,0.011894891939536715,1.8212082773188445,0.6024096385542169,0.996
2023-12-11,QQQ,ensemble,,-0.002338483972329757,-0.03554364229090695,0.030866674346247434,694.1800740836331,325.2265414198029,694.1800740836331,325.2265414198029,0.12429462401546823,850980.5157037476,0.00949282333917979,0.011894891939536715,1.8212082773188445,0.6024096385542169,0.996
2023-12-12,QQQ,ensemble,,-0.003744412880417806,-0.036949571198994995,0.029460745438159384,699.7087053585585,324.0110360661867,699.7087053585585,324.0110360661867,0.11978580341802494,876423.9876266174,0.00949282333917979,0.011894891939536715,1.8212082773188445,0.6024096385542169,0.996
2023-12-13,QQQ,ensemble,,-0.004990235087948777,-0.03819539340652597,0.028214923230628415,708.6070593558187,322.3981724564347,708.6070593558187,322.3981724564347,0.11529681264751927,901504.3800127564,0.00949282333917979,0.011894891939536715,1.8212082773188445,0.6024096385542169,0.996
2023-12-14,QQQ,ensemble,,-0.003895929487509564,-0.03710108780608676,0.029309228831067628,707.9928146022744,321.144575458017,707.9928146022744,321.144575458017,0.11109755565440464,928317.799060603,0.00949282333917979,0.011894891939536715,1.8212082773188445,0.6024096385542169,0.996
2023-12-15,QQQ,ensemble,,-0.0033292774870694,-0.03653443580564659,0.02987588083150779,711.4152419668734,320.07717387680816,711.4152419668734,320.07717387680816,0.10711191894755953,956470.5612932023,0.00949282333917979,0.011894891939536715,1.8212082773188445,0.6024096385542169,0.996
2023-12-18,QQQ,ensemble,,-0.0026963317239602842,-0.035901490042537475,0.030508826594616907,714.4691117670201,319.2153021070313,714.4691117670201,319.2153021070313,0.10333465191990514,986101.0532871843,0.00949282333917979,0.011894891939536715,1.8212082773188445,0.6024096385542169,0.996
2023-12-19,QQQ,ensemble,,-0.003528336355893048,-0.03673349467447024,0.029676821962684143,718.1197652298797,318.090987797174,718.1197652298797,318.090987797174,0.0996076804501095,1015803.962712099,0.00949282333917979,0.011894891939536715,1.8212082773188445,0.6024096385542169,0.996
2023-12-20,QQQ,ensemble,,-0.00159999468138074,-0.03480515299995793,0.031605163637196454,707.4486820201976,317.5824508451998,707.4486820201976,317.5824508451998,0.09620045828815517,1048421.3368582454,0.00949282333917979,0.011894891939536715,1.8212082773188445,0.6024096385542169,0.996
2023-12-21,QQQ,ensemble,,-0.0005327606259013968,-0.033737918944478584,0.0326723976926758,715.6801401832773,317.4133004822397,715.6801401832773,317.4133004822397,0.09300899441587816,1083241.5075098209,0.00949282333917979,0.011894891939536715,1.8212082773188445,0.6024096385542169,0.996
2023-12-22,QQQ,ensemble,,-0.0007707005753730971,-0.033975858893950286,0.032434457743204095,716.7507835717146,317.1687641131913,716.7507835717146,317.1687641131913,0.08990201398523359,1118951.850685034,0.00949282333917979,0.011894891939536715,1.8212082773188445,0.6024096385542169,0.996
2023-12-26,QQQ,ensemble,,-0.0016866588926285695,-0.03489181721120576,0.03151849942594862,721.1385521634786,316.6342594869403,721.1385521634786,316.6342594869403,0.08681926347862223,1154781.2117241635,0.00949282333917979,0.011894891939536715,1.8212082773188445,0.6024096385542169,0.996
2023-12-27,QQQ,ensemble,,-0.0013281486582487326,-0.034533306976825925,0.031877009660328456,722.2267102043756,316.21400126452147,722.2267102043756,316.21400126452147,0.08387228452810652,1192185.1796252236,0.00949282333917979,0.011894891939536715,1.8212082773188445,0.6024096385542169,0.996
2023-12-28,QQQ,ensemble,,-0.002066531733319371,-0.035271690051896565,0.03113862658525782,721.8756672923832,315.56120973590805,721.8756672923832,315.56120973590805,0.08096553169620137,1229892.2146726472,0.00949282333917979,0.011894891939536715,1.8212082773188445,0.6024096385542169,0.996
2023-12-29,QQQ,ensemble,,-0.0004754281580639546,-0.03368058647664115,0.03272973016051323,718.7515781975122,315.41121870901094,718.7515781975122,315.41121870901094,0.07828397676317739,1270812.2530420288,0.00949282333917979,0.011894891939536715,1.8212082773188445,0.6024096385542169,0.996
2023-01-03,VOO,lstm,-0.003849850417839892,0.003088541328907013,-0.009018268436193466,0.012300476431846619,500.4795187230737,503.9641396027837,500.4795187230737,503.9641396027837,497.89951174488124,508.6280447232966,0.006574297299250774,0.008343268328942548,1.962925441018691,0.5180722891566265,0.768
2023-01-04,VOO,lstm,0.0071744636032438245,0.0043320925906300545,-0.005199860781431198,0.013951260596513748,504.08310224650006,506.15209140601416,504.08310224650006,506.15209140601416,495.31721619504407,515.7737871786277,0.006574297299250774,0.008343268328942548,1.962925441018691,0.5180722891566265,0.768
2023-01-05,VOO,lstm,-0.010981772528925621,0.003237782046198845,-0.008717264980077744,0.015705298632383347,498.5776613609534,507.79352720735443,498.5776613609534,507.79352720735443,491.01816492494913,523.9381379391235,0.006574297299250774,0.008343268328942548,1.962925441018691,0.5180722891566265,0.768
2023-01-06,VOO,lstm,0.02248940632279282,0.0024410311598330736,-0.008611531928181648,0.012294258922338486,509.9174111497823,509.03458923991155,509.9174111497823,509.03458923991155,486.80790738570016,530.4193101071003,0.006574297299250774,0.008343268328942548,1.962925441018691,0.5180722891566265,0.768
2023-01-09,VOO,lstm,-0.0007294220484379014,0.003126393537968397,-0.006561040412634611,0.013364644721150398,509.5456017666735,510.6285141861678,509.5456017666735,510.6285141861678,483.62438656992657,537.5557402033234,0.006574297299250774,0.008343268328942548,1.962925441018691,0.5180722891566265,0.768
2023-01-10,VOO,lstm,0.007102962217562518,0.0018177517922595143,-0.009844317100942135,0.011483605019748211,513.1777692274163,511.5575374977243,513.1777692274163,511.5575374977243,478.88679077734884,543.76441785295,0.006574297299250774,0.008343268328942548,1.962925441018691,0.5180722891566265,0.768
2023-01-11,VOO,lstm,0.012681577206823691,0.0029454873874783516,-0.009377692826092243,0.01361504103988409,519.7271129595998,513.0665472482551,519.7271129595998,513.0665472482551,474.4169338065278,551.2184028213436,0.006574297299250774,0.008343268328942548,1.962925441018691,0.5180722891566265,0.768
2023-01-12,VOO,lstm,0.0037348938957075146,0.0032273062970489264,-0.006921139545738697,0.013638700358569622,521.6718680474943,514.7250241368145,521.6718680474943,514.7250241368145,471.14475179913813,558.7877756512814,0.006574297299250774,0.008343268328942548,1.962925441018691,0.5180722891566265,0.768
2023-01-13,VOO,lstm,0.003884917917238009,0.0025150931905955076,-0.009531894698739052,0.014073170721530914,523.7024622265361,516.0212542306382,523.7024622265361,516.0212542306382,466.6751826196271,566.7072921979368,0.006574297299250774,0.008343268328942548,1.962925441018691,0.5180722891566265,0.768
2023-01-17,VOO,lstm,-0.0015302572733764844,0.00232051988132298,-0.009847155772149563,0.013848877511918545,522.9016755856856,517.2201108494837,522.9016755856856,517.2201108494837,462.10231427263085,574.6101511405178,0.006574297299250774,0.008343268328942548,1.962925441018691,0.5180722891566265,0.768
2023-01-18,VOO,lstm,-0.01637754345682737,0.002104944083839655,-0.007956848479807377,0.0121206259354949,514.4075767656077,518.3099677934935,514.4075767656077,518.3099677934935,458.44002774577524,581.6171743320614,0.006574297299250774,0.008343268328942548,1.962925441018691,0.5180722891566265,0.768
2023-01-19,VOO,lstm,-0.007225877815003664,0.003874685848131776,-0.006849981378763914,0.013363858684897423,510.7039276417742,520.3221350578552,510.7039276417742,520.3221350578552,455.3104504179426,589.4420207718513,0.006574297299250774,0.008343268328942548,1.962925441018691,0.5180722891566265,0.768
2023-01-20,VOO,lstm,0.018228920524590658,0.0037864225450903177,-0.0051925573498010635,0.012307701632380486,520.0988787031097,522.2960276636304,520.0988787031097,522.2960276636304,452.95234879087496,596.7414935809063,0.006574297299250774,0.008343268328942548,1.962925441018691,0.5180722891566265,0.768
2023-01-23,VOO,lstm,0.012106517085452621,0.005293137393891811,-0.005752957426011562,0.017178207635879517,526.4337338064223,525.0679558728857,526.4337338064223,525.0679558728857,450.35400112983683,607.0809908045231,0.006574297299250774,0.008343268328942548,1.962925441018691,0.5180722891566265,0.768
2023-01-24,VOO,lstm,-0.0010599809134273586,0.0024255989119410515,-0.0066363997757434845,0.013174556195735931,525.8760197317591,526.343100020406,525.8760197317591,526.343100020406,447.37515862024645,615.1319021099544,0.006574297299250774,0.008343268328942548,1.962925441018691,0.5180722891566265,0.768
2023-01-25,VOO,lstm,0.00035345182579026024,0.0027304431423544884,-0.006566566415131092,0.01383009273558855,526.0619244233136,527.7822190425451,526.0619244233136,527.7822190425451,444.447058307431,623.6983202733,0.006574297299250774,0.008343268328942548,1.962925441018691,0.5180722891566265,0.768
2023-01-26,VOO,lstm,0.010626153232779396,0.003754659090191126,-0.006503857672214508,0.01383909396827221,531.6817446977251,529.767613485116,531.6817446977251,529.767613485116,441.56580581579647,632.3897606461614,0.006574297299250774,0.008343268328942548,1.962925441018691,0.5180722891566265,0.768
2023-01-27,VOO,lstm,0.0028468557901991302,0.002791926497593522,-0.006331316661089659,0.012541942298412323,533.1975225278778,531.2487459732555,533.1975225278778,531.2487459732555,438.7789526862539,640.3711049572951,0.006574297299250774,0.008343268328942548,1.962925441018691,0.5180722891566265,0.768
2023-01-30,VOO,lstm,-0.012576415954160486,0.0013168551959097385,-0.009966456331312656,0.011378773488104343,526.5337994068295,531.9487934230813,526.5337994068295,531.9487934230813,434.42759884012196,647.6993416519392,0.006574297299250774,0.008343268328942548,1.962925441018691,0.5180722891566265,0.768
2023-01-31,VOO,lstm,0.014103951259649307,0.0020211441442370415,-0.008570514619350433,0.012196004390716553,534.0126229571861,533.0250428940276,534.0126229571861,533.0250428940276,430.7202393196905,655.6470588457336,0.006574297299250774,0.008343268328942548,1.962925441018691,0.5180722891566265,0.768
2023-02-01,VOO,lstm,0.010892676860967919,0.0024073219392448664,-0.007475872524082661,0.011401173658668995,539.8612456489261,534.3097256825464,539.8612456489261,534.3097256825464,427.5122273977679,663.1649597476704,0.006574297299250774,0.008343268328942548,1.962925441018691,0.5180722891566265,0.768
2023-02-02,VOO,lstm,0.014228292823714427,0.0025477835442870855,-0.0070024048909544945,0.011544770561158657,547.5974555539277,535.6727918944383,547.5974555539277,535.6727918944383,424.5290576052538,670.865432349225,0.006574297299250774,0.008343268328942548,1.962925441018691,0.5180722891566265,0.768
2023-02-03,VOO,lstm,-0.010737960832465285,0.0019411173416301608,-0.007890433073043823,0.013431565836071968,541.7488328621877,536.7135999564061,541.7488328621877,536.7135999564061,421.1925101705202,679.936974102307,0.006574297299250774,0.008343268328942548,1.962925441018691,0.5180722891566265,0.768
2023-02-06,VOO,lstm,-0.005797430998833912,0.0022357467096298933,-0.007897983305156231,0.012619960121810436,538.6171679618761,537.9149118490087,538.6171679618761,537.9149118490087,417.8790478974979,688.5721476061814,0.006574297299250774,0.008343268328942548,1.962925441018691,0.5180722891566265,0.768
2023-02-07,VOO,lstm,0.012820311704576063,0.002881273627281189,-0.006050428841263056,0.011265678331255913,545.5668613748859,539.4670442697042,545.5668613748859,539.4670442697042,415.3583309153496,696.3732654751051,0.006574297299250774,0.008343268328942548,1.962925441018691,0.5180722891566265,0.768
2023-02-08,VOO,lstm,-0.011016617115362,0.0021655450109392405,-0.006001264788210392,0.010602391324937344,539.5895455058234,540.6365765290598,539.5895455058234,540.6365765290598,412.87312029802933,703.7957277492583,0.006574297299250774,0.008343268328942548,1.962925441018691,0.5180722891566265,0.768
2023-02-09,VOO,lstm,-0.00859679541635658,0.00218227063305676,-0.007624088786542416,0.011857717297971249,534.9706867126756,541.8176671106522,534.9706867126756,541.8176671106522,409.7372986364392,712.1908283559437,0.006574297299250774,0.008343268328942548,1.962925441018691,0.5180722891566265,0.768
2023-02-10,VOO,lstm,0.0024294959242145185,0.002807903802022338,-0.0076222228817641735,0.012762604281306267,536.2719759139575,543.3412089344931,536.2719759139575,543.3412089344931,406.62605101213194,721.3385230846601,0.006574297299250774,0.008343268328942548,1.962925441018691,0.5180722891566265,0.768
2023-02-13,VOO,lstm,0.011479949287228767,0.0023186951875686646,-0.009110469371080399,0.013370664790272713,542.4638240514898,544.6025008391312,542.4638240514898,544.6025008391312,402.9383247430239,731.0480264963801,0.006574297299250774,0.008343268328942548,1.962925441018691,0.5180722891566265,0.768
2023-02-14,VOO,lstm,-0.0003691590658042473,0.0028933219145983458,-0.00617206422612071,0.012828344479203224,542.2636055714777,546.1804871254609,542.2636055714777,546.1804871254609,400.4590262586063,740.4865598632617,0.006574297299250774,0.008343268328942548,1.962925441018691,0.5180722891566265,0.768
2023-02-15,VOO,lstm,0.0033435235696487845,0.003387411590665579,-0.006282950285822153,0.014410458505153656,544.0797111216486,548.0337721264455,544.0797111216486,548.0337721264455,397.95084883040516,751.234577060202,0.006574297299250774,0.008343268328942548,1.962925441018691,0.5180722891566265,0.768
2023-02-16,VOO,lstm,-0.014001071545351986,0.002734767273068428,-0.007866397500038147,0.014424053952097893,536.5150921197438,549.5345493487556,536.5150921197438,549.5345493487556,394.83267829267135,762.1489878991889,0.006574297299250774,0.008343268328942548,1.962925441018691,0.5180722891566265,0.768
2023-02-17,VOO,lstm,-0.0025887078039012914,0.0025769940111786127,-0.008120919577777386,0.012819052673876286,535.1280074669136,550.952505143168,535.1280074669136,550.952505143168,391.63925095163194,771.9818870362541,0.006574297299250774,0.008343268328942548,1.962925441018691,0.5180722891566265,0.768
2023-02-21,VOO,lstm,-0.020054362534433316,0.0036374402698129416,-0.007392040453851223,0.011995692737400532,524.5032488673868,552.9602360002687,524.5032488673868,552.9602360002687,388.7549024705231,781.2980980655859,0.006574297299250774,0.008343268328942548,1.962925441018691,0.5180722891566265,0.768
2023-02-22,VOO,lstm,-0.0012549706353561438,0.002649731934070587,-0.00875521544367075,0.013126539997756481,523.8454255527175,554.427372856903,523.8454255527175,554.427372856903,385.36612579734884,791.6214198719562,0.006574297299250774,0.008343268328942548,1.962925441018691,0.5180722891566265,0.768
2023-02-23,VOO,lstm,0.005010294634875539,0.0030435805674642324,-0.007920956239104271,0.014799106866121292,526.4766315321967,556.1173681366862,526.4766315321967,556.1173681366862,382.32570729326466,803.4238209519835,0.006574297299250774,0.008343268328942548,1.962925441018691,0.5180722891566265,0.768
2023-02-24,VOO,lstm,-0.010759258106011329,0.002922367537394166,-0.008041977882385254,0.012982834130525589,520.8424974693276,557.7448945853837,520.8424974693276,557.7448945853837,379.2633809292376,813.9225487987388,0.006574297299250774,0.008343268328942548,1.962925441018691,0.5180722891566265,0.768
2023-02-27,VOO,lstm,0.0034533259280041233,0.0038513459730893373,-0.006856557913124561,0.013393727131187916,522.6442455914419,559.8971232075495,522.6442455914419,559.8971232075495,376.67184524240326,824.8973843634922,0.006574297299250774,0.008343268328942548,1.962925441018691,0.5180722891566265,0.768
2023-02-28,VOO,lstm,-0.003782912759581716,0.002536088926717639,-0.008394463919103146,0.012981719337403774,520.6708629266319,561.3188571378325,520.6708629266319,561.3188571378325,373.52312738552723,835.6757343001341,0.006574297299250774,0.008343268328942548,1.962925441018691,0.5180722891566265,0.768
2023-03-01,VOO,lstm,-0.0036593929906109605,0.0024921149015426636,-0.009498968720436096,0.014615172520279884,518.7690055645116,562.7194429082907,518.7690055645116,562.7194429082907,369.99183528790667,847.9789422771669,0.006574297299250774,0.008343268328942548,1.962925441018691,0.5180722891566265,0.768
2023-03-02,VOO,lstm,0.007442305750192672,0.0028295658994466066,-0.007482204586267471,0.011857917532324791,522.6442455914419,564.3139674298717,522.6442455914419,564.3139674298717,367.2338139985118,858.0941085693601,0.006574297299250774,0.008343268328942548,1.962925441018691,0.5180722891566265,0.768
2023-03-03,VOO,lstm,0.015717599329938627,0.002407992258667946,-0.00798129290342331,0.013979107141494751,530.9238557826488,565.6744655813292,530.9238557826488,565.6744655813292,364.31447738111376,870.1737617355167,0.006574297299250774,0.008343268328942548,1.962925441018691,0.5180722891566265,0.768
2023-03-06,VOO,lstm,0.0012113222060050428,0.002027527429163456,-0.009752658195793629,0.011403755284845829,531.5673653088604,566.8225234923106,531.5673653088604,566.8225234923106,360.7787159408048,880.1537902983977,0.006574297299250774,0.008343268328942548,1.962925441018691,0.5180722891566265,0.768
2023-03-07,VOO,lstm,-0.015589096732630774,0.001405872404575348,-0.009146352298557758,0.01149910967797041,523.3449666318853,567.6199906551886,523.3449666318853,567.6199906551886,357.4939451159746,890.3331621831215,0.006574297299250774,0.008343268328942548,1.962925441018691,0.5180722891566265,0.768
2023-03-08,VOO,lstm,0.0015561872486242736,0.0031090807169675827,-0.0074372971430420876,0.013697520829737186,524.1600234215946,569.3874831612045,524.1600234215946,569.3874831612045,354.84502515850687,902.6124586844736,0.006574297299250774,0.008343268328942548,1.962925441018691,0.5180722891566265,0.768
2023-03-09,VOO,lstm,-0.018475426333139058,0.0025746049359440804,-0.006727111060172319,0.0115004051476717,514.5648538802469,570.8553076588281,514.5648538802469,570.8553076588281,352.4659634020805,913.0527587025094,0.006574297299250774,0.008343268328942548,1.962925441018691,0.5180722891566265,0.768
2023-03-10,VOO,lstm,-0.014443524172366688,0.0033799002412706614,-0.005636892281472683,0.014196586795151234,507.18613956989645,572.7880313708931,507.18613956989645,572.7880313708931,350.4847465733389,926.1074436783744,0.006574297299250774,0.008343268328942548,1.962925441018691,0.5180722891566265,0.768
2023-03-13,VOO,lstm,-0.0016931154817337373,0.003289232263341546,-0.009246528148651123,0.014355311170220375,506.328141414814,574.6751997319643,506.328141414814,574.6751997319643,347.25891621943106,939.4979337148321,0.006574297299250774,0.008343268328942548,1.962925441018691,0.5180722891566265,0.768
2023-03-14,VOO,lstm,0.016470052047359858,0.0033177968580275774,-0.008878685534000397,0.0143966693431139,514.7364447833436,576.5850273479558,514.7364447833436,576.5850273479558,344.1893665828679,953.1214583392918,0.006574297299250774,0.008343268328942548,1.962925441018691,0.5180722891566265,0.768
2023-03-15,VOO,lstm,-0.006186452160223953,0.002867195289582014,-0.009315161034464836,0.015526439994573593,511.5618821572579,578.2405614924412,511.5618821572579,578.2405614924412,340.99807040491254,968.0355691029051,0.006574297299250774,0.008343268328942548,1.962925441018691,0.5180722891566265,0.768
2023-03-16,VOO,lstm,0.0169626997432206,0.0018412945792078972,-0.007262428291141987,0.011095394380390644,520.3133673319808,579.3062447477171,520.3133673319808,579.3062447477171,338.5305663957076,978.8360920286453,0.006574297299250774,0.008343268328942548,1.962925441018691,0.5180722891566265,0.768
2023-03-17,VOO,lstm,-0.010998481893403906,0.00198298878967762,-0.008930711075663567,0.013668496161699295,514.6220653944787,580.4561409261169,514.6220653944787,580.4561409261169,335.52071589748334,992.3071816678836,0.006574297299250774,0.008343268328942548,1.962925441018691,0.5180722891566265,0.768
2023-03-20,VOO,lstm,0.008990254204195702,0.0010415853466838598,-0.009765817783772945,0.012056066654622555,519.269508124943,581.0610502965363,519.269508124943,581.0610502965363,332.26002528920714,1004.3429433229735,0.006574297299250774,0.008343268328942548,1.962925441018691,0.5180722891566265,0.768
2023-03-21,VOO,lstm,0.012995900986332708,0.002441281685605645,-0.00874696858227253,0.012894360348582268,526.0619244233137,582.4813188053616,526.0619244233137,582.4813188053616,329.3664276687792,1017.3771438563396,0.006574297299250774,0.008343268328942548,1.962925441018691,0.5180722891566265,0.768
2023-03-22,VOO,lstm,-0.016720522408006883,0.0007346810307353735,-0.011380805633962154,0.011566678993403912,517.3390231859072,582.9093990459015,517.3390231859072,582.9093990459015,325.63921854829795,1029.2131803266607,0.006574297299250774,0.008343268328942548,1.962925441018691,0.5180722891566265,0.768
2023-03-23,VOO,lstm,0.002374358127145201,0.004693383816629648,-0.006513835862278938,0.01501314714550972,518.5688307240985,585.6516124875773,518.5688307240985,585.6516124875773,323.5249491464349,1044.7815392786645,0.006574297299250774,0.008343268328942548,1.962925441018691,0.5180722891566265,0.768
2023-03-24,VOO,lstm,0.0025336915088168157,0.0027595474384725094,-0.0060644675977528095,0.012057362124323845,519.884390074239,587.2699966138917,519.884390074239,587.2699966138917,321.56887966109434,1057.4551360294458,0.006574297299250774,0.008343268328942548,1.962925441018691,0.5180722891566265,0.768
2023-03-27,VOO,lstm,0.0016490030189387703,0.002148375613614917,-0.007333892397582531,0.011390346102416515,520.7423882293215,588.5330116467686,520.7423882293215,588.5330116467686,319.21915893893083,1069.568725232416,0.006574297299250774,0.008343268328942548,1.962925441018691,0.5180722891566265,0.768
2023-03-28,VOO,lstm,-0.0017590556835730964,0.0033466729801148176,-0.008614893071353436,0.016365569084882736,519.8271785600072,590.5059416991108,519.8271785600072,590.5059416991108,316.480934264445,1087.2168601237256,0.006574297299250774,0.008343268328942548,1.962925441018691,0.5180722891566265,0.768
2023-03-29,VOO,lstm,0.014121903301793463,0.002934988820925355,-0.006748111918568611,0.01300053671002388,527.2202066588153,592.241641472479,527.2202066588153,592.241641472479,314.35248260382025,1101.4434898937734,0.006574297299250774,0.008343268328942548,1.962925441018691,0.5180722891566265,0.768
2023-03-30,VOO,lstm,0.0059493730098624876,0.0033683525398373604,-0.008263924159109592,0.013447645120322704,530.3661853475845,594.2398532352167,530.3661853475845,594.2398532352167,311.76540828332276,1116.355360338041,0.006574297299250774,0.008343268328942548,1.962925441018691,0.5180722891566265,0.768
2023-03-31,VOO,lstm,0.013869753568502374,0.001632403233088553,-0.010028966702520847,0.012840970419347286,537.7734835952515,595.2107005067294,537.7734835952515,595.2107005067294,308.6543540202931,1130.782821643298,0.006574297299250774,0.008343268328942548,1.962925441018691,0.5180722891566265,0.768
2023-04-03,VOO,lstm,0.003954174239653799,0.0027555362321436405,-0.007232043892145157,0.013492714613676071,539.9041433747003,596.8530876685361,539.9041433747003,596.8530876685361,306.430202123838,1146.1435303677845,0.006574297299250774,0.008343268328942548,1.962925441018691,0.5180722891566265,0.768
2023-04-04,VOO,lstm,-0.005657473782363894,0.002756470115855336,-0.007545280270278454,0.013299384154379368,536.8582739259372,598.5005759341655,536.8582739259372,598.5005759341655,304.12680889994186,1161.488279771803,0.006574297299250774,0.008343268328942548,1.962925441018691,0.5180722891566265,0.768
2023-04-05,VOO,lstm,-0.0024268394718413005,0.0022270064800977707,-0.011037604883313179,0.013619720935821533,535.5569847246553,599.8349043198906,535.5569847246553,599.8349043198906,300.7884361102829,1177.4156326530808,0.006574297299250774,0.008343268328942548,1.962925441018691,0.5180722891566265,0.768
2023-04-06,VOO,lstm,0.0038110115575968923,0.0019398897420614958,-0.008760659024119377,0.011902503669261932,537.6018926921547,600.9996638075752,537.6018926921547,600.9996638075752,298.1648316836899,1191.5135593859716,0.006574297299250774,0.008343268328942548,1.962925441018691,0.5180722891566265,0.768
2023-04-10,VOO,lstm,0.0010899049233569853,0.003203874221071601,-0.007066498510539532,0.012524579651653767,538.1881470645354,602.9282686428513,538.1881470645354,602.9282686428513,296.06528209897647,1206.5305418880175,0.006574297299250774,0.008343268328942548,1.962925441018691,0.5180722891566265,0.768
2023-04-11,VOO,lstm,0.0001328913515428205,0.0010195509530603886,-0.009365357458591461,0.012584494426846504,538.259672367225,603.5433000276504,538.259672367225,603.5433000276504,293.305471083088,1221.8099969604668,0.006574297299250774,0.008343268328942548,1.962925441018691,0.5180722891566265,0.768
2023-04-12,VOO,lstm,-0.0039929776349905965,0.002453478518873453,-0.007743946276605129,0.011680512689054012,536.1146987993184,605.0259318044207,536.1146987993184,605.0259318044207,291.04290296287223,1236.16507824218,0.006574297299250774,0.008343268328942548,1.962925441018691,0.5180722891566265,0.768
2023-04-13,VOO,lstm,0.012879770454175491,0.0025403208564966917,-0.007967513054609299,0.011294955387711525,543.0643922123281,606.5648567734871,543.0643922123281,606.5648567734871,288.7332209401646,1250.2066481481029,0.006574297299250774,0.008343268328942548,1.962925441018691,0.5180722891566265,0.768
2023-04-14,VOO,lstm,-0.002055983645391819,0.00038528177537955344,-0.01027046050876379,0.010710244067013264,541.9490077026006,606.7986290730091,541.9490077026006,606.7986290730091,285.78297230538925,1263.6686451692146,0.006574297299250774,0.008343268328942548,1.962925441018691,0.5180722891566265,0.768
2023-04-17,VOO,lstm,0.0033980265382634062,0.0014689879026263952,-0.010202430188655853,0.01284751482307911,543.793697190088,607.6906770377881,543.793697190088,607.6906770377881,282.88211744260013,1280.008377649766,0.006574297299250774,0.008343268328942548,1.962925441018691,0.5180722891566265,0.768
2023-04-18,VOO,lstm,0.0006834987861631409,0.0022564888931810856,-0.00744303222745657,0.013064379803836346,544.1655065731967,609.0634600227442,544.1655065731967,609.0634600227442,280.7844294691584,1296.8406106193986,0.006574297299250774,0.008343268328942548,1.962925441018691,0.5180722891566265,0.768
2023-04-19,VOO,lstm,-5.2609600606567285e-05,0.002334779128432274,-0.007684960030019283,0.012019922025501728,544.1368789962813,610.4871189091918,544.1368789962813,610.4871189091918,278.63488388590076,1312.5226182541123,0.006574297299250774,0.008343268328942548,1.962925441018691,0.5180722891566265,0.768
2023-04-20,VOO,lstm,-0.00566616952036502,0.0019662659615278244,-0.008934778161346912,0.012018856592476368,541.0624256102017,611.6886463060127,541.0624256102017,611.6886463060127,276.1564321793158,1328.3928519292958,0.006574297299250774,0.008343268328942548,1.962925441018691,0.5180722891566265,0.768
2023-04-21,VOO,lstm,0.000581275706460452,0.0021241134963929653,-0.008804358541965485,0.012306051328778267,541.3770234790786,612.989301955217,541.3770234790786,612.989301955217,273.73572843788344,1344.8410527206777,0.006574297299250774,0.008343268328942548,1.962925441018691,0.5180722891566265,0.768
2023-04-24,VOO,lstm,0.0013198185973323422,0.003261111443862319,-0.007226062938570976,0.012556280940771103,542.0920146683808,614.9916031549959,542.0920146683808,614.9916031549959,271.76483046217743,1361.833750739476,0.006574297299250774,0.008343268328942548,1.962925441018691,0.5180722891566265,0.768
2023-04-25,VOO,lstm,-0.01592713766376371,0.0017191835213452578,-0.008765293285250664,0.012865358963608742,533.5264341852122,616.049798841329,533.5264341852122,616.049798841329,269.39313496441906,1379.4674728069897,0.006574297299250774,0.008343268328942548,1.962925441018691,0.5180722891566265,0.768
2023-04-26,VOO,lstm,-0.004459146301558052,0.0033458261750638485,-0.006956711411476135,0.012894034385681152,531.152658199977,618.1144589189754,531.152658199977,618.1144589189754,267.52555180076564,1397.369485571466,0.006574297299250774,0.008343268328942548,1.962925441018691,0.5180722891566265,0.768
2023-04-27,VOO,lstm,0.019647403389281722,0.004073908552527428,-0.0068353693932294846,0.015228671953082085,541.6916213479554,620.6377275627386,541.6916213479554,620.6377275627386,265.70315810096145,1418.812421876296,0.006574297299250774,0.008343268328942548,1.962925441018691,0.5180722891566265,0.768
2023-04-28,VOO,lstm,0.00851670446841553,0.002898793201893568,-0.008842533454298973,0.012918621301651001,546.3247502899619,622.4394293399116,546.3247502899619,622.4394293399116,263.3640280123726,1437.2603823101238,0.006574297299250774,0.008343268328942548,1.962925441018691,0.5180722891566265,0.768
2023-05-01,VOO,lstm,-0.0006807165357464255,0.0014391917502507567,-0.009264959022402763,0.011928072199225426,545.9529845464521,623.3359205319288,545.9529845464521,623.3359205319288,260.93524548122264,1454.5067708435913,0.006574297299250774,0.008343268328942548,1.962925441018691,0.5180722891566265,0.768
2023-05-02,VOO,lstm,-0.011273657333462965,0.002426285995170474,-0.008766358718276024,0.0130565594881773,539.8326617116093,624.8501573860766,539.8326617116093,624.8501573860766,258.6577955237144,1473.6222306375944,0.006574297299250774,0.008343268328942548,1.962925441018691,0.5180722891566265,0.768
2023-05-03,VOO,lstm,-0.006991096488481876,0.003007178893312812,-0.005717173684388399,0.011475477367639542,536.071801073544,626.7320207865599,536.071801073544,626.7320207865599,257.1832168538764,1490.6301963365363,0.006574297299250774,0.008343268328942548,1.962925441018691,0.5180722891566265,0.768
2023-05-04,VOO,lstm,-0.007335820862286,0.002679889090359211,-0.0075197587721049786,0.014867985621094704,532.1536633208397,628.4138688977038,532.1536633208397,628.4138688977038,255.25652132961818,1512.9583532918111,0.006574297299250774,0.008343268328942548,1.962925441018691,0.5180722891566265,0.768
2023-05-05,VOO,lstm,0.01818688257553435,0.0024338706862181425,-0.007565876003354788,0.012920981273055077,541.920423765284,629.9452357595248,541.920423765284,629.9452357595248,253.3325749844834,1532.6340435466557,0.006574297299250774,0.008343268328942548,1.962925441018691,0.5180722891566265,0.768
2023-05-08,VOO,lstm,0.0005539575602154551,0.003180880332365632,-0.005655487067997456,0.013619686476886272,542.2207078457033,631.9522333890372,542.2207078457033,631.9522333890372,251.90389248348131,1553.6508748608926,0.006574297299250774,0.008343268328942548,1.962925441018691,0.5180722891566265,0.768
2023-05-09,VOO,lstm,-0.004334461084206615,0.0018968140939250588,-0.009827622212469578,0.013129747472703457,539.8755594373836,633.1520871932903,539.8755594373836,633.1520871932903,249.44039512185455,1574.1845094690664,0.006574297299250774,0.008343268328942548,1.962925441018691,0.5180722891566265,0.768
2023-05-10,VOO,lstm,0.004360859189854235,0.003436766332015395,-0.007176551502197981,0.014195689931511879,542.235021634161,635.331805106686,542.235021634161,635.331805106686,247.65667468316204,1596.690451146772,0.006574297299250774,0.008343268328942548,1.962925441018691,0.5180722891566265,0.768
2023-05-11,VOO,lstm,-0.0013986906681613142,0.0022314772941172123,-0.009520057588815689,0.014687921851873398,541.4771327190846,636.7511249780758,541.4771327190846,636.7511249780758,245.31015900851227,1620.3156837821255,0.006574297299250774,0.008343268328942548,1.962925441018691,0.5180722891566265,0.768
2023-05-12,VOO,lstm,-0.0013477883338602861,0.003685788717120886,-0.00965810939669609,0.015043189749121666,540.7478277413247,639.1024093446025,540.7478277413247,639.1024093446025,242.95233426565406,1644.874590052925,0.006574297299250774,0.008343268328942548,1.962925441018691,0.5180722891566265,0.768
2023-05-15,VOO,lstm,0.0034582407557740592,0.0034321907442063093,-0.007059663068503141,0.015324385836720467,542.6211011661286,641.2997170013565,542.6211011661286,641.2997170013565,241.24321838496388,1670.2753543269805,0.006574297299250774,0.008343268328942548,1.962925441018691,0.5180722891566265,0.768
2023-05-16,VOO,lstm,-0.0066365818759520755,0.003661460941657424,-0.006352094933390617,0.014630842953920364,539.0318750707589,643.6521256002383,539.0318750707589,643.6521256002383,239.7156710959089,1694.892608278079,0.006574297299250774,0.008343268328942548,1.962925441018691,0.5180722891566265,0.768
2023-05-17,VOO,lstm,0.011867227496494189,0.003202293301001191,-0.008730669505894184,0.01389810536056757,545.4667957744787,645.7166044853406,545.4667957744787,645.7166044853406,237.63189904714014,1718.6129194681891,0.006574297299250774,0.008343268328942548,1.962925441018691,0.5180722891566265,0.768
2023-05-18,VOO,lstm,0.009730925943118607,0.0028369619976729155,-0.00817766971886158,0.012596121057868004,550.8006021173297,647.5510826392958,550.8006021173297,647.5510826392958,235.696549043069,1740.3976481088519,0.006574297299250774,0.008343268328942548,1.962925441018691,0.5180722891566265,0.768
2023-05-19,VOO,lstm,-0.001584892443642413,0.003218658035621047,-0.0077101923525333405,0.012654580175876617,549.9283338133886,649.6387200016445,549.9283338133886,649.6387200016445,233.88627337417427,1762.5616281577254,0.006574297299250774,0.008343268328942548,1.962925441018691,0.5180722891566265,0.768
2023-05-22,VOO,lstm,0.0005458931789874768,0.0020090555772185326,-0.009294667281210423,0.013468069024384022,550.2286178938078,650.9451829102019,550.2286178938078,650.9451829102019,231.72245240363625,1786.4605929527836,0.006574297299250774,0.008343268328942548,1.962925441018691,0.5180722891566265,0.768
2023-05-23,VOO,lstm,-0.011238096839023479,0.00304260547272861,-0.005800507962703705,0.011705398559570312,544.0797111216485,652.9287612065713,544.0797111216485,652.9287612065713,230.38223075011598,1807.4947056810638,0.006574297299250774,0.008343268328942548,1.962925441018691,0.5180722891566265,0.768
2023-05-24,VOO,lstm,-0.007518749179211798,0.002986140549182892,-0.007396800443530083,0.014314703643321991,540.0042526147063,654.8814122104552,540.0042526147063,654.8814122104552,228.68442468920907,1833.5545286795746,0.006574297299250774,0.008343268328942548,1.962925441018691,0.5180722891566265,0.768
2023-05-25,VOO,lstm,0.008674521378522619,0.0028773441445082426,-0.006966607645153999,0.013110961765050888,544.7089068594023,656.7684706468431,544.7089068594023,656.7684706468431,227.09680790694608,1857.7525030284212,0.006574297299250774,0.008343268328942548,1.962925441018691,0.5180722891566265,0.768
2023-05-26,VOO,lstm,0.012911097943716665,0.0017738244496285915,-0.009622160345315933,0.01247253455221653,551.7872934497346,657.9344868480225,551.7872934497346,657.9344868480225,224.92212373637082,1881.0683975157829,0.006574297299250774,0.008343268328942548,1.962925441018691,0.5180722891566265,0.768
2023-05-30,VOO,lstm,0.0003109245729314662,0.0029629801865667105,-0.007614710368216038,0.01232245471328497,551.9588843528313,659.8868137712285,551.9588843528313,659.8868137712285,223.21591760278582,1904.3912374778863,0.006574297299250774,0.008343268328942548,1.962925441018691,0.5180722891566265,0.768
2023-05-31,VOO,lstm,-0.0054553457180212695,0.0016045807860791683,-0.009273963049054146,0.013276536017656326,548.9559562694413,660.9465051131427,548.9559562694413,660.9465051131427,221.1553912561632,1929.843484048306,0.006574297299250774,0.008343268328942548,1.962925441018691,0.5180722891566265,0.768
2023-06-01,VOO,lstm,0.009540405162844698,0.0026852842420339584,-0.008564240299165249,0.012722532264888287,554.2182809492017,662.7237140814641,554.2182809492017,662.7237140814641,219.26944528143113,1954.5528004507046,0.006574297299250774,0.008343268328942548,1.962925441018691,0.5180722891566265,0.768
2023-06-02,VOO,lstm,0.014574499025785254,0.0017395300092175603,-0.0077149090357124805,0.010234087705612183,562.3548841746285,663.8775503131917,562.3548841746285,663.8775503131917,217.58430607441062,1974.6586768611521,0.006574297299250774,0.008343268328942548,1.962925441018691,0.5180722891566265,0.768
2023-06-05,VOO,lstm,-0.0019344583414374664,0.0027072918601334095,-0.007456444203853607,0.011825762689113617,561.2680836022175,665.6772814928669,561.2680836022175,665.6772814928669,215.9679363013224,1998.149244548026,0.006574297299250774,0.008343268328942548,1.962925441018691,0.5180722891566265,0.768
2023-06-06,VOO,lstm,0.0020615615682845357,0.0035798093304038048,-0.008660725317895412,0.013147528283298016,562.4263658377191,668.0645154247838,562.4263658377191,668.0645154247838,214.10557956797678,2024.5935047675084,0.006574297299250774,0.008343268328942548,1.962925441018691,0.5180722891566265,0.768
2023-06-07,VOO,lstm,-0.0032852679185364202,0.001926172524690628,-0.00737442122772336,0.011724600568413734,560.5816763502318,669.3525249977624,560.5816763502318,669.3525249977624,212.53248469475074,2048.4707779233954,0.006574297299250774,0.008343268328942548,1.962925441018691,0.5180722891566265,0.768
2023-06-08,VOO,lstm,0.005976711673167112,0.0022013159468770027,-0.01008470356464386,0.012060331180691719,563.9421436678718,670.827579116051,563.9421436678718,670.827579116051,210.3999284904932,2073.325611135127,0.006574297299250774,0.008343268328942548,1.962925441018691,0.5180722891566265,0.768
2023-06-09,VOO,lstm,0.0016721657486721323,0.0028385818004608154,-0.007446750998497009,0.013621518388390541,564.8859372745027,672.7345170074867,564.8859372745027,672.7345170074867,208.83894841495095,2101.760590047512,0.006574297299250774,0.008343268328942548,1.962925441018691,0.5180722891566265,0.768
2023-06-12,VOO,lstm,0.009147224186615944,0.0023833196610212326,-0.007846024818718433,0.011969595216214657,570.0767802911724,674.3398044195268,570.0767802911724,674.3398044195268,207.20680908520637,2127.0690847014375,0.006574297299250774,0.008343268328942548,1.962925441018691,0.5180722891566265,0.768
2023-06-13,VOO,lstm,0.006575446762146396,0.0014552059583365917,-0.00936068408191204,0.011510699987411499,573.8376409292378,675.3218189624389,573.8376409292378,675.3218189624389,205.27626721529566,2151.6946922276147,0.006574297299250774,0.008343268328942548,1.962925441018691,0.5180722891566265,0.768
2023-06-14,VOO,lstm,0.0007722043327037283,0.002583526773378253,-0.007622510194778442,0.012289701029658318,574.2809319754372,677.0687695258083,574.2809319754372,677.0687695258083,203.71749930703876,2178.301644230232,0.006574297299250774,0.008343268328942548,1.962925441018691,0.5180722891566265,0.768
2023-06-15,VOO,lstm,0.012742162523630755,0.0016208612360060215,-0.0094367116689682,0.011362941935658455,581.64533249733,678.1671104919981,581.64533249733,678.1671104919981,201.80411913786736,2203.1947528986598,0.006574297299250774,0.008343268328942548,1.962925441018691,0.5180722891566265,0.768
2023-06-16,VOO,lstm,-0.0036945854833616756,0.0028569912537932396,-0.004519316833466291,0.011561565101146698,579.5003589294234,680.107362158521,579.5003589294234,680.107362158521,200.8941659243676,2228.8148846005774,0.006574297299250774,0.008343268328942548,1.962925441018691,0.5180722891566265,0.768
2023-06-20,VOO,lstm,-0.004625102802039065,0.001647177617996931,-0.010312619619071484,0.012857821770012379,576.8262988637691,681.2285499302336,576.8262988637691,681.2285499302336,198.83306645516905,2257.6577186694362,0.006574297299250774,0.008343268328942548,1.962925441018691,0.5180722891566265,0.768
2023-06-21,VOO,lstm,-0.0054937467233556105,0.0025050051044672728,-0.00941450335085392,0.015105675905942917,573.6660500261411,682.9371824817287,573.6660500261411,682.9371824817287,196.96993560489662,2292.019911365359,0.006574297299250774,0.008343268328942548,1.962925441018691,0.5180722891566265,0.768
2023-06-22,VOO,lstm,0.0036327271147275197,0.001640518195927143,-0.01048511452972889,0.013058682903647423,575.7538120798157,684.0584762427818,575.7538120798157,684.0584762427818,194.9154729949277,2322.147078052237,0.006574297299250774,0.008343268328942548,1.962925441018691,0.5180722891566265,0.768
2023-06-23,VOO,lstm,-0.007529003375650551,0.0036968134809285402,-0.007742378860712051,0.013276807963848114,571.4352373670871,686.5920327992911,571.4352373670871,686.5920327992911,193.41219064386866,2353.1834745497226,0.006574297299250774,0.008343268328942548,1.962925441018691,0.5180722891566265,0.768
2023-06-26,VOO,lstm,-0.004137558580120076,0.002663786057382822,-0.009245412424206734,0.01170063205063343,569.0757751703097,688.4233851206636,569.0757751703097,688.4233851206636,191.63226112523807,2380.8787844361,0.006574297299250774,0.008343268328942548,1.962925441018691,0.5180722891566265,0.768
2023-06-27,VOO,lstm,0.011020574937964945,0.0021431357599794865,-0.00897212140262127,0.01383177749812603,575.382002696707,689.9003352489825,575.382002696707,689.9003352489825,189.92060283469323,2414.0395130883835,0.006574297299250774,0.008343268328942548,1.962925441018691,0.5180722891566265,0.768
2023-06-28,VOO,lstm,0.0004472312344155644,0.002959600882604718,-0.00701830442994833,0.01258398499339819,575.6393890513519,691.9452134857091,575.6393890513519,691.9452134857091,188.5923530265243,2444.6096629196627,0.006574297299250774,0.008343268328942548,1.962925441018691,0.5180722891566265,0.768
2023-06-29,VOO,lstm,-9.931688941898927e-05,0.0021716353949159384,-0.006013605743646622,0.010539647191762924,575.582221176719,693.4495160897096,575.582221176719,693.4495160897096,187.4616340682308,2470.5113800400673,0.006574297299250774,0.008343268328942548,1.962925441018691,0.5180722891566265,0.768
2023-06-30,VOO,lstm,0.01178094106456257,0.0020648438949137926,-0.007147014606744051,0.011977864429354668,582.4032214124062,694.8828553468878,582.4032214124062,694.8828553468878,186.12661423904865,2500.280828239007,0.006574297299250774,0.008343268328942548,1.962925441018691,0.5180722891566265,0.768
2023-07-03,VOO,lstm,0.0019133098357712473,0.0023934796918183565,-0.007957893423736095,0.012342522852122784,583.5186059221336,696.5480344991599,583.5186059221336,696.5480344991599,184.6513215988321,2531.331779257851,0.006574297299250774,0.008343268328942548,1.962925441018691,0.5180722891566265,0.768
2023-07-05,VOO,lstm,-0.002232563510331112,0.002261707093566656,-0.007656612899154425,0.012726131826639175,582.2173167208517,698.1252012194641,582.2173167208517,698.1252012194641,183.24291802223655,2563.7517817622147,0.006574297299250774,0.008343268328942548,1.962925441018691,0.5180722891566265,0.768
2023-07-06,VOO,lstm,-0.008187688849159384,0.001927828066982329,-0.008188821375370026,0.01167677529156208,577.4697647503815,699.4723320702726,577.4697647503815,699.4723320702726,181.74849771684188,2593.863596267065,0.006574297299250774,0.008343268328942548,1.962925441018691,0.5180722891566265,0.768
2023-07-07,VOO,lstm,-0.0023303558800743993,0.0021527139469981194,-0.007802175357937813,0.010944973677396774,576.1256214629244,700.9797407868518,576.1256214629244,700.9797407868518,180.3359865547515,2622.4091792310783,0.006574297299250774,0.008343268328942548,1.962925441018691,0.5180722891566265,0.768
2023-07-10,VOO,lstm,0.0026770126068767406,0.0022474448196589947,-0.009716507978737354,0.01334374863654375,577.6699832303937,702.556914452329,577.6699832303937,702.556914452329,178.59223085113433,2657.6365734269725,0.006574297299250774,0.008343268328942548,1.962925441018691,0.5180722891566265,0.768
2023-07-11,VOO,lstm,0.006390892766865636,0.0031018180307000875,-0.006103666964918375,0.013283006846904755,581.3736323542271,704.7394736076296,581.3736323542271,704.7394736076296,177.505479661913,2693.1733915504,0.006574297299250774,0.008343268328942548,1.962925441018691,0.5180722891566265,0.768
2023-07-12,VOO,lstm,0.00784013271694237,0.0020206759218126535,-0.007757336832582951,0.011525341309607029,585.9495934216008,706.1649806033283,585.9495934216008,706.1649806033283,176.13383713792038,2724.392739714929,0.006574297299250774,0.008343268328942548,1.962925441018691,0.5180722891566265,0.768
2023-07-13,VOO,lstm,0.008118062893866417,0.00150611053686589,-0.011984750628471375,0.012786183506250381,590.7257293293875,707.229370549163,590.7257293293875,707.229370549163,174.03551247174255,2759.4510024295546,0.006574297299250774,0.008343268328942548,1.962925441018691,0.5180722891566265,0.768
2023-07-14,VOO,lstm,-0.0007991986858962546,0.002033940749242902,-0.010972801595926285,0.01381329633295536,590.2538107062727,708.6692721895316,590.2538107062727,708.6692721895316,172.13629153592615,2797.83248646856,0.006574297299250774,0.008343268328942548,1.962925441018691,0.5180722891566265,0.768
2023-07-17,VOO,lstm,0.003482560474993605,0.0026690619997680187,-0.006304674781858921,0.012813030742108822,592.3129888226309,710.5633129031386,592.3129888226309,710.5633129031386,171.0544436982318,2833.9118370859373,0.006574297299250774,0.008343268328942548,1.962925441018691,0.5180722891566265,0.768
2023-07-18,VOO,lstm,0.007552141954472126,0.0021562117617577314,-0.010186819359660149,0.01304280199110508,596.8031544384561,712.0970798769604,596.8031544384561,712.0970798769604,169.32078737813652,2871.1162269912234,0.006574297299250774,0.008343268328942548,1.962925441018691,0.5180722891566265,0.768
2023-07-19,VOO,lstm,0.0021541269457344744,0.0005064328433945775,-0.008530503138899803,0.011036120355129242,598.0901298512803,712.4577714830525,598.0901298512803,712.4577714830525,167.88254303005928,2902.9775572108038,0.006574297299250774,0.008343268328942548,1.962925441018691,0.5180722891566265,0.768
2023-07-20,VOO,lstm,-0.006548618392445592,0.0006365129956975579,-0.009814854711294174,0.009671647101640701,594.1862622474347,712.9113910773274,594.1862622474347,712.9113910773274,166.24286493919453,2931.1902529705308,0.006574297299250774,0.008343268328942548,1.962925441018691,0.5180722891566265,0.768
2023-07-21,VOO,lstm,0.00012036797657942233,0.0021595200523734093,-0.006417393684387207,0.011231249198317528,594.2577875501244,714.452606029461,594.2577875501244,714.452606029461,165.17943757984366,2964.296884214707,0.006574297299250774,0.008343268328942548,1.962925441018691,0.5180722891566265,0.768
2023-07-24,VOO,lstm,0.004226154113181973,0.0032474067993462086,-0.009174836799502373,0.014465581625699997,596.7745268615408,716.7764527696488,596.7745268615408,716.7764527696488,163.67087655614736,3007.48880348949,0.006574297299250774,0.008343268328942548,1.962925441018691,0.5180722891566265,0.768
2023-07-25,VOO,lstm,0.002942999431659847,0.0031807145569473505,-0.006391712464392185,0.013169589452445507,598.5334208974799,719.059922675957,598.5334208974799,719.059922675957,162.62807714248325,3047.358087212373,0.006574297299250774,0.008343268328942548,1.962925441018691,0.5180722891566265,0.768
2023-07-26,VOO,lstm,0.00023890041768104956,0.0008143865852616727,-0.009189192205667496,0.010791366919875145,598.6764278632602,719.645723742304,598.6764278632602,719.645723742304,161.14050062189025,3080.4214150383523,0.006574297299250774,0.008343268328942548,1.962925441018691,0.5180722891566265,0.768
2023-07-27,VOO,lstm,-0.006806651484431077,0.0026041867677122355,-0.008386136032640934,0.013801299966871738,594.6152831447756,721.5222604169393,594.6152831447756,721.5222604169393,159.79480219009253,3123.229853205866,0.006574297299250774,0.008343268328942548,1.962925441018691,0.5180722891566265,0.768
2023-07-28,VOO,lstm,0.009692635997006543,0.0024477671831846237,-0.006557142827659845,0.011781681329011917,600.4066943222838,723.290584333364,600.4066943222838,723.290584333364,158.75042987856327,3160.2442206773603,0.006574297299250774,0.008343268328942548,1.962925441018691,0.5180722891566265,0.768
2023-07-31,VOO,lstm,0.0019273043152345673,0.0011730319820344448,-0.00973500031977892,0.01120434794574976,601.5649765577855,724.1395355650042,601.5649765577855,724.1395355650042,157.2124904272334,3195.8516543547667,0.006574297299250774,0.008343268328942548,1.962925441018691,0.5180722891566265,0.768
2023-08-01,VOO,lstm,-0.003094990439869106,0.0023019923828542233,-0.0077592069283127785,0.013135186396539211,599.7060169214393,725.8084405419775,599.7060169214393,725.8084405419775,155.99736793708598,3238.106757291923,0.006574297299250774,0.008343268328942548,1.962925441018691,0.5180722891566265,0.768
2023-08-02,VOO,lstm,-0.013950637377404092,0.0017331935232505202,-0.008096158504486084,0.01121608354151249,591.3978227929158,727.0675248175529,591.3978227929158,727.0675248175529,154.73948391588527,3274.6300931129185,0.006574297299250774,0.008343268328942548,1.962925441018691,0.5180722891566265,0.768
2023-08-03,VOO,lstm,-0.0028330670813112363,0.002669197041541338,-0.006907804869115353,0.012625361792743206,589.7247242085251,729.0108247040101,589.7247242085251,729.0108247040101,153.67426058232496,3316.235726604681,0.006574297299250774,0.008343268328942548,1.962925441018691,0.5180722891566265,0.768
2023-08-04,VOO,lstm,-0.004910165718942784,0.0014059055829420686,-0.011064036749303341,0.01233664620667696,586.8361755139999,730.0364758910911,586.8361755139999,730.0364758910911,151.9833708555814,3357.400243261067,0.006574297299250774,0.008343268328942548,1.962925441018691,0.5180722891566265,0.768
2023-08-07,VOO,lstm,0.008975587820733183,0.002943955594673753,-0.008195438422262669,0.013495096005499363,592.1270841310767,732.1888308612766,592.1270841310767,732.1888308612766,150.7428883531144,3403.0156326707224,0.006574297299250774,0.008343268328942548,1.962925441018691,0.5180722891566265,0.768
2023-08-08,VOO,lstm,-0.00433215348422259,0.0023969244211912155,-0.00854787789285183,0.0116030965000391,589.5674470938861,733.9459392342116,589.5674470938861,733.9459392342116,149.45985170561295,3442.7312366724946,0.006574297299250774,0.008343268328942548,1.962925441018691,0.5180722891566265,0.768
2023-08-09,VOO,lstm,-0.006668039804733387,0.0024029389023780823,-0.008745433762669563,0.014498775824904442,585.6492657015829,735.7117264715727,585.6492657015829,735.7117264715727,148.15846219160997,3493.010430376144,0.006574297299250774,0.008343268328942548,1.962925441018691,0.5180722891566265,0.768
2023-08-10,VOO,lstm,0.0005858880559762911,0.002365933498367667,-0.00754793593659997,0.012860462069511414,585.9924911473752,737.4543984387203,585.9924911473752,737.4543984387203,147.0443782390217,3538.2222326810534,0.006574297299250774,0.008343268328942548,1.962925441018691,0.5180722891566265,0.768
2023-08-11,VOO,lstm,-0.0009277463486481152,0.0030964401084929705,-0.007374318316578865,0.012059163302183151,585.4490908611697,739.7414138977075,585.4490908611697,739.7414138977075,145.96401870358787,3581.1485385788155,0.006574297299250774,0.008343268328942548,1.962925441018691,0.5180722891566265,0.768
2023-08-14,VOO,lstm,0.005626401760267236,0.0019171606982126832,-0.010345257818698883,0.013181695714592934,588.7523466645779,741.1610007088835,588.7523466645779,741.1610007088835,144.46176665476472,3628.6666108897557,0.006574297299250774,0.008343268328942548,1.962925441018691,0.5180722891566265,0.768
2023-08-15,VOO,lstm,-0.01153032418065033,0.0029096854850649834,-0.006622190587222576,0.012309637852013111,582.0028280919812,743.3207081956713,582.0028280919812,743.3207081956713,143.50827271807609,3673.610281187001,0.006574297299250774,0.008343268328942548,1.962925441018691,0.5180722891566265,0.768
2023-08-16,VOO,lstm,-0.007423084435977787,0.002254544058814645,-0.0060628606006503105,0.01127684023231268,577.6985671677104,744.9984638243735,577.6985671677104,744.9984638243735,142.64083595524605,3715.2712925574074,0.006574297299250774,0.008343268328942548,1.962925441018691,0.5180722891566265,0.768
2023-08-17,VOO,lstm,-0.008127168910981327,0.00206182268448174,-0.009009900502860546,0.013897969387471676,573.0225404999297,746.5361329349882,573.0225404999297,746.5361329349882,141.3614295104451,3767.266705202145,0.006574297299250774,0.008343268328942548,1.962925441018691,0.5180722891566265,0.768
2023-08-18,VOO,lstm,0.0009228998006405989,0.0023913546465337276,-0.007195719517767429,0.013140139169991016,573.5516269976774,748.3234892751423,573.5516269976774,748.3234892751423,140.34788186837858,3817.095839818485,0.006574297299250774,0.008343268328942548,1.962925441018691,0.5180722891566265,0.768
2023-08-21,VOO,lstm,0.0065852503440992855,0.0017071524634957314,-0.006596765480935574,0.012086757458746433,577.3410715730593,749.6020948044244,577.3410715730593,749.6020948044244,139.42508781263163,3863.5119649058083,0.006574297299250774,0.008343268328942548,1.962925441018691,0.5180722891566265,0.768
2023-08-22,VOO,lstm,-0.002802767177418491,0.0024275057949125767,-0.00973653607070446,0.015355704352259636,575.7251845029004,751.4239569666416,575.7251845029004,751.4239569666416,138.074160289869,3923.29672271408,0.006574297299250774,0.008343268328942548,1.962925441018691,0.5180722891566265,0.768
2023-08-23,VOO,lstm,0.01072204270648348,0.0013819290325045586,-0.009676611050963402,0.012975787743926048,581.9313464288905,752.4630468729542,581.9313464288905,752.4630468729542,136.74451098255412,3974.5362778759268,0.006574297299250774,0.008343268328942548,1.962925441018691,0.5180722891566265,0.768
2023-08-24,VOO,lstm,-0.01338318166363345,0.0020012096501886845,-0.00756800826638937,0.012051497586071491,574.195136523889,753.9703755071749,574.195136523889,753.9703755071749,135.71353242576052,4022.7252218835533,0.006574297299250774,0.008343268328942548,1.962925441018691,0.5180722891566265,0.768
2023-08-25,VOO,lstm,0.006602659064185975,0.0014847031561657786,-0.01021998468786478,0.013641013763844967,577.9988948877285,755.0906432274357,577.9988948877285,755.0906432274357,134.3336031516479,4077.9751800397657,0.006574297299250774,0.008343268328942548,1.962925441018691,0.5180722891566265,0.768
2023-08-28,VOO,lstm,0.006559274750180239,0.0021571186371147633,-0.006947368383407593,0.01100241020321846,581.802609611969,756.7212435608957,581.802609611969,756.7212435608957,133.40356891113527,4123.0907089312805,0.006574297299250774,0.008343268328942548,1.962925441018691,0.5180722891566265,0.768
2023-08-29,VOO,lstm,0.014106467712175738,0.002215503016486764,-0.00963191781193018,0.014696753583848476,590.0679496543173,758.3996573641982,590.0679496543173,758.3996573641982,132.124805178472,4184.134373587733,0.006574297299250774,0.008343268328942548,1.962925441018691,0.5180722891566265,0.768
2023-08-30,VOO,lstm,0.004159548205592832,0.0011395219480618834,-0.008876372128725052,0.011374121531844139,592.5274774515019,759.2643221957211,592.5274774515019,759.2643221957211,130.95720455478266,4231.997042366716,0.006574297299250774,0.008343268328942548,1.962925441018691,0.5180722891566265,0.768
2023-08-31,VOO,lstm,-0.001279896810188451,0.001720211235806346,-0.008243520744144917,0.012343806214630604,591.7695885364255,760.5715777744145,591.7695885364255,760.5715777744145,129.8820922972214,4284.559701135268,0.006574297299250774,0.008343268328942548,1.962925441018691,0.5180722891566265,0.768
2023-09-01,VOO,lstm,0.0021242311464940637,0.0032287901267409325,-0.007115546148270369,0.013611827045679092,593.0279800119333,763.0312881737373,593.0279800119333,763.0312881737373,128.96119312722703,4343.279146130316,0.006574297299250774,0.008343268328942548,1.962925441018691,0.5180722891566265,0.768
2023-09-05,VOO,lstm,-0.004374042064270617,0.0025425520725548267,-0.008983632549643517,0.015180554240942001,590.4397153978273,764.9738388555951,590.4397153978273,764.9738388555951,127.80784431042842,4409.715420615393,0.006574297299250774,0.008343268328942548,1.962925441018691,0.5180722891566265,0.768
2023-09-06,VOO,lstm,-0.006926344397173834,0.001848825835622847,-0.010171964764595032,0.01187962107360363,586.364256890885,766.3894120830669,586.364256890885,766.3894120830669,126.51437884505226,4462.41369325918,0.006574297299250774,0.008343268328942548,1.962925441018691,0.5180722891566265,0.768
2023-09-07,VOO,lstm,-0.0029796848416016298,0.002700702054426074,-0.00721646286547184,0.013378772884607315,584.6196766434037,768.4620217702184,584.6196766434037,768.4620217702184,125.60468151467566,4522.516261683584,0.006574297299250774,0.008343268328942548,1.962925441018691,0.5180722891566265,0.768
2023-09-08,VOO,lstm,0.001368893849546581,0.0028671100735664368,-0.008176981471478939,0.013716940768063068,585.4205069238532,770.6684875219089,585.4205069238532,770.6684875219089,124.58179926615558,4584.978855186869,0.006574297299250774,0.008343268328942548,1.962925441018691,0.5180722891566265,0.768
2023-09-11,VOO,lstm,0.006549189951319999,0.0021806308068335056,-0.009137406945228577,0.012074872851371765,589.267119373868,772.3508263966663,589.267119373868,772.3508263966663,123.44862963112115,4640.677282177117,0.006574297299250774,0.008343268328942548,1.962925441018691,0.5180722891566265,0.768
2023-09-12,VOO,lstm,-0.005377448335848652,0.0026673644315451384,-0.009042495861649513,0.013284601271152496,586.10687053624,774.4136859635238,586.10687053624,774.4136859635238,122.33737816714701,4702.738246230567,0.006574297299250774,0.008343268328942548,1.962925441018691,0.5180722891566265,0.768
2023-09-13,VOO,lstm,0.0011704446134272546,0.0017698588781058788,-0.007793075405061245,0.012555803172290325,586.7932777882257,775.7855211206104,586.7932777882257,775.7855211206104,121.38769882477382,4762.157309169016,0.006574297299250774,0.008343268328942548,1.962925441018691,0.5180722891566265,0.768
2023-09-14,VOO,lstm,0.008613915058686568,0.003972039092332125,-0.00788510125130415,0.014822161756455898,591.8696977764317,778.8730864721124,591.8696977764317,778.8730864721124,120.43430720877862,4833.268286224857,0.006574297299250774,0.008343268328942548,1.962925441018691,0.5180722891566265,0.768
2023-09-15,VOO,lstm,-0.012545150819965456,0.0020727617666125298,-0.008391895331442356,0.013348598964512348,584.4909834660813,780.4892145523771,584.4909834660813,780.4892145523771,119.4278606321893,4898.218255767035,0.006574297299250774,0.008343268328942548,1.962925441018691,0.5180722891566265,0.768
2023-09-18,VOO,lstm,0.0011003686292655572,0.0024664001539349556,-0.009888697415590286,0.012503832578659058,585.1344929922928,782.4165705665636,585.1344929922928,782.4165705665636,118.25269621705712,4959.849117581021,0.006574297299250774,0.008343268328942548,1.962925441018691,0.5180722891566265,0.768
2023-09-19,VOO,lstm,-0.002005987576795112,0.002324415370821953,-0.011462057009339333,0.014721756801009178,583.9618969683335,784.2373200728023,583.9618969683335,784.2373200728023,116.90501204064275,5033.407194066314,0.006574297299250774,0.008343268328942548,1.962925441018691,0.5180722891566265,0.768
2023-09-20,VOO,lstm,-0.009398306161335006,0.0025506140664219856,-0.008771851658821106,0.014019837602972984,578.4993538085611,786.2401215039717,578.4993538085611,786.2401215039717,115.8840208354128,5104.471616319594,0.006574297299250774,0.008343268328942548,1.962925441018691,0.5180722891566265,0.768
2023-09-21,VOO,lstm,-0.016524294279600348,0.0023725521750748158,-0.008891117759048939,0.01375091727823019,569.0186072956772,788.1077282226416,569.0186072956772,788.1077282226416,114.85824943912127,5175.147724833938,0.006574297299250774,0.008343268328942548,1.962925441018691,0.5180722891566265,0.768
2023-09-22,VOO,lstm,-0.0024155153823138364,0.0032359338365495205,-0.008324033580720425,0.013201362453401089,567.6457927917057,790.662128311744,567.6457927917057,790.662128311744,113.90613699194908,5243.919515413002,0.006574297299250774,0.008343268328942548,1.962925441018691,0.5180722891566265,0.768
2023-09-25,VOO,lstm,0.004147960104940573,0.000943517021369189,-0.0104947155341506,0.01345518697053194,570.0052549884831,791.4085278805522,570.0052549884831,791.4085278805522,112.71697820658942,5314.954221802301,0.006574297299250774,0.008343268328942548,1.962925441018691,0.5180722891566265,0.768
2023-09-26,VOO,lstm,-0.014784695357337773,0.0025601566303521395,-0.010123454965651035,0.013719015754759312,561.6398929853267,793.4372850931367,561.6398929853267,793.4372850931367,111.5816465761093,5388.372318750634,0.006574297299250774,0.008343268328942548,1.962925441018691,0.5180722891566265,0.768
2023-09-27,VOO,lstm,0.00022911199314274575,0.0024459369014948606,-0.008790021762251854,0.013079632073640823,561.7685861626493,795.3803467009348,561.7685861626493,795.3803467009348,110.60513850467578,5459.313436425359,0.006574297299250774,0.008343268328942548,1.962925441018691,0.5180722891566265,0.768
2023-09-28,VOO,lstm,0.002008948085226449,0.0028766379691660404,-0.008264876902103424,0.012954099103808403,562.8982844608345,797.6716877027285,562.8982844608345,797.6716877027285,109.69476913373184,5530.494131457906,0.006574297299250774,0.008343268328942548,1.962925441018691,0.5180722891566265,0.768
2023-09-29,VOO,lstm,-0.0023908305747203404,0.0021818133536726236,-0.008660109713673592,0.013330001384019852,561.5540975337784,799.413924395883,561.5540975337784,799.413924395883,108.74890339672689,5604.709328292004,0.006574297299250774,0.008343268328942548,1.962925441018691,0.5180722891566265,0.768
2023-10-02,VOO,lstm,-7.639400112631619e-05,0.0032050132285803556,-0.008161051198840141,0.015541961416602135,561.5111998080042,801.9801925502725,561.5111998080042,801.9801925502725,107.86500664568739,5692.498050506893,0.006574297299250774,0.008343268328942548,1.962925441018691,0.5180722891566265,0.768
2023-10-03,VOO,lstm,-0.01353762332789163,0.002561514265835285,-0.006471480242908001,0.013832067139446735,553.9608945945571,804.0371016158432,553.9608945945571,804.0371016158432,107.16921333801248,5771.784159385164,0.006574297299250774,0.008343268328942548,1.962925441018691,0.5180722891566265,0.768
2023-10-04,VOO,lstm,0.007329934103122973,0.0021085115149617195,-0.007005487568676472,0.011400780640542507,558.0363094619005,805.734198550306,558.0363094619005,805.734198550306,106.42106343015085,5837.963588390107,0.006574297299250774,0.008343268328942548,1.962925441018691,0.5180722891566265,0.768
2023-10-05,VOO,lstm,-0.0008459567891473427,0.002550701145082712,-0.008951004594564438,0.011994240805506706,557.5644344783846,807.7919952037844,557.5644344783846,807.7919952037844,105.47273754306697,5908.4072796891205,0.006574297299250774,0.008343268328942548,1.962925441018691,0.5180722891566265,0.768
2023-10-06,VOO,lstm,0.01185526113451347,0.0014577937545254827,-0.008299637585878372,0.009788703173398972,564.2138438109752,808.970469443766,564.2138438109752,808.970469443766,104.60097198659088,5966.527058739245,0.006574297299250774,0.008343268328942548,1.962925441018691,0.5180722891566265,0.768
2023-10-09,VOO,lstm,0.006643547978840028,0.0017687607323750854,-0.010345438495278358,0.011998100206255913,567.9747044490406,810.4026522852707,567.9747044490406,810.4026522852707,103.52440698105953,6038.545530791531,0.006574297299250774,0.008343268328942548,1.962925441018691,0.5180722891566265,0.768
2023-10-10,VOO,lstm,0.005147953590696413,0.0018337718211114407,-0.010167512111365795,0.012309740297496319,570.9061508693401,811.890118338904,570.9061508693401,811.890118338904,102.47715603644444,6113.338020874419,0.006574297299250774,0.008343268328942548,1.962925441018691,0.5180722891566265,0.768
2023-10-11,VOO,lstm,0.004224114851628209,0.002370499074459076,-0.009198859333992004,0.011606493964791298,573.3228245803494,813.8170078020914,573.3228245803494,813.8170078020914,101.53880305708584,6184.706142067379,0.006574297299250774,0.008343268328942548,1.962925441018691,0.5180722891566265,0.768
2023-10-12,VOO,lstm,-0.0060291726006420215,0.0022427192889153957,-0.010654748417437077,0.014561203308403492,569.8765618111611,815.6441797863997,569.8765618111611,815.6441797863997,100.46267627335878,6275.421861902214,0.006574297299250774,0.008343268328942548,1.962925441018691,0.5180722891566265,0.768
2023-10-13,VOO,lstm,-0.00528336846649033,0.0006812213105149567,-0.00888112373650074,0.009822137653827667,566.8736337277711,816.1999599744428,566.8736337277711,816.1999599744428,99.57440411538774,6337.363596474327,0.006574297299250774,0.008343268328942548,1.962925441018691,0.5180722891566265,0.768
2023-10-16,VOO,lstm,0.010414261901147042,0.001923155039548874,-0.00781936477869749,0.012565267272293568,572.8080518710595,817.771138047571,572.8080518710595,817.771138047571,98.79882938164273,6417.496576424997,0.006574297299250774,0.008343268328942548,1.962925441018691,0.5180722891566265,0.768
2023-10-17,VOO,lstm,2.4912308864553004e-05,0.00033199877361766994,-0.01094217598438263,0.01108497567474842,572.8223220199183,818.0426363246942,572.8223220199183,818.0426363246942,97.7236455448446,6489.030258458848,0.006574297299250774,0.008343268328942548,1.962925441018691,0.5180722891566265,0.768
2023-10-18,VOO,lstm,-0.013470888383031067,0.0013909488916397095,-0.0113208694383502,0.013103771023452282,565.1576374176063,819.1812597794708,565.1576374176063,819.1812597794708,96.62356534411937,6574.620769062924,0.006574297299250774,0.008343268328942548,1.962925441018691,0.5180722891566265,0.768
2023-10-19,VOO,lstm,-0.008512435294478295,0.0015198541805148125,-0.011734472587704659,0.013502230867743492,560.3671877213619,820.4272273695079,560.3671877213619,820.4272273695079,95.49636635993055,6663.994802294487,0.006574297299250774,0.008343268328942548,1.962925441018691,0.5180722891566265,0.768
2023-10-20,VOO,lstm,-0.0125313120070242,0.0018538639415055513,-0.00906810350716114,0.011227890849113464,553.3888667314368,821.9496218145974,553.3888667314368,821.9496218145974,94.63430887165529,6739.238942405567,0.006574297299250774,0.008343268328942548,1.962925441018691,0.5180722891566265,0.768
2023-10-23,VOO,lstm,-0.0017586780338304999,0.000880338076967746,-0.009476490318775177,0.012575570493936539,552.4164891874896,822.6735278316585,552.4164891874896,822.6735278316585,93.74174458880688,6824.5241443899595,0.006574297299250774,0.008343268328942548,1.962925441018691,0.5180722891566265,0.768
2023-10-24,VOO,lstm,0.0074532320422759715,0.002219107933342457,-0.007499474100768566,0.012571561150252819,556.5491592086637,824.5011664416246,556.5491592086637,824.5011664416246,93.04135856026633,6910.860971703769,0.006574297299250774,0.008343268328942548,1.962925441018691,0.5180722891566265,0.768
2023-10-25,VOO,lstm,-0.014206345004562006,0.001562426215969026,-0.008229266852140427,0.011847009882330894,548.6985262751984,825.7904127385328,548.6985262751984,825.7904127385328,92.27883629677997,6993.220963039899,0.006574297299250774,0.008343268328942548,1.962925441018691,0.5180722891566265,0.768
2023-10-26,VOO,lstm,-0.01235083158927852,0.0012103916378691792,-0.009829515591263771,0.014001913368701935,541.9633214910596,826.7905823248842,541.9633214910596,826.7905823248842,91.37622372079318,7091.828402459079,0.006574297299250774,0.008343268328942548,1.962925441018691,0.5180722891566265,0.768
2023-10-27,VOO,lstm,-0.00444255188961451,0.0020111403428018093,-0.00868528988212347,0.012605811469256878,539.5609615685079,828.4550824844223,539.5609615685079,828.4550824844223,90.58603135262508,7181.79290186681,0.006574297299250774,0.008343268328942548,1.962925441018691,0.5180722891566265,0.768
2023-10-30,VOO,lstm,0.011960357731751905,0.0014249029336497188,-0.009573475457727909,0.010505485348403454,546.0530501468605,829.6363453639842,546.0530501468605,829.6363453639842,89.72294553959644,7257.638884295514,0.006574297299250774,0.008343268328942548,1.962925441018691,0.5180722891566265,0.768
2023-10-31,VOO,lstm,0.006031186982658686,0.0013130968436598778,-0.010299332439899445,0.013696601614356041,549.3563495898676,830.726425124369,549.3563495898676,830.726425124369,88.80360335559669,7357.727863536004,0.006574297299250774,0.008343268328942548,1.962925441018691,0.5180722891566265,0.768
2023-11-01,VOO,lstm,0.010950522795437316,0.0012560761533677578,-0.010133665055036545,0.012690570205450058,555.4051471220207,831.7705016505444,555.4051471220207,831.7705016505444,87.9082425085277,7451.696991031285,0.006574297299250774,0.008343268328942548,1.962925441018691,0.5180722891566265,0.768
2023-11-02,VOO,lstm,0.018822777533800624,0.0012527889339253306,-0.009696509689092636,0.011050969362258911,565.9584240584569,832.8132132178696,565.9584240584569,832.8132132178696,87.05996011097882,7534.501836211316,0.006574297299250774,0.008343268328942548,1.962925441018691,0.5180722891566265,0.768
2023-11-03,VOO,lstm,0.00920507406796588,0.0012027132324874401,-0.010840576142072678,0.012121068313717842,571.1921648009007,833.8154354444218,571.1921648009007,833.8154354444218,86.12127932482245,7626.384120952806,0.006574297299250774,0.008343268328942548,1.962925441018691,0.5180722891566265,0.768
2023-11-06,VOO,lstm,0.001925815688175452,0.0021041883155703545,-0.007916866801679134,0.01175562385469675,572.2932355221704,835.5718077465133,572.2932355221704,835.5718077465133,85.4421583590201,7716.565849897336,0.006574297299250774,0.008343268328942548,1.962925441018691,0.5180722891566265,0.768
2023-11-07,VOO,lstm,0.002819551241064216,0.0030537014827132225,-0.007415564730763435,0.013913357630372047,573.9091225923293,838.1272489743948,573.9091225923293,838.1272489743948,84.81090187326481,7824.67917069771,0.006574297299250774,0.008343268328942548,1.962925441018691,0.5180722891566265,0.768
2023-11-08,VOO,lstm,0.000821950173497955,0.0014032828621566296,-0.010768178850412369,0.010205188766121864,574.381041215444,839.3042188593766,574.381041215444,839.3042188593766,83.90254164421913,7904.940680583719,0.006574297299250774,0.008343268328942548,1.962925441018691,0.5180722891566265,0.768
2023-11-09,VOO,lstm,-0.007572098687985274,0.001735949539579451,-0.008283523842692375,0.010713793337345123,570.0481963538567,840.7624892887346,570.0481963538567,840.7624892887346,83.21040584746001,7990.0879094297325,0.006574297299250774,0.008343268328942548,1.962925441018691,0.5180722891566265,0.768
2023-11-10,VOO,lstm,0.015482501432763161,0.0011452233884483576,-0.011383749544620514,0.012971477583050728,578.9426448547609,841.7258683198019,578.9426448547609,841.7258683198019,82.26852895188557,8094.405862769388,0.006574297299250774,0.008343268328942548,1.962925441018691,0.5180722891566265,0.768
2023-11-13,VOO,lstm,-0.0010131425061752507,0.001757552963681519,-0.007892058230936527,0.010633940808475018,578.3563904823802,843.2065081247524,578.3563904823802,843.2065081247524,81.62181455008324,8180.940639191549,0.006574297299250774,0.008343268328942548,1.962925441018691,0.5180722891566265,0.768
2023-11-14,VOO,lstm,0.019029040730675042,0.002305181697010994,-0.009127885103225708,0.0113397017121315,589.4673378538806,845.1525375490974,589.4673378538806,845.1525375490974,80.8801685047994,8274.238343314677,0.006574297299250774,0.008343268328942548,1.962925441018691,0.5180722891566265,0.768
2023-11-15,VOO,lstm,0.002180905462479444,0.0020632436498999596,-0.008798692375421524,0.012544075027108192,590.7543132667047,846.8981326306146,590.7543132667047,846.8981326306146,80.17165057398475,8378.684646941403,0.006574297299250774,0.008343268328942548,1.962925441018691,0.5180722891566265,0.768
2023-11-16,VOO,lstm,0.001403007135408721,0.0022244583815336227,-0.009370207786560059,0.013371137902140617,591.5837274844706,848.784131358374,591.5837274844706,848.784131358374,79.4239330439361,8491.469069930692,0.006574297299250774,0.008343268328942548,1.962925441018691,0.5180722891566265,0.768
2023-11-17,VOO,lstm,0.0014733770237476923,0.0012645629467442632,-0.010615373030304909,0.01199314370751381,592.4559957884118,849.858188407454,592.4559957884118,849.858188407454,78.58527975161005,8593.921118713608,0.006574297299250774,0.008343268328942548,1.962925441018691,0.5180722891566265,0.768
2023-11-20,VOO,lstm,0.007502368018900841,0.002069686306640506,-0.00794954877346754,0.010603145696222782,596.9175338273217,851.6189734285829,596.9175338273217,851.6189734285829,77.96303680510192,8685.528669395944,0.006574297299250774,0.008343268328942548,1.962925441018691,0.5180722891566265,0.768
2023-11-21,VOO,lstm,-0.002614622673424471,0.0006789133767597377,-0.00873157475143671,0.009895085357129574,595.3588582713948,852.1973379548097,595.3588582713948,852.1973379548097,77.28525923043331,8771.899308069687,0.006574297299250774,0.008343268328942548,1.962925441018691,0.5180722891566265,0.768
2023-11-22,VOO,lstm,0.00431411436730341,0.0012589427642524242,-0.011787871830165386,0.01431597676128149,597.932852736642,853.270837785791,597.932852736642,853.270837785791,76.3795772053871,8898.380969962527,0.006574297299250774,0.008343268328942548,1.962925441018691,0.5180722891566265,0.768
2023-11-24,VOO,lstm,0.0005498570772844215,0.0016936665633693337,-0.009245612658560276,0.012076585553586483,598.2617207543777,854.7172650492074,598.2617207543777,854.7172650492074,75.67665467639962,9006.494615093947,0.006574297299250774,0.008343268328942548,1.962925441018691,0.5180722891566265,0.768
2023-11-27,VOO,lstm,-0.001746344291916326,0.0019235899671912193,-0.009406606666743755,0.012789391912519932,597.2178615473399,856.3629961723061,597.2178615473399,856.3629961723061,74.96813057522546,9122.421745026608,0.006574297299250774,0.008343268328942548,1.962925441018691,0.5180722891566265,0.768
2023-11-28,VOO,lstm,0.000981160899909786,0.0023062406107783318,-0.00919648353010416,0.0128191402181983,597.8041159197205,858.340206039529,597.8041159197205,858.340206039529,74.28184833589174,9240.116163242239,0.006574297299250774,0.008343268328942548,1.962925441018691,0.5180722891566265,0.768
2023-11-29,VOO,lstm,-0.0006460381355051053,0.002224744064733386,-0.007477252744138241,0.011715701781213284,597.418036387753,860.2518903224799,597.418036387753,860.2518903224799,73.72849398884037,9349.006806771353,0.006574297299250774,0.008343268328942548,1.962925441018691,0.5180722891566265,0.768
2023-11-30,VOO,lstm,0.003870128654219355,0.0013444512151181698,-0.007645255886018276,0.009606708772480488,599.7346008587563,861.4092698107311,599.7346008587563,861.4092698107311,73.16697020703938,9439.252509774558,0.006574297299250774,0.008343268328942548,1.962925441018691,0.5180722891566265,0.768
2023-12-01,VOO,lstm,0.005848366800818001,0.0017459029331803322,-0.007459346204996109,0.01049279235303402,603.2523452910352,862.9144703251532,603.2523452910352,862.9144703251532,72.62322498659375,9538.817703406492,0.006574297299250774,0.008343268328942548,1.962925441018691,0.5180722891566265,0.768
2023-12-04,VOO,lstm,-0.005038022012283435,0.001525089843198657,-0.010565507225692272,0.011485950089991093,600.2207896307298,864.231481915583,600.2207896307298,864.231481915583,71.85996155884679,9649.012172761122,0.006574297299250774,0.008343268328942548,1.962925441018691,0.5180722891566265,0.768
2023-12-05,VOO,lstm,-0.0003097751537107089,0.002470090053975582,-0.007626342587172985,0.011964601464569569,600.0348849391754,866.3688265529556,600.0348849391754,866.3688265529556,71.31401791597936,9765.151955436808,0.006574297299250774,0.008343268328942548,1.962925441018691,0.5180722891566265,0.768
2023-12-06,VOO,lstm,-0.004179260411419259,0.001693322672508657,-0.01131383515894413,0.01263565942645073,597.5324157766178,867.8371471142577,597.5324157766178,867.8371471142577,70.51172960357094,9889.323835775302,0.006574297299250774,0.008343268328942548,1.962925441018691,0.5180722891566265,0.768
2023-12-07,VOO,lstm,0.007795173071864037,0.0022406596690416336,-0.009381299838423729,0.012845022603869438,602.2084860839974,869.783845731865,602.2084860839974,869.783845731865,69.85333160042327,10017.171924757207,0.006574297299250774,0.008343268328942548,1.962925441018691,0.5180722891566265,0.768
2023-12-08,VOO,lstm,0.004241481404264723,0.002158133778721094,-0.008396156132221222,0.011627094820141792,604.7681667607869,871.6629528061494,604.7681667607869,871.6629528061494,69.26928915637787,10134.321830260764,0.006574297299250774,0.008343268328942548,1.962925441018691,0.5180722891566265,0.768
2023-12-11,VOO,lstm,0.00387026515481787,0.0017614701064303517,-0.009632527828216553,0.013168368488550186,607.1133151691066,873.1996825483247,607.1133151691066,873.1996825483247,68.60525472752451,10268.657099701873,0.006574297299250774,0.008343268328942548,1.962925441018691,0.5180722891566265,0.768
2023-12-12,VOO,lstm,0.004957579416840917,0.0014078894164413214,-0.009447325021028519,0.012216908857226372,610.1306006805532,874.4299637878389,610.1306006805532,874.4299637878389,67.96017244754248,10394.87726664821,0.006574297299250774,0.008343268328942548,1.962925441018691,0.5180722891566265,0.768
2023-12-13,VOO,lstm,0.013525195745184869,0.002262217691168189,-0.00849886704236269,0.012956139631569386,618.4387948090769,876.4103186276457,618.4387948090769,876.4103186276457,67.38503595501479,10530.430867326166,0.006574297299250774,0.008343268328942548,1.962925441018691,0.5180722891566265,0.768
2023-12-14,VOO,lstm,0.0029322233298422883,0.0015606895321980119,-0.010627064853906631,0.013467751443386078,620.2548567196487,877.7791664739939,620.2548567196487,877.7791664739939,66.67272058984419,10673.211553567517,0.006574297299250774,0.008343268328942548,1.962925441018691,0.5180722891566265,0.768
2023-12-15,VOO,lstm,-0.0015227811186281136,0.003248282941058278,-0.009785361588001251,0.014320055022835732,619.311063113018,880.6350904593053,619.311063113018,880.6350904593053,66.02348758463266,10827.152692057494,0.006574297299250774,0.008343268328942548,1.962925441018691,0.5180722891566265,0.768
2023-12-18,VOO,lstm,0.005641110001506926,-0.0004141310346312821,-0.010557127185165882,0.009494402445852757,622.8145373964383,880.2704428340127,622.8145373964383,880.2704428340127,65.33013379872675,10930.43944321206,0.006574297299250774,0.008343268328942548,1.962925441018691,0.5180722891566265,0.768
2023-12-19,VOO,lstm,0.00606595169874442,0.0009711100719869137,-0.012156540527939796,0.011792376637458801,626.6039819718201,881.1256746089505,626.6039819718201,881.1256746089505,64.5407540790277,11060.098051371568,0.006574297299250774,0.008343268328942548,1.962925441018691,0.5180722891566265,0.768
2023-12-20,VOO,lstm,-0.018658131244929887,0.0023529117461293936,-0.007924024946987629,0.012583342380821705,615.0211159772049,883.2013377530559,615.0211159772049,883.2013377530559,64.03135147172762,11200.15082954512,0.006574297299250774,0.008343268328942548,1.962925441018691,0.5180722891566265,0.768
2023-12-21,VOO,lstm,0.009695003955022513,0.002164536854252219,-0.010497725568711758,0.013519258238375187,621.0127456347251,885.1151178124337,621.0127456347251,885.1151178124337,63.36268529915178,11352.59695903595,0.006574297299250774,0.008343268328942548,1.962925441018691,0.5180722891566265,0.768
2023-12-22,VOO,lstm,0.0023230107094711428,0.0012740344973281026,-0.011045021936297417,0.01153470017015934,622.4570418017871,886.2434839334738,622.4570418017871,886.2434839334738,62.666694232436406,11484.303522991897,0.006574297299250774,0.008343268328942548,1.962925441018691,0.5180722891566265,0.768
2023-12-26,VOO,lstm,0.004149520570672243,0.001073629129678011,-0.009123575873672962,0.011041845194995403,625.045306415893,887.1954821712893,625.045306415893,887.1954821712893,62.09755036890238,11611.814135697598,0.006574297299250774,0.008343268328942548,1.962925441018691,0.5180722891566265,0.768
2023-12-27,VOO,lstm,0.0018285440362748363,0.0013984781689941883,-0.010342231951653957,0.013237482868134975,626.1892748629369,888.4370216216021,626.1892748629369,888.4370216216021,61.458631543235484,11766.546816938222,0.006574297299250774,0.008343268328942548,1.962925441018691,0.5180722891566265,0.768
2023-12-28,VOO,lstm,0.00015985779797937917,0.001506053376942873,-0.008255132474005222,0.009931542910635471,626.289384102943,889.7760410708793,626.289384102943,889.7760410708793,60.95337094865916,11883.989146504913,0.006574297299250774,0.008343268328942548,1.962925441018691,0.5180722891566265,0.768
2023-12-29,VOO,lstm,-0.0026750211829877535,0.001858154428191483,-0.008367534726858139,0.011736376211047173,624.6162855185523,891.4309384975784,624.6162855185523,891.4309384975784,60.44547027241582,12024.285988741036,0.006574297299250774,0.008343268328942548,1.962925441018691,0.5180722891566265,0.768
2023-01-03,VOO,gru,-0.003849850417839892,0.0014233890688046813,-0.03137645125389099,0.034806132316589355,500.4795187230737,503.125652448387,500.4795187230737,503.125652448387,486.89089411092755,520.2048571882333,0.007439841858592255,0.009425299382162713,2.5860929633573875,0.4819277108433735,1.0
2023-01-04,VOO,gru,0.0071744636032438245,0.0008193288813345134,-0.03057095780968666,0.029528964310884476,504.08310224650006,503.5380560302727,504.08310224650006,503.5380560302727,472.23139209362483,535.7949886018268,0.007439841858592255,0.009425299382162713,2.5860929633573875,0.4819277108433735,1.0
2023-01-05,VOO,gru,-0.010981772528925621,-0.005652062129229307,-0.03588126599788666,0.026495546102523804,498.5776613609534,500.7000672064946,498.5776613609534,500.7000672064946,455.58751161624207,550.1808844593729,0.007439841858592255,0.009425299382162713,2.5860929633573875,0.4819277108433735,1.0
2023-01-06,VOO,gru,0.02248940632279282,0.0016438221791759133,-0.033905453979969025,0.03699502348899841,509.9174111497823,501.52382266479196,509.9174111497823,501.52382266479196,440.39953778333614,570.9160453395746,0.007439841858592255,0.009425299382162713,2.5860929633573875,0.4819277108433735,1.0
2023-01-09,VOO,gru,-0.0007294220484379014,-0.0019792141392827034,-0.03105972148478031,0.031005846336483955,509.5456017666735,500.53217722318476,509.5456017666735,500.53217722318476,426.9311031370217,588.8950582696525,0.007439841858592255,0.009425299382162713,2.5860929633573875,0.4819277108433735,1.0
2023-01-10,VOO,gru,0.007102962217562518,-0.000500907888635993,-0.03348211199045181,0.035179413855075836,513.1777692274163,500.28151159707437,513.1777692274163,500.28151159707437,412.8731964006653,609.9807891569242,0.007439841858592255,0.009425299382162713,2.5860929633573875,0.4819277108433735,1.0
2023-01-11,VOO,gru,0.012681577206823691,-0.0031099594198167324,-0.036066439002752304,0.030614901334047318,519.7271129595998,498.72808548950985,519.7271129595998,498.72808548950985,398.24765256952736,628.9440867675237,0.007439841858592255,0.009425299382162713,2.5860929633573875,0.4819277108433735,1.0
2023-01-12,VOO,gru,0.0037348938957075146,-0.000495663087349385,-0.031602222472429276,0.03398732468485832,521.6718680474943,498.48093928225114,521.6718680474943,498.48093928225114,385.85893219961594,650.6876451470772,0.007439841858592255,0.009425299382162713,2.5860929633573875,0.4819277108433735,1.0
2023-01-13,VOO,gru,0.003884917917238009,-0.000606063287705183,-0.032210823148489,0.036777105182409286,523.7024622265361,498.17891904553227,523.7024622265361,498.17891904553227,373.62814119311287,675.0635480218759,0.007439841858592255,0.009425299382162713,2.5860929633573875,0.4819277108433735,1.0
2023-01-17,VOO,gru,-0.0015302572733764844,0.0011462914990261197,-0.0272201020270586,0.0284410510212183,522.9016755856856,498.75028671226994,522.9016755856856,498.75028671226994,363.59511766203127,694.5387015875906,0.007439841858592255,0.009425299382162713,2.5860929633573875,0.4819277108433735,1.0
2023-01-18,VOO,gru,-0.01637754345682737,0.00025318554253317416,-0.03167960047721863,0.035815492272377014,514.4075767656077,498.8765705497048,514.4075767656077,498.8765705497048,352.2571078437362,719.8647580456493,0.007439841858592255,0.009425299382162713,2.5860929633573875,0.4819277108433735,1.0
2023-01-19,VOO,gru,-0.007225877815003664,-0.0008709274115972221,-0.030938949435949326,0.030766423791646957,510.7039276417742,498.442285605595,510.7039276417742,498.442285605595,341.52550866331757,742.3566700790888,0.007439841858592255,0.009425299382162713,2.5860929633573875,0.4819277108433735,1.0
2023-01-20,VOO,gru,0.018228920524590658,-0.0037165440153330564,-0.035941898822784424,0.02537471242249012,520.0988787031097,496.5932272772334,520.0988787031097,496.5932272772334,329.4684108584877,761.4347740564101,0.007439841858592255,0.009425299382162713,2.5860929633573875,0.4819277108433735,1.0
2023-01-23,VOO,gru,0.012106517085452621,0.0013326156185939908,-0.035555094480514526,0.03680965304374695,526.4337338064223,497.2554219870497,526.4337338064223,497.2554219870497,317.9599448437774,789.9851469738039,0.007439841858592255,0.009425299382162713,2.5860929633573875,0.4819277108433735,1.0
2023-01-24,VOO,gru,-0.0010599809134273586,-0.0003026430495083332,-0.034434400498867035,0.03308619558811188,525.8760197317591,497.104946140674,525.8760197317591,497.104946140674,307.19754579748246,816.5599861633974,0.007439841858592255,0.009425299382162713,2.5860929633573875,0.4819277108433735,1.0
2023-01-25,VOO,gru,0.00035345182579026024,5.2543171477736905e-05,-0.033397991210222244,0.03291567787528038,526.0619244233136,497.13107959228455,526.0619244233136,497.13107959228455,297.1071967218247,843.8848260266874,0.007439841858592255,0.009425299382162713,2.5860929633573875,0.4819277108433735,1.0
2023-01-26,VOO,gru,0.010626153232779396,-0.0006402485305443406,-0.032108813524246216,0.02857843227684498,531.6817446977251,496.8128984630279,531.6817446977251,496.8128984630279,287.7189639381431,868.3496762868357,0.007439841858592255,0.009425299382162713,2.5860929633573875,0.4819277108433735,1.0
2023-01-27,VOO,gru,0.0028468557901991302,-0.0020887344144284725,-0.03251127526164055,0.0314568467438221,533.1975225278778,495.77625870488833,533.1975225278778,495.77625870488833,278.5152825639848,896.0993461690427,0.007439841858592255,0.009425299382162713,2.5860929633573875,0.4819277108433735,1.0
2023-01-30,VOO,gru,-0.012576415954160486,-0.004231596365571022,-0.04318367317318916,0.02876007929444313,526.5337994068295,493.6827782805027,526.5337994068295,493.6827782805027,266.74396752126535,922.2454333349152,0.007439841858592255,0.009425299382162713,2.5860929633573875,0.4819277108433735,1.0
2023-01-31,VOO,gru,0.014103951259649307,-0.00045786018017679453,-0.03755538910627365,0.03201548010110855,534.0126229571861,493.4567882391756,534.0126229571861,493.4567882391756,256.9120739534961,952.2493295065882,0.007439841858592255,0.009425299382162713,2.5860929633573875,0.4819277108433735,1.0
2023-02-01,VOO,gru,0.010892676860967919,-0.0028171741869300604,-0.03255713731050491,0.033828623592853546,539.8612456489261,492.06858572146865,539.8612456489261,492.06858572146865,248.68244869217526,985.0137314163552,0.007439841858592255,0.009425299382162713,2.5860929633573875,0.4819277108433735,1.0
2023-02-02,VOO,gru,0.014228292823714427,-0.0012427897891029716,-0.03487565368413925,0.031828396022319794,547.5974555539277,491.4574160739381,547.5974555539277,491.4574160739381,240.1589775063772,1016.869359334115,0.007439841858592255,0.009425299382162713,2.5860929633573875,0.4819277108433735,1.0
2023-02-03,VOO,gru,-0.010737960832465285,0.00016536068869754672,-0.031121311709284782,0.03392607718706131,541.7488328621877,491.5386752573562,541.7488328621877,491.5386752573562,232.80001828285057,1051.9595981190532,0.007439841858592255,0.009425299382162713,2.5860929633573875,0.4819277108433735,1.0
2023-02-06,VOO,gru,-0.005797430998833912,-0.0015296100173145533,-0.035755861550569534,0.03220311924815178,538.6171679618761,490.78738694768526,538.6171679618761,490.78738694768526,224.6231079078618,1086.3873339518889,0.007439841858592255,0.009425299382162713,2.5860929633573875,0.4819277108433735,1.0
2023-02-07,VOO,gru,0.012820311704576063,-0.004385535605251789,-0.035272836685180664,0.033463411033153534,545.5668613748859,488.63973343948993,545.5668613748859,488.63973343948993,216.83811691533688,1123.3566636353405,0.007439841858592255,0.009425299382162713,2.5860929633573875,0.4819277108433735,1.0
2023-02-08,VOO,gru,-0.011016617115362,-0.002763280877843499,-0.03590686246752739,0.029313500970602036,539.5895455058234,487.2913532851595,539.5895455058234,487.2913532851595,209.19026765820672,1156.7735664739162,0.007439841858592255,0.009425299382162713,2.5860929633573875,0.4819277108433735,1.0
2023-02-09,VOO,gru,-0.00859679541635658,-0.0042772432789206505,-0.04232138395309448,0.037021443247795105,534.9706867126756,485.2115402855122,534.9706867126756,485.2115402855122,200.52176998366176,1200.401646864304,0.007439841858592255,0.009425299382162713,2.5860929633573875,0.4819277108433735,1.0
2023-02-10,VOO,gru,0.0024294959242145185,-0.0019461384508758783,-0.031715672463178635,0.02971971035003662,536.2719759139575,484.2681707042555,536.2719759139575,484.2681707042555,194.2618829111753,1236.6127126737167,0.007439841858592255,0.009425299382162713,2.5860929633573875,0.4819277108433735,1.0
2023-02-13,VOO,gru,0.011479949287228767,-0.00025038374587893486,-0.029496479779481888,0.03289549797773361,542.4638240514898,484.14693924863394,542.4638240514898,484.14693924863394,188.61551982527527,1277.9681299208492,0.007439841858592255,0.009425299382162713,2.5860929633573875,0.4819277108433735,1.0
2023-02-14,VOO,gru,-0.0003691590658042473,-0.005142008885741234,-0.03887249901890755,0.02834140881896019,542.2636055714777,481.66384600589765,542.2636055714777,481.66384600589765,181.424242393077,1314.7056795426568,0.007439841858592255,0.009425299382162713,2.5860929633573875,0.4819277108433735,1.0
2023-02-15,VOO,gru,0.0033435235696487845,0.001892872154712677,-0.026746489107608795,0.03445528820157051,544.0797111216486,482.57646049073446,544.0797111216486,482.57646049073446,176.63609686620435,1360.793681804466,0.007439841858592255,0.009425299382162713,2.5860929633573875,0.4819277108433735,1.0
2023-02-16,VOO,gru,-0.014001071545351986,-0.001356826745904982,-0.03392244502902031,0.028821688145399094,536.5150921197438,481.92214160235375,536.5150921197438,481.92214160235375,170.74466348129152,1400.5847655930015,0.007439841858592255,0.009425299382162713,2.5860929633573875,0.4819277108433735,1.0
2023-02-17,VOO,gru,-0.0025887078039012914,-0.005127844400703907,-0.03929292783141136,0.03073110803961754,535.1280074669136,479.4572379560611,535.1280074669136,479.4572379560611,164.16571011082928,1444.2944356048663,0.007439841858592255,0.009425299382162713,2.5860929633573875,0.4819277108433735,1.0
2023-02-21,VOO,gru,-0.020054362534433316,0.0011297273449599743,-0.042427148669958115,0.0370757021009922,524.5032488673868,479.9991888411542,524.5032488673868,479.9991888411542,157.34631106058464,1498.8477221830253,0.007439841858592255,0.009425299382162713,2.5860929633573875,0.4819277108433735,1.0
2023-02-22,VOO,gru,-0.0012549706353561438,-0.0013810262316837907,-0.030784348025918007,0.028216900303959846,523.8454255527175,479.33674870696103,523.8454255527175,479.33674870696103,152.5763042114393,1541.7429642017157,0.007439841858592255,0.009425299382162713,2.5860929633573875,0.4819277108433735,1.0
2023-02-23,VOO,gru,0.005010294634875539,-0.001675860257819295,-0.030829627066850662,0.031865376979112625,526.4766315321967,478.5341121264089,526.4766315321967,478.5341121264089,147.94419927267762,1591.6623725528739,0.007439841858592255,0.009425299382162713,2.5860929633573875,0.4819277108433735,1.0
2023-02-24,VOO,gru,-0.010759258106011329,0.0005777899641543627,-0.03289034590125084,0.03639550879597664,520.8424974693276,478.810669735918,520.8424974693276,478.810669735918,143.15741024142324,1650.6589027069365,0.007439841858592255,0.009425299382162713,2.5860929633573875,0.4819277108433735,1.0
2023-02-27,VOO,gru,0.0034533259280041233,-0.0034503128845244646,-0.036144137382507324,0.027958638966083527,522.6442455914419,477.1614669020253,522.6442455914419,477.1614669020253,138.0755028011492,1697.4601914781517,0.007439841858592255,0.009425299382162713,2.5860929633573875,0.4819277108433735,1.0
2023-02-28,VOO,gru,-0.003782912759581716,-0.002473200438544154,-0.027350207790732384,0.024504149332642555,520.6708629266319,475.9828133333192,520.6708629266319,475.9828133333192,134.3502857127528,1739.5688438964846,0.007439841858592255,0.009425299382162713,2.5860929633573875,0.4819277108433735,1.0
2023-03-01,VOO,gru,-0.0036593929906109605,0.002531970152631402,-0.02946493774652481,0.036429621279239655,518.7690055645116,477.18953636664725,518.7690055645116,477.18953636664725,130.4494128874472,1804.1090551148673,0.007439841858592255,0.009425299382162713,2.5860929633573875,0.4819277108433735,1.0
2023-03-02,VOO,gru,0.007442305750192672,-0.0018578384770080447,-0.03366082161664963,0.02891201339662075,522.6442455914419,476.30383028987876,522.6442455914419,476.30383028987876,126.13145839754475,1857.03091335526,0.007439841858592255,0.009425299382162713,2.5860929633573875,0.4819277108433735,1.0
2023-03-03,VOO,gru,0.015717599329938627,-0.002325622830539942,-0.03660929203033447,0.025372851639986038,530.9238557826488,475.197418303882,530.9238557826488,475.197418303882,121.5973776595804,1904.7519090041615,0.007439841858592255,0.009425299382162713,2.5860929633573875,0.4819277108433735,1.0
2023-03-06,VOO,gru,0.0012113222060050428,-0.0034930503461509943,-0.034092165529727936,0.02894711308181286,531.5673653088604,473.5404375409118,531.5673653088604,473.5404375409118,117.52172550286578,1960.6948320232011,0.007439841858592255,0.009425299382162713,2.5860929633573875,0.4819277108433735,1.0
2023-03-07,VOO,gru,-0.015589096732630774,0.0041879587806761265,-0.031075086444616318,0.040653254836797714,523.3449666318853,475.52777454648265,523.3449666318853,475.52777454648265,113.9258885962694,2042.0458496152148,0.007439841858592255,0.009425299382162713,2.5860929633573875,0.4819277108433735,1.0
2023-03-08,VOO,gru,0.0015561872486242736,0.0013983753742650151,-0.03447725996375084,0.03418033942580223,524.1600234215946,476.1932270918157,524.1600234215946,476.1932270918157,110.06497316735533,2113.05024241882,0.007439841858592255,0.009425299382162713,2.5860929633573875,0.4819277108433735,1.0
2023-03-09,VOO,gru,-0.018475426333139058,0.00020080601098015904,-0.03194016218185425,0.03192194551229477,514.5648538802469,476.2888789076652,514.5648538802469,476.2888789076652,106.6050268420256,2181.5911831818644,0.007439841858592255,0.009425299382162713,2.5860929633573875,0.4819277108433735,1.0
2023-03-10,VOO,gru,-0.014443524172366688,2.4197363018174656e-05,-0.03364459425210953,0.034088000655174255,507.18613956989645,476.30040485361695,507.18613956989645,476.30040485361695,103.07800709904299,2257.2391623655312,0.007439841858592255,0.009425299382162713,2.5860929633573875,0.4819277108433735,1.0
2023-03-13,VOO,gru,-0.0016931154817337373,0.0033534474205225706,-0.029227225109934807,0.0329776406288147,506.328141414814,477.90033571317855,506.328141414814,477.90033571317855,100.10892317471085,2332.918464573595,0.007439841858592255,0.009425299382162713,2.5860929633573875,0.4819277108433735,1.0
2023-03-14,VOO,gru,0.016470052047359858,-0.0036047922912985086,-0.03623365983366966,0.02710535004734993,514.7364447833436,476.18071993385803,514.7364447833436,476.18071993385803,96.54653659014028,2397.0179010028223,0.007439841858592255,0.009425299382162713,2.5860929633573875,0.4819277108433735,1.0
2023-03-15,VOO,gru,-0.006186452160223953,-0.004595790058374405,-0.03855815529823303,0.030361033976078033,511.5618821572579,473.99730461494744,511.5618821572579,473.99730461494744,92.89473402238465,2470.910023518742,0.007439841858592255,0.009425299382162713,2.5860929633573875,0.4819277108433735,1.0
2023-03-16,VOO,gru,0.0169626997432206,-0.005811318289488554,-0.03562338650226593,0.027791880071163177,520.3133673319808,471.25074356643125,520.3133673319808,471.25074356643125,89.64375918671246,2540.5443995808905,0.007439841858592255,0.009425299382162713,2.5860929633573875,0.4819277108433735,1.0
2023-03-17,VOO,gru,-0.010998481893403906,1.4899484995112289e-05,-0.031088663265109062,0.0328335240483284,514.6220653944787,471.25776574972383,514.6220653944787,471.25776574972383,86.8997294241672,2625.3439147493486,0.007439841858592255,0.009425299382162713,2.5860929633573875,0.4819277108433735,1.0
2023-03-20,VOO,gru,0.008990254204195702,0.0030432064086198807,-0.023675603792071342,0.02868044190108776,519.269508124943,472.694076434038,519.269508124943,472.694076434038,84.86648736621557,2701.7300016854297,0.007439841858592255,0.009425299382162713,2.5860929633573875,0.4819277108433735,1.0
2023-03-21,VOO,gru,0.012995900986332708,-0.004515781998634338,-0.03553096577525139,0.03574393317103386,526.0619244233137,470.56431796089646,526.0619244233137,470.56431796089646,81.90403912727132,2800.0471013716356,0.007439841858592255,0.009425299382162713,2.5860929633573875,0.4819277108433735,1.0
2023-03-22,VOO,gru,-0.016720522408006883,-0.002826571697369218,-0.03061671182513237,0.028628189116716385,517.3390231859072,469.2361134913922,517.3390231859072,469.2361134913922,79.43440808659896,2881.365751007339,0.007439841858592255,0.009425299382162713,2.5860929633573875,0.4819277108433735,1.0
2023-03-23,VOO,gru,0.002374358127145201,-0.0032641419675201178,-0.030976081266999245,0.026310166344046593,518.5688307240985,467.7069554195745,518.5688307240985,467.7069554195745,77.01155962875453,2958.18114513787,0.007439841858592255,0.009425299382162713,2.5860929633573875,0.4819277108433735,1.0
2023-03-24,VOO,gru,0.0025336915088168157,-0.003211308503523469,-0.03430109843611717,0.028898287564516068,519.884390074239,466.207424321446,519.884390074239,466.207424321446,74.41476988118143,3044.914668410157,0.007439841858592255,0.009425299382162713,2.5860929633573875,0.4819277108433735,1.0
2023-03-27,VOO,gru,0.0016490030189387703,-0.0035015058238059282,-0.040914326906204224,0.029184386134147644,520.7423882293215,464.5778451359314,520.7423882293215,464.5778451359314,71.43158195133624,3135.0881371889013,0.007439841858592255,0.009425299382162713,2.5860929633573875,0.4819277108433735,1.0
2023-03-28,VOO,gru,-0.0017590556835730964,-0.004018871113657951,-0.035211388021707535,0.02361627295613289,519.8271785600072,462.7145179188772,519.8271785600072,462.7145179188772,68.96014149451122,3210.0082482992993,0.007439841858592255,0.009425299382162713,2.5860929633573875,0.4819277108433735,1.0
2023-03-29,VOO,gru,0.014121903301793463,-0.002376318210735917,-0.030330445617437363,0.027398064732551575,527.2202066588153,461.61625734822906,527.2202066588153,461.61625734822906,66.8999503948663,3299.1721253010583,0.007439841858592255,0.009425299382162713,2.5860929633573875,0.4819277108433735,1.0
2023-03-30,VOO,gru,0.0059493730098624876,-0.005252488423138857,-0.03851920738816261,0.029134418815374374,530.3661853475845,459.1979827981134,530.3661853475845,459.1979827981134,64.372016567676,3396.705386325731,0.007439841858592255,0.009425299382162713,2.5860929633573875,0.4819277108433735,1.0
2023-03-31,VOO,gru,0.013869753568502374,-0.003061457071453333,-0.033036086708307266,0.02557968720793724,537.7734835952515,457.79432265868274,537.7734835952515,457.79432265868274,62.28016207354158,3484.712875636991,0.007439841858592255,0.009425299382162713,2.5860929633573875,0.4819277108433735,1.0
2023-04-03,VOO,gru,0.003954174239653799,-0.001977234845981002,-0.03646531328558922,0.02915332093834877,539.9041433747003,456.8900424817506,539.9041433747003,456.8900424817506,60.05000637617956,3587.7989804655513,0.007439841858592255,0.009425299382162713,2.5860929633573875,0.4819277108433735,1.0
2023-04-04,VOO,gru,-0.005657473782363894,-0.0017995524685829878,-0.030926300212740898,0.03001597337424755,536.8582739259372,456.06859324718033,536.8582739259372,456.06859324718033,58.221305532267664,3697.122685852407,0.007439841858592255,0.009425299382162713,2.5860929633573875,0.4819277108433735,1.0
2023-04-05,VOO,gru,-0.0024268394718413005,-0.00017557181126903743,-0.03314521536231041,0.030386295169591904,535.5569847246553,455.9885369370564,535.5569847246553,455.9885369370564,56.323177291742866,3811.188812133209,0.007439841858592255,0.009425299382162713,2.5860929633573875,0.4819277108433735,1.0
2023-04-06,VOO,gru,0.0038110115575968923,0.0012456169351935387,-0.03225895017385483,0.039475396275520325,537.6018926921547,456.55690491207844,537.6018926921547,456.55690491207844,54.535244094789384,3964.646192846171,0.007439841858592255,0.009425299382162713,2.5860929633573875,0.4819277108433735,1.0
2023-04-10,VOO,gru,0.0010899049233569853,-0.004363803192973137,-0.038010723888874054,0.03070121817290783,538.1881470645354,454.56892004173153,538.1881470645354,454.56892004173153,52.501223024110075,4088.2535591751284,0.007439841858592255,0.009425299382162713,2.5860929633573875,0.4819277108433735,1.0
2023-04-11,VOO,gru,0.0001328913515428205,-0.0030414622742682695,-0.039530523121356964,0.03501737117767334,538.259672367225,453.1884593934257,538.259672367225,453.1884593934257,50.46630657539754,4233.94966152834,0.007439841858592255,0.009425299382162713,2.5860929633573875,0.4819277108433735,1.0
2023-04-12,VOO,gru,-0.0039929776349905965,-0.0026267743669450283,-0.036904364824295044,0.034484148025512695,536.1146987993184,451.9996012136882,536.1146987993184,451.9996012136882,48.63782666674838,4382.500656446808,0.007439841858592255,0.009425299382162713,2.5860929633573875,0.4819277108433735,1.0
2023-04-13,VOO,gru,0.012879770454175491,-0.0033085683826357126,-0.029200593009591103,0.024571320042014122,543.0643922123281,450.5065965399414,543.0643922123281,450.5065965399414,47.23810909089634,4491.518168885352,0.007439841858592255,0.009425299382162713,2.5860929633573875,0.4819277108433735,1.0
2023-04-14,VOO,gru,-0.002055983645391819,-0.003132179379463196,-0.0349474735558033,0.029028411954641342,541.9490077026006,449.09773766844205,541.9490077026006,449.09773766844205,45.61577109217713,4623.810777458036,0.007439841858592255,0.009425299382162713,2.5860929633573875,0.4819277108433735,1.0
2023-04-17,VOO,gru,0.0033980265382634062,0.0010071495780721307,-0.029453035444021225,0.03367035463452339,543.793697190088,449.55028273629017,543.793697190088,449.55028273629017,44.291840478123035,4782.146628732703,0.007439841858592255,0.009425299382162713,2.5860929633573875,0.4819277108433735,1.0
2023-04-18,VOO,gru,0.0006834987861631409,-0.0024819003883749247,-0.038310304284095764,0.02991396188735962,544.1655065731967,448.4359204274043,544.1655065731967,448.4359204274043,42.62709908503036,4927.360454947636,0.007439841858592255,0.009425299382162713,2.5860929633573875,0.4819277108433735,1.0
2023-04-19,VOO,gru,-5.2609600606567285e-05,-0.0006154160364530981,-0.03721009939908981,0.03275996446609497,544.1368789962813,448.1600250958635,544.1368789962813,448.1600250958635,41.070087922373965,5091.453513540268,0.007439841858592255,0.009425299382162713,2.5860929633573875,0.4819277108433735,1.0
2023-04-20,VOO,gru,-0.00566616952036502,-0.002516713924705982,-0.032589301466941833,0.030844517052173615,541.0624256102017,447.0335623824853,541.0624256102017,447.0335623824853,39.7532157758032,5250.943813428764,0.007439841858592255,0.009425299382162713,2.5860929633573875,0.4819277108433735,1.0
2023-04-21,VOO,gru,0.000581275706460452,-0.002135955961421132,-0.03807570040225983,0.03296579420566559,541.3770234790786,446.0797414128676,541.3770234790786,446.0797414128676,38.2680375057368,5426.930323868904,0.007439841858592255,0.009425299382162713,2.5860929633573875,0.4819277108433735,1.0
2023-04-24,VOO,gru,0.0013198185973323422,0.002981509082019329,-0.028914958238601685,0.03847001492977142,542.0920146683808,447.4117151280429,542.0920146683808,447.4117151280429,37.17736343788382,5639.772457235039,0.007439841858592255,0.009425299382162713,2.5860929633573875,0.4819277108433735,1.0
2023-04-25,VOO,gru,-0.01592713766376371,-0.0038021185901015997,-0.04224120453000069,0.03118133917450905,533.5264341852122,445.71382859676305,533.5264341852122,445.71382859676305,35.63965373619966,5818.39869705818,0.007439841858592255,0.009425299382162713,2.5860929633573875,0.4819277108433735,1.0
2023-04-26,VOO,gru,-0.004459146301558052,-0.0031204812694340944,-0.03237118199467659,0.029980842024087906,531.152658199977,444.32516509415444,531.152658199977,444.32516509415444,34.50442949900008,5995.480770478602,0.007439841858592255,0.009425299382162713,2.5860929633573875,0.4819277108433735,1.0
2023-04-27,VOO,gru,0.019647403389281722,-0.005214679054915905,-0.0399070642888546,0.026680920273065567,541.6916213479554,442.0141848989829,541.6916213479554,442.0141848989829,33.154572390171616,6157.598598872314,0.007439841858592255,0.009425299382162713,2.5860929633573875,0.4819277108433735,1.0
2023-04-28,VOO,gru,0.00851670446841553,-0.006531777326017618,-0.046476077288389206,0.02773640677332878,546.3247502899619,439.13645325458214,546.3247502899619,439.13645325458214,31.648937054705076,6330.7791509539165,0.007439841858592255,0.009425299382162713,2.5860929633573875,0.4819277108433735,1.0
2023-05-01,VOO,gru,-0.0006807165357464255,-0.0009645079262554646,-0.03630676120519638,0.040134258568286896,545.9529845464521,438.71310572213457,545.9529845464521,438.71310572213457,30.520476540453984,6590.027955091312,0.007439841858592255,0.009425299382162713,2.5860929633573875,0.4819277108433735,1.0
2023-05-02,VOO,gru,-0.011273657333462965,-0.001710123149678111,-0.03368917852640152,0.028328008949756622,539.8326617116093,437.96348262604187,539.8326617116093,437.96348262604187,29.50939348714656,6779.379327573571,0.007439841858592255,0.009425299382162713,2.5860929633573875,0.4819277108433735,1.0
2023-05-03,VOO,gru,-0.006991096488481876,-0.006320576183497906,-0.03908628597855568,0.03346448019146919,536.071801073544,435.20403756328824,536.071801073544,435.20403756328824,28.37823105017696,7010.086188192451,0.007439841858592255,0.009425299382162713,2.5860929633573875,0.4819277108433735,1.0
2023-05-04,VOO,gru,-0.007335820862286,-0.0014112840872257948,-0.03940469026565552,0.040578655898571014,532.1536633208397,434.59026691547723,532.1536633208397,434.59026691547723,27.281741240000947,7300.396205264637,0.007439841858592255,0.009425299382162713,2.5860929633573875,0.4819277108433735,1.0
2023-05-05,VOO,gru,0.01818688257553435,0.0009951706742867827,-0.03153106942772865,0.03347251936793327,541.920423765284,435.0229606245262,541.920423765284,435.0229606245262,26.43494003348787,7548.894541633586,0.007439841858592255,0.009425299382162713,2.5860929633573875,0.4819277108433735,1.0
2023-05-08,VOO,gru,0.0005539575602154551,-0.0004703461017925292,-0.03916296362876892,0.03828287869691849,542.2207078457033,434.818403674412,542.2207078457033,434.818403674412,25.419679344776597,7843.490666582615,0.007439841858592255,0.009425299382162713,2.5860929633573875,0.4819277108433735,1.0
2023-05-09,VOO,gru,-0.004334461084206615,-0.0016455261502414942,-0.03297550603747368,0.0333239771425724,539.8755594373836,434.1034778091577,539.8755594373836,434.1034778091577,24.595122350659242,8109.27110464307,0.007439841858592255,0.009425299382162713,2.5860929633573875,0.4819277108433735,1.0
2023-05-10,VOO,gru,0.004360859189854235,-0.0026771901175379753,-0.039475664496421814,0.032138921320438385,542.235021634161,432.9428474876188,542.235021634161,432.9428474876188,23.6431273055162,8374.127693155742,0.007439841858592255,0.009425299382162713,2.5860929633573875,0.4819277108433735,1.0
2023-05-11,VOO,gru,-0.0013986906681613142,-0.0019607129506766796,-0.036284189671278,0.03367273136973381,541.4771327190846,432.09480447517944,541.4771327190846,432.09480447517944,22.800632778663793,8660.908799306691,0.007439841858592255,0.009425299382162713,2.5860929633573875,0.4819277108433735,1.0
2023-05-12,VOO,gru,-0.0013477883338602861,-0.006174528505653143,-0.04400976374745369,0.02818165346980095,540.7478277413247,429.4350488489921,540.7478277413247,429.4350488489921,21.818942068615847,8908.459856763682,0.007439841858592255,0.009425299382162713,2.5860929633573875,0.4819277108433735,1.0
2023-05-15,VOO,gru,0.0034582407557740592,-0.00021431806089822203,-0.03107283264398575,0.030235707759857178,542.6211011661286,429.3430300658631,542.6211011661286,429.3430300658631,21.151391436563518,9181.926990912203,0.007439841858592255,0.009425299382162713,2.5860929633573875,0.4819277108433735,1.0
2023-05-16,VOO,gru,-0.0066365818759520755,-0.0001331436651526019,-0.03834608569741249,0.041991058737039566,539.0318750707589,429.2858601319976,539.0318750707589,429.2858601319976,20.355672139518983,9575.695622036663,0.007439841858592255,0.009425299382162713,2.5860929633573875,0.4819277108433735,1.0
2023-05-17,VOO,gru,0.011867227496494189,-0.0060366299003362656,-0.04235033690929413,0.029167726635932922,545.4667957744787,426.70222044141315,545.4667957744787,426.70222044141315,19.511601458897513,9859.110189631103,0.007439841858592255,0.009425299382162713,2.5860929633573875,0.4819277108433735,1.0
2023-05-18,VOO,gru,0.009730925943118607,-0.0007928187260404229,-0.03280520811676979,0.0312061570584774,550.8006021173297,426.3640574993023,550.8006021173297,426.3640574993023,18.88190481495372,10171.626501737195,0.007439841858592255,0.009425299382162713,2.5860929633573875,0.4819277108433735,1.0
2023-05-19,VOO,gru,-0.001584892443642413,0.00024198163009714335,-0.038418449461460114,0.03519655764102936,549.9283338133886,426.4672354087628,549.9283338133886,426.4672354087628,18.170249503867563,10536.008188994967,0.007439841858592255,0.009425299382162713,2.5860929633573875,0.4819277108433735,1.0
2023-05-22,VOO,gru,0.0005458931789874768,-0.002931336173787713,-0.03888662904500961,0.03174775838851929,550.2286178938078,425.2189381348615,550.2286178938078,425.2189381348615,17.477231875419477,10875.869048851158,0.007439841858592255,0.009425299382162713,2.5860929633573875,0.4819277108433735,1.0
2023-05-23,VOO,gru,-0.011238096839023479,0.001037994516082108,-0.02986232563853264,0.032723937183618546,544.0797111216485,425.6605498288435,544.0797111216485,425.6605498288435,16.96303681148831,11237.657367272148,0.007439841858592255,0.009425299382162713,2.5860929633573875,0.4819277108433735,1.0
2023-05-24,VOO,gru,-0.007518749179211798,-0.003075498389080167,-0.03311760723590851,0.03304280340671539,540.0042526147063,424.35344346109855,540.0042526147063,424.35344346109855,16.410461652159835,11615.183404445785,0.007439841858592255,0.009425299382162713,2.5860929633573875,0.4819277108433735,1.0
2023-05-25,VOO,gru,0.008674521378522619,-0.0003530886024236679,-0.03464158996939659,0.03264521434903145,544.7089068594023,424.20363043815,544.7089068594023,424.20363043815,15.851711064859982,12000.620864241899,0.007439841858592255,0.009425299382162713,2.5860929633573875,0.4819277108433735,1.0
2023-05-26,VOO,gru,0.012911097943716665,-0.006705727428197861,-0.035378944128751755,0.020801004022359848,551.7872934497346,421.36855455487245,551.7872934497346,421.36855455487245,15.300699001002771,12252.86026679382,0.007439841858592255,0.009425299382162713,2.5860929633573875,0.4819277108433735,1.0
2023-05-30,VOO,gru,0.0003109245729314662,-0.0032866375986486673,-0.045323971658945084,0.03339139744639397,551.9588843528313,419.9859450129648,551.9588843528313,419.9859450129648,14.622691686689688,12668.907328112275,0.007439841858592255,0.009425299382162713,2.5860929633573875,0.4819277108433735,1.0
2023-05-31,VOO,gru,-0.0054553457180212695,-0.005623636767268181,-0.03358156979084015,0.023098712787032127,548.9559562694413,417.630729603531,548.9559562694413,417.630729603531,14.139792597293066,12964.94832601847,0.007439841858592255,0.009425299382162713,2.5860929633573875,0.4819277108433735,1.0
2023-06-01,VOO,gru,0.009540405162844698,-0.00046183879021555185,-0.032663602381944656,0.031854864209890366,554.2182809492017,417.43788561426373,554.2182809492017,417.43788561426373,13.685397582135417,13384.593965614518,0.007439841858592255,0.009425299382162713,2.5860929633573875,0.4819277108433735,1.0
2023-06-02,VOO,gru,0.014574499025785254,-0.008516719564795494,-0.04638492316007614,0.029884861782193184,562.3548841746285,413.89778322986353,562.3548841746285,413.89778322986353,13.065099036705334,13790.62771209471,0.007439841858592255,0.009425299382162713,2.5860929633573875,0.4819277108433735,1.0
2023-06-05,VOO,gru,-0.0019344583414374664,0.001128409174270928,-0.02848999574780464,0.03552164509892464,561.2680836022175,414.3650867330157,561.2680836022175,414.3650867330157,12.698126879950664,14289.298346816566,0.007439841858592255,0.009425299382162713,2.5860929633573875,0.4819277108433735,1.0
2023-06-06,VOO,gru,0.0020615615682845357,-0.0024510598741471767,-0.038186874240636826,0.02951068803668022,562.4263658377191,413.3506870350981,562.4263658377191,413.3506870350981,12.222366880580383,14717.269970302756,0.007439841858592255,0.009425299382162713,2.5860929633573875,0.4819277108433735,1.0
2023-06-07,VOO,gru,-0.0032852679185364202,-0.005508905276656151,-0.042844630777835846,0.03149209916591644,560.5816763502318,411.0798375196585,560.5816763502318,411.0798375196585,11.70976331898331,15188.1235609533,0.007439841858592255,0.009425299382162713,2.5860929633573875,0.4819277108433735,1.0
2023-06-08,VOO,gru,0.005976711673167112,-0.0006362883723340929,-0.032980434596538544,0.03490076959133148,563.9421436678718,410.8183493188742,563.9421436678718,410.8183493188742,11.329869203910462,15727.5598008519,0.007439841858592255,0.009425299382162713,2.5860929633573875,0.4819277108433735,1.0
2023-06-09,VOO,gru,0.0016721657486721323,-0.002795438515022397,-0.03770572319626808,0.03285570815205574,564.8859372745027,409.6715400644663,564.8859372745027,409.6715400644663,10.910622168567858,16252.881845720427,0.007439841858592255,0.009425299382162713,2.5860929633573875,0.4819277108433735,1.0
2023-06-12,VOO,gru,0.009147224186615944,0.001688280375674367,-0.03549110144376755,0.03361821174621582,570.0767802911724,410.3637507874937,570.0767802911724,410.3637507874937,10.530183420089564,16808.563017719403,0.007439841858592255,0.009425299382162713,2.5860929633573875,0.4819277108433735,1.0
2023-06-13,VOO,gru,0.006575446762146396,-0.0015984763158485293,-0.033082515001297,0.03204059600830078,573.8376409292378,409.70830727232095,573.8376409292378,409.70830727232095,10.187517825358904,17355.839657646273,0.007439841858592255,0.009425299382162713,2.5860929633573875,0.4819277108433735,1.0
2023-06-14,VOO,gru,0.0007722043327037283,-0.004343422129750252,-0.04032474756240845,0.033653758466243744,574.2809319754372,407.9326425590345,574.2809319754372,407.9326425590345,9.784881360250312,17949.867872552266,0.007439841858592255,0.009425299382162713,2.5860929633573875,0.4819277108433735,1.0
2023-06-15,VOO,gru,0.012742162523630755,-0.0029102370608597994,-0.037238430231809616,0.02809130772948265,581.64533249733,406.7471803233474,581.64533249733,406.7471803233474,9.427208512619455,18461.252243251853,0.007439841858592255,0.009425299382162713,2.5860929633573875,0.4819277108433735,1.0
2023-06-16,VOO,gru,-0.0036945854833616756,-0.005544429644942284,-0.03837389498949051,0.02953164279460907,579.5003589294234,404.49823218509044,579.5003589294234,404.49823218509044,9.072302871787025,19014.574306221937,0.007439841858592255,0.009425299382162713,2.5860929633573875,0.4819277108433735,1.0
2023-06-20,VOO,gru,-0.004625102802039065,-0.0031328562181442976,-0.037885650992393494,0.03741580247879028,576.8262988637691,403.2329889988187,576.8262988637691,403.2329889988187,8.735022170328081,19739.49661013952,0.007439841858592255,0.009425299382162713,2.5860929633573875,0.4819277108433735,1.0
2023-06-21,VOO,gru,-0.0054937467233556105,-0.004242158494889736,-0.0471356064081192,0.035415537655353546,573.6660500261411,401.5260305790377,573.6660500261411,401.5260305790377,8.332844581054452,20451.107066829387,0.007439841858592255,0.009425299382162713,2.5860929633573875,0.4819277108433735,1.0
2023-06-22,VOO,gru,0.0036327271147275197,-0.0034417437855154276,-0.03867790475487709,0.026092853397130966,575.7538120798157,400.1464473092808,575.7538120798157,400.1464473092808,8.016700716667883,20991.756821408606,0.007439841858592255,0.009425299382162713,2.5860929633573875,0.4819277108433735,1.0
2023-06-23,VOO,gru,-0.007529003375650551,-0.005632005166262388,-0.044522061944007874,0.03679627925157547,571.4352373670871,397.899149613926,571.4352373670871,397.899149613926,7.667609599525593,21778.56283118168,0.007439841858592255,0.009425299382162713,2.5860929633573875,0.4819277108433735,1.0
2023-06-26,VOO,gru,-0.004137558580120076,-0.0011776718311011791,-0.03499962016940117,0.03021712228655815,569.0757751703097,397.4308408904598,569.0757751703097,397.4308408904598,7.403888266039713,22446.691510871915,0.007439841858592255,0.009425299382162713,2.5860929633573875,0.4819277108433735,1.0
2023-06-27,VOO,gru,0.011020574937964945,-0.004084195476025343,-0.03843244910240173,0.02580265887081623,575.382002696707,395.8109585594598,575.382002696707,395.8109585594598,7.124737425637288,23033.412670584148,0.007439841858592255,0.009425299382162713,2.5860929633573875,0.4819277108433735,1.0
2023-06-28,VOO,gru,0.0004472312344155644,-0.005631468258798122,-0.04047290235757828,0.031117446720600128,575.6393890513519,393.58822211375394,575.6393890513519,393.58822211375394,6.842136105433046,23761.42224044699,0.007439841858592255,0.009425299382162713,2.5860929633573875,0.4819277108433735,1.0
2023-06-29,VOO,gru,-9.931688941898927e-05,-0.004067189525812864,-0.03760583698749542,0.032675012946128845,575.582221176719,391.9906644051626,575.582221176719,391.9906644051626,6.58961000770833,24550.65047375394,0.007439841858592255,0.009425299382162713,2.5860929633573875,0.4819277108433735,1.0
2023-06-30,VOO,gru,0.01178094106456257,-0.005399611778557301,-0.038016702979803085,0.027274850755929947,582.4032214124062,389.8797785128698,582.4032214124062,389.8797785128698,6.343796799125083,25229.481779905782,0.007439841858592255,0.009425299382162713,2.5860929633573875,0.4819277108433735,1.0
2023-07-03,VOO,gru,0.0019133098357712473,-0.0013744336320087314,-0.034656886011362076,0.02872293069958687,583.5186059221336,389.3442903999271,583.5186059221336,389.3442903999271,6.127706652968247,25964.653729387555,0.007439841858592255,0.009425299382162713,2.5860929633573875,0.4819277108433735,1.0
2023-07-05,VOO,gru,-0.002232563510331112,-0.0017474453197792172,-0.04285462945699692,0.03785998374223709,582.2173167208517,388.6645189197009,582.2173167208517,388.6645189197009,5.870653453652432,26966.52019922163,0.007439841858592255,0.009425299382162713,2.5860929633573875,0.4819277108433735,1.0
2023-07-06,VOO,gru,-0.008187688849159384,-0.0030070205684751272,-0.03992677852511406,0.03233997896313667,577.4697647503815,387.49754422759105,577.4697647503815,387.49754422759105,5.640874759768463,27852.872605052227,0.007439841858592255,0.009425299382162713,2.5860929633573875,0.4819277108433735,1.0
2023-07-07,VOO,gru,-0.0023303558800743993,-0.002641131868585944,-0.03707355260848999,0.03554719686508179,576.1256214629244,386.4754711180144,576.1256214629244,386.4754711180144,5.435576728792159,28860.77269331796,0.007439841858592255,0.009425299382162713,2.5860929633573875,0.4819277108433735,1.0
2023-07-10,VOO,gru,0.0026770126068767406,0.00044801662443205714,-0.03236442804336548,0.03727707266807556,577.6699832303937,386.64865375998943,577.6699832303937,386.64865375998943,5.262473803874234,29956.92090088492,0.007439841858592255,0.009425299382162713,2.5860929633573875,0.4819277108433735,1.0
2023-07-11,VOO,gru,0.006390892766865636,-0.00476070586591959,-0.03982902318239212,0.029287151992321014,581.3736323542271,384.81229795286964,581.3736323542271,384.81229795286964,5.056993738574224,30847.24619761121,0.007439841858592255,0.009425299382162713,2.5860929633573875,0.4819277108433735,1.0
2023-07-12,VOO,gru,0.00784013271694237,0.0018296669004485011,-0.031217031180858612,0.04084816575050354,585.9495934216008,385.5170020612452,585.9495934216008,385.5170020612452,4.901567860029947,32133.388993483815,0.007439841858592255,0.009425299382162713,2.5860929633573875,0.4819277108433735,1.0
2023-07-13,VOO,gru,0.008118062893866417,-0.006519062910228968,-0.04340279474854469,0.030412066727876663,590.7257293293875,383.01196657164377,590.7257293293875,383.01196657164377,4.693376759659476,33125.64423827986,0.007439841858592255,0.009425299382162713,2.5860929633573875,0.4819277108433735,1.0
2023-07-14,VOO,gru,-0.0007991986858962546,-0.003066405886784196,-0.043870314955711365,0.03275938332080841,590.2538107062727,381.8392943185783,590.2538107062727,381.8392943185783,4.491927828455685,34228.78882100788,0.007439841858592255,0.009425299382162713,2.5860929633573875,0.4819277108433735,1.0
2023-07-17,VOO,gru,0.003482560474993605,-0.001980855595320463,-0.03552894666790962,0.03189847245812416,592.3129888226309,381.0836823880067,592.3129888226309,381.0836823880067,4.335136210616493,35338.234511409144,0.007439841858592255,0.009425299382162713,2.5860929633573875,0.4819277108433735,1.0
2023-07-18,VOO,gru,0.007552141954472126,-0.0038114713970571756,-0.03996231034398079,0.03925899788737297,596.8031544384561,379.63396123375014,596.8031544384561,379.63396123375014,4.16530994637474,36753.16956752609,0.007439841858592255,0.009425299382162713,2.5860929633573875,0.4819277108433735,1.0
2023-07-19,VOO,gru,0.0021541269457344744,-0.008046829141676426,-0.047290101647377014,0.03190101683139801,598.0901298512803,376.59136216991186,598.0901298512803,376.59136216991186,3.9729169133808138,37944.53351201273,0.007439841858592255,0.009425299382162713,2.5860929633573875,0.4819277108433735,1.0
2023-07-20,VOO,gru,-0.006548618392445592,-0.004299400839954615,-0.04332786425948143,0.03476858511567116,594.1862622474347,374.9757236471138,594.1862622474347,374.9757236471138,3.804454807013149,39287.01585247139,0.007439841858592255,0.009425299382162713,2.5860929633573875,0.4819277108433735,1.0
2023-07-21,VOO,gru,0.00012036797657942233,-0.004880244843661785,-0.047417186200618744,0.029974542558193207,594.2577875501244,373.1502186181313,594.2577875501244,373.1502186181313,3.62826843522378,40482.45257848829,0.007439841858592255,0.009425299382162713,2.5860929633573875,0.4819277108433735,1.0
2023-07-24,VOO,gru,0.004226154113181973,-0.006820566486567259,-0.04198608919978142,0.030417587608098984,596.7745268615408,370.6137772871363,596.7745268615408,370.6137772871363,3.4790853091398626,41732.752363499094,0.007439841858592255,0.009425299382162713,2.5860929633573875,0.4819277108433735,1.0
2023-07-25,VOO,gru,0.002942999431659847,-0.0014665990602225065,-0.03766394034028053,0.03343546763062477,598.5334208974799,370.0706430184854,598.5334208974799,370.0706430184854,3.350486268634499,43151.697425226244,0.007439841858592255,0.009425299382162713,2.5860929633573875,0.4819277108433735,1.0
2023-07-26,VOO,gru,0.00023890041768104956,-0.003893701359629631,-0.04319879785180092,0.03417747840285301,598.6764278632602,368.63251014927044,598.6764278632602,368.63251014927044,3.208831042760737,44652.00529703873,0.007439841858592255,0.009425299382162713,2.5860929633573875,0.4819277108433735,1.0
2023-07-27,VOO,gru,-0.006806651484431077,-0.002604039618745446,-0.03597692400217056,0.03385419398546219,594.6152831447756,367.6738186903995,594.6152831447756,367.6738186903995,3.095439142260958,46189.54005632835,0.007439841858592255,0.009425299382162713,2.5860929633573875,0.4819277108433735,1.0
2023-07-28,VOO,gru,0.009692635997006543,-0.004427100531756878,-0.040644679218530655,0.03181574121117592,600.4066943222838,366.0496930486276,600.4066943222838,366.0496930486276,2.9721484494338246,47682.72291360517,0.007439841858592255,0.009425299382162713,2.5860929633573875,0.4819277108433735,1.0
2023-07-31,VOO,gru,0.0019273043152345673,-0.0055734277702867985,-0.041483841836452484,0.028345614671707153,601.5649765577855,364.01520557897203,601.5649765577855,364.01520557897203,2.851374696228331,49053.65531117925,0.007439841858592255,0.009425299382162713,2.5860929633573875,0.4819277108433735,1.0
2023-08-01,VOO,gru,-0.003094990439869106,-0.0037187677808105946,-0.041837405413389206,0.03122122958302498,599.7060169214393,362.6640250894659,599.7060169214393,362.6640250894659,2.7345415598902325,50609.329403597716,0.007439841858592255,0.009425299382162713,2.5860929633573875,0.4819277108433735,1.0
2023-08-02,VOO,gru,-0.013950637377404092,-0.005869698710739613,-0.03574704751372337,0.029959451407194138,591.3978227929158,360.54152646040194,591.3978227929158,360.54152646040194,2.6385163303039643,52148.50047068957,0.007439841858592255,0.009425299382162713,2.5860929633573875,0.4819277108433735,1.0
2023-08-03,VOO,gru,-0.0028330670813112363,-0.006713538896292448,-0.03845880553126335,0.02682197466492653,589.7247242085251,358.1291291868695,589.7247242085251,358.1291291868695,2.5389686256199173,53566.155538292915,0.007439841858592255,0.009425299382162713,2.5860929633573875,0.4819277108433735,1.0
2023-08-04,VOO,gru,-0.004910165718942784,-0.0045390320010483265,-0.04664913937449455,0.034958336502313614,586.8361755139999,356.5072479858634,586.8361755139999,356.5072479858634,2.42324811150032,55471.856260812914,0.007439841858592255,0.009425299382162713,2.5860929633573875,0.4819277108433735,1.0
2023-08-07,VOO,gru,0.008975587820733183,-0.004086448810994625,-0.03955048322677612,0.028134388849139214,592.1270841310767,355.05337927487193,592.1270841310767,355.05337927487193,2.3292779348275174,57054.686632024466,0.007439841858592255,0.009425299382162713,2.5860929633573875,0.4819277108433735,1.0
2023-08-08,VOO,gru,-0.00433215348422259,-0.002287538256496191,-0.03869323059916496,0.03563978895545006,589.5674470938861,354.2421021658151,589.5674470938861,354.2421021658151,2.2408720280639414,59124.775545861296,0.007439841858592255,0.009425299382162713,2.5860929633573875,0.4819277108433735,1.0
2023-08-09,VOO,gru,-0.006668039804733387,-0.004620545078068972,-0.032564498484134674,0.026462532579898834,585.6492657015829,352.6090875808204,585.6492657015829,352.6090875808204,2.169074488370255,60710.25204979554,0.007439841858592255,0.009425299382162713,2.5860929633573875,0.4819277108433735,1.0
2023-08-10,VOO,gru,0.0005858880559762911,-0.0033343553077429533,-0.03967827931046486,0.03182496502995491,585.9924911473752,351.43532237906027,585.9924911473752,351.43532237906027,2.084694478697836,62673.42921593319,0.007439841858592255,0.009425299382162713,2.5860929633573875,0.4819277108433735,1.0
2023-08-11,VOO,gru,-0.0009277463486481152,-0.003354840911924839,-0.041920289397239685,0.03660890460014343,585.4490908611697,350.25827952523986,585.4490908611697,350.25827952523986,1.9991099069367195,65010.34811565926,0.007439841858592255,0.009425299382162713,2.5860929633573875,0.4819277108433735,1.0
2023-08-14,VOO,gru,0.005626401760267236,-0.0015130043029785156,-0.036574266850948334,0.03201042115688324,588.7523466645779,349.7287339045506,588.7523466645779,349.7287339045506,1.927314819294248,67125.02300084589,0.007439841858592255,0.009425299382162713,2.5860929633573875,0.4819277108433735,1.0
2023-08-15,VOO,gru,-0.01153032418065033,-0.0049314312636852264,-0.042576372623443604,0.036868803203105927,582.0028280919812,348.0083166513776,582.0028280919812,348.0083166513776,1.8469790949745006,69646.02988260941,0.007439841858592255,0.009425299382162713,2.5860929633573875,0.4819277108433735,1.0
2023-08-16,VOO,gru,-0.007423084435977787,-0.0034236868377774954,-0.039405301213264465,0.027695169672369957,577.6985671677104,346.81887658614727,577.6985671677104,346.81887658614727,1.7756136531030546,71601.8472131458,0.007439841858592255,0.009425299382162713,2.5860929633573875,0.4819277108433735,1.0
2023-08-17,VOO,gru,-0.008127168910981327,-0.004761479329317808,-0.04182596504688263,0.030863994732499123,573.0225404999297,345.1714409477996,573.0225404999297,345.1714409477996,1.702878566500562,73846.22488722071,0.007439841858592255,0.009425299382162713,2.5860929633573875,0.4819277108433735,1.0
2023-08-18,VOO,gru,0.0009228998006405989,-0.0016354462131857872,-0.03930436447262764,0.03659774735569954,573.5516269976774,344.6073890678557,573.5516269976774,344.6073890678557,1.6372462673860628,76598.89254152164,0.007439841858592255,0.009425299382162713,2.5860929633573875,0.4819277108433735,1.0
2023-08-21,VOO,gru,0.0065852503440992855,-0.0019759004935622215,-0.034957632422447205,0.03067273646593094,577.3410715730593,343.92715923092925,577.3410715730593,343.92715923092925,1.58100084374579,78984.79154102062,0.007439841858592255,0.009425299382162713,2.5860929633573875,0.4819277108433735,1.0
2023-08-22,VOO,gru,-0.002802767177418491,-0.005451930221170187,-0.03876502066850662,0.02887297421693802,575.7251845029004,342.05720109616567,575.7251845029004,342.05720109616567,1.5208859854017995,81298.56371267683,0.007439841858592255,0.009425299382162713,2.5860929633573875,0.4819277108433735,1.0
2023-08-23,VOO,gru,0.01072204270648348,-0.0014303019270300865,-0.03850632533431053,0.03584890440106392,581.9313464288905,341.5683124971821,581.9313464288905,341.5683124971821,1.4634354541359205,84265.90127814894,0.007439841858592255,0.009425299382162713,2.5860929633573875,0.4819277108433735,1.0
2023-08-24,VOO,gru,-0.01338318166363345,-0.002060388680547476,-0.03796607255935669,0.03592945635318756,574.195136523889,340.86527350864236,574.195136523889,340.86527350864236,1.408916054449983,87348.57616919592,0.007439841858592255,0.009425299382162713,2.5860929633573875,0.4819277108433735,1.0
2023-08-25,VOO,gru,0.006602659064185975,-0.006411464884877205,-0.042286038398742676,0.0303869117051363,577.9988948877285,338.6868276713745,577.9988948877285,338.6868276713745,1.3505806937954064,90043.56550351773,0.007439841858592255,0.009425299382162713,2.5860929633573875,0.4819277108433735,1.0
2023-08-28,VOO,gru,0.006559274750180239,-0.004564694128930569,-0.03563852608203888,0.034267835319042206,581.802609611969,337.144355837626,581.802609611969,337.144355837626,1.3032956024306823,93182.63581642474,0.007439841858592255,0.009425299382162713,2.5860929633573875,0.4819277108433735,1.0
2023-08-29,VOO,gru,0.014106467712175738,0.0008645131601952016,-0.030819740146398544,0.038523200899362564,590.0679496543173,337.43593965005374,590.0679496543173,337.43593965005374,1.2637410085855258,96842.36629598882,0.007439841858592255,0.009425299382162713,2.5860929633573875,0.4819277108433735,1.0
2023-08-30,VOO,gru,0.004159548205592832,-0.0008095772354863584,-0.03752398118376732,0.04112250730395317,592.5274774515019,337.1628688525729,592.5274774515019,337.1628688525729,1.2171990742379053,100907.78847042647,0.007439841858592255,0.009425299382162713,2.5860929633573875,0.4819277108433735,1.0
2023-08-31,VOO,gru,-0.001279896810188451,-0.0009055376285687089,-0.03749082237482071,0.0370238721370697,591.7695885364255,336.8576838131483,591.7695885364255,336.8576838131483,1.1724101058605805,104713.81019322517,0.007439841858592255,0.009425299382162713,2.5860929633573875,0.4819277108433735,1.0
2023-09-01,VOO,gru,0.0021242311464940637,-0.004561950918287039,-0.0425189845263958,0.03777800127863884,593.0279800119333,335.32444592022114,593.0279800119333,335.32444592022114,1.123605363720841,108745.36168981143,0.007439841858592255,0.009425299382162713,2.5860929633573875,0.4819277108433735,1.0
2023-09-05,VOO,gru,-0.004374042064270617,-0.004130643792450428,-0.040034208446741104,0.03778695687651634,590.4397153978273,333.94219227152576,590.4397153978273,333.94219227152576,1.0795112688813286,112933.14175619253,0.007439841858592255,0.009425299382162713,2.5860929633573875,0.4819277108433735,1.0
2023-09-06,VOO,gru,-0.006926344397173834,-0.0031681451946496964,-0.03614691272377968,0.03101632371544838,586.364256890885,332.88588005609876,586.364256890885,332.88588005609876,1.041187085392557,116490.80292877721,0.007439841858592255,0.009425299382162713,2.5860929633573875,0.4819277108433735,1.0
2023-09-07,VOO,gru,-0.0029796848416016298,0.0008335435413755476,-0.03756335377693176,0.03828650712966919,584.6196766434037,333.16346326549325,584.6196766434037,333.16346326549325,1.002802052090851,121037.30884457107,0.007439841858592255,0.009425299382162713,2.5860929633573875,0.4819277108433735,1.0
2023-09-08,VOO,gru,0.001368893849546581,-0.005591550376266241,-0.042955249547958374,0.030817247927188873,585.4205069238532,331.3057588153018,585.4205069238532,331.3057588153018,0.960638525343302,124825.40968197295,0.007439841858592255,0.009425299382162713,2.5860929633573875,0.4819277108433735,1.0
2023-09-11,VOO,gru,0.006549189951319999,-0.005881677847355604,-0.03901519626379013,0.027941957116127014,589.267119373868,329.3628356089677,589.267119373868,329.3628356089677,0.9238807325720557,128362.46849809655,0.007439841858592255,0.009425299382162713,2.5860929633573875,0.4819277108433735,1.0
2023-09-12,VOO,gru,-0.005377448335848652,-0.005439705681055784,-0.042330339550971985,0.03070826083421707,586.10687053624,327.57606964714483,586.10687053624,327.57606964714483,0.8855887178704369,132365.41014338838,0.007439841858592255,0.009425299382162713,2.5860929633573875,0.4819277108433735,1.0
2023-09-13,VOO,gru,0.0011704446134272546,-0.005120611749589443,-0.043086256831884384,0.031036224216222763,586.7932777882257,325.90296766120963,586.7932777882257,325.90296766120963,0.8482423436380958,136537.94776827758,0.007439841858592255,0.009425299382162713,2.5860929633573875,0.4819277108433735,1.0
2023-09-14,VOO,gru,0.008613915058686568,-0.0009939721785485744,-0.03549056500196457,0.03812384605407715,591.8696977764317,325.57918625045727,591.8696977764317,325.57918625045727,0.8186656762787918,141843.79114700062,0.007439841858592255,0.009425299382162713,2.5860929633573875,0.4819277108433735,1.0
2023-09-15,VOO,gru,-0.012545150819965456,-0.006246053613722324,-0.036836378276348114,0.02476874180138111,584.4909834660813,323.5519351444541,584.4909834660813,323.5519351444541,0.7890576569826029,145400.95800276435,0.007439841858592255,0.009425299382162713,2.5860929633573875,0.4819277108433735,1.0
2023-09-18,VOO,gru,0.0011003686292655572,-0.0029701790772378445,-0.03288831561803818,0.03396167606115341,585.1344929922928,322.59236153957335,585.1344929922928,322.59236153957335,0.763528958048873,150423.82606548382,0.007439841858592255,0.009425299382162713,2.5860929633573875,0.4819277108433735,1.0
2023-09-19,VOO,gru,-0.002005987576795112,0.0005019130767323077,-0.03578659147024155,0.038035035133361816,583.9618969683335,322.7542997818232,583.9618969683335,322.7542997818232,0.7366880090222324,156255.3932074282,0.007439841858592255,0.009425299382162713,2.5860929633573875,0.4819277108433735,1.0
2023-09-20,VOO,gru,-0.009398306161335006,-0.0023886915296316147,-0.03347361087799072,0.027535738423466682,578.4993538085611,321.9842549119433,578.4993538085611,321.9842549119433,0.712436544971524,160617.7842105132,0.007439841858592255,0.009425299382162713,2.5860929633573875,0.4819277108433735,1.0
2023-09-21,VOO,gru,-0.016524294279600348,0.00037832901580259204,-0.03318026661872864,0.03235650807619095,569.0186072956772,322.1060841862509,569.0186072956772,322.1060841862509,0.6891855602195148,165899.80776450847,0.007439841858592255,0.009425299382162713,2.5860929633573875,0.4819277108433735,1.0
2023-09-22,VOO,gru,-0.0024155153823138364,-0.0011282683117315173,-0.03417832776904106,0.028965342789888382,567.6457927917057,321.7428579509375,567.6457927917057,321.7428579509375,0.6660283280138266,170775.4213833353,0.007439841858592255,0.009425299382162713,2.5860929633573875,0.4819277108433735,1.0
2023-09-25,VOO,gru,0.004147960104940573,-0.002836179453879595,-0.03702009841799736,0.02974175289273262,570.0052549884831,320.8316260970711,570.0052549884831,320.8316260970711,0.6418227160299018,175930.86516324425,0.007439841858592255,0.009425299382162713,2.5860929633573875,0.4819277108433735,1.0
2023-09-26,VOO,gru,-0.014784695357337773,-0.0014454908668994904,-0.039169181138277054,0.03841805085539818,561.6398929853267,320.36819797962676,561.6398929853267,320.36819797962676,0.6171690379670691,182821.3058770144,0.007439841858592255,0.009425299382162713,2.5860929633573875,0.4819277108433735,1.0
2023-09-27,VOO,gru,0.00022911199314274575,-0.0032476892229169607,-0.0340871699154377,0.028799016028642654,561.7685861626493,319.32942553955723,561.7685861626493,319.32942553955723,0.5964859932493983,188162.9276079658,0.007439841858592255,0.009425299382162713,2.5860929633573875,0.4819277108433735,1.0
2023-09-28,VOO,gru,0.002008948085226449,-0.005892456974834204,-0.03530121222138405,0.02690643072128296,562.8982844608345,317.45332983830485,562.8982844608345,317.45332983830485,0.5757966539015791,193294.43704454956,0.007439841858592255,0.009425299382162713,2.5860929633573875,0.4819277108433735,1.0
2023-09-29,VOO,gru,-0.0023908305747203404,-0.0033044402953237295,-0.0355091355741024,0.02890424057841301,561.5540975337784,316.4060519764778,561.5540975337784,316.4060519764778,0.5557093760505513,198963.0054155051,0.007439841858592255,0.009425299382162713,2.5860929633573875,0.4819277108433735,1.0
2023-10-02,VOO,gru,-7.639400112631619e-05,-0.002763302531093359,-0.03829028084874153,0.030282218009233475,561.5111998080042,315.5329243378782,561.5111998080042,315.5329243378782,0.5348333292106586,205080.200031074,0.007439841858592255,0.009425299382162713,2.5860929633573875,0.4819277108433735,1.0
2023-10-03,VOO,gru,-0.01353762332789163,-0.0006735956412740052,-0.03128978610038757,0.029616259038448334,553.9608945945571,315.3204590846297,553.9608945945571,315.3204590846297,0.5183576016603137,211244.7505546931,0.007439841858592255,0.009425299382162713,2.5860929633573875,0.4819277108433735,1.0
2023-10-04,VOO,gru,0.007329934103122973,-0.005563081707805395,-0.04457442834973335,0.029672984033823013,558.0363094619005,313.5711738391609,558.0363094619005,313.5711738391609,0.49575948475562737,217606.9419938318,0.007439841858592255,0.009425299382162713,2.5860929633573875,0.4819277108433735,1.0
2023-10-05,VOO,gru,-0.0008459567891473427,-0.00032693491084501147,-0.03358669951558113,0.03489553555846214,557.5644344783846,313.4686762425791,557.5644344783846,313.4686762425791,0.47938509400056467,225334.48953979253,0.007439841858592255,0.009425299382162713,2.5860929633573875,0.4819277108433735,1.0
2023-10-06,VOO,gru,0.01185526113451347,-0.0050467378459870815,-0.03262057900428772,0.023814281448721886,564.2138438109752,311.89066568412767,564.2138438109752,311.89066568412767,0.4639995936508766,230765.06543656846,0.007439841858592255,0.009425299382162713,2.5860929633573875,0.4819277108433735,1.0
2023-10-09,VOO,gru,0.006643547978840028,-0.006162374746054411,-0.03646998107433319,0.027875952422618866,567.9747044490406,309.97458074416727,567.9747044490406,309.97458074416727,0.44738238827852045,237288.35511311234,0.007439841858592255,0.009425299382162713,2.5860929633573875,0.4819277108433735,1.0
2023-10-10,VOO,gru,0.005147953590696413,-0.006006370298564434,-0.04021107405424118,0.029307896271348,570.9061508693401,308.1183415339071,570.9061508693401,308.1183415339071,0.429749557258188,244345.7011001373,0.007439841858592255,0.009425299382162713,2.5860929633573875,0.4819277108433735,1.0
2023-10-11,VOO,gru,0.004224114851628209,-0.0026471405290067196,-0.04118562489748001,0.030218934640288353,573.3228245803494,307.30378607953054,573.3228245803494,307.30378607953054,0.41240958951332574,251842.27109338716,0.007439841858592255,0.009425299382162713,2.5860929633573875,0.4819277108433735,1.0
2023-10-12,VOO,gru,-0.0060291726006420215,-0.004734696354717016,-0.0358402244746685,0.025980722159147263,569.8765618111611,305.85223993889286,569.8765618111611,305.85223993889286,0.39789048595909865,258471.055007581,0.007439841858592255,0.009425299382162713,2.5860929633573875,0.4819277108433735,1.0
2023-10-13,VOO,gru,-0.00528336846649033,-0.005808981601148844,-0.03796558827161789,0.02737535536289215,566.8736337277711,304.080700652023,566.8736337277711,304.080700652023,0.3830675071131031,265644.5242803709,0.007439841858592255,0.009425299382162713,2.5860929633573875,0.4819277108433735,1.0
2023-10-16,VOO,gru,0.010414261901147042,0.001145879621617496,-0.03107100911438465,0.03208661824464798,572.8080518710595,304.4293458836122,572.8080518710595,304.4293458836122,0.37134821713221816,274306.38448326,0.007439841858592255,0.009425299382162713,2.5860929633573875,0.4819277108433735,1.0
2023-10-17,VOO,gru,2.4912308864553004e-05,-0.0011915905633941293,-0.0360276885330677,0.03707817569375038,572.8223220199183,304.0668007312607,572.8223220199183,304.0668007312607,0.3582075245622257,284668.09014054714,0.007439841858592255,0.009425299382162713,2.5860929633573875,0.4819277108433735,1.0
2023-10-18,VOO,gru,-0.013470888383031067,-0.002330952323973179,-0.03991713374853134,0.03293221443891525,565.1576374176063,303.3588672276708,565.1576374176063,303.3588672276708,0.34419053237858227,294198.92725397804,0.007439841858592255,0.009425299382162713,2.5860929633573875,0.4819277108433735,1.0
2023-10-19,VOO,gru,-0.008512435294478295,-0.0025856399443000555,-0.03719162940979004,0.035241611301898956,560.3671877213619,302.57550009668967,560.3671877213619,302.57550009668967,0.3316246521289784,304751.82983469166,0.007439841858592255,0.009425299382162713,2.5860929633573875,0.4819277108433735,1.0
2023-10-20,VOO,gru,-0.0125313120070242,-0.003887338098138571,-0.037562236189842224,0.03003605455160141,553.3888667314368,301.40157204734624,553.3888667314368,301.40157204734624,0.3193991327718678,314044.2341633487,0.007439841858592255,0.009425299382162713,2.5860929633573875,0.4819277108433735,1.0
2023-10-23,VOO,gru,-0.0017586780338304999,0.0007605917053297162,-0.02613070234656334,0.02608979120850563,552.4164891874896,301.6309123901514,552.4164891874896,301.6309123901514,0.3111611133334039,322345.4000243209,0.007439841858592255,0.009425299382162713,2.5860929633573875,0.4819277108433735,1.0
2023-10-24,VOO,gru,0.0074532320422759715,-0.00470623467117548,-0.03734511509537697,0.03236724063754082,556.5491592086637,300.21470184420645,556.5491592086637,300.21470184420645,0.2997550734152711,332949.5183595574,0.007439841858592255,0.009425299382162713,2.5860929633573875,0.4819277108433735,1.0
2023-10-25,VOO,gru,-0.014206345004562006,-0.0034240884706377983,-0.035066403448581696,0.02522561140358448,548.6985262751984,299.18850579824976,548.6985262751984,299.18850579824976,0.28942590421354475,341455.19043708616,0.007439841858592255,0.009425299382162713,2.5860929633573875,0.4819277108433735,1.0
2023-10-26,VOO,gru,-0.01235083158927852,-0.0019426442449912429,-0.034959662705659866,0.033071283251047134,541.9633214910596,298.6078446839566,541.9633214910596,298.6078446839566,0.27948249192264657,352936.33856257785,0.007439841858592255,0.009425299382162713,2.5860929633573875,0.4819277108433735,1.0
2023-10-27,VOO,gru,-0.00444255188961451,-0.002302051056176424,-0.03116857446730137,0.025465624406933784,539.5609615685079,297.9212174490079,539.5609615685079,297.9212174490079,0.2709057699358868,362039.4839183691,0.007439841858592255,0.009425299382162713,2.5860929633573875,0.4819277108433735,1.0
2023-10-30,VOO,gru,0.011960357731751905,0.0004154526686761528,-0.026928747072815895,0.03282352536916733,546.0530501468605,298.0450226576941,546.0530501468605,298.0450226576941,0.26370795911242295,374120.0574798657,0.007439841858592255,0.009425299382162713,2.5860929633573875,0.4819277108433735,1.0
2023-10-31,VOO,gru,0.006031186982658686,-0.002015010453760624,-0.03341437503695488,0.02762743830680847,549.3563495898676,297.4450675456424,549.3563495898676,297.4450675456424,0.25504190756006023,384600.14546907926,0.007439841858592255,0.009425299382162713,2.5860929633573875,0.4819277108433735,1.0
2023-11-01,VOO,gru,0.010950522795437316,-0.0032099951058626175,-0.03804973512887955,0.03275247663259506,555.4051471220207,296.4918088886761,555.4051471220207,296.4918088886761,0.24551993860586424,397405.3292169761,0.007439841858592255,0.009425299382162713,2.5860929633573875,0.4819277108433735,1.0
2023-11-02,VOO,gru,0.018822777533800624,-0.003161069704219699,-0.03187312185764313,0.024178748950362206,565.9584240584569,295.55606118889943,565.9584240584569,295.55606118889943,0.23781785031614724,407131.2002169784,0.007439841858592255,0.009425299382162713,2.5860929633573875,0.4819277108433735,1.0
2023-11-03,VOO,gru,0.00920507406796588,-0.0035812100395560265,-0.03384854644536972,0.024122552946209908,571.1921648009007,294.49951075944773,571.1921648009007,294.49951075944773,0.22990277256562053,417071.6547920927,0.007439841858592255,0.009425299382162713,2.5860929633573875,0.4819277108433735,1.0
2023-11-06,VOO,gru,0.001925815688175452,-0.0003503788902889937,-0.03376062214374542,0.034432850778102875,572.2932355221704,294.3963486123589,572.2932355221704,294.3963486123589,0.2222706661008599,431682.7220252226,0.007439841858592255,0.009425299382162713,2.5860929633573875,0.4819277108433735,1.0
2023-11-07,VOO,gru,0.002819551241064216,-0.0014315954176709056,-0.03267770633101463,0.03460049256682396,573.9091225923293,293.97519371019604,573.9091225923293,293.97519371019604,0.21512476347425716,446880.5782482943,0.007439841858592255,0.009425299382162713,2.5860929633573875,0.4819277108433735,1.0
2023-11-08,VOO,gru,0.000821950173497955,-0.004738421179354191,-0.0365925058722496,0.027410296723246574,574.381041215444,292.58551865099895,574.381041215444,292.58551865099895,0.20739509185194477,459299.1542502187,0.007439841858592255,0.009425299382162713,2.5860929633573875,0.4819277108433735,1.0
2023-11-09,VOO,gru,-0.007572098687985274,-0.0038265478797256947,-0.03314640745520592,0.029110204428434372,570.0481963538567,291.46806807439066,570.0481963538567,291.46806807439066,0.20063337203520024,472865.948924327,0.007439841858592255,0.009425299382162713,2.5860929633573875,0.4819277108433735,1.0
2023-11-10,VOO,gru,0.015482501432763161,-0.0033439784310758114,-0.03892223536968231,0.03502746671438217,578.9426448547609,290.4950320817219,578.9426448547609,290.4950320817219,0.19297429136768016,489722.7251182358,0.007439841858592255,0.009425299382162713,2.5860929633573875,0.4819277108433735,1.0
2023-11-13,VOO,gru,-0.0010131425061752507,-0.001925844233483076,-0.042920954525470734,0.031065555289387703,578.3563904823802,289.93612593540024,578.3563904823802,289.93612593540024,0.18486688749095045,505175.0193419462,0.007439841858592255,0.009425299382162713,2.5860929633573875,0.4819277108433735,1.0
2023-11-14,VOO,gru,0.019029040730675042,-0.003830363741144538,-0.028191974386572838,0.02068977989256382,589.4673378538806,288.8276879730174,589.4673378538806,288.8276879730174,0.17972790321285242,515735.83258318,0.007439841858592255,0.009425299382162713,2.5860929633573875,0.4819277108433735,1.0
2023-11-15,VOO,gru,0.002180905462479444,-0.0024387144949287176,-0.03294232115149498,0.03015303984284401,590.7543132667047,288.12417772024264,590.7543132667047,288.12417772024264,0.1739037100030165,531523.6566646444,0.007439841858592255,0.009425299382162713,2.5860929633573875,0.4819277108433735,1.0
2023-11-16,VOO,gru,0.001403007135408721,-0.006584842689335346,-0.03918759897351265,0.023625876754522324,591.5837274844706,286.2331649647812,591.5837274844706,286.2331649647812,0.16722064651390872,544230.8908442343,0.007439841858592255,0.009425299382162713,2.5860929633573875,0.4819277108433735,1.0
2023-11-17,VOO,gru,0.0014733770237476923,-0.004532586317509413,-0.03718347102403641,0.027536019682884216,592.4559957884118,284.93872596535437,592.4559957884118,284.93872596535437,0.16111698710512834,559425.1078591227,0.007439841858592255,0.009425299382162713,2.5860929633573875,0.4819277108433735,1.0
2023-11-20,VOO,gru,0.007502368018900841,-0.0033592700492590666,-0.039349932223558426,0.03427505865693092,596.9175338273217,283.98313968593584,596.9175338273217,283.98313968593584,0.15490016215596217,578931.8104907422,0.007439841858592255,0.009425299382162713,2.5860929633573875,0.4819277108433735,1.0
2023-11-21,VOO,gru,-0.002614622673424471,-0.00400711502879858,-0.03571777418255806,0.025361891835927963,595.3588582713948,282.84745872587143,595.3588582713948,282.84745872587143,0.14946511717852443,593802.4058350546,0.007439841858592255,0.009425299382162713,2.5860929633573875,0.4819277108433735,1.0
2023-11-22,VOO,gru,0.00431411436730341,-0.0029916262719780207,-0.0309588722884655,0.029086966067552567,597.932852736642,282.0025519641354,597.932852736642,282.0025519641354,0.14490873927169604,611327.9341755676,0.007439841858592255,0.009425299382162713,2.5860929633573875,0.4819277108433735,1.0
2023-11-24,VOO,gru,0.0005498570772844215,-0.00014560423733200878,-0.032414793968200684,0.03308320790529251,598.2617207543777,281.9614884030268,598.2617207543777,281.9614884030268,0.14028686902387438,631890.9090122407,0.007439841858592255,0.009425299382162713,2.5860929633573875,0.4819277108433735,1.0
2023-11-27,VOO,gru,-0.001746344291916326,-0.004457117523998022,-0.03329144045710564,0.023100920021533966,597.2178615473399,280.707543137452,597.2178615473399,280.707543137452,0.1356934007458131,646658.0663049357,0.007439841858592255,0.009425299382162713,2.5860929633573875,0.4819277108433735,1.0
2023-11-28,VOO,gru,0.000981160899909786,-0.004534231964498758,-0.0394701287150383,0.02999773621559143,597.8041159197205,279.4376243068109,597.8041159197205,279.4376243068109,0.13044188221033873,666350.2603320888,0.007439841858592255,0.009425299382162713,2.5860929633573875,0.4819277108433735,1.0
2023-11-29,VOO,gru,-0.0006460381355051053,-0.0018865111051127315,-0.03180207312107086,0.02860005758702755,597.418036387753,278.9109518768794,597.418036387753,278.9109518768794,0.1263588325165057,685683.026109093,0.007439841858592255,0.009425299382162713,2.5860929633573875,0.4819277108433735,1.0
2023-11-30,VOO,gru,0.003870128654219355,-0.002159132156521082,-0.038963038474321365,0.0381830669939518,599.7346008587563,278.30939838947927,599.7346008587563,278.30939838947927,0.12153019022549734,712370.7394093825,0.007439841858592255,0.009425299382162713,2.5860929633573875,0.4819277108433735,1.0
2023-12-01,VOO,gru,0.005848366800818001,-0.005879050586372614,-0.04413621500134468,0.03086717799305916,603.2523452910352,276.6779991284449,603.2523452910352,276.6779991284449,0.11628295259110402,734702.4699351724,0.007439841858592255,0.009425299382162713,2.5860929633573875,0.4819277108433735,1.0
2023-12-04,VOO,gru,-0.005038022012283435,-0.0032999939285218716,-0.036904532462358475,0.03504933789372444,600.2207896307298,275.7664758431855,600.2207896307298,275.7664758431855,0.11206980313939795,760909.8634233127,0.007439841858592255,0.009425299382162713,2.5860929633573875,0.4819277108433735,1.0
2023-12-05,VOO,gru,-0.0003097751537107089,-0.002804459072649479,-0.035482343286275864,0.03612803295254707,600.0348849391754,274.9941851444491,600.0348849391754,274.9941851444491,0.10816302141086194,788902.6589385818,0.007439841858592255,0.009425299382162713,2.5860929633573875,0.4819277108433735,1.0
2023-12-06,VOO,gru,-0.004179260411419259,-0.004628574941307306,-0.03338010609149933,0.024896221235394478,597.5324157766178,273.72429778685256,597.5324157766178,273.72429778685256,0.1046121196844541,808789.8785672862,0.007439841858592255,0.009425299382162713,2.5860929633573875,0.4819277108433735,1.0
2023-12-07,VOO,gru,0.007795173071864037,-0.0033910199999809265,-0.03776044771075249,0.031263742595911026,602.2084860839974,272.7976574421671,602.2084860839974,272.7976574421671,0.10073557254789793,834475.0984786329,0.007439841858592255,0.009425299382162713,2.5860929633573875,0.4819277108433735,1.0
2023-12-08,VOO,gru,0.004241481404264723,-0.0026748008094727993,-0.03797747194766998,0.032041922211647034,604.7681667607869,272.06894894750815,604.7681667607869,272.06894894750815,0.09698162513629527,861646.2964173676,0.007439841858592255,0.009425299382162713,2.5860929633573875,0.4819277108433735,1.0
2023-12-11,VOO,gru,0.00387026515481787,-0.0025330460630357265,-0.04005354642868042,0.038638994097709656,607.1133151691066,271.38065272070105,607.1133151691066,271.38065272070105,0.09317393288576611,895591.0359049374,0.007439841858592255,0.009425299382162713,2.5860929633573875,0.4819277108433735,1.0
2023-12-12,VOO,gru,0.004957579416840917,-0.0027072227094322443,-0.03727293387055397,0.031972404569387436,610.1306006805532,270.6469622415354,610.1306006805532,270.6469622415354,0.08976499487402416,924687.9480199701,0.007439841858592255,0.009425299382162713,2.5860929633573875,0.4819277108433735,1.0
2023-12-13,VOO,gru,0.013525195745184869,-0.008826288394629955,-0.04059740528464317,0.02372787520289421,618.4387948090769,268.2686647339926,618.4387948090769,268.2686647339926,0.08619375093858458,946891.1961920118,0.007439841858592255,0.009425299382162713,2.5860929633573875,0.4819277108433735,1.0
2023-12-14,VOO,gru,0.0029322233298422883,-0.001268193474970758,-0.03619208186864853,0.031030459329485893,620.2548567196487,267.9286681208335,620.2548567196487,267.9286681208335,0.08312999479470343,976734.2804227725,0.007439841858592255,0.009425299382162713,2.5860929633573875,0.4819277108433735,1.0
2023-12-15,VOO,gru,-0.0015227811186281136,-0.005733220372349024,-0.044350575655698776,0.029757846146821976,619.311063113018,266.39697332613065,619.311063113018,266.39697332613065,0.07952369486916865,1006236.5504662602,0.007439841858592255,0.009425299382162713,2.5860929633573875,0.4819277108433735,1.0
2023-12-18,VOO,gru,0.005641110001506926,-0.0034795699175447226,-0.041603945195674896,0.03144457936286926,622.8145373964383,265.4716380370366,622.8145373964383,265.4716380370366,0.07628307373984877,1038379.9274983961,0.007439841858592255,0.009425299382162713,2.5860929633573875,0.4819277108433735,1.0
2023-12-19,VOO,gru,0.00606595169874442,-0.004983660764992237,-0.042345475405454636,0.03005364164710045,626.6039819718201,264.1519079638921,626.6039819718201,264.1519079638921,0.07312027008547876,1070060.7220645866,0.007439841858592255,0.009425299382162713,2.5860929633573875,0.4819277108433735,1.0
2023-12-20,VOO,gru,-0.018658131244929887,-0.004764501936733723,-0.03137098625302315,0.022732455283403397,615.0211159772049,262.8963484061812,615.0211159772049,262.8963484061812,0.07086202165473492,1094664.4670423437,0.007439841858592255,0.009425299382162713,2.5860929633573875,0.4819277108433735,1.0
2023-12-21,VOO,gru,0.009695003955022513,-0.007073548622429371,-0.046792734414339066,0.033176977187395096,621.0127456347251,261.0432953980348,621.0127456347251,261.0432953980348,0.0676225745960281,1131591.3167521218,0.007439841858592255,0.009425299382162713,2.5860929633573875,0.4819277108433735,1.0
2023-12-22,VOO,gru,0.0023230107094711428,-0.0037216811906546354,-0.029819320887327194,0.02230396494269371,622.4570418017871,260.0735873547521,622.4570418017871,260.0735873547521,0.06563588222594821,1157113.8121078254,0.007439841858592255,0.009425299382162713,2.5860929633573875,0.4819277108433735,1.0
2023-12-26,VOO,gru,0.004149520570672243,-0.005340691655874252,-0.04149312525987625,0.028685318306088448,625.045306415893,258.6883184289194,625.045306415893,258.6883184289194,0.06296817417029817,1190786.583696257,0.007439841858592255,0.009425299382162713,2.5860929633573875,0.4819277108433735,1.0
2023-12-27,VOO,gru,0.0018285440362748363,-0.0032608506735414267,-0.035282351076602936,0.02871272712945938,626.1892748629369,257.84614668455674,626.1892748629369,257.84614668455674,0.06078524426746121,1225472.8978633708,0.007439841858592255,0.009425299382162713,2.5860929633573875,0.4819277108433735,1.0
2023-12-28,VOO,gru,0.00015985779797937917,-0.0036957270931452513,-0.03550558537244797,0.027787402272224426,626.289384102943,256.89496992088465,626.289384102943,256.89496992088465,0.05866489297415823,1260003.0758114133,0.007439841858592255,0.009425299382162713,2.5860929633573875,0.4819277108433735,1.0
2023-12-29,VOO,gru,-0.0026750211829877535,-0.008183484897017479,-0.04675968736410141,0.022064412012696266,624.6162855185523,254.8012500446488,624.6162855185523,254.8012500446488,0.05598488564122404,1288113.3171802887,0.007439841858592255,0.009425299382162713,2.5860929633573875,0.4819277108433735,1.0
2023-01-03,VOO,transformer,-0.003849850417839892,-0.00022471528791356832,-0.01590193808078766,0.011892640963196754,500.4795187230737,502.2971073559638,500.4795187230737,502.2971073559638,494.4839043754764,508.42063893646264,0.006636264331259686,0.008390055506159759,1.542318446482884,0.6184738955823293,0.828
2023-01-04,VOO,transformer,0.0071744636032438245,0.0009886312764137983,-0.013408515602350235,0.01716715469956398,504.08310224650006,502.7939191154038,504.08310224650006,502.7939191154038,487.89786558715025,517.2241394274618,0.006636264331259686,0.008390055506159759,1.542318446482884,0.6184738955823293,0.828
2023-01-05,VOO,transformer,-0.010981772528925621,-0.0017483626725152135,-0.01337510161101818,0.009363170713186264,498.5776613609534,501.9156219421711,498.5776613609534,501.9156219421711,481.4156281329163,522.0897510420036,0.006636264331259686,0.008390055506159759,1.542318446482884,0.6184738955823293,0.828
2023-01-06,VOO,transformer,0.02248940632279282,0.001627798774279654,-0.012892715632915497,0.013244569301605225,509.9174111497823,502.7332997844855,509.9174111497823,502.7332997844855,475.2487265611546,529.0506298941077,0.006636264331259686,0.008390055506159759,1.542318446482884,0.6184738955823293,0.828
2023-01-09,VOO,transformer,-0.0007294220484379014,-0.0016068231780081987,-0.013999122194945812,0.010077872313559055,509.5456017666735,501.9261560865683,509.5456017666735,501.9261560865683,468.6420129981977,534.4093073850827,0.006636264331259686,0.008390055506159759,1.542318446482884,0.6184738955823293,0.828
2023-01-10,VOO,transformer,0.007102962217562518,-0.0005174726247787476,-0.01283928845077753,0.011828937567770481,513.1777692274163,501.666475396111,513.1777692274163,501.666475396111,462.6634335554572,540.7683681785497,0.006636264331259686,0.008390055506159759,1.542318446482884,0.6184738955823293,0.828
2023-01-11,VOO,transformer,0.012681577206823691,-0.000977333984337747,-0.012117915786802769,0.009656430222094059,519.7271129595998,501.1764172204717,519.7271129595998,501.1764172204717,457.0907508573254,546.0155298168407,0.006636264331259686,0.008390055506159759,1.542318446482884,0.6184738955823293,0.828
2023-01-12,VOO,transformer,0.0037348938957075146,-0.0005660052411258221,-0.013911890797317028,0.012631929479539394,521.6718680474943,500.89283812554476,521.6718680474943,500.89283812554476,450.7757761994938,552.9564802149937,0.006636264331259686,0.008390055506159759,1.542318446482884,0.6184738955823293,0.828
2023-01-13,VOO,transformer,0.003884917917238009,0.00023735553259029984,-0.011080621741712093,0.011852062307298183,523.7024622265361,501.01172288457843,523.7024622265361,501.01172288457843,445.80846681987697,559.5491579765749,0.006636264331259686,0.008390055506159759,1.542318446482884,0.6184738955823293,0.828
2023-01-17,VOO,transformer,-0.0015302572733764844,-0.0013109254650771618,-0.012562867254018784,0.010795202106237411,522.9016755856856,500.3553722327611,522.9016755856856,500.3553722327611,440.24285480222414,565.6223076798741,0.006636264331259686,0.008390055506159759,1.542318446482884,0.6184738955823293,0.828
2023-01-18,VOO,transformer,-0.01637754345682737,-0.0008817704510875046,-0.012957941740751266,0.011956024914979935,514.4075767656077,499.9143720758098,514.4075767656077,499.9143720758098,434.5750076656157,572.4254660055068,0.006636264331259686,0.008390055506159759,1.542318446482884,0.6184738955823293,0.828
2023-01-19,VOO,transformer,-0.007225877815003664,0.0007017315947450697,-0.00991707295179367,0.01217833161354065,510.7039276417742,500.2653237160765,510.7039276417742,500.2653237160765,430.28658438405864,579.4392851156512,0.006636264331259686,0.008390055506159759,1.542318446482884,0.6184738955823293,0.828
2023-01-20,VOO,transformer,0.018228920524590658,0.0013918369077146053,-0.010753488168120384,0.012742195278406143,520.0988787031097,500.9621139394722,520.0988787031097,500.9621139394722,425.6842929962643,586.8698412004921,0.006636264331259686,0.008390055506159759,1.542318446482884,0.6184738955823293,0.828
2023-01-23,VOO,transformer,0.012106517085452621,-0.0010440980549901724,-0.012969987466931343,0.011256590485572815,526.4337338064223,500.43933085729384,526.4337338064223,500.43933085729384,420.1988289166263,593.5133447460435,0.006636264331259686,0.008390055506159759,1.542318446482884,0.6184738955823293,0.828
2023-01-24,VOO,transformer,-0.0010599809134273586,-0.0006536176661029458,-0.01195315271615982,0.012189378961920738,525.8760197317591,500.11235074659743,525.8760197317591,500.11235074659743,415.2060234387662,600.7922002940418,0.006636264331259686,0.008390055506159759,1.542318446482884,0.6184738955823293,0.828
2023-01-25,VOO,transformer,0.00035345182579026024,-0.0003410672361496836,-0.011831697076559067,0.010648628696799278,526.0619244233136,499.94181334881813,526.0619244233136,499.94181334881813,410.3223854011298,607.2239637946376,0.006636264331259686,0.008390055506159759,1.542318446482884,0.6184738955823293,0.828
2023-01-26,VOO,transformer,0.010626153232779396,0.0010205202270299196,-0.011834409087896347,0.013832470402121544,531.6817446977251,500.45226772114455,531.6817446977251,500.45226772114455,405.49508796479086,615.6817025700971,0.006636264331259686,0.008390055506159759,1.542318446482884,0.6184738955823293,0.828
2023-01-27,VOO,transformer,0.0028468557901991302,-0.00044680124847218394,-0.012439696118235588,0.013379231095314026,533.1975225278778,500.22872709948825,533.1975225278778,500.22872709948825,400.4820904752273,623.9743809892445,0.006636264331259686,0.008390055506159759,1.542318446482884,0.6184738955823293,0.828
2023-01-30,VOO,transformer,-0.012576415954160486,-0.0011479152599349618,-0.015001717023551464,0.010647661052644253,526.5337994068295,499.6548295863841,526.5337994068295,499.6548295863841,394.51900157302055,630.6537255855483,0.006636264331259686,0.008390055506159759,1.542318446482884,0.6184738955823293,0.828
2023-01-31,VOO,transformer,0.014103951259649307,0.0005201170570217073,-0.011050308123230934,0.013022378087043762,534.0126229571861,499.91476468840756,534.0126229571861,499.91476468840756,390.1834400664498,638.9200433993063,0.006636264331259686,0.008390055506159759,1.542318446482884,0.6184738955823293,0.828
2023-02-01,VOO,transformer,0.010892676860967919,-0.002026209607720375,-0.012188244611024857,0.009139055386185646,539.8612456489261,498.9028503512006,539.8612456489261,498.9028503512006,385.4566461160789,644.7859066202839,0.006636264331259686,0.008390055506159759,1.542318446482884,0.6184738955823293,0.828
2023-02-02,VOO,transformer,0.014228292823714427,-0.0023249497171491385,-0.015225239098072052,0.010949693620204926,547.5974555539277,497.7442699316284,547.5974555539277,497.7442699316284,379.63243602641217,651.8848784613485,0.006636264331259686,0.008390055506159759,1.542318446482884,0.6184738955823293,0.828
2023-02-03,VOO,transformer,-0.010737960832465285,-0.000606538902502507,-0.013110964559018612,0.012171159498393536,541.7488328621877,497.4424586860669,541.7488328621877,497.4424586860669,374.68757054665366,659.867558110962,0.006636264331259686,0.008390055506159759,1.542318446482884,0.6184738955823293,0.828
2023-02-06,VOO,transformer,-0.005797430998833912,-0.00048021404654718935,-0.012464976869523525,0.012153717689216137,538.6171679618761,497.20362889423996,538.6171679618761,497.20362889423996,370.0460783117852,667.9363479236737,0.006636264331259686,0.008390055506159759,1.542318446482884,0.6184738955823293,0.828
2023-02-07,VOO,transformer,0.012820311704576063,0.00020034989574924111,-0.009125648066401482,0.01010236144065857,545.5668613748859,497.3032639350204,545.5668613748859,497.3032639350204,366.68454069963394,674.7182610251144,0.006636264331259686,0.008390055506159759,1.542318446482884,0.6184738955823293,0.828
2023-02-08,VOO,transformer,-0.011016617115362,-0.0016377365682274103,-0.014270462095737457,0.009791979566216469,539.5895455058234,496.489483877109,539.5895455058234,496.489483877109,361.4889518935987,681.3575769707777,0.006636264331259686,0.008390055506159759,1.542318446482884,0.6184738955823293,0.828
2023-02-09,VOO,transformer,-0.00859679541635658,0.000568603107240051,-0.010144861415028572,0.012847134843468666,534.9706867126756,496.771861039992,534.9706867126756,496.771861039992,357.8402379417985,690.1675546912929,0.006636264331259686,0.008390055506159759,1.542318446482884,0.6184738955823293,0.828
2023-02-10,VOO,transformer,0.0024294959242145185,-0.00023768797109369189,-0.012384485453367233,0.010189428925514221,536.2719759139575,496.6538063275793,536.2719759139575,496.6538063275793,353.4358970920395,697.2359115579671,0.006636264331259686,0.008390055506159759,1.542318446482884,0.6184738955823293,0.828
2023-02-13,VOO,transformer,0.011479949287228767,-0.000546092342119664,-0.013584007509052753,0.011063004843890667,542.4638240514898,496.38267360733806,542.4638240514898,496.38267360733806,348.66728094609186,704.9922235461738,0.006636264331259686,0.008390055506159759,1.542318446482884,0.6184738955823293,0.828
2023-02-14,VOO,transformer,-0.0003691590658042473,-0.001533401315100491,-0.013788321986794472,0.009919833391904831,542.2636055714777,495.6220879779688,542.2636055714777,495.6220879779688,343.89273918307725,712.020456319802,0.006636264331259686,0.008390055506159759,1.542318446482884,0.6184738955823293,0.828
2023-02-15,VOO,transformer,0.0033435235696487845,-0.0004500504583120346,-0.014229534193873405,0.012066936120390892,544.0797111216486,495.3990801116967,544.0797111216486,495.3990801116967,339.0339665006074,720.6644100282952,0.006636264331259686,0.008390055506159759,1.542318446482884,0.6184738955823293,0.828
2023-02-16,VOO,transformer,-0.014001071545351986,0.000316671998007223,-0.0130126578733325,0.012834127061069012,536.5150921197438,495.5559923617216,536.5150921197438,495.5559923617216,334.65081107113,729.9730905011705,0.006636264331259686,0.008390055506159759,1.542318446482884,0.6184738955823293,0.828
2023-02-17,VOO,transformer,-0.0025887078039012914,5.3770356316817924e-05,-0.013115786015987396,0.013582255691289902,535.1280074669136,495.58263513160136,535.1280074669136,495.58263513160136,330.29025364561556,739.955366837204,0.006636264331259686,0.008390055506159759,1.542318446482884,0.6184738955823293,0.828
2023-02-21,VOO,transformer,-0.020054362534433316,-0.0011206779163330793,-0.011672005988657475,0.009183160029351711,524.5032488673868,495.0275672766749,524.5032488673868,495.0275672766749,326.4575225160291,746.7818159792029,0.006636264331259686,0.008390055506159759,1.542318446482884,0.6184738955823293,0.828
2023-02-22,VOO,transformer,-0.0012549706353561438,-9.291875176131725e-05,-0.013033568859100342,0.012114623561501503,523.8454255527175,494.9815675126268,523.8454255527175,494.9815675126268,322.2302273645831,755.8838282810248,0.006636264331259686,0.008390055506159759,1.542318446482884,0.6184738955823293,0.828
2023-02-23,VOO,transformer,0.005010294634875539,-0.0015448995400220156,-0.015081322751939297,0.009673313237726688,526.4766315321967,494.21746412282664,526.4766315321967,494.21746412282664,317.40703479099375,763.2311750010297,0.006636264331259686,0.008390055506159759,1.542318446482884,0.6184738955823293,0.828
2023-02-24,VOO,transformer,-0.010759258106011329,-0.0004054745950270444,-0.013512476347386837,0.012753712944686413,520.8424974693276,494.0171226017126,520.8424974693276,494.0171226017126,313.14692608922036,773.0275397666184,0.006636264331259686,0.008390055506159759,1.542318446482884,0.6184738955823293,0.828
2023-02-27,VOO,transformer,0.0034533259280041233,-0.0007137401262298226,-0.011055165901780128,0.010731277987360954,522.6442455914419,493.6646573918981,522.6442455914419,493.6646573918981,309.7041087613672,781.3677623025359,0.006636264331259686,0.008390055506159759,1.542318446482884,0.6184738955823293,0.828
2023-02-28,VOO,transformer,-0.003782912759581716,-0.0010579724330455065,-0.011669734492897987,0.009031355381011963,520.6708629266319,493.1426630978429,520.6708629266319,493.1426630978429,306.1109449514608,788.456567999771,0.006636264331259686,0.008390055506159759,1.542318446482884,0.6184738955823293,0.828
2023-03-01,VOO,transformer,-0.0036593929906109605,0.0008806464029476047,-0.009980659931898117,0.01366426981985569,518.7690055645116,493.5771591933758,518.7690055645116,493.5771591933758,303.07094861994267,799.3042033845,0.006636264331259686,0.008390055506159759,1.542318446482884,0.6184738955823293,0.828
2023-03-02,VOO,transformer,0.007442305750192672,-0.0007994947372935712,-0.013187691569328308,0.012693384662270546,522.6442455914419,493.1827026547901,522.6442455914419,493.1827026547901,299.1003855356584,809.5146983589077,0.006636264331259686,0.008390055506159759,1.542318446482884,0.6184738955823293,0.828
2023-03-03,VOO,transformer,0.015717599329938627,-0.0004147650324739516,-0.01276068389415741,0.011987147852778435,530.9238557826488,492.9781948233138,530.9238557826488,492.9781948233138,295.3079013765098,819.2769040074116,0.006636264331259686,0.008390055506159759,1.542318446482884,0.6184738955823293,0.828
2023-03-06,VOO,transformer,0.0012113222060050428,-0.0029704871121793985,-0.014299268834292889,0.007652563042938709,531.5673653088604,491.51596927236466,531.5673653088604,491.51596927236466,291.11525907111314,825.5705611876186,0.006636264331259686,0.008390055506159759,1.542318446482884,0.6184738955823293,0.828
2023-03-07,VOO,transformer,-0.015589096732630774,-0.00018002251454163343,-0.01270386204123497,0.013401275500655174,523.3449666318853,491.42749343541993,523.3449666318853,491.42749343541993,287.44036882872166,836.7087557799049,0.006636264331259686,0.008390055506159759,1.542318446482884,0.6184738955823293,0.828
2023-03-08,VOO,transformer,0.0015561872486242736,0.001754464115947485,-0.009710719808936119,0.01458665356040001,524.1600234215946,492.2904169357556,524.1600234215946,492.2904169357556,284.6626310325223,849.0029347211452,0.006636264331259686,0.008390055506159759,1.542318446482884,0.6184738955823293,0.828
2023-03-09,VOO,transformer,-0.018475426333139058,-0.0016548477578908205,-0.016987575218081474,0.012038247659802437,514.5648538802469,491.47641844779344,514.5648538802469,491.47641844779344,279.8677469741721,859.2851655930681,0.006636264331259686,0.008390055506159759,1.542318446482884,0.6184738955823293,0.828
2023-03-10,VOO,transformer,-0.014443524172366688,-0.0013207218144088984,-0.013722864910960197,0.01125762052834034,507.18613956989645,490.82775526471886,507.18613956989645,490.82775526471886,276.0533906974593,869.0132936556987,0.006636264331259686,0.008390055506159759,1.542318446482884,0.6184738955823293,0.828
2023-03-13,VOO,transformer,-0.0016931154817337373,8.911385521059856e-05,-0.009888546541333199,0.012645084410905838,506.328141414814,490.8715216632605,506.328141414814,490.8715216632605,273.3370714938864,880.0717947885635,0.006636264331259686,0.008390055506159759,1.542318446482884,0.6184738955823293,0.828
2023-03-14,VOO,transformer,0.016470052047359858,-0.0012513062683865428,-0.01250752154737711,0.00952464621514082,514.7364447833436,490.25768415145313,514.7364447833436,490.25768415145313,269.93958610632404,888.4941890267525,0.006636264331259686,0.008390055506159759,1.542318446482884,0.6184738955823293,0.828
2023-03-15,VOO,transformer,-0.006186452160223953,-0.0022422168403863907,-0.014963357709348202,0.01030689012259245,511.5618821572579,489.15965199047514,511.5618821572579,489.15965199047514,265.9304467849943,897.6992028955536,0.006636264331259686,0.008390055506159759,1.542318446482884,0.6184738955823293,0.828
2023-03-16,VOO,transformer,0.0169626997432206,-0.0007414345163851976,-0.012755977921187878,0.00950064416974783,520.3133673319808,488.7970948014575,520.3133673319808,488.7970948014575,262.55978174502127,906.2685697166362,0.006636264331259686,0.008390055506159759,1.542318446482884,0.6184738955823293,0.828
2023-03-17,VOO,transformer,-0.010998481893403906,-0.0014851413434371352,-0.012695463374257088,0.01010715588927269,514.6220653944787,488.07170209826006,514.6220653944787,488.07170209826006,259.2475365735476,915.4748261263294,0.006636264331259686,0.008390055506159759,1.542318446482884,0.6184738955823293,0.828
2023-03-20,VOO,transformer,0.008990254204195702,3.363771247677505e-05,-0.011529531329870224,0.011323899030685425,519.269508124943,488.0881096142617,519.269508124943,488.0881096142617,256.2756928554698,925.9005297817512,0.006636264331259686,0.008390055506159759,1.542318446482884,0.6184738955823293,0.828
2023-03-21,VOO,transformer,0.012995900986332708,-0.0012218139600008726,-0.014665884897112846,0.011636022478342056,526.0619244233137,487.4921243796699,526.0619244233137,487.4921243796699,252.54461304402798,936.7372399980317,0.006636264331259686,0.008390055506159759,1.542318446482884,0.6184738955823293,0.828
2023-03-22,VOO,transformer,-0.016720522408006883,-0.00041446476825512946,-0.015673941001296043,0.013128340244293213,517.3390231859072,487.29012154149416,517.3390231859072,487.29012154149416,248.6171033956821,949.1161718470323,0.006636264331259686,0.008390055506159759,1.542318446482884,0.6184738955823293,0.828
2023-03-23,VOO,transformer,0.002374358127145201,0.0004707801272161305,-0.011038416065275669,0.01290635671466589,518.5688307240985,487.51957510281073,518.5688307240985,487.51957510281073,245.88784821800525,961.4451888917944,0.006636264331259686,0.008390055506159759,1.542318446482884,0.6184738955823293,0.828
2023-03-24,VOO,transformer,0.0025336915088168157,0.0006140872719697654,-0.010912484489381313,0.012140444479882717,519.884390074239,487.81905129367635,519.884390074239,487.81905129367635,243.21918526876362,973.1886863760291,0.006636264331259686,0.008390055506159759,1.542318446482884,0.6184738955823293,0.828
2023-03-27,VOO,transformer,0.0016490030189387703,-0.0012099874438717961,-0.01255413331091404,0.009182881563901901,520.7423882293215,487.2291516993309,520.7423882293215,487.2291516993309,240.18486312550402,982.1664786013774,0.006636264331259686,0.008390055506159759,1.542318446482884,0.6184738955823293,0.828
2023-03-28,VOO,transformer,-0.0017590556835730964,-0.0002710581466089934,-0.014860017225146294,0.013766588643193245,519.8271785600072,487.0971017243662,519.8271785600072,487.0971017243662,236.6421068459034,995.7810497314441,0.006636264331259686,0.008390055506159759,1.542318446482884,0.6184738955823293,0.828
2023-03-29,VOO,transformer,0.014121903301793463,-0.00025676999939605594,-0.013402719981968403,0.011090061627328396,527.2202066588153,486.97205551782474,527.2202066588153,486.97205551782474,233.49162103317374,1006.8857915003141,0.006636264331259686,0.008390055506159759,1.542318446482884,0.6184738955823293,0.828
2023-03-30,VOO,transformer,0.0059493730098624876,-0.0010450843255966902,-0.013776110485196114,0.011737799271941185,530.3661853475845,486.46340746197956,530.3661853475845,486.46340746197956,230.29707035849955,1018.7740566729574,0.006636264331259686,0.008390055506159759,1.542318446482884,0.6184738955823293,0.828
2023-03-31,VOO,transformer,0.013869753568502374,-0.0009023278835229576,-0.012266897596418858,0.011242209933698177,537.7734835952515,486.0246478798347,537.7734835952515,486.0246478798347,227.489299697943,1030.2920001459158,0.006636264331259686,0.008390055506159759,1.542318446482884,0.6184738955823293,0.828
2023-04-03,VOO,transformer,0.003954174239653799,-0.0002723190118558705,-0.011489620432257652,0.011487158015370369,539.9041433747003,485.89231599643307,539.9041433747003,485.89231599643307,224.8904879123996,1042.1953826592173,0.006636264331259686,0.008390055506159759,1.542318446482884,0.6184738955823293,0.828
2023-04-04,VOO,transformer,-0.005657473782363894,-0.001726439455524087,-0.012998945079743862,0.00878079142421484,536.8582739259372,485.054171954839,536.8582739259372,485.054171954839,221.98606405158628,1051.3869840542613,0.006636264331259686,0.008390055506159759,1.542318446482884,0.6184738955823293,0.828
2023-04-05,VOO,transformer,-0.0024268394718413005,-0.00013701895659323782,-0.012646231800317764,0.013248832896351814,535.5569847246553,484.98770445860333,535.5569847246553,484.98770445860333,219.19644819147052,1065.4093491938659,0.006636264331259686,0.008390055506159759,1.542318446482884,0.6184738955823293,0.828
2023-04-06,VOO,transformer,0.0038110115575968923,-0.00012031626829411834,-0.013052701018750668,0.012711281888186932,537.6018926921547,484.92936908355676,537.6018926921547,484.92936908355676,216.35393395962316,1079.038564275956,0.006636264331259686,0.008390055506159759,1.542318446482884,0.6184738955823293,0.828
2023-04-10,VOO,transformer,0.0010899049233569853,-0.00047929215361364186,-0.01133047230541706,0.010883713141083717,538.1881470645354,484.6970094836051,538.1881470645354,484.6970094836051,213.9163759672255,1090.846671428347,0.006636264331259686,0.008390055506159759,1.542318446482884,0.6184738955823293,0.828
2023-04-11,VOO,transformer,0.0001328913515428205,-0.0009210173739120364,-0.01273256354033947,0.011406252160668373,538.259672367225,484.25080045157773,538.259672367225,484.25080045157773,211.20993577405332,1103.3603298555317,0.006636264331259686,0.008390055506159759,1.542318446482884,0.6184738955823293,0.828
2023-04-12,VOO,transformer,-0.0039929776349905965,-0.0025301759596914053,-0.012766490690410137,0.007874532602727413,536.1146987993184,483.0270993955774,536.1146987993184,483.0270993955774,208.53066201486033,1112.0830579881408,0.006636264331259686,0.008390055506159759,1.542318446482884,0.6184738955823293,0.828
2023-04-13,VOO,transformer,0.012879770454175491,-0.0006271825986914337,-0.01296580582857132,0.012474928051233292,543.0643922123281,482.72425045696076,543.0643922123281,482.72425045696076,205.8443463675787,1126.0431431721577,0.006636264331259686,0.008390055506159759,1.542318446482884,0.6184738955823293,0.828
2023-04-14,VOO,transformer,-0.002055983645391819,-0.0005582720623351634,-0.011437129229307175,0.01230665110051632,541.9490077026006,482.454823760584,541.9490077026006,482.454823760584,203.50349059964495,1139.9866491094795,0.006636264331259686,0.008390055506159759,1.542318446482884,0.6184738955823293,0.828
2023-04-17,VOO,transformer,0.0033980265382634062,0.0004091467708349228,-0.009784877300262451,0.011143509298563004,543.793697190088,482.6522662218327,543.793697190088,482.6522662218327,201.52194984631979,1152.7611028690235,0.006636264331259686,0.008390055506159759,1.542318446482884,0.6184738955823293,0.828
2023-04-18,VOO,transformer,0.0006834987861631409,-0.0018250826979056,-0.01424620021134615,0.009978084824979305,544.1655065731967,481.7721858718951,544.1655065731967,481.7721858718951,198.67138247139422,1164.3209965646695,0.006636264331259686,0.008390055506159759,1.542318446482884,0.6184738955823293,0.828
2023-04-19,VOO,transformer,-5.2609600606567285e-05,0.00014358846237882972,-0.012846988625824451,0.011315356008708477,544.1368789962813,481.8413910944988,544.1368789962813,481.8413910944988,196.13537972056184,1177.5705032779485,0.006636264331259686,0.008390055506159759,1.542318446482884,0.6184738955823293,0.828
2023-04-20,VOO,transformer,-0.00566616952036502,0.0008487195591442287,-0.010953458026051521,0.010868042707443237,541.0624256102017,482.2505360001573,541.0624256102017,482.2505360001573,193.99873924278484,1190.4381924324512,0.006636264331259686,0.008390055506159759,1.542318446482884,0.6184738955823293,0.828
2023-04-21,VOO,transformer,0.000581275706460452,0.00046378624392673373,-0.011921072378754616,0.012522920966148376,541.3770234790786,482.4742247022133,541.3770234790786,482.4742247022133,191.69979647763512,1205.4396350224536,0.006636264331259686,0.008390055506159759,1.542318446482884,0.6184738955823293,0.828
2023-04-24,VOO,transformer,0.0013198185973323422,0.00029224742320366204,-0.013924704864621162,0.013191644102334976,542.0920146683808,482.615252486438,542.0920146683808,482.615252486438,189.0489299045985,1221.4467648423301,0.006636264331259686,0.008390055506159759,1.542318446482884,0.6184738955823293,0.828
2023-04-25,VOO,transformer,-0.01592713766376371,-0.0008249812526628375,-0.011551471427083015,0.010657289996743202,533.5264341852122,482.2172733450745,533.5264341852122,482.2172733450745,186.87770661537118,1234.5337027860867,0.006636264331259686,0.008390055506159759,1.542318446482884,0.6184738955823293,0.828
2023-04-26,VOO,transformer,-0.004459146301558052,-0.00035050950828008354,-0.012806030921638012,0.012219180352985859,531.152658199977,482.0482680960946,531.152658199977,482.0482680960946,184.49980000629793,1249.7112739995744,0.006636264331259686,0.008390055506159759,1.542318446482884,0.6184738955823293,0.828
2023-04-27,VOO,transformer,0.019647403389281722,-0.001276420196518302,-0.011671108193695545,0.010262907482683659,541.6916213479554,481.4333678059914,541.6916213479554,481.4333678059914,182.35900524826263,1262.6030154059617,0.006636264331259686,0.008390055506159759,1.542318446482884,0.6184738955823293,0.828
2023-04-28,VOO,transformer,0.00851670446841553,-0.0006694455514661968,-0.012388268485665321,0.011783098801970482,546.3247502899619,481.11117288081874,546.3247502899619,481.11117288081874,180.11382382095815,1277.5683222382495,0.006636264331259686,0.008390055506159759,1.542318446482884,0.6184738955823293,0.828
2023-05-01,VOO,transformer,-0.0006807165357464255,-0.0006893754471093416,-0.01330071035772562,0.012298974208533764,545.9529845464521,480.77961564385834,545.9529845464521,480.77961564385834,177.7340480917659,1293.3780742727836,0.006636264331259686,0.008390055506159759,1.542318446482884,0.6184738955823293,0.828
2023-05-02,VOO,transformer,-0.011273657333462965,-0.0010141462553292513,-0.014397338032722473,0.01276191882789135,539.8326617116093,480.2922798341722,539.8326617116093,480.2922798341722,175.19348080031403,1309.9898705446112,0.006636264331259686,0.008390055506159759,1.542318446482884,0.6184738955823293,0.828
2023-05-03,VOO,transformer,-0.006991096488481876,-0.0004208472091704607,-0.012458087876439095,0.012724274769425392,536.071801073544,480.0901972476841,536.071801073544,480.0901972476841,173.0244490691593,1326.7650520626619,0.006636264331259686,0.008390055506159759,1.542318446482884,0.6184738955823293,0.828
2023-05-04,VOO,transformer,-0.007335820862286,-0.0010742411250248551,-0.015117863193154335,0.012029379606246948,532.1536633208397,479.5747443428027,532.1536633208397,479.5747443428027,170.4283628939988,1342.821573158933,0.006636264331259686,0.008390055506159759,1.542318446482884,0.6184738955823293,0.828
2023-05-05,VOO,transformer,0.01818688257553435,0.0006765154539607465,-0.012069839984178543,0.012897690758109093,541.920423765284,479.8992970962076,541.920423765284,479.8992970962076,168.3836856774888,1360.2529768420673,0.006636264331259686,0.008390055506159759,1.542318446482884,0.6184738955823293,0.828
2023-05-08,VOO,transformer,0.0005539575602154551,-0.00181501021143049,-0.013600243255496025,0.008771123364567757,542.2207078457033,479.02907069418967,542.2207078457033,479.02907069418967,166.10912506593746,1372.2363780501826,0.006636264331259686,0.008390055506159759,1.542318446482884,0.6184738955823293,0.828
2023-05-09,VOO,transformer,-0.004334461084206615,0.00043289086897857487,-0.0120931938290596,0.014261214062571526,539.8755594373836,479.23647501976563,539.8755594373836,479.23647501976563,164.11243532707988,1391.9463691422552,0.006636264331259686,0.008390055506159759,1.542318446482884,0.6184738955823293,0.828
2023-05-10,VOO,transformer,0.004360859189854235,-0.0008623901521787047,-0.011303523555397987,0.010515524074435234,542.235021634161,478.8233720411942,542.235021634161,478.8233720411942,162.2678302162338,1406.6606383309047,0.006636264331259686,0.008390055506159759,1.542318446482884,0.6184738955823293,0.828
2023-05-11,VOO,transformer,-0.0013986906681613142,-0.002060169354081154,-0.015572750940918922,0.01049727015197277,541.4771327190846,477.8379395719551,541.4771327190846,477.8379395719551,159.76044392660282,1421.5044606153278,0.006636264331259686,0.008390055506159759,1.542318446482884,0.6184738955823293,0.828
2023-05-12,VOO,transformer,-0.0013477883338602861,-0.0024433969520032406,-0.014009252190589905,0.00799633376300335,540.7478277413247,476.671827222928,540.7478277413247,476.671827222928,157.53791975503697,1432.9168500021083,0.006636264331259686,0.008390055506159759,1.542318446482884,0.6184738955823293,0.828
2023-05-15,VOO,transformer,0.0034582407557740592,0.0009517127182334661,-0.011883491650223732,0.012447597458958626,542.6211011661286,477.1256781936766,542.6211011661286,477.1256781936766,155.6768985109825,1450.864762974865,0.006636264331259686,0.008390055506159759,1.542318446482884,0.6184738955823293,0.828
2023-05-16,VOO,transformer,-0.0066365818759520755,7.040950731607154e-05,-0.014555200934410095,0.012374019250273705,539.0318750707589,477.15929298123285,539.0318750707589,477.15929298123285,153.4274023207134,1468.929383592931,0.006636264331259686,0.008390055506159759,1.542318446482884,0.6184738955823293,0.828
2023-05-17,VOO,transformer,0.011867227496494189,-3.627577825682238e-05,-0.012484597973525524,0.01246208418160677,545.4667957744787,477.1419724669458,545.4667957744787,477.1419724669458,151.52382779857172,1487.3499079013352,0.006636264331259686,0.008390055506159759,1.542318446482884,0.6184738955823293,0.828
2023-05-18,VOO,transformer,0.009730925943118607,-0.0023344724904745817,-0.013289416208863258,0.010122507810592651,550.8006021173297,476.0294044483361,550.8006021173297,476.0294044483361,149.5234897522511,1502.4820821416668,0.006636264331259686,0.008390055506159759,1.542318446482884,0.6184738955823293,0.828
2023-05-19,VOO,transformer,-0.001584892443642413,-0.0015882095322012901,-0.014931395649909973,0.011864081025123596,549.9283338133886,475.27395831868995,549.9283338133886,475.27395831868995,147.30748337592868,1520.413841038458,0.006636264331259686,0.008390055506159759,1.542318446482884,0.6184738955823293,0.828
2023-05-22,VOO,transformer,0.0005458931789874768,-0.0002697653544601053,-0.013272391632199287,0.014676215127110481,550.2286178938078,475.1457716957489,550.2286178938078,475.1457716957489,145.3652745347714,1542.892331507846,0.006636264331259686,0.008390055506159759,1.542318446482884,0.6184738955823293,0.828
2023-05-23,VOO,transformer,-0.011238096839023479,-0.0017359261400997639,-0.013252228498458862,0.012294622138142586,544.0797111216485,474.32166197393485,544.0797111216485,474.32166197393485,143.45156711029642,1561.9786304662548,0.006636264331259686,0.008390055506159759,1.542318446482884,0.6184738955823293,0.828
2023-05-24,VOO,transformer,-0.007518749179211798,0.0011403851676732302,-0.011899838224053383,0.014487076550722122,540.0042526147063,474.86289681866884,540.0042526147063,474.86289681866884,141.75463310387897,1584.7718479028074,0.006636264331259686,0.008390055506159759,1.542318446482884,0.6184738955823293,0.828
2023-05-25,VOO,transformer,0.008674521378522619,0.00037095576408319175,-0.013199236243963242,0.013587506487965584,544.7089068594023,475.03906112803935,544.7089068594023,475.03906112803935,139.89587754567697,1606.4518748776798,0.006636264331259686,0.008390055506159759,1.542318446482884,0.6184738955823293,0.828
2023-05-26,VOO,transformer,0.012911097943716665,-0.0017423591343685985,-0.011725686490535736,0.009233497083187103,551.7872934497346,474.2121068336376,551.7872934497346,474.2121068336376,138.26507800498598,1621.3537576028716,0.006636264331259686,0.008390055506159759,1.542318446482884,0.6184738955823293,0.828
2023-05-30,VOO,transformer,0.0003109245729314662,-0.000845575996208936,-0.015382375568151474,0.016153376549482346,551.9588843528313,473.8113056712218,551.9588843528313,473.8113056712218,136.15450446215272,1647.7568306821406,0.006636264331259686,0.008390055506159759,1.542318446482884,0.6184738955823293,0.828
2023-05-31,VOO,transformer,-0.0054553457180212695,-0.00038343892083503306,-0.015222867950797081,0.014274902641773224,548.9559562694413,473.6296572786591,548.9559562694413,473.6296572786591,134.0975404721504,1671.4470201109968,0.006636264331259686,0.008390055506159759,1.542318446482884,0.6184738955823293,0.828
2023-06-01,VOO,transformer,0.009540405162844698,0.00025307602481916547,-0.01225067488849163,0.010334482416510582,554.2182809492017,473.74952409832724,554.2182809492017,473.74952409832724,132.4647798655891,1688.8100396703196,0.006636264331259686,0.008390055506159759,1.542318446482884,0.6184738955823293,0.828
2023-06-02,VOO,transformer,0.014574499025785254,-0.0029208653140813112,-0.015007971785962582,0.009399068541824818,562.3548841746285,472.3677983273066,562.3548841746285,472.3677983273066,130.49159563372552,1704.7581522668986,0.006636264331259686,0.008390055506159759,1.542318446482884,0.6184738955823293,0.828
2023-06-05,VOO,transformer,-0.0019344583414374664,-0.0010300514986738563,-0.013884895481169224,0.010123581625521183,561.2680836022175,471.88147157437527,561.2680836022175,471.88147157437527,128.69225504385017,1722.1040489077463,0.006636264331259686,0.008390055506159759,1.542318446482884,0.6184738955823293,0.828
2023-06-06,VOO,transformer,0.0020615615682845357,1.6340236470568925e-05,-0.013004644773900509,0.01140619907528162,562.4263658377191,471.88917818810734,562.4263658377191,471.88917818810734,127.02949458147069,1741.8591826112633,0.006636264331259686,0.008390055506159759,1.542318446482884,0.6184738955823293,0.828
2023-06-07,VOO,transformer,-0.0032852679185364202,-0.0009036530391313136,-0.013156382367014885,0.011739270761609077,560.5816763502318,471.4629448603453,560.5816763502318,471.4629448603453,125.36919041474755,1762.4277445458229,0.006636264331259686,0.008390055506159759,1.542318446482884,0.6184738955823293,0.828
2023-06-08,VOO,transformer,0.005976711673167112,0.0010285736061632633,-0.009833079762756824,0.012068667449057102,563.9421436678718,471.94814331078896,563.9421436678718,471.94814331078896,124.14246826930601,1783.8268316250171,0.006636264331259686,0.008390055506159759,1.542318446482884,0.6184738955823293,0.828
2023-06-09,VOO,transformer,0.0016721657486721323,-0.0009780148975551128,-0.010657180100679398,0.01142965815961361,564.8859372745027,471.4868063672641,564.8859372745027,471.4868063672641,122.82648773375354,1804.3323359407234,0.006636264331259686,0.008390055506159759,1.542318446482884,0.6184738955823293,0.828
2023-06-12,VOO,transformer,0.009147224186615944,-0.0006548828096129,-0.012754734605550766,0.012448713183403015,570.0767802911724,471.178125172414,570.0767802911724,471.178125172414,121.2698173012558,1826.9343268622983,0.006636264331259686,0.008390055506159759,1.542318446482884,0.6184738955823293,0.828
2023-06-13,VOO,transformer,0.006575446762146396,-0.00023564165167044848,-0.012340934947133064,0.012060597538948059,573.8376409292378,471.0671075203312,573.8376409292378,471.0671075203312,119.7824325417493,1849.1016141554169,0.006636264331259686,0.008390055506159759,1.542318446482884,0.6184738955823293,0.828
2023-06-14,VOO,transformer,0.0007722043327037283,-0.0007162110414355993,-0.011919491924345493,0.011883034370839596,574.2809319754372,470.72983713557045,574.2809319754372,470.72983713557045,118.36316071604581,1871.2056822633392,0.006636264331259686,0.008390055506159759,1.542318446482884,0.6184738955823293,0.828
2023-06-15,VOO,transformer,0.012742162523630755,0.0008660450694151223,-0.012513844296336174,0.013729697093367577,581.64533249733,471.13768364077146,581.64533249733,471.13768364077146,116.89121379179836,1897.0738727134153,0.006636264331259686,0.008390055506159759,1.542318446482884,0.6184738955823293,0.828
2023-06-16,VOO,transformer,-0.0036945854833616756,-0.0012453586095944047,-0.012577204033732414,0.011529382318258286,579.5003589294234,470.55130351834214,579.5003589294234,470.55130351834214,115.4302561615939,1919.072500014655,0.006636264331259686,0.008390055506159759,1.542318446482884,0.6184738955823293,0.828
2023-06-20,VOO,transformer,-0.004625102802039065,-5.584890823229216e-05,-0.01206712145358324,0.012617877684533596,576.8262988637691,470.5250234387749,576.8262988637691,470.5250234387749,114.04571637686833,1943.440529309153,0.006636264331259686,0.008390055506159759,1.542318446482884,0.6184738955823293,0.828
2023-06-21,VOO,transformer,-0.0054937467233556105,0.00047041280777193606,-0.012177277356386185,0.013421904295682907,573.6660500261411,470.7464144332656,573.6660500261411,470.7464144332656,112.6653710764967,1969.7010225873216,0.006636264331259686,0.008390055506159759,1.542318446482884,0.6184738955823293,0.828
2023-06-22,VOO,transformer,0.0036327271147275197,-0.0006278855144046247,-0.011707491241395473,0.010672067292034626,575.7538120798157,470.45092854988684,575.7538120798157,470.45092854988684,111.35403207534229,1990.8343263650077,0.006636264331259686,0.008390055506159759,1.542318446482884,0.6184738955823293,0.828
2023-06-23,VOO,transformer,-0.007529003375650551,-0.0005669448873959482,-0.0135528314858675,0.012387018650770187,571.4352373670871,470.1842861057781,571.4352373670871,470.1842861057781,109.85504968314709,2015.6481779393594,0.006636264331259686,0.008390055506159759,1.542318446482884,0.6184738955823293,0.828
2023-06-26,VOO,transformer,-0.004137558580120076,0.00097673200070858,-0.011304616928100586,0.014227520674467087,569.0757751703097,470.6437306993518,569.0757751703097,470.6437306993518,108.6201735553173,2044.5307937779664,0.006636264331259686,0.008390055506159759,1.542318446482884,0.6184738955823293,0.828
2023-06-27,VOO,transformer,0.011020574937964945,-0.0004919667262583971,-0.011490301229059696,0.010856757871806622,575.382002696707,470.4122410370782,575.382002696707,470.4122410370782,107.3792378776879,2066.8486372456136,0.006636264331259686,0.008390055506159759,1.542318446482884,0.6184738955823293,0.828
2023-06-28,VOO,transformer,0.0004472312344155644,-0.0018704700050875545,-0.013419714756309986,0.00935691874474287,575.6393890513519,469.5331700052101,575.6393890513519,469.5331700052101,105.94786808795615,2086.2787600422907,0.006636264331259686,0.008390055506159759,1.542318446482884,0.6184738955823293,0.828
2023-06-29,VOO,transformer,-9.931688941898927e-05,0.000413892645156011,-0.011011568829417229,0.0121082104742527,575.582221176719,469.7275632465474,575.582221176719,469.7275632465474,104.78761588617249,2111.693304854875,0.006636264331259686,0.008390055506159759,1.542318446482884,0.6184738955823293,0.828
2023-06-30,VOO,transformer,0.01178094106456257,0.0005250086542218924,-0.011426534503698349,0.010883763432502747,582.4032214124062,469.97422513801985,582.4032214124062,469.97422513801985,103.5970735092652,2134.8019328893556,0.006636264331259686,0.008390055506159759,1.542318446482884,0.6184738955823293,0.828
2023-07-03,VOO,transformer,0.0019133098357712473,-0.0005458772066049278,-0.013243474066257477,0.012343078851699829,583.5186059221336,469.7177413444415,583.5186059221336,469.7177413444415,102.23413221714266,2161.315279296079,0.006636264331259686,0.008390055506159759,1.542318446482884,0.6184738955823293,0.828
2023-07-05,VOO,transformer,-0.002232563510331112,0.00036064907908439636,-0.012703866697847843,0.014836751855909824,582.2173167208517,469.8871813618208,582.2173167208517,469.8871813618208,100.94358078358705,2193.6213544208645,0.006636264331259686,0.008390055506159759,1.542318446482884,0.6184738955823293,0.828
2023-07-06,VOO,transformer,-0.008187688849159384,-0.0010639696847647429,-0.012542346492409706,0.010917557403445244,577.4697647503815,469.3875002941946,577.4697647503815,469.3875002941946,99.68541530101727,2217.7015858992986,0.006636264331259686,0.008390055506159759,1.542318446482884,0.6184738955823293,0.828
2023-07-07,VOO,transformer,-0.0023303558800743993,0.0015465514734387398,-0.012398138642311096,0.013641523197293282,576.1256214629244,470.1139686088803,576.1256214629244,470.1139686088803,98.45713234740585,2248.161576832545,0.006636264331259686,0.008390055506159759,1.542318446482884,0.6184738955823293,0.828
2023-07-10,VOO,transformer,0.0026770126068767406,4.2156327253906056e-05,-0.012621987611055374,0.011837748810648918,577.6699832303937,470.1338074599612,577.6699832303937,470.1338074599612,97.22221751904594,2274.9328070811102,0.006636264331259686,0.008390055506159759,1.542318446482884,0.6184738955823293,0.828
2023-07-11,VOO,transformer,0.006390892766865636,0.0002453477354720235,-0.012582747265696526,0.01167275570333004,581.3736323542271,470.2491466647199,581.3736323542271,470.2491466647199,96.00655849591821,2301.6431602213493,0.006636264331259686,0.008390055506159759,1.542318446482884,0.6184738955823293,0.828
2023-07-12,VOO,transformer,0.00784013271694237,-0.0003547290980350226,-0.011126121506094933,0.009645208716392517,585.9495934216008,470.08237391632974,585.9495934216008,470.08237391632974,94.94429682746525,2323.9503046926557,0.006636264331259686,0.008390055506159759,1.542318446482884,0.6184738955823293,0.828
2023-07-13,VOO,transformer,0.008118062893866417,-0.001187895773909986,-0.013189299032092094,0.011022672057151794,590.7257293293875,469.5242896236995,590.7257293293875,469.5242896236995,93.70026921652604,2349.7080470414585,0.006636264331259686,0.008390055506159759,1.542318446482884,0.6184738955823293,0.828
2023-07-14,VOO,transformer,-0.0007991986858962546,-0.000716124486643821,-0.013203301467001438,0.012139036320149899,590.2538107062727,469.18817982345723,590.2538107062727,469.18817982345723,92.47124602557949,2378.4050119514172,0.006636264331259686,0.008390055506159759,1.542318446482884,0.6184738955823293,0.828
2023-07-17,VOO,transformer,0.003482560474993605,-0.0010046373354271054,-0.01508856937289238,0.011941591277718544,592.3129888226309,468.71704007861007,592.3129888226309,468.71704007861007,91.0864605083369,2406.9772597754177,0.006636264331259686,0.008390055506159759,1.542318446482884,0.6184738955823293,0.828
2023-07-18,VOO,transformer,0.007552141954472126,-0.00020233560644555837,-0.012110804207623005,0.011073439382016659,596.8031544384561,468.62221948179433,596.8031544384561,468.62221948179433,89.98998409864748,2433.778908499955,0.006636264331259686,0.008390055506159759,1.542318446482884,0.6184738955823293,0.828
2023-07-19,VOO,transformer,0.0021541269457344744,-0.0014118240214884281,-0.014177209697663784,0.012258191592991352,598.0901298512803,467.9610675996743,598.0901298512803,467.9610675996743,88.7231783017571,2463.796240747596,0.006636264331259686,0.008390055506159759,1.542318446482884,0.6184738955823293,0.828
2023-07-20,VOO,transformer,-0.006548618392445592,-0.0006342455744743347,-0.012978533282876015,0.010403865948319435,594.1862622474347,467.6643455549009,594.1862622474347,467.6643455549009,87.57912041847854,2489.5631909019944,0.006636264331259686,0.008390055506159759,1.542318446482884,0.6184738955823293,0.828
2023-07-21,VOO,transformer,0.00012036797657942233,0.0004647008317988366,-0.012455043382942677,0.014136836864054203,594.2577875501244,467.88171454905563,594.2577875501244,467.88171454905563,86.4950837081147,2525.007810730769,0.006636264331259686,0.008390055506159759,1.542318446482884,0.6184738955823293,0.828
2023-07-24,VOO,transformer,0.004226154113181973,-0.0010283398441970348,-0.0143082644790411,0.010853365063667297,596.7745268615408,467.4008151980737,596.7745268615408,467.4008151980737,85.26629913316933,2552.561752337564,0.006636264331259686,0.008390055506159759,1.542318446482884,0.6184738955823293,0.828
2023-07-25,VOO,transformer,0.002942999431659847,-0.0013908562250435352,-0.013838634826242924,0.009802081622183323,598.5334208974799,466.75119298370936,598.5334208974799,466.75119298370936,84.09445531101012,2577.7051584420874,0.006636264331259686,0.008390055506159759,1.542318446482884,0.6184738955823293,0.828
2023-07-26,VOO,transformer,0.00023890041768104956,-0.0012569996761158109,-0.015211774967610836,0.010516361333429813,598.6764278632602,466.1648473025591,598.6764278632602,466.1648473025591,82.82490953886457,2604.956238307319,0.006636264331259686,0.008390055506159759,1.542318446482884,0.6184738955823293,0.828
2023-07-27,VOO,transformer,-0.006806651484431077,-0.002628630492836237,-0.014565900899469852,0.008662561886012554,594.6152831447756,464.94108655645283,594.6152831447756,464.94108655645283,81.62723440886883,2627.619702398637,0.006636264331259686,0.008390055506159759,1.542318446482884,0.6184738955823293,0.828
2023-07-28,VOO,transformer,0.009692635997006543,-0.0005587423220276833,-0.012279395945370197,0.012791850604116917,600.4066943222838,464.681363616532,600.4066943222838,464.681363616532,80.631032014255,2661.4476974319655,0.006636264331259686,0.008390055506159759,1.542318446482884,0.6184738955823293,0.828
2023-07-31,VOO,transformer,0.0019273043152345673,-0.0010135439224541187,-0.013405407778918743,0.010801644064486027,601.5649765577855,464.2106225557966,601.5649765577855,464.2106225557966,79.55735115402499,2690.3515642155185,0.006636264331259686,0.008390055506159759,1.542318446482884,0.6184738955823293,0.828
2023-08-01,VOO,transformer,-0.003094990439869106,-0.0019559762440621853,-0.0132543770596385,0.01155069563537836,599.7060169214393,463.30351847786915,599.7060169214393,463.30351847786915,78.50982711312757,2721.607155374646,0.006636264331259686,0.008390055506159759,1.542318446482884,0.6184738955823293,0.828
2023-08-02,VOO,transformer,-0.013950637377404092,-0.0003450943622738123,-0.014981595799326897,0.01356285996735096,591.3978227929158,463.14365500180327,591.3978227929158,463.14365500180327,77.34239160840053,2758.7715309231294,0.006636264331259686,0.008390055506159759,1.542318446482884,0.6184738955823293,0.828
2023-08-03,VOO,transformer,-0.0028330670813112363,0.0003373678482603282,-0.01600947231054306,0.01569674164056778,589.7247242085251,463.29995741661514,589.7247242085251,463.29995741661514,76.11403856708498,2802.417013723542,0.006636264331259686,0.008390055506159759,1.542318446482884,0.6184738955823293,0.828
2023-08-04,VOO,transformer,-0.004910165718942784,-0.0009890858782455325,-0.012697014957666397,0.010565884411334991,586.8361755139999,462.84193785641446,586.8361755139999,462.84193785641446,75.15372649864352,2832.184021929648,0.006636264331259686,0.008390055506159759,1.542318446482884,0.6184738955823293,0.828
2023-08-07,VOO,transformer,0.008975587820733183,0.0011013294570147991,-0.011115849018096924,0.011639472097158432,592.1270841310767,463.351976097985,592.1270841310767,463.351976097985,74.32295635677741,2865.3416042853487,0.006636264331259686,0.008390055506159759,1.542318446482884,0.6184738955823293,0.828
2023-08-08,VOO,transformer,-0.00433215348422259,-0.0021311899181455374,-0.01423555240035057,0.010571591556072235,589.5674470938861,462.36554649427177,589.5674470938861,462.36554649427177,73.27242328899057,2895.7933871513073,0.006636264331259686,0.008390055506159759,1.542318446482884,0.6184738955823293,0.828
2023-08-09,VOO,transformer,-0.006668039804733387,0.0003913097898475826,-0.011358605697751045,0.012987244874238968,585.6492657015829,462.54649976913464,585.6492657015829,462.54649976913464,72.44485780111795,2933.6468932238377,0.006636264331259686,0.008390055506159759,1.542318446482884,0.6184738955823293,0.828
2023-08-10,VOO,transformer,0.0005858880559762911,-0.0012562611373141408,-0.012521677650511265,0.009556100703775883,585.9924911473752,461.96579454815895,585.9924911473752,461.96579454815895,71.5433828175282,2961.8156259037414,0.006636264331259686,0.008390055506159759,1.542318446482884,0.6184738955823293,0.828
2023-08-11,VOO,transformer,-0.0009277463486481152,-0.00108822388574481,-0.015448912046849728,0.013961094431579113,585.4490908611697,461.463357799826,585.4490908611697,461.463357799826,70.44660877743104,3003.4556364801037,0.006636264331259686,0.008390055506159759,1.542318446482884,0.6184738955823293,0.828
2023-08-14,VOO,transformer,0.005626401760267236,-0.0002032542397500947,-0.01322629489004612,0.014279784634709358,588.7523466645779,461.36956452386784,588.7523466645779,461.36956452386784,69.5209975203376,3046.65206575352,0.006636264331259686,0.008390055506159759,1.542318446482884,0.6184738955823293,0.828
2023-08-15,VOO,transformer,-0.01153032418065033,-0.0002674749121069908,-0.012156164273619652,0.012023935094475746,582.0028280919812,461.2461730603486,582.0028280919812,461.2461730603486,68.68100473194275,3083.505966313447,0.006636264331259686,0.008390055506159759,1.542318446482884,0.6184738955823293,0.828
2023-08-16,VOO,transformer,-0.007423084435977787,0.00021060049766674638,-0.011900455690920353,0.011862804181873798,577.6985671677104,461.34333125248224,577.6985671677104,461.34333125248224,67.8685144443907,3120.302818038764,0.006636264331259686,0.008390055506159759,1.542318446482884,0.6184738955823293,0.828
2023-08-17,VOO,transformer,-0.008127168910981327,-0.0003917253343388438,-0.011811930686235428,0.010494042187929153,573.0225404999297,461.16264054493814,573.0225404999297,461.16264054493814,67.07157026982493,3153.219849992042,0.006636264331259686,0.008390055506159759,1.542318446482884,0.6184738955823293,0.828
2023-08-18,VOO,transformer,0.0009228998006405989,0.0002571383083704859,-0.01087474450469017,0.011731758713722229,573.5516269976774,461.2812213411388,573.5516269976774,461.2812213411388,66.34613763132327,3190.4306354537375,0.006636264331259686,0.008390055506159759,1.542318446482884,0.6184738955823293,0.828
2023-08-21,VOO,transformer,0.0065852503440992855,-0.00126936798915267,-0.01363692432641983,0.01209694892168045,577.3410715730593,460.69605582656214,577.3410715730593,460.69605582656214,65.44752028760374,3229.259560928069,0.006636264331259686,0.008390055506159759,1.542318446482884,0.6184738955823293,0.828
2023-08-22,VOO,transformer,-0.002802767177418491,-0.0008942630374804139,-0.0156863946467638,0.01165207289159298,575.7251845029004,460.2842438340819,575.7251845029004,460.2842438340819,64.42889348176065,3267.107065900551,0.006636264331259686,0.008390055506159759,1.542318446482884,0.6184738955823293,0.828
2023-08-23,VOO,transformer,0.01072204270648348,-0.0008666113135404885,-0.014503197744488716,0.010727809742093086,581.9313464288905,459.885529833163,581.9313464288905,459.885529833163,63.501213078068616,3302.3447094874746,0.006636264331259686,0.008390055506159759,1.542318446482884,0.6184738955823293,0.828
2023-08-24,VOO,transformer,-0.01338318166363345,-0.002778300317004323,-0.01670951582491398,0.010874481871724129,574.195136523889,458.60961541702005,574.195136523889,458.60961541702005,62.448954333361876,3338.452137174427,0.006636264331259686,0.008390055506159759,1.542318446482884,0.6184738955823293,0.828
2023-08-25,VOO,transformer,0.006602659064185975,-0.000982065568678081,-0.010958011262118816,0.010009235702455044,577.9988948877285,458.1594583023541,577.9988948877285,458.1594583023541,61.76837483439934,3372.035215987439,0.006636264331259686,0.008390055506159759,1.542318446482884,0.6184738955823293,0.828
2023-08-28,VOO,transformer,0.006559274750180239,-0.0018754653865471482,-0.013318553566932678,0.009384416043758392,581.802609611969,457.3009904414651,581.802609611969,457.3009904414651,60.9511629169473,3403.828855806834,0.006636264331259686,0.008390055506159759,1.542318446482884,0.6184738955823293,0.828
2023-08-29,VOO,transformer,0.014106467712175738,-0.001724583562463522,-0.016029179096221924,0.011110381223261356,590.0679496543173,456.51301022277613,590.0679496543173,456.51301022277613,59.98195490328483,3441.85743460873,0.006636264331259686,0.008390055506159759,1.542318446482884,0.6184738955823293,0.828
2023-08-30,VOO,transformer,0.004159548205592832,-0.0013967599952593446,-0.013245447538793087,0.009673514403402805,592.5274774515019,455.875826725801,592.5274774515019,455.875826725801,59.1927073644423,3475.3138193957448,0.006636264331259686,0.008390055506159759,1.542318446482884,0.6184738955823293,0.828
2023-08-31,VOO,transformer,-0.001279896810188451,-0.0013869648100808263,-0.012174648232758045,0.009266248904168606,591.7695885364255,455.24398884525783,591.7695885364255,455.24398884525783,58.47642731751947,3507.6665299746933,0.006636264331259686,0.008390055506159759,1.542318446482884,0.6184738955823293,0.828
2023-09-01,VOO,transformer,0.0021242311464940637,0.0002225917560281232,-0.011677565053105354,0.012703759595751762,593.0279800119333,455.34530965166266,593.0279800119333,455.34530965166266,57.79753508891302,3552.511480691212,0.006636264331259686,0.008390055506159759,1.542318446482884,0.6184738955823293,0.828
2023-09-05,VOO,transformer,-0.004374042064270617,0.00018464714230503887,-0.011851200833916664,0.01143343560397625,590.4397153978273,455.42939152611075,590.4397153978273,455.42939152611075,57.11660641796611,3593.361978168142,0.006636264331259686,0.008390055506159759,1.542318446482884,0.6184738955823293,0.828
2023-09-06,VOO,transformer,-0.006926344397173834,0.0005559998098760843,-0.01082565262913704,0.012447381392121315,586.364256890885,455.68266097337414,586.364256890885,455.68266097337414,56.50161586373032,3638.3695586492117,0.006636264331259686,0.008390055506159759,1.542318446482884,0.6184738955823293,0.828
2023-09-07,VOO,transformer,-0.0029796848416016298,0.0002841179957613349,-0.01017227116972208,0.011312191374599934,584.6196766434037,455.8121636827343,584.6196766434037,455.8121636827343,55.92978053248026,3679.76103667763,0.006636264331259686,0.008390055506159759,1.542318446482884,0.6184738955823293,0.828
2023-09-08,VOO,transformer,0.001368893849546581,-0.0012647105613723397,-0.012795108370482922,0.009232386015355587,585.4205069238532,455.23605517159086,585.4205069238532,455.23605517159086,55.2187110524308,3713.8911101604654,0.006636264331259686,0.008390055506159759,1.542318446482884,0.6184738955823293,0.828
2023-09-11,VOO,transformer,0.006549189951319999,-0.0025189786683768034,-0.015132025815546513,0.010050700046122074,589.267119373868,454.0907755604395,589.267119373868,454.0907755604395,54.38943062389053,3751.406306616249,0.006636264331259686,0.008390055506159759,1.542318446482884,0.6184738955823293,0.828
2023-09-12,VOO,transformer,-0.005377448335848652,-0.0026561475824564695,-0.014866802841424942,0.010444315150380135,586.10687053624,452.8862338846608,586.10687053624,452.8862338846608,53.58681350049937,3790.792323490122,0.006636264331259686,0.008390055506159759,1.542318446482884,0.6184738955823293,0.828
2023-09-13,VOO,transformer,0.0011704446134272546,-0.0013828033115714788,-0.014812426641583443,0.01131354458630085,586.7932777882257,452.2604021348412,586.7932777882257,452.2604021348412,52.79891191096847,3833.9232437242285,0.006636264331259686,0.008390055506159759,1.542318446482884,0.6184738955823293,0.828
2023-09-14,VOO,transformer,0.008613915058686568,-0.0009411942446604371,-0.012730696238577366,0.009934059344232082,591.8696977764317,451.8349426350711,591.8696977764317,451.8349426350711,52.13100499049438,3872.199368179611,0.006636264331259686,0.008390055506159759,1.542318446482884,0.6184738955823293,0.828
2023-09-15,VOO,transformer,-0.012545150819965456,-0.001969220582395792,-0.014881164766848087,0.01085320021957159,584.4909834660813,450.9460428249588,584.4909834660813,450.9460428249588,51.36097871600853,3914.453966077593,0.006636264331259686,0.008390055506159759,1.542318446482884,0.6184738955823293,0.828
2023-09-18,VOO,transformer,0.0011003686292655572,-9.719980153022334e-05,-0.01251942291855812,0.01164192147552967,585.1344929922928,450.9022040262065,585.1344929922928,450.9022040262065,50.72197640422153,3960.2919421861207,0.006636264331259686,0.008390055506159759,1.542318446482884,0.6184738955823293,0.828
2023-09-19,VOO,transformer,-0.002005987576795112,-0.0002627773501444608,-0.013229605741798878,0.013106522150337696,583.9618969683335,450.7837352102035,583.9618969683335,450.7837352102035,50.05536452622744,4012.5391742596416,0.006636264331259686,0.008390055506159759,1.542318446482884,0.6184738955823293,0.828
2023-09-20,VOO,transformer,-0.009398306161335006,-0.0004290660726837814,-0.012372191064059734,0.010595173574984074,578.4993538085611,450.59036042488106,578.4993538085611,450.59036042488106,49.439885697150885,4055.2786118110535,0.006636264331259686,0.008390055506159759,1.542318446482884,0.6184738955823293,0.828
2023-09-21,VOO,transformer,-0.016524294279600348,-0.0007856502197682858,-0.01359716709703207,0.010420345701277256,569.0186072956772,450.2364889250471,569.0186072956772,450.2364889250471,48.77219209045388,4097.756848526993,0.006636264331259686,0.008390055506159759,1.542318446482884,0.6184738955823293,0.828
2023-09-22,VOO,transformer,-0.0024155153823138364,0.0018290472216904163,-0.011166324838995934,0.01657154969871044,567.6457927917057,451.06073554146093,567.6457927917057,451.06073554146093,48.230614641485744,4166.2285875161115,0.006636264331259686,0.008390055506159759,1.542318446482884,0.6184738955823293,0.828
2023-09-25,VOO,transformer,0.004147960104940573,-0.000771362625528127,-0.013309869915246964,0.013668075203895569,570.0052549884831,450.7129471077325,570.0052549884831,450.7129471077325,47.592924834570326,4223.563717114326,0.006636264331259686,0.008390055506159759,1.542318446482884,0.6184738955823293,0.828
2023-09-26,VOO,transformer,-0.014784695357337773,-0.0006745129358023405,-0.011893192306160927,0.011268071830272675,561.6398929853267,450.40902805640536,561.6398929853267,450.40902805640536,47.030245101549575,4271.424282278589,0.006636264331259686,0.008390055506159759,1.542318446482884,0.6184738955823293,0.828
2023-09-27,VOO,transformer,0.00022911199314274575,0.0002602965396363288,-0.011847743764519691,0.014329683035612106,561.7685861626493,450.52629343789357,561.7685861626493,450.52629343789357,46.47633142470229,4333.072842955135,0.006636264331259686,0.008390055506159759,1.542318446482884,0.6184738955823293,0.828
2023-09-28,VOO,transformer,0.002008948085226449,-0.0017155776731669903,-0.015476975589990616,0.012318713590502739,562.8982844608345,449.7540416443489,562.8982844608345,449.7540416443489,45.76255757621514,4386.780869593059,0.006636264331259686,0.008390055506159759,1.542318446482884,0.6184738955823293,0.828
2023-09-29,VOO,transformer,-0.0023908305747203404,-0.0011062733829021454,-0.013390814885497093,0.010828476399183273,561.5540975337784,449.25676381991707,561.5540975337784,449.25676381991707,45.1538445670734,4434.54091631822,0.006636264331259686,0.008390055506159759,1.542318446482884,0.6184738955823293,0.828
2023-10-02,VOO,transformer,-7.639400112631619e-05,-0.001219470053911209,-0.014907976612448692,0.011027436703443527,561.5111998080042,448.7092383514588,561.5111998080042,448.7092383514588,44.48568554126262,4483.7132810792355,0.006636264331259686,0.008390055506159759,1.542318446482884,0.6184738955823293,0.828
2023-10-03,VOO,transformer,-0.01353762332789163,-0.002536248182877898,-0.01356527954339981,0.008183350786566734,553.9608945945571,447.57264950964964,553.9608945945571,447.57264950964964,43.88629922458839,4520.555850520019,0.006636264331259686,0.008390055506159759,1.542318446482884,0.6184738955823293,0.828
2023-10-04,VOO,transformer,0.007329934103122973,0.0007942409720271826,-0.011981671676039696,0.01485149934887886,558.0363094619005,447.9282593687564,558.0363094619005,447.9282593687564,43.36360461834042,4588.193833659333,0.006636264331259686,0.008390055506159759,1.542318446482884,0.6184738955823293,0.828
2023-10-05,VOO,transformer,-0.0008459567891473427,-0.0021393008064478636,-0.013829374685883522,0.011217845603823662,557.5644344783846,446.9710342914165,557.5644344783846,446.9710342914165,42.76804185394836,4639.953310185933,0.006636264331259686,0.008390055506159759,1.542318446482884,0.6184738955823293,0.828
2023-10-06,VOO,transformer,0.01185526113451347,-0.0018252022564411163,-0.016078295186161995,0.011459767818450928,564.2138438109752,446.1559627191657,564.2138438109752,446.1559627191657,42.08590330034198,4693.431699668672,0.006636264331259686,0.008390055506159759,1.542318446482884,0.6184738955823293,0.828
2023-10-09,VOO,transformer,0.006643547978840028,-0.001859744661487639,-0.015026802197098732,0.010494807735085487,567.9747044490406,445.3270067308848,567.9747044490406,445.3270067308848,41.45821507235937,4742.947507943499,0.006636264331259686,0.008390055506159759,1.542318446482884,0.6184738955823293,0.828
2023-10-10,VOO,transformer,0.005147953590696413,-0.0020810908172279596,-0.017091045156121254,0.014779163524508476,570.9061508693401,444.4011939698304,570.9061508693401,444.4011939698304,40.75567083749156,4813.564696742835,0.006636264331259686,0.008390055506159759,1.542318446482884,0.6184738955823293,0.828
2023-10-11,VOO,transformer,0.004224114851628209,-0.0011300696060061455,-0.014060471206903458,0.012011758983135223,573.3228245803494,443.89926574618863,573.3228245803494,443.89926574618863,40.186636492620025,4871.732995143335,0.006636264331259686,0.008390055506159759,1.542318446482884,0.6184738955823293,0.828
2023-10-12,VOO,transformer,-0.0060291726006420215,-0.0024316413328051567,-0.013669868931174278,0.008619032800197601,569.8765618111611,442.8211629559903,569.8765618111611,442.8211629559903,39.64102794626991,4913.903998927197,0.006636264331259686,0.008390055506159759,1.542318446482884,0.6184738955823293,0.828
2023-10-13,VOO,transformer,-0.00528336846649033,0.0004470344865694642,-0.011045677587389946,0.013732986524701118,566.8736337277711,443.0191722302642,566.8736337277711,443.0191722302642,39.20557531298523,4981.851898549585,0.006636264331259686,0.008390055506159759,1.542318446482884,0.6184738955823293,0.828
2023-10-16,VOO,transformer,0.010414261901147042,-0.002085125772282481,-0.015296791680157185,0.010828555561602116,572.8080518710595,442.0963881406537,572.8080518710595,442.0963881406537,38.61041864643295,5036.091235266062,0.006636264331259686,0.008390055506159759,1.542318446482884,0.6184738955823293,0.828
2023-10-17,VOO,transformer,2.4912308864553004e-05,-0.001547016785480082,-0.013972464948892593,0.010563716292381287,572.8223220199183,441.4129750030731,572.8223220199183,441.4129750030731,38.07468728633813,5089.573313304954,0.006636264331259686,0.008390055506159759,1.542318446482884,0.6184738955823293,0.828
2023-10-18,VOO,transformer,-0.013470888383031067,-0.0022556427866220474,-0.016665436327457428,0.010445359162986279,565.1576374176063,440.4184207297007,565.1576374176063,440.4184207297007,37.445413423808276,5143.014206836899,0.006636264331259686,0.008390055506159759,1.542318446482884,0.6184738955823293,0.828
2023-10-19,VOO,transformer,-0.008512435294478295,0.0011288647074252367,-0.011872952803969383,0.013158673420548439,560.3671877213619,440.91587686740723,560.3671877213619,440.91587686740723,37.0034552091711,5211.136426226583,0.006636264331259686,0.008390055506159759,1.542318446482884,0.6184738955823293,0.828
2023-10-20,VOO,transformer,-0.0125313120070242,-0.0005355013418011367,-0.013653017580509186,0.013082042336463928,553.3888667314368,440.67982421087453,553.3888667314368,440.67982421087453,36.501679642208614,5279.756552566664,0.006636264331259686,0.008390055506159759,1.542318446482884,0.6184738955823293,0.828
2023-10-23,VOO,transformer,-0.0017586780338304999,0.00022628213628195226,-0.014321977272629738,0.012267027050256729,552.4164891874896,440.7795320892677,552.4164891874896,440.7795320892677,35.98263013409942,5344.922329079656,0.006636264331259686,0.008390055506159759,1.542318446482884,0.6184738955823293,0.828
2023-10-24,VOO,transformer,0.0074532320422759715,-0.001358036883175373,-0.011858997866511345,0.010742081329226494,556.5491592086637,440.18133336749287,556.5491592086637,440.18133336749287,35.55843219305229,5402.64751164244,0.006636264331259686,0.008390055506159759,1.542318446482884,0.6184738955823293,0.828
2023-10-25,VOO,transformer,-0.014206345004562006,-0.0019388583023101091,-0.014168543741106987,0.010747717693448067,548.6985262751984,439.32871438765477,548.6985262751984,439.32871438765477,35.05817258944328,5461.02704060515,0.006636264331259686,0.008390055506159759,1.542318446482884,0.6184738955823293,0.828
2023-10-26,VOO,transformer,-0.01235083158927852,-0.0009729359881021082,-0.01365666463971138,0.013597043231129646,541.9633214910596,438.90148927621584,541.9633214910596,438.90148927621584,34.58265013512359,5535.787821454137,0.006636264331259686,0.008390055506159759,1.542318446482884,0.6184738955823293,0.828
2023-10-27,VOO,transformer,-0.00444255188961451,-0.000948979111853987,-0.014008861035108566,0.012626171112060547,539.5609615685079,438.4851700072536,539.5609615685079,438.4851700072536,34.10156439970202,5606.126430258521,0.006636264331259686,0.008390055506159759,1.542318446482884,0.6184738955823293,0.828
2023-10-30,VOO,transformer,0.011960357731751905,-0.0026257329154759645,-0.014473240822553635,0.00826563686132431,546.0530501468605,437.335327562925,546.0530501468605,437.335327562925,33.61155864827312,5652.6569812994985,0.006636264331259686,0.008390055506159759,1.542318446482884,0.6184738955823293,0.828
2023-10-31,VOO,transformer,0.006031186982658686,-0.002398616401478648,-0.01687859557569027,0.009845594875514507,549.3563495898676,436.28758184897197,549.3563495898676,436.28758184897197,33.04900452386556,5708.585792943919,0.006636264331259686,0.008390055506159759,1.542318446482884,0.6184738955823293,0.828
2023-11-01,VOO,transformer,0.010950522795437316,-0.0016485765809193254,-0.012524047866463661,0.008981848135590553,555.4051471220207,435.56891412650964,555.4051471220207,435.56891412650964,32.637679037168645,5760.090680970509,0.006636264331259686,0.008390055506159759,1.542318446482884,0.6184738955823293,0.828
2023-11-02,VOO,transformer,0.018822777533800624,-0.002977800089865923,-0.016665097326040268,0.011523117311298847,565.9584240584569,434.27380322842015,565.9584240584569,434.27380322842015,32.098276210717046,5826.8487815022445,0.006636264331259686,0.008390055506159759,1.542318446482884,0.6184738955823293,0.828
2023-11-03,VOO,transformer,0.00920507406796588,-0.0034892475232481956,-0.01538098230957985,0.007476188708096743,571.1921648009007,432.76115103910206,571.1921648009007,432.76115103910206,31.608349981065142,5870.574764501517,0.006636264331259686,0.008390055506159759,1.542318446482884,0.6184738955823293,0.828
2023-11-06,VOO,transformer,0.001925815688175452,-0.0016702190041542053,-0.013695549219846725,0.008569370955228806,572.2932355221704,432.0389545372037,572.2932355221704,432.0389545372037,31.178406972396186,5921.098078327652,0.006636264331259686,0.008390055506159759,1.542318446482884,0.6184738955823293,0.828
2023-11-07,VOO,transformer,0.002819551241064216,-0.0007496026228182018,-0.014687154442071915,0.013248739764094353,573.9091225923293,431.7152063219789,573.9091225923293,431.7152063219789,30.72383101944244,6000.067152911557,0.006636264331259686,0.008390055506159759,1.542318446482884,0.6184738955823293,0.828
2023-11-08,VOO,transformer,0.000821950173497955,-0.00034135437454096973,-0.012765148654580116,0.01296788826584816,574.381041215444,431.5678635643128,574.381041215444,431.5678635643128,30.33412849594686,6078.382095347709,0.006636264331259686,0.008390055506159759,1.542318446482884,0.6184738955823293,0.828
2023-11-09,VOO,transformer,-0.007572098687985274,0.0002472776686772704,-0.012539071962237358,0.013293730095028877,570.0481963538567,431.67461587851034,570.0481963538567,431.67461587851034,29.956141951517967,6159.725647701536,0.006636264331259686,0.008390055506159759,1.542318446482884,0.6184738955823293,0.828
2023-11-10,VOO,transformer,0.015482501432763161,0.00033387570874765515,-0.009490374475717545,0.01119202934205532,578.9426448547609,431.8187542861074,578.9426448547609,431.8187542861074,29.67319155862113,6229.0527848828715,0.006636264331259686,0.008390055506159759,1.542318446482884,0.6184738955823293,0.828
2023-11-13,VOO,transformer,-0.0010131425061752507,-0.002381360623985529,-0.016032550483942032,0.011599313467741013,578.3563904823802,430.79166329617277,578.3563904823802,430.79166329617277,29.201247618939615,6301.726483189396,0.006636264331259686,0.008390055506159759,1.542318446482884,0.6184738955823293,0.828
2023-11-14,VOO,transformer,0.019029040730675042,-0.0007534974138252437,-0.012643544003367424,0.009154299274086952,589.4673378538806,430.46718072116903,589.4673378538806,430.46718072116903,28.834364783128176,6359.67893344326,0.006636264331259686,0.008390055506159759,1.542318446482884,0.6184738955823293,0.828
2023-11-15,VOO,transformer,0.002180905462479444,-0.0015419642440974712,-0.013622928410768509,0.009406032040715218,590.7543132667047,429.8039254694251,590.7543132667047,429.8039254694251,28.444219899877343,6419.78066988483,0.006636264331259686,0.008390055506159759,1.542318446482884,0.6184738955823293,0.828
2023-11-16,VOO,transformer,0.001403007135408721,-0.0008878587977960706,-0.014926029369235039,0.012340109795331955,591.5837274844706,429.42249444735836,591.5837274844706,429.42249444735836,28.022812771908452,6499.492526132477,0.006636264331259686,0.008390055506159759,1.542318446482884,0.6184738955823293,0.828
2023-11-17,VOO,transformer,0.0014733770237476923,0.0003162492939736694,-0.011221433989703655,0.01208022702485323,592.4559957884118,429.55830456958233,592.4559957884118,429.55830456958233,27.71011447770669,6578.4841493590875,0.006636264331259686,0.008390055506159759,1.542318446482884,0.6184738955823293,0.828
2023-11-20,VOO,transformer,0.007502368018900841,-0.0020578131079673767,-0.011334992945194244,0.010576574131846428,596.9175338273217,428.6752595896345,596.9175338273217,428.6752595896345,27.397793779965394,6648.431548882099,0.006636264331259686,0.008390055506159759,1.542318446482884,0.6184738955823293,0.828
2023-11-21,VOO,transformer,-0.002614622673424471,-0.0011331768473610282,-0.01307935081422329,0.010926302522420883,595.3588582713948,428.189764343733,595.3588582713948,428.189764343733,27.041782184788033,6721.472606839919,0.006636264331259686,0.008390055506159759,1.542318446482884,0.6184738955823293,0.828
2023-11-22,VOO,transformer,0.00431411436730341,0.0001602632983122021,-0.012217630632221699,0.011197264306247234,597.932852736642,428.2583677453078,597.932852736642,428.2583677453078,26.713405335715514,6797.15740913659,0.006636264331259686,0.008390055506159759,1.542318446482884,0.6184738955823293,0.828
2023-11-24,VOO,transformer,0.0005498570772844215,-0.0010957072954624891,-0.013735324144363403,0.011860230937600136,598.2617207543777,427.7893750953601,598.2617207543777,427.7893750953601,26.34899663333256,6878.253093304764,0.006636264331259686,0.008390055506159759,1.542318446482884,0.6184738955823293,0.828
2023-11-27,VOO,transformer,-0.001746344291916326,-0.0006086377543397248,-0.012102789245545864,0.009595843963325024,597.2178615473399,427.5290891253295,597.2178615473399,427.5290891253295,26.032022771667098,6944.573243792875,0.006636264331259686,0.008390055506159759,1.542318446482884,0.6184738955823293,0.828
2023-11-28,VOO,transformer,0.000981160899909786,0.000215578154893592,-0.01218106597661972,0.011254096403717995,597.8041159197205,427.62128560443875,597.8041159197205,427.62128560443875,25.716848035555046,7023.169220526136,0.006636264331259686,0.008390055506159759,1.542318446482884,0.6184738955823293,0.828
2023-11-29,VOO,transformer,-0.0006460381355051053,-0.002140550408512354,-0.012784702703356743,0.008924774825572968,597.418036387753,426.7069213857404,597.418036387753,426.7069213857404,25.39015921218735,7086.130366370835,0.006636264331259686,0.008390055506159759,1.542318446482884,0.6184738955823293,0.828
2023-11-30,VOO,transformer,0.003870128654219355,0.0004204554425086826,-0.012560134753584862,0.013725467026233673,599.7346008587563,426.88638167505763,599.7346008587563,426.88638167505763,25.073250156478267,7184.061057553894,0.006636264331259686,0.008390055506159759,1.542318446482884,0.6184738955823293,0.828
2023-12-01,VOO,transformer,0.005848366800818001,0.00010190509055973962,-0.012299351394176483,0.013264622539281845,603.2523452910352,426.92989161810567,603.2523452910352,426.92989161810567,24.76675428086092,7279.9897540956545,0.006636264331259686,0.008390055506159759,1.542318446482884,0.6184738955823293,0.828
2023-12-04,VOO,transformer,-0.005038022012283435,-0.0008306994568556547,-0.011230704374611378,0.010975521989166737,600.2207896307298,426.575389397944,600.2207896307298,426.575389397944,24.49016204514149,7360.331132721901,0.006636264331259686,0.008390055506159759,1.542318446482884,0.6184738955823293,0.828
2023-12-05,VOO,transformer,-0.0003097751537107089,0.0012167916866019368,-0.011912992224097252,0.0173348281532526,600.0348849391754,427.09473831160415,600.0348849391754,427.09473831160415,24.20014194375573,7489.033707873946,0.006636264331259686,0.008390055506159759,1.542318446482884,0.6184738955823293,0.828
2023-12-06,VOO,transformer,-0.004179260411419259,-0.000953513546846807,-0.013178400695323944,0.012360058724880219,597.5324157766178,426.68768359730575,597.5324157766178,426.68768359730575,23.883315577725863,7582.172929499437,0.006636264331259686,0.008390055506159759,1.542318446482884,0.6184738955823293,0.828
2023-12-07,VOO,transformer,0.007795173071864037,-0.00010196183575317264,-0.011524672619998455,0.010677591897547245,602.2084860839974,426.6441684737814,602.2084860839974,426.6441684737814,23.609648221157695,7663.566013107757,0.006636264331259686,0.008390055506159759,1.542318446482884,0.6184738955823293,0.828
2023-12-08,VOO,transformer,0.004241481404264723,-0.00252805114723742,-0.015934210270643234,0.009739451110363007,604.7681667607869,425.56695477059316,604.7681667607869,425.56695477059316,23.236428633731634,7738.569967241285,0.006636264331259686,0.008390055506159759,1.542318446482884,0.6184738955823293,0.828
2023-12-11,VOO,transformer,0.00387026515481787,0.0007794935372658074,-0.012588107958436012,0.011934353038668633,607.1133151691066,425.89878973667504,607.1133151691066,425.89878973667504,22.945758877953246,7831.477736747358,0.006636264331259686,0.008390055506159759,1.542318446482884,0.6184738955823293,0.828
2023-12-12,VOO,transformer,0.004957579416840917,-0.001623684773221612,-0.01416783593595028,0.011200489476323128,610.1306006805532,425.207820558127,610.1306006805532,425.207820558127,22.622959138346065,7919.687505752725,0.006636264331259686,0.008390055506159759,1.542318446482884,0.6184738955823293,0.828
2023-12-13,VOO,transformer,0.013525195745184869,-0.00018818004173226655,-0.011756389401853085,0.011577152647078037,618.4387948090769,425.12780841013404,618.4387948090769,425.12780841013404,22.35855156663437,8011.908169210767,0.006636264331259686,0.008390055506159759,1.542318446482884,0.6184738955823293,0.828
2023-12-14,VOO,transformer,0.0029322233298422883,-0.003798282239586115,-0.016514629125595093,0.007833405397832394,620.2548567196487,423.51610900028453,620.2548567196487,423.51610900028453,21.99234087832937,8074.914757433111,0.006636264331259686,0.008390055506159759,1.542318446482884,0.6184738955823293,0.828
2023-12-15,VOO,transformer,-0.0015227811186281136,0.0002101319405483082,-0.012731777504086494,0.013297269120812416,619.311063113018,423.60511767731026,619.311063113018,423.60511767731026,21.7141138857565,8183.006618803546,0.006636264331259686,0.008390055506159759,1.542318446482884,0.6184738955823293,0.828
2023-12-18,VOO,transformer,0.005641110001506926,-0.0014167109038680792,-0.01284173596650362,0.01116373110562563,622.8145373964383,423.0054074062455,622.8145373964383,423.0054074062455,21.437049915569922,8274.871476752873,0.006636264331259686,0.008390055506159759,1.542318446482884,0.6184738955823293,0.828
2023-12-19,VOO,transformer,0.00606595169874442,-0.0022351834923028946,-0.013752949424088001,0.009846999309957027,626.6039819718201,422.06097559165704,626.6039819718201,422.06097559165704,21.144245075511698,8356.756976248944,0.006636264331259686,0.008390055506159759,1.542318446482884,0.6184738955823293,0.828
2023-12-20,VOO,transformer,-0.018658131244929887,-0.0013834115816280246,-0.01340861152857542,0.010115428827702999,615.0211159772049,421.47748889947445,615.0211159772049,421.47748889947445,20.86262202696278,8441.718154399048,0.006636264331259686,0.008390055506159759,1.542318446482884,0.6184738955823293,0.828
2023-12-21,VOO,transformer,0.009695003955022513,0.00013575531193055212,-0.014536417089402676,0.014713236130774021,621.0127456347251,421.5347168519377,621.0127456347251,421.5347168519377,20.561547316039217,8566.841353438193,0.006636264331259686,0.008390055506159759,1.542318446482884,0.6184738955823293,0.828
2023-12-22,VOO,transformer,0.0023230107094711428,-0.0027092851232737303,-0.013343695551156998,0.008576009422540665,622.4570418017871,420.39419834147327,622.4570418017871,420.39419834147327,20.28900277844831,8640.62645434956,0.006636264331259686,0.008390055506159759,1.542318446482884,0.6184738955823293,0.828
2023-12-26,VOO,transformer,0.004149520570672243,-0.001961400033906102,-0.01577748917043209,0.009813277050852776,625.045306415893,419.5704347760238,625.045306415893,419.5704347760238,19.97140542769059,8725.836756635239,0.006636264331259686,0.008390055506159759,1.542318446482884,0.6184738955823293,0.828
2023-12-27,VOO,transformer,0.0018285440362748363,-0.0014214362017810345,-0.013346081599593163,0.013188473880290985,626.1892748629369,418.97446086526605,626.1892748629369,418.97446086526605,19.706635640531434,8841.679758983119,0.006636264331259686,0.008390055506159759,1.542318446482884,0.6184738955823293,0.828
2023-12-28,VOO,transformer,0.00015985779797937917,-0.0007505323155783117,-0.014444618485867977,0.012397111393511295,626.289384102943,418.660127930713,626.289384102943,418.660127930713,19.424026366830944,8951.973511336251,0.006636264331259686,0.008390055506159759,1.542318446482884,0.6184738955823293,0.828
2023-12-29,VOO,transformer,-0.0026750211829877535,-0.0006397063843905926,-0.013050629757344723,0.011545744724571705,624.6162855185523,418.39239551834083,624.6162855185523,418.39239551834083,19.172177199507647,9055.92967994412,0.006636264331259686,0.008390055506159759,1.542318446482884,0.6184738955823293,0.828
2023-01-03,VOO,ensemble,,0.001397779102811811,-0.022982559749833726,0.025778117955457345,500.4795187230737,503.11275289595017,500.4795187230737,503.11275289595017,490.99501105252676,515.5295602371453,0.006597643209099909,0.008420260101946917,1.4030296864959741,0.5582329317269076,1.0
2023-01-04,VOO,ensemble,,0.0019871855793690547,-0.02239315327327648,0.02636752443201459,504.08310224650006,504.1135253342508,504.08310224650006,504.1135253342508,480.12227626551606,529.3035940794126,0.006597643209099909,0.008420260101946917,1.4030296864959741,0.5582329317269076,1.0
2023-01-05,VOO,ensemble,,-0.001531912346449278,-0.025912251199094814,0.022848426506196257,498.5776613609534,503.3418588144231,498.5776613609534,503.3418588144231,467.84103175676853,541.5365682727833,0.006597643209099909,0.008420260101946917,1.4030296864959741,0.5582329317269076,1.0
2023-01-06,VOO,ensemble,,0.0018906170712748795,-0.022489721781370656,0.026270955923920414,509.9174111497823,504.2943856734266,509.9174111497823,504.2943856734266,457.4368492217707,555.9517731341422,0.006597643209099909,0.008420260101946917,1.4030296864959741,0.5582329317269076,1.0
2023-01-09,VOO,ensemble,,-0.0002394668909261288,-0.024619805743571664,0.024140871961719407,509.5456017666735,504.17363832285116,509.5456017666735,504.17363832285116,446.31234631102546,569.536244472522,0.006597643209099909,0.008420260101946917,1.4030296864959741,0.5582329317269076,1.0
2023-01-10,VOO,ensemble,,0.00022695468526705235,-0.024153384167378483,0.02460729353791259,513.1777692274163,504.2880758778351,513.1777692274163,504.2880758778351,435.66153708475093,583.7248456089845,0.006597643209099909,0.008420260101946917,1.4030296864959741,0.5582329317269076,1.0
2023-01-11,VOO,ensemble,,-0.0004798788826863132,-0.024860217735331848,0.023900459969959223,519.7271129595998,504.04613673481657,519.7271129595998,504.04613673481657,424.96441374489956,597.8441952784397,0.006597643209099909,0.008420260101946917,1.4030296864959741,0.5582329317269076,1.0
2023-01-12,VOO,ensemble,,0.0006583738823783172,-0.02372196497026722,0.025038712735023852,521.6718680474943,504.37809681168795,521.6718680474943,504.37809681168795,415.0020533639748,613.0024236778003,0.006597643209099909,0.008420260101946917,1.4030296864959741,0.5582329317269076,1.0
2023-01-13,VOO,ensemble,,0.0006638344695028634,-0.023716504383142673,0.025044173322148398,523.7024622265361,504.7130315363216,523.7024622265361,504.7130315363216,405.2754517492212,628.5484183735128,0.006597643209099909,0.008420260101946917,1.4030296864959741,0.5582329317269076,1.0
2023-01-17,VOO,ensemble,,0.0006942476667282675,-0.023686091185917267,0.025074586519373804,522.9016755856856,505.06354903973397,522.9016755856856,505.06354903973397,395.7888541700575,644.5082671757306,0.006597643209099909,0.008420260101946917,1.4030296864959741,0.5582329317269076,1.0
2023-01-18,VOO,ensemble,,0.0004585673166799743,-0.02392177153596556,0.02483890616932551,514.4075767656077,505.2952077876757,514.4075767656077,505.2952077876757,386.43323130342554,660.7176255313086,0.006597643209099909,0.008420260101946917,1.4030296864959741,0.5582329317269076,1.0
2023-01-19,VOO,ensemble,,0.001157184407086166,-0.02322315444555937,0.0255375232597317,510.7039276417742,505.88026596791815,510.7039276417742,505.88026596791815,377.56243529859705,677.8080115236573,0.006597643209099909,0.008420260101946917,1.4030296864959741,0.5582329317269076,1.0
2023-01-20,VOO,ensemble,,0.0003686366007434367,-0.0240117022519021,0.02474897545338897,520.0988787031097,506.06678632655104,520.0988787031097,506.06678632655104,368.60449659550517,694.7923711954141,0.006597643209099909,0.008420260101946917,1.4030296864959741,0.5582329317269076,1.0
2023-01-23,VOO,ensemble,,0.0017888807441080361,-0.0225914581085375,0.02616921959675357,526.4337338064223,506.97288966961986,526.4337338064223,506.97288966961986,360.37054226589277,713.2145409108548,0.006597643209099909,0.008420260101946917,1.4030296864959741,0.5582329317269076,1.0
2023-01-24,VOO,ensemble,,0.00044270669675394475,-0.02393763215589159,0.02482304554939948,525.8760197317591,507.1973796508919,525.8760197317591,507.1973796508919,351.8465538586379,731.1402630025086,0.006597643209099909,0.008420260101946917,1.4030296864959741,0.5582329317269076,1.0
2023-01-25,VOO,ensemble,,0.0007676811564899324,-0.023612657696155604,0.025148020009135467,526.0619244233136,507.58689501454376,526.0619244233136,507.58689501454376,343.6358414830661,749.7601381699928,0.006597643209099909,0.008420260101946917,1.4030296864959741,0.5582329317269076,1.0
2023-01-26,VOO,ensemble,,0.0013064591781497222,-0.023073879674495812,0.02568679803079526,531.6817446977251,508.2504699446385,531.6817446977251,508.2504699446385,335.7976064269531,769.2685571751938,0.006597643209099909,0.008420260101946917,1.4030296864959741,0.5582329317269076,1.0
2023-01-27,VOO,ensemble,,5.309416662830702e-06,-0.024375029435982704,0.024385648269308367,533.1975225278778,508.25316846531626,533.1975225278778,508.25316846531626,327.7114800253138,788.2582667994398,0.006597643209099909,0.008420260101946917,1.4030296864959741,0.5582329317269076,1.0
2023-01-30,VOO,ensemble,,-0.0014431651184941708,-0.025823503971139708,0.022937173734151363,526.5337994068295,507.5202042426362,526.5337994068295,507.5202042426362,319.357154552016,806.5476349694044,0.006597643209099909,0.008420260101946917,1.4030296864959741,0.5582329317269076,1.0
2023-01-31,VOO,ensemble,,0.0006540120975032825,-0.023726326755142253,0.025034350950148818,534.0126229571861,507.8522371608758,534.0126229571861,507.8522371608758,311.8691648664273,826.9938930954273,0.006597643209099909,0.008420260101946917,1.4030296864959741,0.5582329317269076,1.0
2023-02-01,VOO,ensemble,,-0.0008995488982772244,-0.02527988775092276,0.023480789954368312,539.8612456489261,507.39560465287667,539.8612456489261,507.39560465287667,304.0839664611129,846.6421384107462,0.006597643209099909,0.008420260101946917,1.4030296864959741,0.5582329317269076,1.0
2023-02-02,VOO,ensemble,,-0.00040644972178314635,-0.024786788574428682,0.02397388913086239,547.5974555539277,507.18941575607994,547.5974555539277,507.18941575607994,296.63934673441076,867.1847018504545,0.006597643209099909,0.008420260101946917,1.4030296864959741,0.5582329317269076,1.0
2023-02-03,VOO,ensemble,,0.0004683699205807671,-0.023911968932064768,0.024848708773226303,541.7488328621877,507.4270236623114,541.7488328621877,507.4270236623114,289.6302505067779,889.0030785536551,0.006597643209099909,0.008420260101946917,1.4030296864959741,0.5582329317269076,1.0
2023-02-06,VOO,ensemble,,1.3081428415926669e-05,-0.02436725742422961,0.02439342028106146,538.6171679618761,507.4336615760144,538.6171679618761,507.4336615760144,282.65804735245024,910.9555638420387,0.006597643209099909,0.008420260101946917,1.4030296864959741,0.5582329317269076,1.0
2023-02-07,VOO,ensemble,,-0.0005501525781253016,-0.024930491430770838,0.023830186274520233,545.5668613748859,507.1545724167203,545.5668613748859,507.1545724167203,275.69835802982925,932.9245272304373,0.006597643209099909,0.008420260101946917,1.4030296864959741,0.5582329317269076,1.0
2023-02-08,VOO,ensemble,,-0.0008270543962430986,-0.025207393248888633,0.023553284456402437,539.5895455058234,506.7353014018954,539.5895455058234,506.7353014018954,268.8355808499269,955.1587809733165,0.006597643209099909,0.008420260101946917,1.4030296864959741,0.5582329317269076,1.0
2023-02-09,VOO,ensemble,,-0.0006100971489095453,-0.02499043600155508,0.02377024170373599,534.9706867126756,506.42623792821695,534.9706867126756,506.42623792821695,262.200514382148,978.1351309186774,0.006597643209099909,0.008420260101946917,1.4030296864959741,0.5582329317269076,1.0
2023-02-10,VOO,ensemble,,0.00013014601492339237,-0.024250192837722142,0.02451048486756893,536.2719759139575,506.49215157404205,536.2719759139575,506.49215157404205,255.91857827667337,1002.4059266567325,0.006597643209099909,0.008420260101946917,1.4030296864959741,0.5582329317269076,1.0
2023-02-13,VOO,ensemble,,0.0004631420099832979,-0.023917196842662237,0.024843480862628834,542.4638240514898,506.7267836969653,542.4638240514898,506.7267836969653,249.87034002957944,1027.621098548449,0.006597643209099909,0.008420260101946917,1.4030296864959741,0.5582329317269076,1.0
2023-02-14,VOO,ensemble,,-0.0013910409571757736,-0.025771379809821308,0.022989297895469763,542.2636055714777,506.0223960163838,542.2636055714777,506.0223960163838,243.51310579245813,1051.519031950568,0.006597643209099909,0.008420260101946917,1.4030296864959741,0.5582329317269076,1.0
2023-02-15,VOO,ensemble,,0.001580448061741844,-0.022799890790903693,0.025960786914387378,544.0797111216486,506.82277043987,544.0797111216486,506.82277043987,238.0238485968118,1079.1747219895412,0.006597643209099909,0.008420260101946917,1.4030296864959741,0.5582329317269076,1.0
2023-02-16,VOO,ensemble,,0.0004982061090984485,-0.023882132743547085,0.024878544961743985,536.5150921197438,507.07533554984957,536.5150921197438,507.07533554984957,232.4066734893196,1106.359779013871,0.006597643209099909,0.008420260101946917,1.4030296864959741,0.5582329317269076,1.0
2023-02-17,VOO,ensemble,,-0.0009542676855288386,-0.025334606538174376,0.023426071167116695,535.1280074669136,506.5916807477824,535.1280074669136,506.5916807477824,226.59270019043117,1132.583400909137,0.006597643209099909,0.008420260101946917,1.4030296864959741,0.5582329317269076,1.0
2023-02-21,VOO,ensemble,,0.0011687839484873371,-0.0232115549041582,0.025549122801132872,524.5032488673868,507.18412312380497,524.5032488673868,507.18412312380497,221.39370311471077,1161.892732855104,0.006597643209099909,0.008420260101946917,1.4030296864959741,0.5582329317269076,1.0
2023-02-22,VOO,ensemble,,0.0003256112422652742,-0.02405472761038026,0.02470595009491081,523.8454255527175,507.3492948656213,523.8454255527175,507.3492948656213,216.13167988723444,1190.9559354507483,0.006597643209099909,0.008420260101946917,1.4030296864959741,0.5582329317269076,1.0
2023-02-23,VOO,ensemble,,-0.00013916937090933154,-0.024519508223554868,0.024241169481736203,526.4766315321967,507.2786922963951,526.4766315321967,507.2786922963951,210.89667947631537,1220.1788681402165,0.006597643209099909,0.008420260101946917,1.4030296864959741,0.5582329317269076,1.0
2023-02-24,VOO,ensemble,,0.0009898898866869438,-0.023390448965958592,0.02537022873933248,520.8424974693276,507.781090962286,520.8424974693276,507.781090962286,206.02095642912494,1251.5311102710639,0.006597643209099909,0.008420260101946917,1.4030296864959741,0.5582329317269076,1.0
2023-02-27,VOO,ensemble,,-0.0002236488140784701,-0.024603987666724007,0.024156690038567064,522.6442455914419,507.6675390218325,522.6442455914419,507.6675390218325,201.01386910221004,1282.1320803761898,0.006597643209099909,0.008420260101946917,1.4030296864959741,0.5582329317269076,1.0
2023-02-28,VOO,ensemble,,-0.0004144437227948381,-0.024794782575440374,0.023965895129850697,520.6708629266319,507.45718299039754,520.6708629266319,507.45718299039754,196.09105616325056,1313.2306878604602,0.006597643209099909,0.008420260101946917,1.4030296864959741,0.5582329317269076,1.0
2023-03-01,VOO,ensemble,,0.0019659714729848374,-0.022414367379660696,0.026346310325630375,518.7690055645116,508.4558106510194,518.7690055645116,508.4558106510194,191.7446916635429,1348.2892753997417,0.006597643209099909,0.008420260101946917,1.4030296864959741,0.5582329317269076,1.0
2023-03-02,VOO,ensemble,,-2.0496153116111588e-05,-0.024400835005761647,0.024359842699529424,522.6442455914419,508.44538936967,522.6442455914419,508.44538936967,187.12258207740845,1381.5366969676195,0.006597643209099909,0.008420260101946917,1.4030296864959741,0.5582329317269076,1.0
2023-03-03,VOO,ensemble,,-0.00018796886893169803,-0.024568307721577233,0.024192369983713838,530.9238557826488,508.3498264466253,530.9238557826488,508.3498264466253,182.58131099625655,1415.3669104370283,0.006597643209099909,0.008420260101946917,1.4030296864959741,0.5582329317269076,1.0
2023-03-06,VOO,ensemble,,-0.0015717183975545558,-0.02595205725020009,0.02280862045509098,531.5673653088604,507.5514712311434,531.5673653088604,507.5514712311434,177.90390700846925,1448.0204526179089,0.006597643209099909,0.008420260101946917,1.4030296864959741,0.5582329317269076,1.0
2023-03-07,VOO,ensemble,,0.0018441596773721698,-0.022536179175273365,0.026224498530017706,523.3449666318853,508.48834079159343,523.3449666318853,508.48834079159343,173.93947207857286,1486.4963635406984,0.006597643209099909,0.008420260101946917,1.4030296864959741,0.5582329317269076,1.0
2023-03-08,VOO,ensemble,,0.002058820043156811,-0.022321518809488725,0.026439158895802346,524.1600234215946,509.5363051942143,524.1600234215946,509.5363051942143,170.09989094347148,1526.3222384854557,0.006597643209099909,0.008420260101946917,1.4030296864959741,0.5582329317269076,1.0
2023-03-09,VOO,ensemble,,0.00032979359717463677,-0.024050545255470897,0.024710132449820173,514.5648538802469,509.70437471779843,514.5648538802469,509.70437471779843,166.05769911853758,1564.5077041625677,0.006597643209099909,0.008420260101946917,1.4030296864959741,0.5582329317269076,1.0
2023-03-10,VOO,ensemble,,0.0006349278808790372,-0.0237454109717665,0.025015266733524572,507.18613956989645,510.0281029974926,507.18613956989645,510.0281029974926,162.16103781090607,1604.1378950136807,0.006597643209099909,0.008420260101946917,1.4030296864959741,0.5582329317269076,1.0
2023-03-13,VOO,ensemble,,0.0022391911604639457,-0.02214114769218159,0.02661953001310948,506.328141414814,511.17143300681886,506.328141414814,511.17143300681886,158.61006271993682,1647.4127141833624,0.006597643209099909,0.008420260101946917,1.4030296864959741,0.5582329317269076,1.0
2023-03-14,VOO,ensemble,,-0.0006264116537277556,-0.02500675050637329,0.02375392719891778,514.7364447833436,510.85132953287103,514.7364447833436,510.85132953287103,154.692922059109,1687.01371343793,0.006597643209099909,0.008420260101946917,1.4030296864959741,0.5582329317269076,1.0
2023-03-15,VOO,ensemble,,-0.0014464478257839378,-0.025826786678429473,0.022933891026861598,511.5618821572579,510.11294388486516,511.5618821572579,510.11294388486516,150.74885152427933,1726.1505669048072,0.006597643209099909,0.008420260101946917,1.4030296864959741,0.5582329317269076,1.0
2023-03-16,VOO,ensemble,,-0.0016917043218279862,-0.026072043174473522,0.02268863453081755,520.3133673319808,509.25071313844705,520.3133673319808,509.25071313844705,146.86931444552823,1765.7622343447433,0.006597643209099909,0.008420260101946917,1.4030296864959741,0.5582329317269076,1.0
2023-03-17,VOO,ensemble,,0.00013473043308362322,-0.02424560841956191,0.02451506928572916,514.6220653944787,509.31932932981715,514.6220653944787,509.31932932981715,143.35120030928306,1809.5849819834118,0.006597643209099909,0.008420260101946917,1.4030296864959741,0.5582329317269076,1.0
2023-03-20,VOO,ensemble,,0.0014015074087033827,-0.022978831443942152,0.02578184626134892,519.269508124943,510.0336445854073,519.269508124943,510.0336445854073,140.09471563758336,1856.846044657567,0.006597643209099909,0.008420260101946917,1.4030296864959741,0.5582329317269076,1.0
2023-03-21,VOO,ensemble,,-0.0012113221389943266,-0.025591660991639863,0.023169016713651208,526.0619244233137,509.416203575569,526.0619244233137,509.416203575569,136.5549466428685,1900.3695936700647,0.006597643209099909,0.008420260101946917,1.4030296864959741,0.5582329317269076,1.0
2023-03-22,VOO,ensemble,,-0.0008917681672934632,-0.025272107019938997,0.023488570685352074,517.3390231859072,508.96212491785525,517.3390231859072,508.96212491785525,133.1471577912664,1945.534917140302,0.006597643209099909,0.008420260101946917,1.4030296864959741,0.5582329317269076,1.0
2023-03-23,VOO,ensemble,,0.0005045460661037703,-0.023875792786541766,0.024884884918749305,518.5688307240985,509.21898454908757,518.5688307240985,509.21898454908757,130.00581410361164,1994.5567512737878,0.006597643209099909,0.008420260101946917,1.4030296864959741,0.5582329317269076,1.0
2023-03-24,VOO,ensemble,,-4.070316452391495e-05,-0.02442104201716945,0.02433963568812162,519.884390074239,509.1982581467987,519.884390074239,509.1982581467987,126.86938990390557,2043.6991641255759,0.006597643209099909,0.008420260101946917,1.4030296864959741,0.5582329317269076,1.0
2023-03-27,VOO,ensemble,,-0.0009464611587636726,-0.025326800011409207,0.023433877693881864,520.7423882293215,508.7165497684467,520.7423882293215,508.7165497684467,123.69654286863903,2092.1565146985554,0.006597643209099909,0.008420260101946917,1.4030296864959741,0.5582329317269076,1.0
2023-03-28,VOO,ensemble,,-0.00043311243510231636,-0.02481345128774785,0.02394722641754322,519.8271785600072,508.4962660120603,519.8271785600072,508.4962660120603,120.66497213912228,2142.8625719988377,0.006597643209099909,0.008420260101946917,1.4030296864959741,0.5582329317269076,1.0
2023-03-29,VOO,ensemble,,1.4001509232301987e-05,-0.024366337343413234,0.024394340361877837,527.2202066588153,508.503385777067,527.2202066588153,508.503385777067,117.76034005476288,2195.7790986888554,0.006597643209099909,0.008420260101946917,1.4030296864959741,0.5582329317269076,1.0
2023-03-30,VOO,ensemble,,-0.0011156492868116732,-0.025495988139457207,0.023264689565833864,530.3661853475845,507.93639068003165,530.3661853475845,507.93639068003165,114.7958753841177,2247.462080965605,0.006597643209099909,0.008420260101946917,1.4030296864959741,0.5582329317269076,1.0
2023-03-31,VOO,ensemble,,-0.0008531771405185698,-0.025233515993164105,0.023527161712126966,537.7734835952515,507.50321577640483,537.7734835952515,507.50321577640483,111.93541336073721,2300.9654075546932,0.006597643209099909,0.008420260101946917,1.4030296864959741,0.5582329317269076,1.0
2023-04-03,VOO,ensemble,,9.113681672933544e-05,-0.0242892020359162,0.02447147566937487,539.9041433747003,507.549470111675,539.9041433747003,507.549470111675,109.24934477787117,2357.9680512905074,0.006597643209099909,0.008420260101946917,1.4030296864959741,0.5582329317269076,1.0
2023-04-04,VOO,ensemble,,-0.00033393823985683306,-0.02471427709250237,0.0240464006127887,536.8582739259372,507.38000823146143,536.8582739259372,507.38000823146143,106.58241753253306,2415.3559162267884,0.006597643209099909,0.008420260101946917,1.4030296864959741,0.5582329317269076,1.0
2023-04-05,VOO,ensemble,,0.000597306027279247,-0.02378303282536629,0.024977644879924783,535.5569847246553,507.6831598966444,535.5569847246553,507.6831598966444,104.07747009355856,2476.4455804983418,0.006597643209099909,0.008420260101946917,1.4030296864959741,0.5582329317269076,1.0
2023-04-06,VOO,ensemble,,0.0010074699916775218,-0.023372868860968014,0.025387808844323057,537.6018926921547,508.19489318019987,537.6018926921547,508.19489318019987,101.673089130791,2540.121989627061,0.006597643209099909,0.008420260101946917,1.4030296864959741,0.5582329317269076,1.0
2023-04-10,VOO,ensemble,,-0.0006682975564489701,-0.025048636409094504,0.023712041296196567,538.1881470645354,507.85538123502545,538.1881470645354,507.85538123502545,99.15794881195622,2601.073250703161,0.006597643209099909,0.008420260101946917,1.4030296864959741,0.5582329317269076,1.0
2023-04-11,VOO,ensemble,,-0.0010463216850823713,-0.025426660537727908,0.023334017167563163,538.259672367225,507.32427903708054,538.259672367225,507.32427903708054,96.66847690838158,2662.4803900078555,0.006597643209099909,0.008420260101946917,1.4030296864959741,0.5582329317269076,1.0
2023-04-12,VOO,ensemble,,-0.0009874707565352171,-0.025367809609180753,0.02339286809611032,536.1146987993184,506.8235584116262,536.1146987993184,506.8235584116262,94.24705236209432,2725.4976460604353,0.006597643209099909,0.008420260101946917,1.4030296864959741,0.5582329317269076,1.0
2023-04-13,VOO,ensemble,,-0.0005599232110055586,-0.024940262063651093,0.02382041564163998,543.0643922123281,506.539855570702,543.0643922123281,506.539855570702,91.92557562836909,2791.1995495016886,0.006597643209099909,0.008420260101946917,1.4030296864959741,0.5582329317269076,1.0
2023-04-14,VOO,ensemble,,-0.001157004941121878,-0.025537343793767413,0.023223333911523657,541.9490077026006,505.9541253666428,541.9490077026006,505.9541253666428,89.60776196557667,2856.7790486036683,0.006597643209099909,0.008420260101946917,1.4030296864959741,0.5582329317269076,1.0
2023-04-17,VOO,ensemble,,0.000952830488540526,-0.02342750836410501,0.02533316934118606,543.793697190088,506.43644363037754,543.793697190088,506.43644363037754,87.53287498760972,2930.0748030187365,0.006597643209099909,0.008420260101946917,1.4030296864959741,0.5582329317269076,1.0
2023-04-18,VOO,ensemble,,-0.0007629905872437569,-0.02514332943988929,0.02361734826540178,544.1655065731967,506.05018476552794,544.1655065731967,506.05018476552794,85.35944520545667,3000.0990386574595,0.006597643209099909,0.008420260101946917,1.4030296864959741,0.5582329317269076,1.0
2023-04-19,VOO,ensemble,,0.000572116105884062,-0.023808222746761473,0.0249524549585296,544.1368789962813,506.33978706178755,544.1368789962813,506.33978706178755,83.35118987653081,3075.900660105213,0.006597643209099909,0.008420260101946917,1.4030296864959741,0.5582329317269076,1.0
2023-04-20,VOO,ensemble,,2.9119599909873273e-05,-0.024351219252735663,0.02440945845255541,541.0624256102017,506.354531688483,541.0624256102017,506.354531688483,81.34600026854392,3151.905575136301,0.006597643209099909,0.008420260101946917,1.4030296864959741,0.5582329317269076,1.0
2023-04-21,VOO,ensemble,,8.277022701171503e-05,-0.02429756862563382,0.02446310907965725,541.3770234790786,506.3964445025619,541.3770234790786,506.3964445025619,79.39330913488689,3229.961841861969,0.006597643209099909,0.008420260101946917,1.4030296864959741,0.5582329317269076,1.0
2023-04-24,VOO,ensemble,,0.002168723783373822,-0.022211615069271714,0.026549062636019357,542.0920146683808,507.49587026004826,542.0920146683808,507.49587026004826,77.64929588974974,3316.8627658477208,0.006597643209099909,0.008420260101946917,1.4030296864959741,0.5582329317269076,1.0
2023-04-25,VOO,ensemble,,-0.0010579799464083967,-0.025438318799053932,0.02332235890623714,533.5264341852122,506.9592337318265,533.5264341852122,506.9592337318265,75.6989404018169,3395.1289582356126,0.006597643209099909,0.008420260101946917,1.4030296864959741,0.5582329317269076,1.0
2023-04-26,VOO,ensemble,,-0.00014685398398130132,-0.024527192836626837,0.024233484868664234,531.152658199977,506.8847902149341,531.152658199977,506.8847902149341,73.86484247576134,3478.409781156028,0.006597643209099909,0.008420260101946917,1.4030296864959741,0.5582329317269076,1.0
2023-04-27,VOO,ensemble,,-0.0009568214368480454,-0.02533716028949358,0.02342351741579749,541.6916213479554,506.40002393601196,541.6916213479554,506.40002393601196,72.01682770875202,3560.848101772588,0.006597643209099909,0.008420260101946917,1.4030296864959741,0.5582329317269076,1.0
2023-04-28,VOO,ensemble,,-0.001584213311601607,-0.025964552164247142,0.02279612554104393,546.3247502899619,505.5984134057858,546.3247502899619,505.5984134057858,70.17100964528314,3642.9539339773605,0.006597643209099909,0.008420260101946917,1.4030296864959741,0.5582329317269076,1.0
2023-05-01,VOO,ensemble,,-0.0001119927511754961,-0.02449233160382103,0.02426834610147004,545.9529845464521,505.5417932190629,545.9529845464521,505.5417932190629,68.47323411881217,3732.4438954889383,0.006597643209099909,0.008420260101946917,1.4030296864959741,0.5582329317269076,1.0
2023-05-02,VOO,ensemble,,-0.00016850225490273104,-0.024548841107548267,0.024211836597742804,539.8326617116093,505.4566154634814,539.8326617116093,505.4566154634814,66.81276031700304,3823.916103804188,0.006597643209099909,0.008420260101946917,1.4030296864959741,0.5582329317269076,1.0
2023-05-03,VOO,ensemble,,-0.00139300109795749,-0.025773339950603026,0.022987337754688045,536.071801073544,504.75300402270267,536.071801073544,504.75300402270267,65.11277360250538,3912.8358534574695,0.006597643209099909,0.008420260101946917,1.4030296864959741,0.5582329317269076,1.0
2023-05-04,VOO,ensemble,,-4.257794936925229e-06,-0.02438459664758246,0.02437608105770861,532.1536633208397,504.750854892493,532.1536633208397,504.750854892493,63.54422679406842,4009.387451362996,0.006597643209099909,0.008420260101946917,1.4030296864959741,0.5582329317269076,1.0
2023-05-05,VOO,ensemble,,0.0013434571209031674,-0.023036881731742367,0.025723795973548704,541.920423765284,505.42942173344676,541.920423765284,505.42942173344676,62.097098615455934,4113.862097418872,0.006597643209099909,0.008420260101946917,1.4030296864959741,0.5582329317269076,1.0
2023-05-08,VOO,ensemble,,0.00023394676044266767,-0.024146392092202866,0.024614285613088205,542.2207078457033,505.5476791417231,542.2207078457033,505.5476791417231,60.61563569641971,4216.378380746375,0.006597643209099909,0.008420260101946917,1.4030296864959741,0.5582329317269076,1.0
2023-05-09,VOO,ensemble,,0.00017146892544709174,-0.024208869927198444,0.024551807778092627,539.8755594373836,505.63437229140607,539.8755594373836,505.63437229140607,59.16581966716645,4321.179354579338,0.006597643209099909,0.008420260101946917,1.4030296864959741,0.5582329317269076,1.0
2023-05-10,VOO,ensemble,,-0.00013511219620218563,-0.02451545104884772,0.02424522665644335,542.235021634161,505.5660595359376,542.235021634161,505.5660595359376,57.732978052228795,4427.227715907294,0.006597643209099909,0.008420260101946917,1.4030296864959741,0.5582329317269076,1.0
2023-05-11,VOO,ensemble,,-0.000668013807972505,-0.02504835266061804,0.023712325044673032,541.4771327190846,505.22844720472955,541.4771327190846,505.22844720472955,56.304823191425164,4533.462133378575,0.006597643209099909,0.008420260101946917,1.4030296864959741,0.5582329317269076,1.0
2023-05-12,VOO,ensemble,,-0.0018052400225590922,-0.02618557887520463,0.022575098830086442,540.7478277413247,504.31721133849624,540.7478277413247,504.31721133849624,54.8495850807622,4636.969437011151,0.006597643209099909,0.008420260101946917,1.4030296864959741,0.5582329317269076,1.0
2023-05-15,VOO,ensemble,,0.0013298673656651353,-0.0230504714869804,0.02571020621831067,542.6211011661286,504.9883324919496,542.6211011661286,504.9883324919496,53.599736423289954,4757.732648890268,0.006597643209099909,0.008420260101946917,1.4030296864959741,0.5582329317269076,1.0
2023-05-16,VOO,ensemble,,0.0011353400763733845,-0.02324499877627215,0.02551567892901892,539.0318750707589,505.5619915713798,539.0318750707589,505.5619915713798,52.36817983482953,4880.691445220468,0.006597643209099909,0.008420260101946917,1.4030296864959741,0.5582329317269076,1.0
2023-05-17,VOO,ensemble,,-0.0011034316397106807,-0.025483770492356218,0.023276907212934853,545.4667957744787,505.0044461372516,545.4667957744787,505.0044461372516,51.05050216648617,4995.631380602062,0.006597643209099909,0.008420260101946917,1.4030296864959741,0.5582329317269076,1.0
2023-05-18,VOO,ensemble,,-0.00016132457256381907,-0.024541663425209356,0.024219014280081715,550.8006021173297,504.9229830820086,550.8006021173297,504.9229830820086,49.81288661347124,5118.097668635948,0.006597643209099909,0.008420260101946917,1.4030296864959741,0.5582329317269076,1.0
2023-05-19,VOO,ensemble,,0.0005701980406429773,-0.02381014081200256,0.02495053689328851,549.9283338133886,505.21097127498655,549.9283338133886,505.21097127498655,48.64084339694301,5247.40336868123,0.006597643209099909,0.008420260101946917,1.4030296864959741,0.5582329317269076,1.0
2023-05-22,VOO,ensemble,,-0.000476697655226699,-0.024857036507872233,0.023903641197418838,550.2286178938078,504.9701957827008,550.2286178938078,504.9701957827008,47.44667935257871,5374.346574055027,0.006597643209099909,0.008420260101946917,1.4030296864959741,0.5582329317269076,1.0
2023-05-23,VOO,ensemble,,0.0007424746295007821,-0.023637864223144754,0.025122813482146317,544.0797111216485,505.34526256327774,544.0797111216485,505.34526256327774,46.33829274293998,5511.075598141369,0.006597643209099909,0.008420260101946917,1.4030296864959741,0.5582329317269076,1.0
2023-05-24,VOO,ensemble,,0.00025468283887511146,-0.024125656013770425,0.024635021691520646,540.0042526147063,505.4739817199438,540.0042526147063,505.4739817199438,45.23372877234299,5648.527174970265,0.006597643209099909,0.008420260101946917,1.4030296864959741,0.5582329317269076,1.0
2023-05-25,VOO,ensemble,,0.0009113694597144742,-0.023468969392931062,0.02529170831236001,544.7089068594023,505.9348652552523,544.7089068594023,505.9348652552523,44.18450009264244,5793.210002244064,0.006597643209099909,0.008420260101946917,1.4030296864959741,0.5582329317269076,1.0
2023-05-26,VOO,ensemble,,-0.0023602404122841725,-0.026740579264929707,0.022020098440361364,551.7872934497346,504.7421454467334,551.7872934497346,504.7421454467334,43.018638345654935,5922.191942551414,0.006597643209099909,0.008420260101946917,1.4030296864959741,0.5582329317269076,1.0
2023-05-30,VOO,ensemble,,-0.0004917757471773944,-0.024872114599822928,0.023888563105468143,551.9588843528313,504.4939865252952,551.9588843528313,504.4939865252952,41.96187034793924,6065.367924017801,0.006597643209099909,0.008420260101946917,1.4030296864959741,0.5582329317269076,1.0
2023-05-31,VOO,ensemble,,-0.0015811873076443123,-0.02596152616028985,0.02279915154500122,548.9559562694413,503.69691736090783,548.9559562694413,503.69691736090783,40.886495735832895,6205.241608332038,0.006597643209099909,0.008420260101946917,1.4030296864959741,0.5582329317269076,1.0
2023-06-01,VOO,ensemble,,0.0007732081317093848,-0.02360713072093615,0.02515354698435492,554.2182809492017,504.0865305199488,554.2182809492017,504.0865305199488,39.932586714205534,6363.305038820453,0.006597643209099909,0.008420260101946917,1.4030296864959741,0.5582329317269076,1.0
2023-06-02,VOO,ensemble,,-0.003397287566686309,-0.027777626419331843,0.020983051285959228,562.3548841746285,502.37690929904613,562.3548841746285,502.37690929904613,38.8386184996256,6498.237289240718,0.006597643209099909,0.008420260101946917,1.4030296864959741,0.5582329317269076,1.0
2023-06-05,VOO,ensemble,,0.0009044805789660522,-0.023475858273679484,0.025284819431611587,561.2680836022175,502.8315050123336,561.2680836022175,502.8315050123336,37.93746762743162,6664.638897777829,0.006597643209099909,0.008420260101946917,1.4030296864959741,0.5582329317269076,1.0
2023-06-06,VOO,ensemble,,0.0002834363228521168,-0.024096902529793417,0.024663775175497653,562.4263658377191,502.97404592481024,562.4263658377191,502.97404592481024,37.03421862570791,6831.057877331869,0.006597643209099909,0.008420260101946917,1.4030296864959741,0.5582329317269076,1.0
2023-06-07,VOO,ensemble,,-0.0016138071403800156,-0.02599414599302555,0.02276653171226552,560.5816763502318,502.16299743201813,560.5816763502318,502.16299743201813,36.08394995834556,6988.361204386018,0.006597643209099909,0.008420260101946917,1.4030296864959741,0.5582329317269076,1.0
2023-06-08,VOO,ensemble,,0.0008192014515837489,-0.023561137401061787,0.025199540304229284,563.9421436678718,502.57453863300555,563.9421436678718,502.57453863300555,35.24370844795858,7166.702313836902,0.006597643209099909,0.008420260101946917,1.4030296864959741,0.5582329317269076,1.0
2023-06-09,VOO,ensemble,,-0.0004042896446642412,-0.024784628497309776,0.023976049207981295,564.8859372745027,502.3713940187633,564.8859372745027,502.3713940187633,34.380942063766106,7340.607975787084,0.006597643209099909,0.008420260101946917,1.4030296864959741,0.5582329317269076,1.0
2023-06-12,VOO,ensemble,,0.0011228862833993101,-0.023257452569246224,0.025503225136044846,570.0767802911724,502.9358167982722,570.0767802911724,502.9358167982722,33.59055574750438,7530.224796514044,0.006597643209099909,0.008420260101946917,1.4030296864959741,0.5582329317269076,1.0
2023-06-13,VOO,ensemble,,-0.00017585449350334819,-0.024556193346148884,0.024204484359142187,573.8376409292378,502.8473810510841,573.8376409292378,502.8473810510841,32.77574483737594,7714.713727621809,0.006597643209099909,0.008420260101946917,1.4030296864959741,0.5582329317269076,1.0
2023-06-14,VOO,ensemble,,-0.0009368113503356837,-0.02531715020298122,0.023443527502309852,574.2809319754372,502.3765285014709,574.2809319754372,502.3765285014709,31.956372236738975,7897.710494779974,0.006597643209099909,0.008420260101946917,1.4030296864959741,0.5582329317269076,1.0
2023-06-15,VOO,ensemble,,-0.00021149951594178222,-0.024591838368587318,0.024168839336703753,581.64533249733,502.27028734424505,581.64533249733,502.27028734424505,31.18009051468605,8090.914342600978,0.006597643209099909,0.008420260101946917,1.4030296864959741,0.5582329317269076,1.0
2023-06-16,VOO,ensemble,,-0.0014462756774652357,-0.025826614530110772,0.0229340631751803,579.5003589294234,501.5443910937219,579.5003589294234,501.5443910937219,30.38512416796673,8278.61603747412,0.006597643209099909,0.008420260101946917,1.4030296864959741,0.5582329317269076,1.0
2023-06-20,VOO,ensemble,,-0.0005897192121178338,-0.024970058064763368,0.023790619640527703,576.8262988637691,501.248707924156,576.8262988637691,501.248707924156,29.635800119153046,8477.930954638112,0.006597643209099909,0.008420260101946917,1.4030296864959741,0.5582329317269076,1.0
2023-06-21,VOO,ensemble,,-0.0005286892615701241,-0.02490902811421566,0.02385164959107541,573.6660500261411,500.98377315515535,573.6660500261411,500.98377315515535,28.90671918624592,8682.574433566178,0.006597643209099909,0.008420260101946917,1.4030296864959741,0.5582329317269076,1.0
2023-06-22,VOO,ensemble,,-0.0008911957708493569,-0.025271534623494893,0.023489143081796178,575.7538120798157,500.53749742431444,575.7538120798157,500.53749742431444,28.185355407534566,8888.934792740662,0.006597643209099909,0.008420260101946917,1.4030296864959741,0.5582329317269076,1.0
2023-06-23,VOO,ensemble,,-0.0009838080771781461,-0.02536414692982368,0.02339653077546739,571.4352373670871,500.0453067417008,571.4352373670871,500.0453067417008,27.47944812419254,9099.357005436532,0.006597643209099909,0.008420260101946917,1.4030296864959741,0.5582329317269076,1.0
2023-06-26,VOO,ensemble,,0.0007594016768951807,-0.023620937175750353,0.025139740529540718,569.0757751703097,500.42518620845993,569.0757751703097,500.42518620845993,26.837963862150207,9331.01215420251,0.006597643209099909,0.008420260101946917,1.4030296864959741,0.5582329317269076,1.0
2023-06-27,VOO,ensemble,,-0.0009106036025045687,-0.025290942455150105,0.023469735250140965,575.382002696707,499.9697046441649,575.382002696707,499.9697046441649,26.167717765737333,9552.598656091839,0.006597643209099909,0.008420260101946917,1.4030296864959741,0.5582329317269076,1.0
2023-06-28,VOO,ensemble,,-0.001653645883222792,-0.026033984735868328,0.022726692969422743,575.6393890513519,499.14361501844655,575.6393890513519,499.14361501844655,25.495259169764168,9772.183399067102,0.006597643209099909,0.008420260101946917,1.4030296864959741,0.5582329317269076,1.0
2023-06-29,VOO,ensemble,,-0.0005920892776439124,-0.024972428130289447,0.023788249575001624,575.582221176719,498.84816491104135,575.582221176719,498.84816491104135,24.866464583472133,10007.433537637457,0.006597643209099909,0.008420260101946917,1.4030296864959741,0.5582329317269076,1.0
2023-06-30,VOO,ensemble,,-0.001053074096687281,-0.025433412949332816,0.023327264755958255,582.4032214124062,498.32311733591564,582.4032214124062,498.32311733591564,24.242000311289328,10243.62371432446,0.006597643209099909,0.008420260101946917,1.4030296864959741,0.5582329317269076,1.0
2023-07-03,VOO,ensemble,,9.505867716448385e-05,-0.024285280175481053,0.024475397529810018,583.5186059221336,498.3704895237832,583.5186059221336,498.3704895237832,23.660367683125518,10497.433858786293,0.006597643209099909,0.008420260101946917,1.4030296864959741,0.5582329317269076,1.0
2023-07-05,VOO,ensemble,,0.00022715230505708164,-0.024153186547588454,0.024607491157702617,582.2173167208517,498.48370838772706,582.2173167208517,498.48370838772706,23.09574062888483,10758.953848711371,0.006597643209099909,0.008420260101946917,1.4030296864959741,0.5582329317269076,1.0
2023-07-06,VOO,ensemble,,-0.0007949259970839403,-0.025175264849729477,0.023585412855561594,577.4697647503815,498.08760818483944,577.4697647503815,498.08760818483944,22.521557177726237,11015.724333335853,0.006597643209099909,0.008420260101946917,1.4030296864959741,0.5582329317269076,1.0
2023-07-07,VOO,ensemble,,0.0002785840676839085,-0.024101754784961626,0.024658922920329444,576.1256214629244,498.22638678664663,576.1256214629244,498.22638678664663,21.985237217202595,11290.737054055837,0.006597643209099909,0.008420260101946917,1.4030296864959741,0.5582329317269076,1.0
2023-07-10,VOO,ensemble,,0.0008811805803215322,-0.023499158272324003,0.025261519432967068,577.6699832303937,498.6656076913322,577.6699832303937,498.6656076913322,21.474625616463477,11579.591315600155,0.006597643209099909,0.008420260101946917,1.4030296864959741,0.5582329317269076,1.0
2023-07-11,VOO,ensemble,,-0.0005960858614991962,-0.02497642471414473,0.02378425299114634,581.3736323542271,498.3684487478927,581.3736323542271,498.3684487478927,20.944908997230712,11858.304599949302,0.006597643209099909,0.008420260101946917,1.4030296864959741,0.5582329317269076,1.0
2023-07-12,VOO,ensemble,,0.0011580494247902292,-0.023222289427855307,0.025538388277435764,585.9495934216008,498.9459183479319,585.9495934216008,498.9459183479319,20.464124324921045,12165.046765909989,0.006597643209099909,0.008420260101946917,1.4030296864959741,0.5582329317269076,1.0
2023-07-13,VOO,ensemble,,-0.002194043189560204,-0.02657438204220574,0.02218629566308533,590.7257293293875,497.85240949531055,590.7257293293875,497.85240949531055,19.927465141950712,12437.960366494613,0.006597643209099909,0.008420260101946917,1.4030296864959741,0.5582329317269076,1.0
2023-07-14,VOO,ensemble,,-0.0006654915412246019,-0.025045830393870136,0.023714847311420935,590.2538107062727,497.52120314774817,590.2538107062727,497.52120314774817,19.434563560430213,12736.450026876912,0.006597643209099909,0.008420260101946917,1.4030296864959741,0.5582329317269076,1.0
2023-07-17,VOO,ensemble,,-0.0001828926056038919,-0.024563231458249426,0.024197446247041645,592.3129888226309,497.4302185190228,592.3129888226309,497.4302185190228,18.963003111156286,13048.398549822028,0.006597643209099909,0.008420260101946917,1.4030296864959741,0.5582329317269076,1.0
2023-07-18,VOO,ensemble,,-0.0007143427475113188,-0.025094681600156855,0.023665996105134215,596.8031544384561,497.07500973554477,596.8031544384561,497.07500973554477,18.493053861309377,13360.884965599564,0.006597643209099909,0.008420260101946917,1.4030296864959741,0.5582329317269076,1.0
2023-07-19,VOO,ensemble,,-0.0031178275142218267,-0.02749816636686736,0.02126251133842371,598.0901298512803,495.5276290800381,598.0901298512803,495.5276290800381,17.991456894466506,13648.012644112467,0.006597643209099909,0.008420260101946917,1.4030296864959741,0.5582329317269076,1.0
2023-07-20,VOO,ensemble,,-0.0015098572191589305,-0.025890196071804466,0.022870481633486605,594.1862622474347,494.7800176472639,594.1862622474347,494.7800176472639,17.531632701915598,13963.7459913404,0.006597643209099909,0.008420260101946917,1.4030296864959741,0.5582329317269076,1.0
2023-07-21,VOO,ensemble,,-0.0008623016002754191,-0.025242640452920954,0.023518037252370116,594.2577875501244,494.35355194371704,594.2577875501244,494.35355194371704,17.09462679697125,14296.038001991825,0.006597643209099909,0.008420260101946917,1.4030296864959741,0.5582329317269076,1.0
2023-07-24,VOO,ensemble,,-0.001694879667635087,-0.02607521852028062,0.02268545918501045,596.7745268615408,493.51639180315817,596.7745268615408,493.51639180315817,16.654641947416312,14624.05674930717,0.006597643209099909,0.008420260101946917,1.4030296864959741,0.5582329317269076,1.0
2023-07-25,VOO,ensemble,,2.87726831247126e-05,-0.024351566169520823,0.02440911153577025,598.5334208974799,493.5305917982013,598.5334208974799,493.5305917982013,16.25397358256196,14985.409186464934,0.006597643209099909,0.008420260101946917,1.4030296864959741,0.5582329317269076,1.0
2023-07-26,VOO,ensemble,,-0.001520876860597722,-0.025901215713243258,0.022859461992047813,598.6764278632602,492.7805630364048,598.6764278632602,492.7805630364048,15.838381312989565,15331.912934014337,0.006597643209099909,0.008420260101946917,1.4030296864959741,0.5582329317269076,1.0
2023-07-27,VOO,ensemble,,-0.0009648697795025178,-0.025345208632148054,0.023415469073143017,594.6152831447756,492.3053232723176,594.6152831447756,492.3053232723176,15.441998653600548,15695.152988874892,0.006597643209099909,0.008420260101946917,1.4030296864959741,0.5582329317269076,1.0
2023-07-28,VOO,ensemble,,-0.0009561502266848185,-0.025336489079330355,0.023424188625960716,600.4066943222838,491.83483039265406,600.4066943222838,491.83483039265406,15.055667428279305,16067.138938855862,0.006597643209099909,0.008420260101946917,1.4030296864959741,0.5582329317269076,1.0
2023-07-31,VOO,ensemble,,-0.001911349834227335,-0.02629168868687287,0.0224689890184182,601.5649765577855,490.8956597988146,601.5649765577855,490.8956597988146,14.664986838172215,16432.237646614052,0.006597643209099909,0.008420260101946917,1.4030296864959741,0.5582329317269076,1.0
2023-08-01,VOO,ensemble,,-0.001223597796331977,-0.02560393664897751,0.02315674105631356,599.7060169214393,490.2953682838392,599.7060169214393,490.2953682838392,14.29427158118865,16817.194691958925,0.006597643209099909,0.008420260101946917,1.4030296864959741,0.5582329317269076,1.0
2023-08-02,VOO,ensemble,,-0.0016134257548428097,-0.025993764607488347,0.022766913097802724,591.3978227929158,489.50495092049954,591.3978227929158,489.50495092049954,13.927497225090393,17204.462015186295,0.006597643209099909,0.008420260101946917,1.4030296864959741,0.5582329317269076,1.0
2023-08-03,VOO,ensemble,,-0.001382789823896266,-0.0257631286765418,0.02299754902874927,589.7247242085251,488.82853623307454,589.7247242085251,488.82853623307454,13.573263993085298,17604.707162367216,0.006597643209099909,0.008420260101946917,1.4030296864959741,0.5582329317269076,1.0
2023-08-04,VOO,ensemble,,-0.0014689336481832677,-0.0258492725008288,0.02291140520446227,586.8361755139999,488.11100667868436,586.8361755139999,488.11100667868436,13.22690089643791,18012.711874558692,0.006597643209099909,0.008420260101946917,1.4030296864959741,0.5582329317269076,1.0
2023-08-07,VOO,ensemble,,-0.0001241363651688794,-0.024504475217814414,0.024256202487476657,592.1270841310767,488.0504181132163,592.1270841310767,488.0504181132163,12.9067215657774,18454.973976665147,0.006597643209099909,0.008420260101946917,1.4030296864959741,0.5582329317269076,1.0
2023-08-08,VOO,ensemble,,-0.0007534033782508393,-0.025133742230896376,0.023626935474394695,589.5674470938861,487.6828577574461,589.5674470938861,487.6828577574461,12.586370033114303,18896.200344081284,0.006597643209099909,0.008420260101946917,1.4030296864959741,0.5582329317269076,1.0
2023-08-09,VOO,ensemble,,-0.0007193771280246543,-0.02509971598067019,0.023660961724620882,585.6492657015829,487.3321560223732,585.6492657015829,487.3321560223732,12.274387436146588,19348.634017696648,0.006597643209099909,0.008420260101946917,1.4030296864959741,0.5582329317269076,1.0
2023-08-10,VOO,ensemble,,-0.0008348891029003633,-0.0252152279555459,0.023545449749745172,585.9924911473752,486.92545751351753,585.9924911473752,486.92545751351753,11.968755442550817,19809.611977852994,0.006597643209099909,0.008420260101946917,1.4030296864959741,0.5582329317269076,1.0
2023-08-11,VOO,ensemble,,-0.0005546510088308344,-0.02493498986147637,0.0238256878438147,585.4490908611697,486.6554587017607,585.4490908611697,486.6554587017607,11.67400472175846,20287.25712632283,0.006597643209099909,0.008420260101946917,1.4030296864959741,0.5582329317269076,1.0
2023-08-14,VOO,ensemble,,1.0912801948300091e-05,-0.024369426050697234,0.024391251654593837,588.7523466645779,486.66076950537644,588.7523466645779,486.66076950537644,11.392954353840505,20788.172867183264,0.006597643209099909,0.008420260101946917,1.4030296864959741,0.5582329317269076,1.0
2023-08-15,VOO,ensemble,,-0.0008882262693726075,-0.025268565122018142,0.02349211258327293,582.0028280919812,486.2286965433131,582.0028280919812,486.2286965433131,11.108677504602603,21282.31243046301,0.006597643209099909,0.008420260101946917,1.4030296864959741,0.5582329317269076,1.0
2023-08-16,VOO,ensemble,,-0.0004096858542619175,-0.024790024706907453,0.023970652998383617,577.6985671677104,486.0295363237511,577.6985671677104,486.0295363237511,10.836678475628334,21798.62683112255,0.006597643209099909,0.008420260101946917,1.4030296864959741,0.5582329317269076,1.0
2023-08-17,VOO,ensemble,,-0.0011388118380014597,-0.025519150690646995,0.023241527014644076,573.0225404999297,485.47635517857026,573.0225404999297,485.47635517857026,10.56363438886745,22311.193549622403,0.006597643209099909,0.008420260101946917,1.4030296864959741,0.5582329317269076,1.0
2023-08-18,VOO,ensemble,,0.00027251204819820805,-0.024107826804447327,0.024652850900843744,573.5516269976774,485.60867136253006,573.5516269976774,485.60867136253006,10.31201332556512,22868.06409742087,0.006597643209099909,0.008420260101946917,1.4030296864959741,0.5582329317269076,1.0
2023-08-21,VOO,ensemble,,-0.0005741430040098543,-0.02495448185665539,0.02380619584863568,577.3410715730593,485.32994256393226,577.3410715730593,485.32994256393226,10.05786661438691,23418.99750511529,0.006597643209099909,0.008420260101946917,1.4030296864959741,0.5582329317269076,1.0
2023-08-22,VOO,ensemble,,-0.0014322241406104807,-0.025812562993256016,0.022948114712035055,575.7251845029004,484.6353388368789,575.7251845029004,484.6353388368789,9.801569373659605,23962.633196345192,0.006597643209099909,0.008420260101946917,1.4030296864959741,0.5582329317269076,1.0
2023-08-23,VOO,ensemble,,-0.00035186279932596863,-0.024732201651971503,0.024028476053319568,581.9313464288905,484.4648436871128,581.9313464288905,484.4648436871128,9.562128142835865,24545.39212012388,0.006597643209099909,0.008420260101946917,1.4030296864959741,0.5582329317269076,1.0
2023-08-24,VOO,ensemble,,-0.0010162538781229647,-0.0253965927307685,0.02336408497452257,574.195136523889,483.97275449702676,574.195136523889,483.97275449702676,9.32234045210305,25125.624653903138,0.006597643209099909,0.008420260101946917,1.4030296864959741,0.5582329317269076,1.0
2023-08-25,VOO,ensemble,,-0.002094331184836684,-0.02647467003748222,0.02228600766780885,577.9988948877285,482.960215930322,577.9988948877285,482.960215930322,9.078772975316127,25691.860651834504,0.006597643209099909,0.008420260101946917,1.4030296864959741,0.5582329317269076,1.0
2023-08-28,VOO,ensemble,,-0.0015373067431927224,-0.025917645595838257,0.022843032109452814,581.802609611969,482.21832833418995,581.802609611969,482.21832833418995,8.84649559831731,26285.495041183378,0.006597643209099909,0.008420260101946917,1.4030296864959741,0.5582329317269076,1.0
2023-08-29,VOO,ensemble,,0.00042418505341464987,-0.023956153799230887,0.024804523906060184,590.0679496543173,482.4229215311723,590.0679496543173,482.4229215311723,8.637085929174914,26945.647771377866,0.006597643209099909,0.008420260101946917,1.4030296864959741,0.5582329317269076,1.0
2023-08-30,VOO,ensemble,,-0.0003898357814109065,-0.024770174634056442,0.02399050307123463,592.5274774515019,482.23489246719646,592.5274774515019,482.23489246719646,8.425771751334526,27599.904005946435,0.006597643209099909,0.008420260101946917,1.4030296864959741,0.5582329317269076,1.0
2023-08-31,VOO,ensemble,,-0.00023632470909458594,-0.02461666356174012,0.02414401414355095,591.7695885364255,482.12094191171514,591.7695885364255,482.12094191171514,8.220889468113294,28274.38606630293,0.006597643209099909,0.008420260101946917,1.4030296864959741,0.5582329317269076,1.0
2023-09-01,VOO,ensemble,,-0.0004942693072128129,-0.024874608159858348,0.023886069545432723,593.0279800119333,481.8827032096529,593.0279800119333,481.8827032096529,8.018920428090087,28957.880519578754,0.006597643209099909,0.008420260101946917,1.4030296864959741,0.5582329317269076,1.0
2023-09-05,VOO,ensemble,,-0.0005737079569942389,-0.024954046809639776,0.023806630895651295,590.4397153978273,481.60632255695407,590.4397153978273,481.60632255695407,7.8212919823441025,29655.541622845405,0.006597643209099909,0.008420260101946917,1.4030296864959741,0.5582329317269076,1.0
2023-09-06,VOO,ensemble,,-0.00033319376638753115,-0.024713532619033068,0.024047145086258003,586.364256890885,481.4458810629624,586.364256890885,481.4458810629624,7.630369134051838,30377.316263519733,0.006597643209099909,0.008420260101946917,1.4030296864959741,0.5582329317269076,1.0
2023-09-07,VOO,ensemble,,0.001240019603131633,-0.023140319249513902,0.02562035845577717,584.6196766434037,482.04325369366796,584.6196766434037,482.04325369366796,7.455827222565915,31165.649564450236,0.006597643209099909,0.008420260101946917,1.4030296864959741,0.5582329317269076,1.0
2023-09-08,VOO,ensemble,,-0.0014659851217770235,-0.025846323974422557,0.022914353730868513,585.4205069238532,481.337103185236,585.4205069238532,481.337103185236,7.265590546295877,31888.035174356395,0.006597643209099909,0.008420260101946917,1.4030296864959741,0.5582329317269076,1.0
2023-09-11,VOO,ensemble,,-0.002204585462250769,-0.026584924314896306,0.022175753390394765,589.267119373868,480.27712324260705,589.267119373868,480.27712324260705,7.074980277453635,32603.07535347836,0.006597643209099909,0.008420260101946917,1.4030296864959741,0.5582329317269076,1.0
2023-09-12,VOO,ensemble,,-0.0019425367535438603,-0.026322875606189396,0.022437802099101675,586.10687053624,479.34507284298775,586.10687053624,479.34507284298775,6.891176190686402,33342.885525027086,0.006597643209099909,0.008420260101946917,1.4030296864959741,0.5582329317269076,1.0
2023-09-13,VOO,ensemble,,-0.0016884759743266765,-0.026068814826972212,0.02269186287831886,586.7932777882257,478.5363931143524,586.7932777882257,478.5363931143524,6.713852742750283,34108.1474838971,0.006597643209099909,0.008420260101946917,1.4030296864959741,0.5582329317269076,1.0
2023-09-14,VOO,ensemble,,0.0005945106104231111,-0.023785828242222425,0.024974849463068646,591.8696977764317,478.8209726619309,591.8696977764317,478.8209726619309,6.5560424589529465,34970.71980487653,0.006597643209099909,0.008420260101946917,1.4030296864959741,0.5582329317269076,1.0
2023-09-15,VOO,ensemble,,-0.0021814809509806,-0.026561819803626135,0.022198857901664936,584.4909834660813,477.77757232390263,584.4909834660813,477.77757232390263,6.384194442107864,35755.71055764295,0.006597643209099909,0.008420260101946917,1.4030296864959741,0.5582329317269076,1.0
2023-09-18,VOO,ensemble,,-0.00028774455299660157,-0.02466808340564214,0.024092594299648933,585.1344929922928,477.6401142072831,585.1344929922928,477.6401142072831,6.2286351640129975,36627.61948525486,0.006597643209099909,0.008420260101946917,1.4030296864959741,0.5582329317269076,1.0
2023-09-19,VOO,ensemble,,0.0008221243295434564,-0.02355821452310208,0.02520246318218899,583.9618969683335,478.0329552258919,583.9618969683335,478.0329552258919,6.083614560886028,37562.45633167099,0.006597643209099909,0.008420260101946917,1.4030296864959741,0.5582329317269076,1.0
2023-09-20,VOO,ensemble,,-0.0001696327041405035,-0.024549971556786038,0.024210706148505033,578.4993538085611,477.9518720803997,578.4993538085611,477.9518720803997,5.936080386193068,38482.96808050142,0.006597643209099909,0.008420260101946917,1.4030296864959741,0.5582329317269076,1.0
2023-09-21,VOO,ensemble,,0.0006190474044660353,-0.0237612914481795,0.02499938625711157,569.0186072956772,478.24783854545507,569.0186072956772,478.24783854545507,5.796694008306764,39457.144839047585,0.006597643209099909,0.008420260101946917,1.4030296864959741,0.5582329317269076,1.0
2023-09-22,VOO,ensemble,,0.0012432260978117063,-0.02313711275483383,0.025623564950457242,567.6457927917057,478.842778485358,567.6457927917057,478.842778485358,5.6641149085878775,40481.24203128882,0.006597643209099909,0.008420260101946917,1.4030296864959741,0.5582329317269076,1.0
2023-09-25,VOO,ensemble,,-0.000948664081210713,-0.02532900293385625,0.023431674771434822,570.0052549884831,478.38873294326237,570.0052549884831,478.38873294326237,5.522450211975517,41440.985617359176,0.006597643209099909,0.008420260101946917,1.4030296864959741,0.5582329317269076,1.0
2023-09-26,VOO,ensemble,,7.99032642335386e-05,-0.024300435588412,0.024460242116879072,561.6398929853267,478.42695929178177,561.6398929853267,478.42695929178177,5.389869672861266,42467.14100151329,0.006597643209099909,0.008420260101946917,1.4030296864959741,0.5582329317269076,1.0
2023-09-27,VOO,ensemble,,-0.00027114480428597464,-0.02465148365693151,0.02410919404835956,561.7685861626493,478.2972538928066,561.7685861626493,478.2972538928066,5.258625714157148,43503.431412795726,0.006597643209099909,0.008420260101946917,1.4030296864959741,0.5582329317269076,1.0
2023-09-28,VOO,ensemble,,-0.0017189531954671699,-0.026099292048112704,0.022661385657178366,562.8982844608345,477.4757895315107,562.8982844608345,477.4757895315107,5.123154842629856,44500.53464940932,0.006597643209099909,0.008420260101946917,1.4030296864959741,0.5582329317269076,1.0
2023-09-29,VOO,ensemble,,-0.000832436601536098,-0.025212775454181633,0.023547902251109438,561.5540975337784,477.0784865956528,561.5540975337784,477.0784865956528,4.995600644584871,45560.86416137286,0.006597643209099909,0.008420260101946917,1.4030296864959741,0.5582329317269076,1.0
2023-10-02,VOO,ensemble,,-0.0003580988254573019,-0.024738437678102836,0.024022240027188235,561.5111998080042,476.9076759353257,561.5111998080042,476.9076759353257,4.873533391211912,46668.589934391515,0.006597643209099909,0.008420260101946917,1.4030296864959741,0.5582329317269076,1.0
2023-10-03,VOO,ensemble,,-0.0002745127627686165,-0.024654851615414152,0.02410582608987692,553.9608945945571,476.7767766592021,553.9608945945571,476.7767766592021,4.7548462673744964,47807.24380539359,0.006597643209099909,0.008420260101946917,1.4030296864959741,0.5582329317269076,1.0
2023-10-04,VOO,ensemble,,-0.001006017179172632,-0.02538635603181817,0.023374321673472902,558.0363094619005,476.29737221623765,558.0363094619005,476.29737221623765,4.6356573345394985,48937.86801060627,0.006597643209099909,0.008420260101946917,1.4030296864959741,0.5582329317269076,1.0
2023-10-05,VOO,ensemble,,-2.4072281098134552e-05,-0.02440441113374367,0.0243562665715474,557.5644344783846,476.2859067900074,557.5644344783846,476.2859067900074,4.523896127095873,50144.44598939212,0.006597643209099909,0.008420260101946917,1.4030296864959741,0.5582329317269076,1.0
2023-10-06,VOO,ensemble,,-0.0019096917020370756,-0.02629003055468261,0.02247064715060846,564.2138438109752,475.3772154822989,564.2138438109752,475.3772154822989,4.406512529750594,51283.97921802668,0.006597643209099909,0.008420260101946917,1.4030296864959741,0.5582329317269076,1.0
2023-10-09,VOO,ensemble,,-0.0022117837479391643,-0.0265921226005847,0.02216855510470637,567.9747044490406,474.3269457958251,567.9747044490406,474.3269457958251,4.290878302158418,52433.566198981156,0.006597643209099909,0.008420260101946917,1.4030296864959741,0.5582329317269076,1.0
2023-10-10,VOO,ensemble,,-0.0022110191941411552,-0.02659135804678669,0.02216931965850438,570.9061508693401,473.2793583591074,570.9061508693401,473.2793583591074,4.178281703800821,53608.96342748981,0.006597643209099909,0.008420260101946917,1.4030296864959741,0.5582329317269076,1.0
2023-10-11,VOO,ensemble,,-0.0005516129269216066,-0.02493195177956714,0.02382872592572393,573.3228245803494,473.01836333772303,573.3228245803494,473.01836333772303,4.075396875033003,54901.738141241985,0.006597643209099909,0.008420260101946917,1.4030296864959741,0.5582329317269076,1.0
2023-10-12,VOO,ensemble,,-0.001755874035564944,-0.02613621288821048,0.02262446481708059,569.8765618111611,472.18853142854863,569.8765618111611,472.18853142854863,3.970261341828488,56158.018330844905,0.006597643209099909,0.008420260101946917,1.4030296864959741,0.5582329317269076,1.0
2023-10-13,VOO,ensemble,,-0.001659551776672233,-0.026039890629317768,0.022720787075973303,566.8736337277711,471.4055599828183,566.8736337277711,471.4055599828183,3.868210631826466,57448.57846010994,0.006597643209099909,0.008420260101946917,1.4030296864959741,0.5582329317269076,1.0
2023-10-16,VOO,ensemble,,0.0003089636508046687,-0.024071375201840866,0.024689302503450205,572.8080518710595,471.55122966780027,572.8080518710595,471.55122966780027,3.776209224871148,58884.59800815236,0.006597643209099909,0.008420260101946917,1.4030296864959741,0.5582329317269076,1.0
2023-10-17,VOO,ensemble,,-0.0008287755376396714,-0.025209114390285208,0.023551563315005863,572.8223220199183,471.160581446113,572.8223220199183,471.160581446113,3.682204204507677,60287.88225185357,0.006597643209099909,0.008420260101946917,1.4030296864959741,0.5582329317269076,1.0
2023-10-18,VOO,ensemble,,-0.0011284423893294054,-0.02550878124197494,0.02325189646331613,565.1576374176063,470.6292037447768,565.1576374176063,470.6292037447768,3.589463542389509,61706.11424290857,0.006597643209099909,0.008420260101946917,1.4030296864959741,0.5582329317269076,1.0
2023-10-19,VOO,ensemble,,-4.22278678442731e-05,-0.02442256672048981,0.02433811098480126,560.3671877213619,470.6093304965628,560.3671877213619,470.6093304965628,3.5028614566696676,63226.34928330495,0.006597643209099909,0.008420260101946917,1.4030296864959741,0.5582329317269076,1.0
2023-10-20,VOO,ensemble,,-0.0009480736723008058,-0.02532841252494634,0.02343226518034473,553.3888667314368,470.163369615669,553.3888667314368,470.163369615669,3.4152537028641476,64725.380121241615,0.006597643209099909,0.008420260101946917,1.4030296864959741,0.5582329317269076,1.0
2023-10-23,VOO,ensemble,,0.0006194106264283186,-0.023760928226217216,0.024999749479073855,552.4164891874896,470.45468401526966,552.4164891874896,470.45468401526966,3.3350606088588637,66363.89429445397,0.006597643209099909,0.008420260101946917,1.4030296864959741,0.5582329317269076,1.0
2023-10-24,VOO,ensemble,,-0.0013936349966364218,-0.025773973849281956,0.022986703856009115,556.5491592086637,469.7994985540313,556.5491592086637,469.7994985540313,3.250201124615776,67907.04955765174,0.006597643209099909,0.008420260101946917,1.4030296864959741,0.5582329317269076,1.0
2023-10-25,VOO,ensemble,,-0.0013490764538752506,-0.025729415306520786,0.023031262398770284,548.6985262751984,469.1661304395558,548.6985262751984,469.1661304395558,3.167642003488835,69489.18397634255,0.006597643209099909,0.008420260101946917,1.4030296864959741,0.5582329317269076,1.0
2023-10-26,VOO,ensemble,,-0.0006203405814418741,-0.02500067943408741,0.02375999827120366,541.9633214910596,468.8751779035692,541.9633214910596,468.8751779035692,3.089430544694811,71160.01776820024,0.006597643209099909,0.008420260101946917,1.4030296864959741,0.5582329317269076,1.0
2023-10-27,VOO,ensemble,,-0.0004843063977678379,-0.024864645250413372,0.0238960324548777,539.5609615685079,468.6481536342464,539.5609615685079,468.6481536342464,3.0135601048329606,72880.93957461051,0.006597643209099909,0.008420260101946917,1.4030296864959741,0.5582329317269076,1.0
2023-10-30,VOO,ensemble,,-0.00028441175619226965,-0.024664750608837806,0.024095927096453265,546.0530501468605,468.51488354252376,546.0530501468605,468.51488354252376,2.9401405558621083,74658.40218529984,0.006597643209099909,0.008420260101946917,1.4030296864959741,0.5582329317269076,1.0
2023-10-31,VOO,ensemble,,-0.0010908531098049693,-0.025471191962450505,0.023289485742840565,549.3563495898676,468.00408128059235,549.3563495898676,468.00408128059235,2.866197379491568,76417.56344573315,0.006597643209099909,0.008420260101946917,1.4030296864959741,0.5582329317269076,1.0
2023-11-01,VOO,ensemble,,-0.0012740719510111443,-0.02565441080365668,0.023106266901634392,555.4051471220207,467.40819009240556,555.4051471220207,467.40819009240556,2.7936019524335554,78203.84574657981,0.006597643209099909,0.008420260101946917,1.4030296864959741,0.5582329317269076,1.0
2023-11-02,VOO,ensemble,,-0.0017035075499858955,-0.026083846402631432,0.02267683130265964,565.9584240584569,466.6126345215064,565.9584240584569,466.6126345215064,2.721676196330078,79997.52174365385,0.006597643209099909,0.008420260101946917,1.4030296864959741,0.5582329317269076,1.0
2023-11-03,VOO,ensemble,,-0.002037191839885536,-0.026417530692531072,0.02234314701276,571.1921648009007,465.66302266924924,571.1921648009007,465.66302266924924,2.6507176335835583,81805.03571340725,0.006597643209099909,0.008420260101946917,1.4030296864959741,0.5582329317269076,1.0
2023-11-06,VOO,ensemble,,-1.628151463680869e-05,-0.024396620367282344,0.024364057338008727,572.2932355221704,465.6554410316503,572.2932355221704,465.6554410316503,2.5868315526992176,83822.61672049147,0.006597643209099909,0.008420260101946917,1.4030296864959741,0.5582329317269076,1.0
2023-11-07,VOO,ensemble,,0.00021569558331371017,-0.024164643269331824,0.024596034435959247,573.9091225923293,465.75589168661867,573.9091225923293,465.75589168661867,2.5250709082955343,85909.8847197235,0.006597643209099909,0.008420260101946917,1.4030296864959741,0.5582329317269076,1.0
2023-11-08,VOO,ensemble,,-0.0013221964277677146,-0.02570253528041325,0.02305814242487782,574.381041215444,465.14047784906336,574.381041215444,465.14047784906336,2.4609971406567346,87913.82182423769,0.006597643209099909,0.008420260101946917,1.4030296864959741,0.5582329317269076,1.0
2023-11-09,VOO,ensemble,,-0.0007018563054357563,-0.025082195158081293,0.023678482547209778,570.0481963538567,464.8141306096021,570.0481963538567,464.8141306096021,2.4000376251762936,90020.32874317536,0.006597643209099909,0.008420260101946917,1.4030296864959741,0.5582329317269076,1.0
2023-11-10,VOO,ensemble,,-0.000691478350492019,-0.025071817203137555,0.023688860502153516,578.9426448547609,464.4928327993249,578.9426448547609,464.4928327993249,2.340612382804172,92178.26638320074,0.006597643209099909,0.008420260101946917,1.4030296864959741,0.5582329317269076,1.0
2023-11-13,VOO,ensemble,,-0.0009134040180526874,-0.025293742870698223,0.023466934834592848,578.3563904823802,464.06875688529533,578.3563904823802,464.06875688529533,2.2821519928201828,94366.98861188944,0.006597643209099909,0.008420260101946917,1.4030296864959741,0.5582329317269076,1.0
2023-11-14,VOO,ensemble,,-0.0008585129778386732,-0.02523885183048421,0.023521825874806862,589.4673378538806,463.67051880563963,589.4673378538806,463.67051880563963,2.2252738851307337,96612.98388753619,0.006597643209099909,0.008420260101946917,1.4030296864959741,0.5582329317269076,1.0
2023-11-15,VOO,ensemble,,-0.0007141838058984977,-0.025094522658544033,0.023666155046747038,590.7543132667047,463.33949105123713,590.7543132667047,463.33949105123713,2.1701265413209003,98926.71228146298,0.006597643209099909,0.008420260101946917,1.4030296864959741,0.5582329317269076,1.0
2023-11-16,VOO,ensemble,,-0.0018892034476741713,-0.026269542300319706,0.022491135404971364,591.5837274844706,462.4649748169442,591.5837274844706,462.4649748169442,2.1138605864590843,101176.89610301846,0.006597643209099909,0.008420260101946917,1.4030296864959741,0.5582329317269076,1.0
2023-11-17,VOO,ensemble,,-0.0010739505733497537,-0.02545428942599529,0.023306388279295782,592.4559957884118,461.96857689321365,592.4559957884118,461.96857689321365,2.060732800820284,103562.65788159912,0.006597643209099909,0.008420260101946917,1.4030296864959741,0.5582329317269076,1.0
2023-11-20,VOO,ensemble,,-0.0012058957293135482,-0.025586234581959084,0.023174443123331986,596.9175338273217,461.4118267180585,596.9175338273217,461.4118267180585,2.008675226571035,105990.69029129886,0.006597643209099909,0.008420260101946917,1.4030296864959741,0.5582329317269076,1.0
2023-11-21,VOO,ensemble,,-0.0015617654049314045,-0.02594210425757694,0.02281857344771413,595.3588582713948,460.69177211420674,595.3588582713948,460.69177211420674,1.9572360692311064,108437.0517334193,0.006597643209099909,0.008420260101946917,1.4030296864959741,0.5582329317269076,1.0
2023-11-22,VOO,ensemble,,-0.0005908693717567413,-0.024971208224402276,0.023789469480888795,597.932852736642,460.4196438602866,597.932852736642,460.4196438602866,1.9089667002501,111047.64081251898,0.006597643209099909,0.008420260101946917,1.4030296864959741,0.5582329317269076,1.0
2023-11-24,VOO,ensemble,,0.00011777551661596282,-0.024262563336029573,0.024498114369261498,598.2617207543777,460.47387321508484,598.2617207543777,460.47387321508484,1.8632076356154323,113801.69545283359,0.006597643209099909,0.008420260101946917,1.4030296864959741,0.5582329317269076,1.0
2023-11-27,VOO,ensemble,,-0.0011491363901812246,-0.02552947524282676,0.02323120246246431,597.2178615473399,459.9450298454215,597.2178615473399,459.9450298454215,1.8162429648663732,116476.39361679215,0.006597643209099909,0.008420260101946917,1.4030296864959741,0.5582329317269076,1.0
2023-11-28,VOO,ensemble,,-0.0007787687459994627,-0.025159107598644998,0.023601570106646073,597.8041159197205,459.5869784690068,597.8041159197205,459.5869784690068,1.771117945543352,119258.11677859304,0.006597643209099909,0.008420260101946917,1.4030296864959741,0.5582329317269076,1.0
2023-11-29,VOO,ensemble,,-0.0006712163499210005,-0.025051555202566536,0.023709122502724535,597.418036387753,459.2785996808678,597.418036387753,459.2785996808678,1.727299834071281,122119.40739184576,0.006597643209099909,0.008420260101946917,1.4030296864959741,0.5582329317269076,1.0
2023-11-30,VOO,ensemble,,-0.00018644381315556947,-0.024566782665801104,0.024193895039489967,599.7346008587563,459.192978009506,599.7346008587563,459.192978009506,1.685382628052685,125109.98247137907,0.006597643209099909,0.008420260101946917,1.4030296864959741,0.5582329317269076,1.0
2023-12-01,VOO,ensemble,,-0.0014628668507360371,-0.025843205703381573,0.022917472001909498,603.2523452910352,458.5217309161505,603.2523452910352,458.5217309161505,1.642384930331159,128010.29395706308,0.006597643209099909,0.008420260101946917,1.4030296864959741,0.5582329317269076,1.0
2023-12-04,VOO,ensemble,,-0.0009462641077895792,-0.025326602960435114,0.023434074744855957,600.2207896307298,458.0880534785999,600.2207896307298,458.0880534785999,1.601311223516936,131045.52173120563,0.006597643209099909,0.008420260101946917,1.4030296864959741,0.5582329317269076,1.0
2023-12-05,VOO,ensemble,,0.00021153288380897724,-0.024168805968836558,0.024591871736454513,600.0348849391754,458.18496441515424,600.0348849391754,458.18496441515424,1.5630733860057537,134308.12877735408,0.006597643209099909,0.008420260101946917,1.4030296864959741,0.5582329317269076,1.0
2023-12-06,VOO,ensemble,,-0.0013973119378589893,-0.025777650790504526,0.022983026914786545,597.5324157766178,457.5451841850026,597.5324157766178,457.5451841850026,1.523295913608733,137430.6815246007,0.006597643209099909,0.008420260101946917,1.4030296864959741,0.5582329317269076,1.0
2023-12-07,VOO,ensemble,,-0.0005074369046615498,-0.024887775757307086,0.023872901947983985,602.2084860839974,457.3130677701952,602.2084860839974,457.3130677701952,1.4858523427925046,140751.02614862705,0.006597643209099909,0.008420260101946917,1.4030296864959741,0.5582329317269076,1.0
2023-12-08,VOO,ensemble,,-0.00109691958776971,-0.025477258440415245,0.023283419264875826,604.7681667607869,456.8117071348368,604.7681667607869,456.8117071348368,1.4484750558000403,144066.6409406576,0.006597643209099909,0.008420260101946917,1.4030296864959741,0.5582329317269076,1.0
2023-12-11,VOO,ensemble,,-6.455118900712634e-05,-0.02444489004165266,0.02431578766363841,607.1133151691066,456.7822203477027,607.1133151691066,456.7822203477027,1.4134965074928614,147612.67234813486,0.006597643209099909,0.008420260101946917,1.4030296864959741,0.5582329317269076,1.0
2023-12-12,VOO,ensemble,,-0.0010424586930192345,-0.02542279754566477,0.0233378801596263,610.1306006805532,456.30629186227816,610.1306006805532,456.30629186227816,1.378014410081997,151098.15287106644,0.006597643209099909,0.008420260101946917,1.4030296864959741,0.5582329317269076,1.0
2023-12-13,VOO,ensemble,,-0.002424084803015401,-0.026804423655660936,0.021956254049630135,618.4387948090769,455.20150630259127,618.4387948090769,455.20150630259127,1.3415681703783935,154452.39080299865,0.006597643209099909,0.008420260101946917,1.4030296864959741,0.5582329317269076,1.0
2023-12-14,VOO,ensemble,,-0.0012212753853985262,-0.025601614238044062,0.02315906346724701,620.2548567196487,454.64591923900565,620.2548567196487,454.64591923900565,1.3076577919915182,158071.10480019276,0.006597643209099909,0.008420260101946917,1.4030296864959741,0.5582329317269076,1.0
2023-12-15,VOO,ensemble,,-0.0009005488937026845,-0.02528088774634822,0.02347978995894285,619.311063113018,454.2366726603432,619.311063113018,454.2366726603432,1.2750134201216028,161826.49651629606,0.006597643209099909,0.008420260101946917,1.4030296864959741,0.5582329317269076,1.0
2023-12-18,VOO,ensemble,,-0.0018186370081459007,-0.026198975860791437,0.022561701844499633,622.8145373964383,453.41133176221734,622.8145373964383,453.41133176221734,1.2420431537521417,165519.07649048747,0.006597643209099909,0.008420260101946917,1.4030296864959741,0.5582329317269076,1.0
2023-12-19,VOO,ensemble,,-0.002179040534176387,-0.026559379386821923,0.022201298318469148,626.6039819718201,452.4244057580478,626.6039819718201,452.4244057580478,1.2094894747651441,169234.91042802832,0.006597643209099909,0.008420260101946917,1.4030296864959741,0.5582329317269076,1.0
2023-12-20,VOO,ensemble,,-0.0013801254163154017,-0.025760464268960937,0.023000213436330134,615.0211159772049,451.8004340153726,615.0211159772049,451.8004340153726,1.178730349998699,173172.45812556185,0.006597643209099909,0.008420260101946917,1.4030296864959741,0.5582329317269076,1.0
2023-12-21,VOO,ensemble,,-0.0017354717325200467,-0.026115810585165582,0.02264486712012549,621.0127456347251,451.01702712028555,621.0127456347251,451.01702712028555,1.1483453429432426,177138.663035858,0.006597643209099909,0.008420260101946917,1.4030296864959741,0.5582329317269076,1.0
2023-12-22,VOO,ensemble,,-0.0018022151112108884,-0.026182553963856423,0.02257812374143465,622.4570418017871,450.2049294257708,622.4570418017871,450.2049294257708,1.1186689265301266,181183.61355396442,0.006597643209099909,0.008420260101946917,1.4030296864959741,0.5582329317269076,1.0
2023-12-26,VOO,ensemble,,-0.002179312789769707,-0.026559651642415243,0.022201026062875828,625.045306415893,449.22486039144184,625.045306415893,449.22486039144184,1.0893485624318868,185251.05935165525,0.006597643209099909,0.008420260101946917,1.4030296864959741,0.5582329317269076,1.0
2023-12-27,VOO,ensemble,,-0.0011706362549579914,-0.025550975107603527,0.023209702597687544,626.1892748629369,448.6992891696223,626.1892748629369,448.6992891696223,1.0618672269769722,189600.96609676216,0.006597643209099909,0.008420260101946917,1.4030296864959741,0.5582329317269076,1.0
2023-12-28,VOO,ensemble,,-0.0010633607342852372,-0.02544369958693077,0.0233169781183603,626.289384102943,448.2224135543549,626.289384102943,448.2224135543549,1.0351902163436226,194073.8318819296,0.006597643209099909,0.008420260101946917,1.4030296864959741,0.5582329317269076,1.0
2023-12-29,VOO,ensemble,,-0.0024791471888240537,-0.02685948604146959,0.02190119166382148,624.6162855185523,447.11258050599986,624.6162855185523,447.11258050599986,1.0077556279784092,198371.1666763488,0.006597643209099909,0.008420260101946917,1.4030296864959741,0.5582329317269076,1.0
2023-01-03,AMZN,lstm,0.021435277164066735,3.010623186128214e-05,-0.019548887386918068,0.020269708707928658,190.5816924629575,186.54561932305114,190.5816924629575,186.54561932305114,182.92875582221768,190.3596943195771,0.015646024293435732,0.020961513762243256,22852889216.08585,0.5060240963855421,0.74
2023-01-04,AMZN,lstm,-0.007955122776173124,-0.0012521673925220966,-0.02342204935848713,0.020556388422846794,189.07160612531396,186.31217622512074,189.07160612531396,186.31217622512074,178.69397202957015,194.3132975137106,0.015646024293435732,0.020961513762243256,22852889216.08585,0.5060240963855421,0.74
2023-01-05,AMZN,lstm,-0.02401157339665977,0.0004958090139552951,-0.026290159672498703,0.020106591284275055,184.58577088441373,186.40457041651655,184.58577088441373,186.40457041651655,174.05729753866007,198.25980919208482,0.015646024293435732,0.020961513762243256,22852889216.08585,0.5060240963855421,0.74
2023-01-06,AMZN,lstm,0.0349917378504728,0.00021919603750575334,-0.020678704604506493,0.020044302567839622,191.15908290041955,186.44543512315155,191.15908290041955,186.44543512315155,170.4949734797368,202.27387755636929,0.015646024293435732,0.020961513762243256,22852889216.08585,0.5060240963855421,0.74
2023-01-09,AMZN,lstm,0.014760401298199752,0.00032220553839579225,-0.021186204627156258,0.020915130153298378,194.0015943729945,186.5055120764599,194.0015943729945,186.5055120764599,166.9208241311418,206.54900274939703,0.015646024293435732,0.020961513762243256,22852889216.08585,0.5060240963855421,0.74
2023-01-10,AMZN,lstm,0.028326693248784427,0.0009325984283350408,-0.024370301514863968,0.023669317364692688,199.57559177347795,186.679531251396,199.57559177347795,186.679531251396,162.90208067773767,211.49619210207766,0.015646024293435732,0.020961513762243256,22852889216.08585,0.5060240963855421,0.74
2023-01-11,AMZN,lstm,0.05645956080731301,-0.0016201406251639128,-0.025637703016400337,0.0211802888661623,211.16770569581558,186.3773339506486,211.16770569581558,186.3773339506486,158.7787312862314,216.02351632838383,0.015646024293435732,0.020961513762243256,22852889216.08585,0.5060240963855421,0.74
2023-01-12,AMZN,lstm,0.0018911574433712077,-0.001401630463078618,-0.020195715129375458,0.019446909427642822,211.5674349305655,186.11628462217203,211.5674349305655,186.11628462217203,155.6042480432065,220.26561916848058,0.015646024293435732,0.020961513762243256,22852889216.08585,0.5060240963855421,0.74
2023-01-13,AMZN,lstm,0.029476316899670684,-0.0019857934676110744,-0.028925061225891113,0.020422697067260742,217.89648397122315,185.74706315532796,217.89648397122315,185.74706315532796,151.16785433099852,224.81027700683248,0.015646024293435732,0.020961513762243256,22852889216.08585,0.5060240963855421,0.74
2023-01-17,AMZN,lstm,-0.021322326395198637,-0.0036966376937925816,-0.02788742072880268,0.017957409843802452,213.29960624295163,185.0616888986795,213.29960624295163,185.0616888986795,147.01040892009925,228.88374336555188,0.015646024293435732,0.020961513762243256,22852889216.08585,0.5060240963855421,0.74
2023-01-18,AMZN,lstm,-0.0061616190001011146,-0.0025660598184913397,-0.025287676602602005,0.018849436193704605,211.98937605133062,184.58741996300583,211.98937605133062,184.58741996300583,143.3394721161766,233.238985989359,0.015646024293435732,0.020961513762243256,22852889216.08585,0.5060240963855421,0.74
2023-01-19,AMZN,lstm,-0.018822579439957077,-0.0016493675066158175,-0.026717718690633774,0.019885104149580002,208.036507475862,184.2832182662191,208.036507475862,184.2832182662191,139.5604747384475,237.9233910636592,0.015646024293435732,0.020961513762243256,22852889216.08585,0.5060240963855421,0.74
2023-01-20,AMZN,lstm,0.037400259951453026,-0.00031224533449858427,-0.024201374500989914,0.01763424649834633,215.96445651281445,184.22568336309342,215.96445651281445,184.22568336309342,136.22346096183963,242.1562088278162,0.015646024293435732,0.020961513762243256,22852889216.08585,0.5060240963855421,0.74
2023-01-23,AMZN,lstm,0.0027724682514327437,-0.000903830979950726,-0.02146104723215103,0.016708049923181534,216.56404189358688,184.0592487959558,216.56404189358688,184.0592487959558,133.3311063848176,246.23616437880622,0.015646024293435732,0.020961513762243256,22852889216.08585,0.5060240963855421,0.74
2023-01-24,AMZN,lstm,-0.012381472357830799,-0.0020337828900665045,-0.0206008143723011,0.01729469746351242,213.89919162372405,183.68528760872977,213.89919162372405,183.68528760872977,130.6124726822965,250.5317757955269,0.015646024293435732,0.020961513762243256,22852889216.08585,0.5060240963855421,0.74
2023-01-25,AMZN,lstm,0.008888953725914,-0.0033491032663732767,-0.022532157599925995,0.017824623733758926,215.80900719611753,183.07113170775003,215.80900719611753,183.07113170775003,127.70239855029257,255.03743702366108,0.015646024293435732,0.020961513762243256,22852889216.08585,0.5060240963855421,0.74
2023-01-26,AMZN,lstm,0.020774687057825685,-0.0007219047984108329,-0.020528100430965424,0.02094973996281624,220.3392662090482,182.93902145825538,220.3392662090482,182.93902145825538,125.1076382665241,260.43676710957556,0.015646024293435732,0.020961513762243256,22852889216.08585,0.5060240963855421,0.74
2023-01-27,AMZN,lstm,0.02998335055905419,0.00032351742265746,-0.019316786900162697,0.02167448215186596,227.0458156557357,182.99820845379,227.0458156557357,182.99820845379,122.71415123806344,266.1432036369519,0.015646024293435732,0.020961513762243256,22852889216.08585,0.5060240963855421,0.74
2023-01-30,AMZN,lstm,-0.016667823165641346,-0.003404404269531369,-0.02888716757297516,0.019322793930768967,223.29282016899447,182.37627124753203,223.29282016899447,182.37627124753203,119.21999908967427,271.33585608332356,0.015646024293435732,0.020961513762243256,22852889216.08585,0.5060240963855421,0.74
2023-01-31,AMZN,lstm,0.025335155126435763,-0.000792210572399199,-0.01970546320080757,0.019882742315530777,229.02224994347006,182.23184614507196,229.02224994347006,182.23184614507196,116.89370768101688,276.78475721734776,0.015646024293435732,0.020961513762243256,22852889216.08585,0.5060240963855421,0.74
2023-02-01,AMZN,lstm,0.0193976149644124,-0.002930904272943735,-0.02545049786567688,0.017777595669031143,233.50810212707512,181.69852860027055,233.50810212707512,181.69852860027055,113.95624153335422,281.7493311878079,0.015646024293435732,0.020961513762243256,22852889216.08585,0.5060240963855421,0.74
2023-02-02,AMZN,lstm,0.07120315696615197,-0.0021968786604702473,-0.01939932256937027,0.014326654374599457,250.74084910794187,181.299797682848,250.74084910794187,181.299797682848,111.76687260984235,285.81491984601666,0.015646024293435732,0.020961513762243256,22852889216.08585,0.5060240963855421,0.74
2023-02-03,AMZN,lstm,-0.08808283393109906,-0.0033307233825325966,-0.022759893909096718,0.015761421993374825,229.59964038093213,180.69694606471703,229.59964038093213,180.69694606471703,109.25180060679031,290.3554633400457,0.015646024293435732,0.020961513762243256,22852889216.08585,0.5060240963855421,0.74
2023-02-06,AMZN,lstm,-0.011772272805910223,-0.0014193622628226876,-0.019316408783197403,0.015249177813529968,226.9125782250541,180.44065416691015,226.9125782250541,180.44065416691015,107.16169737192948,294.8170878699476,0.015646024293435732,0.020961513762243256,22852889216.08585,0.5060240963855421,0.74
2023-02-07,AMZN,lstm,-0.0006852973444615529,-0.0005055068759247661,-0.018735939636826515,0.020672475919127464,226.75712890835717,180.34946166472855,226.75712890835717,180.34946166472855,105.17261102170964,300.97511319457794,0.015646024293435732,0.020961513762243256,22852889216.08585,0.5060240963855421,0.74
2023-02-08,AMZN,lstm,-0.020380578012770365,0.0003915547567885369,-0.019441314041614532,0.02110285311937332,222.18246306610087,180.42008696770714,222.18246306610087,180.42008696770714,103.14766469063518,307.39405095231746,0.015646024293435732,0.020961513762243256,22852889216.08585,0.5060240963855421,0.74
2023-02-09,AMZN,lstm,-0.018256648878253772,0.0001303955214098096,-0.020751595497131348,0.024935565888881683,218.16295883258658,180.44361644663172,218.16295883258658,180.44361644663172,101.02924538723029,315.15544468628434,0.015646024293435732,0.020961513762243256,22852889216.08585,0.5060240963855421,0.74
2023-02-10,AMZN,lstm,-0.006433489213979958,-0.0001704823225736618,-0.02028578892350197,0.020725157111883163,216.76391498231433,180.4128563525233,216.76391498231433,180.4128563525233,99.00043661088672,321.755233568134,0.015646024293435732,0.020961513762243256,22852889216.08585,0.5060240963855421,0.74
2023-02-13,AMZN,lstm,0.019579629188155288,-0.0014989461051300168,-0.02157488837838173,0.01619657129049301,221.049894077192,180.14263305282432,221.049894077192,180.14263305282432,96.88738839442505,327.008999104386,0.015646024293435732,0.020961513762243256,22852889216.08585,0.5060240963855421,0.74
2023-02-14,AMZN,lstm,0.0016060637303953276,-0.0006515713757835329,-0.02072181925177574,0.02117021009325981,221.40519953991142,180.02529542696308,221.40519953991142,180.02529542696308,94.90036492541871,334.005658046758,0.015646024293435732,0.020961513762243256,22852889216.08585,0.5060240963855421,0.74
2023-02-15,AMZN,lstm,0.014537811644538115,0.0011564663145691156,-0.02077152580022812,0.022814225405454636,224.6474571899411,180.23361432119555,224.6474571899411,180.23361432119555,92.9494711382381,341.71331124488495,0.015646024293435732,0.020961513762243256,22852889216.08585,0.5060240963855421,0.74
2023-02-16,AMZN,lstm,-0.03020652173405669,-0.003247153712436557,-0.024172073230147362,0.014184040948748589,217.96310268656399,179.64931557443506,217.96310268656399,179.64931557443506,90.72962678523417,346.594715825132,0.015646024293435732,0.020961513762243256,22852889216.08585,0.5060240963855421,0.74
2023-02-17,AMZN,lstm,-0.009726256199159738,1.0206699698755983e-05,-0.021624185144901276,0.02428090199828148,215.8534140254432,179.65115733902095,215.8534140254432,179.65115733902095,88.78873430798444,355.1133534977903,0.015646024293435732,0.020961513762243256,22852889216.08585,0.5060240963855421,0.74
2023-02-21,AMZN,lstm,-0.027324623494127318,0.0009761980036273599,-0.023508507758378983,0.020871318876743317,210.03515364961154,179.82661933844668,210.03515364961154,179.82661933844668,86.72578952892262,362.6029166784971,0.015646024293435732,0.020961513762243256,22852889216.08585,0.5060240963855421,0.74
2023-02-22,AMZN,lstm,0.012712248376870527,-0.0019056177698075771,-0.02408776432275772,0.021569091826677322,212.7222158054896,179.48425967351244,212.7222158054896,179.48425967351244,84.66171956752197,370.50888551867854,0.015646024293435732,0.020961513762243256,22852889216.08585,0.5060240963855421,0.74
2023-02-23,AMZN,lstm,0.0003131233176392935,-0.0011194724356755614,-0.02514089271426201,0.022143535315990448,212.78883452083048,179.28344572211958,212.78883452083048,179.28344572211958,82.55978239142688,378.8047590918084,0.015646024293435732,0.020961513762243256,22852889216.08585,0.5060240963855421,0.74
2023-02-24,AMZN,lstm,-0.024509991975448668,-0.002105710096657276,-0.02938564494252205,0.023336395621299744,207.63677824111215,178.90632164605242,207.63677824111215,178.90632164605242,80.1690094265964,387.74865397821173,0.015646024293435732,0.020961513762243256,22852889216.08585,0.5060240963855421,0.74
2023-02-27,AMZN,lstm,0.002776912318089041,0.0020364816300570965,-0.01964416727423668,0.021082188934087753,208.21416867857423,179.27103972639057,208.21416867857423,179.27103972639057,78.60952556595795,396.0100414966436,0.015646024293435732,0.020961513762243256,22852889216.08585,0.5060240963855421,0.74
2023-02-28,AMZN,lstm,0.005000289230826088,0.001707239425741136,-0.0232008658349514,0.025913789868354797,209.257907066127,179.57736839062642,209.257907066127,179.57736839062642,76.80671191055852,406.4062983438433,0.015646024293435732,0.020961513762243256,22852889216.08585,0.5060240963855421,0.74
2023-03-01,AMZN,lstm,-0.022103959704043146,-7.824558997526765e-05,-0.022515378892421722,0.023975633084774017,204.68322428116588,179.56331450440973,204.68322428116588,179.56331450440973,75.09670072238573,416.2679131966036,0.015646024293435732,0.020961513762243256,22852889216.08585,0.5060240963855421,0.74
2023-03-02,AMZN,lstm,-0.00043408483069996514,0.001538238488137722,-0.023114878684282303,0.02220407873392105,204.5943936798098,179.8397466184756,204.5943936798098,179.8397466184756,73.38075626520458,425.6141575450121,0.015646024293435732,0.020961513762243256,22852889216.08585,0.5060240963855421,0.74
2023-03-03,AMZN,lstm,0.02962312838587694,-0.00012122470798203722,-0.02034785971045494,0.019858289510011673,210.74578151775532,179.81794359438496,210.74578151775532,179.81794359438496,71.90270219798289,434.15058346676614,0.015646024293435732,0.020961513762243256,22852889216.08585,0.5060240963855421,0.74
2023-03-06,AMZN,lstm,-0.012192056844170188,0.00018129788804799318,-0.019464541226625443,0.01849450170993805,208.19195679255895,179.8505477036969,208.19195679255895,179.8505477036969,70.51668263437149,442.2547096118084,0.015646024293435732,0.020961513762243256,22852889216.08585,0.5060240963855421,0.74
2023-03-07,AMZN,lstm,-0.002135579508745822,0.0007287554908543825,-0.018056675791740417,0.021164536476135254,207.74782072848342,179.98165242324131,207.74782072848342,179.98165242324131,69.25481299557944,451.71457343066555,0.015646024293435732,0.020961513762243256,22852889216.08585,0.5060240963855421,0.74
2023-03-08,AMZN,lstm,0.003947251242114423,-0.0020175264216959476,-0.02016894519329071,0.016345590353012085,208.56947414129365,179.6189045397403,208.56947414129365,179.6189045397403,67.87200904583139,459.1588156087896,0.015646024293435732,0.020961513762243256,22852889216.08585,0.5060240963855421,0.74
2023-03-09,AMZN,lstm,-0.017941053663252087,-0.00011437416105763987,-0.021641399711370468,0.02172347530722618,204.86088548387804,179.59835949354124,204.86088548387804,179.59835949354124,66.4189429380159,469.2424450366873,0.015646024293435732,0.020961513762243256,22852889216.08585,0.5060240963855421,0.74
2023-03-10,AMZN,lstm,-0.016614182739941783,0.0019977986812591553,-0.020341191440820694,0.02548537775874138,201.48540734587147,179.95753017822022,201.48540734587147,179.95753017822022,65.08155098202847,481.35493659590355,0.015646024293435732,0.020961513762243256,22852889216.08585,0.5060240963855421,0.74
2023-03-13,AMZN,lstm,0.01856350439768763,-0.001137572806328535,-0.0225396566092968,0.017825406044721603,205.26061471862792,179.75293664311766,205.26061471862792,179.75293664311766,63.631042817392995,490.01221330249905,0.015646024293435732,0.020961513762243256,22852889216.08585,0.5060240963855421,0.74
2023-03-14,AMZN,lstm,0.026161301723076753,-0.00255682528950274,-0.023741070181131363,0.018536802381277084,210.70135774572486,179.29392274524184,210.70135774572486,179.29392274524184,62.13816558366741,499.18017500167497,0.015646024293435732,0.020961513762243256,22852889216.08585,0.5060240963855421,0.74
2023-03-15,AMZN,lstm,0.013816419647146834,-0.002371213398873806,-0.02345704659819603,0.018513739109039307,213.6326998196559,178.86928471111972,213.6326998196559,178.86928471111972,60.69755055921487,508.5079432811902,0.015646024293435732,0.020961513762243256,22852889216.08585,0.5060240963855421,0.74
2023-03-16,AMZN,lstm,0.03914078921242492,-0.0006956964498385787,-0.021769816055893898,0.018020151183009148,222.16025118008562,178.7448870271411,222.16025118008562,178.7448870271411,59.39045538671791,517.754382096838,0.015646024293435732,0.020961513762243256,22852889216.08585,0.5060240963855421,0.74
2023-03-17,AMZN,lstm,-0.010955473953869753,0.0005828494322486222,-0.019885214045643806,0.01869223453104496,219.73966388557096,178.84910470454952,219.73966388557096,178.84910470454952,58.22112947503466,527.5233559934319,0.015646024293435732,0.020961513762243256,22852889216.08585,0.5060240963855421,0.74
2023-03-20,AMZN,lstm,-0.012610742620752338,-0.002606768859550357,-0.022324705496430397,0.01803787238895893,216.98598301435206,178.38349751762527,216.98598301435206,178.38349751762527,56.93575938179843,537.1251196153836,0.015646024293435732,0.020961513762243256,22852889216.08585,0.5060240963855421,0.74
2023-03-21,AMZN,lstm,0.029247763784060337,-0.002177581889554858,-0.02387058176100254,0.018699785694479942,223.4260575996762,177.99547560991374,223.4260575996762,177.99547560991374,55.592761984747995,547.2637419666747,0.015646024293435732,0.020961513762243256,22852889216.08585,0.5060240963855421,0.74
2023-03-22,AMZN,lstm,-0.019166746850565873,0.000747972575481981,-0.023312410339713097,0.025166327133774757,219.18448533412413,178.12866547888885,219.18448533412413,178.12866547888885,54.31174919771994,561.2111058357831,0.015646024293435732,0.020961513762243256,22852889216.08585,0.5060240963855421,0.74
2023-03-23,AMZN,lstm,0.00010133363497333344,-0.0011902428232133389,-0.02402224764227867,0.018849585205316544,219.20669722013938,177.91677610600587,219.20669722013938,177.91677610600587,53.022605515447935,571.8900024923695,0.015646024293435732,0.020961513762243256,22852889216.08585,0.5060240963855421,0.74
2023-03-24,AMZN,lstm,-0.005893146925693497,0.0013365765335038304,-0.022866500541567802,0.02402038313448429,217.9186789145336,178.15474481641758,217.9186789145336,178.15474481641758,51.82392196224604,585.7933260757682,0.015646024293435732,0.020961513762243256,22852889216.08585,0.5060240963855421,0.74
2023-03-27,AMZN,lstm,-0.0009175342309671865,-0.0018732211319729686,-0.02492484636604786,0.021166453137993813,217.71882276851105,177.82133415533139,217.71882276851105,177.82133415533139,50.54818398555613,598.3246795928591,0.015646024293435732,0.020961513762243256,22852889216.08585,0.5060240963855421,0.74
2023-03-28,AMZN,lstm,-0.0081934405189327,-0.00028334115631878376,-0.022929947823286057,0.020204614847898483,215.9422446267993,177.7709572154839,215.9422446267993,177.7709572154839,49.4023033146437,610.5365227308926,0.015646024293435732,0.020961513762243256,22852889216.08585,0.5060240963855421,0.74
2023-03-29,AMZN,lstm,0.03048493870739539,-0.001429599360562861,-0.022543467581272125,0.02051946520805359,222.62659913017643,177.51699289252704,222.62659913017643,177.51699289252704,48.30106456292667,623.193829592184,0.015646024293435732,0.020961513762243256,22852889216.08585,0.5060240963855421,0.74
2023-03-30,AMZN,lstm,0.017305747097592427,-0.0015980333555489779,-0.02290760912001133,0.01921195350587368,226.51284899030418,177.23354284201818,226.51284899030418,177.23354284201818,47.207180596234224,635.2823787234869,0.015646024293435732,0.020961513762243256,22852889216.08585,0.5060240963855421,0.74
2023-03-31,AMZN,lstm,0.012567761597929928,-0.000895401113666594,-0.024935826659202576,0.021159309893846512,229.37757234889435,177.07491468348962,229.37757234889435,177.07491468348962,46.04458543825732,648.8677119938518,0.015646024293435732,0.020961513762243256,22852889216.08585,0.5060240963855421,0.74
2023-04-03,AMZN,lstm,-0.008556175035560798,-0.002572371857240796,-0.027627602219581604,0.01885208487510681,227.42334994717524,176.6199951680773,227.42334994717524,176.6199951680773,44.78989555855332,661.2162670992799,0.015646024293435732,0.020961513762243256,22852889216.08585,0.5060240963855421,0.74
2023-04-04,AMZN,lstm,0.014925585099441625,-0.0009859299752861261,-0.02102040871977806,0.018181685358285904,230.84323491450743,176.44594612560724,230.84323491450743,176.44594612560724,43.85822059402341,673.3482490126461,0.015646024293435732,0.020961513762243256,22852889216.08585,0.5060240963855421,0.74
2023-04-05,AMZN,lstm,-0.027799874012424952,-0.0006912467069923878,-0.02144007198512554,0.024548785760998726,224.51420281655462,176.32402256847868,224.51420281655462,176.32402256847868,42.927906046477574,690.082726247237,0.015646024293435732,0.020961513762243256,22852889216.08585,0.5060240963855421,0.74
2023-04-06,AMZN,lstm,0.009450740780884159,0.00014735132572241127,-0.025442492216825485,0.021498411893844604,226.64608642098585,176.35000262284464,226.64608642098585,176.35000262284464,41.849489665511335,705.0790093610163,0.015646024293435732,0.020961513762243256,22852889216.08585,0.5060240963855421,0.74
2023-04-10,AMZN,lstm,0.001077222967143844,-0.0019435250433161855,-0.023128701373934746,0.01546727679669857,226.89036633903882,176.00759770086955,226.89036633903882,176.00759770086955,40.892673531959964,716.0694765643983,0.015646024293435732,0.020961513762243256,22852889216.08585,0.5060240963855421,0.74
2023-04-11,AMZN,lstm,-0.022268227189570028,0.0009218308259733021,-0.021851973608136177,0.02471688576042652,221.89375937601739,176.16991244675037,221.89375937601739,176.16991244675037,40.00877967037074,733.9890370919977,0.015646024293435732,0.020961513762243256,22852889216.08585,0.5060240963855421,0.74
2023-04-12,AMZN,lstm,-0.0211385503060785,-0.002026248024776578,-0.020551038905978203,0.016507228836417198,217.25247481842024,175.81331393680142,217.25247481842024,175.81331393680142,39.194949995762784,746.205726361166,0.015646024293435732,0.020961513762243256,22852889216.08585,0.5060240963855421,0.74
2023-04-13,AMZN,lstm,0.04565543032053191,0.0026424580719321966,-0.019110901281237602,0.02439403347671032,227.40113806115997,176.27851058398545,227.40113806115997,176.27851058398545,38.453012250876846,764.6325051311672,0.015646024293435732,0.020961513762243256,22852889216.08585,0.5060240963855421,0.74
2023-04-14,AMZN,lstm,0.0010736481279812137,0.00017496950749773532,-0.021443597972393036,0.020522460341453552,227.64541797921297,176.30935918884782,227.64541797921297,176.30935918884782,37.637219305104225,780.4868149460358,0.015646024293435732,0.020961513762243256,22852889216.08585,0.5060240963855421,0.74
2023-04-17,AMZN,lstm,0.0022411286119839928,0.0021699934732168913,-0.02023463509976864,0.023208824917674065,228.1561727586293,176.6923649810482,228.1561727586293,176.6923649810482,36.88329787650444,798.8128764903917,0.015646024293435732,0.020961513762243256,22852889216.08585,0.5060240963855421,0.74
2023-04-18,AMZN,lstm,-0.004291801457498827,-0.002182649215683341,-0.02461819536983967,0.019212914630770683,227.17907002912216,176.3071264516854,227.17907002912216,176.3071264516854,35.98638377381589,814.3087992663193,0.015646024293435732,0.020961513762243256,22852889216.08585,0.5060240963855421,0.74
2023-04-19,AMZN,lstm,0.01936168847711433,0.0003703292168211192,-0.02192428708076477,0.02185266837477684,231.62049844069676,176.37242766040626,231.62049844069676,176.37242766040626,35.205993149835585,832.2994675722916,0.015646024293435732,0.020961513762243256,22852889216.08585,0.5060240963855421,0.74
2023-04-20,AMZN,lstm,-0.0047091095790211925,-0.0007878014585003257,-0.01929481513798237,0.018460271880030632,230.53233628111354,176.23353497915036,230.53233628111354,176.23353497915036,34.53321207198758,847.8066188165438,0.015646024293435732,0.020961513762243256,22852889216.08585,0.5060240963855421,0.74
2023-04-21,AMZN,lstm,0.02989264254702952,-0.002405527513474226,-0.022497093304991722,0.01857473887503147,237.52758941788449,175.81010514460513,237.52758941788449,175.81010514460513,33.7649881857619,863.7015375628383,0.015646024293435732,0.020961513762243256,22852889216.08585,0.5060240963855421,0.74
2023-04-24,AMZN,lstm,-0.007036666520682404,-0.0010184872662648559,-0.019072379916906357,0.018989231437444687,235.86205376354403,175.63113261508863,235.86205376354403,175.63113261508863,33.127112435667904,880.2592504471652,0.015646024293435732,0.020961513762243256,22852889216.08585,0.5060240963855421,0.74
2023-04-25,AMZN,lstm,-0.03487276836944828,-0.0014987884787842631,-0.02339201793074608,0.020242411643266678,227.77865540989467,175.36809234254167,227.77865540989467,175.36809234254167,32.361196287269344,898.2593943071125,0.015646024293435732,0.020961513762243256,22852889216.08585,0.5060240963855421,0.74
2023-04-26,AMZN,lstm,0.023224398457013323,-0.001798994722776115,-0.020443134009838104,0.017637494951486588,233.13058477834036,175.05288958037963,233.13058477834036,175.05288958037963,31.706348125575587,914.2430336677835,0.015646024293435732,0.020961513762243256,22852889216.08585,0.5060240963855421,0.74
2023-04-27,AMZN,lstm,0.04507277127081395,-0.000280106469290331,-0.0207936130464077,0.02077934890985489,243.87883340185257,175.0038603774333,243.87883340185257,175.0038603774333,31.053865697335297,933.4391110442693,0.015646024293435732,0.020961513762243256,22852889216.08585,0.5060240963855421,0.74
2023-04-28,AMZN,lstm,-0.040605781087400955,-0.0007540758233517408,-0.023964129388332367,0.02022640034556389,234.17430622318835,174.8719389774708,234.17430622318835,174.8719389774708,30.31853324805934,952.5114684835341,0.015646024293435732,0.020961513762243256,22852889216.08585,0.5060240963855421,0.74
2023-05-01,AMZN,lstm,-0.03277395882406449,-0.00039277347968891263,-0.022127019241452217,0.020909404382109642,226.62389147767541,174.80327106892247,226.62389147767541,174.80327106892247,29.65504173447182,972.6375490268497,0.015646024293435732,0.020961513762243256,22852889216.08585,0.5060240963855421,0.74
2023-05-02,AMZN,lstm,0.01536391753200235,-0.0009091561078093946,-0.02029167301952839,0.017637765035033226,230.13260704636366,174.64442167038598,230.13260704636366,174.64442167038598,29.059355498459293,989.9449061361208,0.015646024293435732,0.020961513762243256,22852889216.08585,0.5060240963855421,0.74
2023-05-03,AMZN,lstm,0.00019301691085338006,0.0003414006205275655,-0.02281861938536167,0.024972299113869667,230.1770308183941,174.7040479663893,230.1770308183941,174.7040479663893,28.403769497930014,1014.9773207500346,0.015646024293435732,0.020961513762243256,22852889216.08585,0.5060240963855421,0.74
2023-05-04,AMZN,lstm,0.0033710455381283566,0.0004695105890277773,-0.0201275572180748,0.020198430866003036,230.9542774018787,174.78608294107636,230.9542774018787,174.78608294107636,27.837785500520464,1035.686656940527,0.015646024293435732,0.020961513762243256,22852889216.08585,0.5060240963855421,0.74
2023-05-05,AMZN,lstm,0.015835527254169667,0.001089637167751789,-0.022089608013629913,0.02327442169189453,234.6406711159839,174.97665013822981,234.6406711159839,174.97665013822981,27.229601516981404,1060.0743962824372,0.015646024293435732,0.020961513762243256,22852889216.08585,0.5060240963855421,0.74
2023-05-08,AMZN,lstm,0.0016076240119395433,0.0006501356256194413,-0.017301026731729507,0.018352434039115906,235.01818846471858,175.09045598100542,235.01818846471858,175.09045598100542,26.76255258945152,1079.7089934854048,0.015646024293435732,0.020961513762243256,22852889216.08585,0.5060240963855421,0.74
2023-05-09,AMZN,lstm,0.007437086747609261,-0.0008360131178051233,-0.02160530909895897,0.023369599133729935,236.7725547204151,174.94414039486443,236.7725547204151,174.94414039486443,26.19054129922918,1105.2385020440179,0.015646024293435732,0.020961513762243256,22852889216.08585,0.5060240963855421,0.74
2023-05-10,AMZN,lstm,0.03293503350092615,0.002201804192736745,-0.018528038635849953,0.024334890767931938,244.7005037573675,175.3297487289171,244.7005037573675,175.3297487289171,25.70974959677237,1132.4642925520945,0.015646024293435732,0.020961513762243256,22852889216.08585,0.5060240963855421,0.74
2023-05-11,AMZN,lstm,0.017898556144584802,-0.002359583042562008,-0.028803203254938126,0.02166009694337845,249.11972028292683,174.916526797788,249.11972028292683,174.916526797788,24.97978875752022,1157.2611409989368,0.015646024293435732,0.020961513762243256,22852889216.08585,0.5060240963855421,0.74
2023-05-12,AMZN,lstm,-0.017263494264582374,-0.0012611208949238062,-0.023315832018852234,0.02016913890838623,244.8559530740644,174.6960724650108,244.8559530740644,174.6960724650108,24.404101151001047,1180.8391105913872,0.015646024293435732,0.020961513762243256,22852889216.08585,0.5060240963855421,0.74
2023-05-15,AMZN,lstm,0.008489121836596263,0.000557620485778898,-0.021672222763299942,0.022513743489980698,246.94341290646517,174.79351448674595,246.94341290646517,174.79351448674595,23.880899784647937,1207.7257467248273,0.015646024293435732,0.020961513762243256,22852889216.08585,0.5060240963855421,0.74
2023-05-16,AMZN,lstm,0.01959105037675755,-0.0013757204869762063,-0.024946579709649086,0.02305683307349682,251.82899432482012,174.55321166107828,251.82899432482012,174.55321166107828,23.29252224380429,1235.8956212803762,0.015646024293435732,0.020961513762243256,22852889216.08585,0.5060240963855421,0.74
2023-05-17,AMZN,lstm,0.018349125212474244,-0.00011345095845172182,-0.021178536117076874,0.019811395555734634,256.49249076843245,174.53341250239836,256.49249076843245,174.53341250239836,22.804407394296543,1260.6245599010683,0.015646024293435732,0.020961513762243256,22852889216.08585,0.5060240963855421,0.74
2023-05-18,AMZN,lstm,0.022684486585828632,-0.0004685798776336014,-0.019322795793414116,0.01919499598443508,262.37738680230973,174.45164490625675,262.37738680230973,174.45164490625675,22.36799208638764,1285.0560314665433,0.015646024293435732,0.020961513762243256,22852889216.08585,0.5060240963855421,0.74
2023-05-19,AMZN,lstm,-0.01621197208021114,-0.0021369457244873047,-0.022519031539559364,0.01848738081753254,258.15802642277293,174.0792463384209,258.15802642277293,174.0792463384209,21.869916365385954,1309.034345911721,0.015646024293435732,0.020961513762243256,22852889216.08585,0.5060240963855421,0.74
2023-05-22,AMZN,lstm,-0.01072394478867387,-0.004956597462296486,-0.027919165790081024,0.014945104718208313,255.40434555155403,173.21854205695578,255.40434555155403,173.21854205695578,21.267770769428317,1328.744901969664,0.015646024293435732,0.020961513762243256,22852889216.08585,0.5060240963855421,0.74
2023-05-23,AMZN,lstm,-0.00017395019575110725,-0.0011885167332366109,-0.023795826360583305,0.020222267135977745,255.3599217795236,173.01279283693555,255.3599217795236,173.01279283693555,20.767660704379324,1355.8887429241024,0.015646024293435732,0.020961513762243256,22852889216.08585,0.5060240963855421,0.74
2023-05-24,AMZN,lstm,0.015189747065965913,-0.003448166185989976,-0.02649042382836342,0.019360441714525223,259.26838352566654,172.41724338468282,259.26838352566654,172.41724338468282,20.22473887798086,1382.3950284798682,0.015646024293435732,0.020961513762243256,22852889216.08585,0.5060240963855421,0.74
2023-05-25,AMZN,lstm,-0.01510276818575663,-0.002422367688268423,-0.02392825484275818,0.022352170199155807,255.38213366553876,172.00009501356882,255.38213366553876,172.00009501356882,19.746539721350118,1413.6425052156044,0.015646024293435732,0.020961513762243256,22852889216.08585,0.5060240963855421,0.74
2023-05-26,AMZN,lstm,0.04347586628475364,-0.0038889527786523104,-0.024965858086943626,0.017181968316435814,266.7299846125282,171.3324947283255,266.7299846125282,171.3324947283255,19.25965378153684,1438.1415067332857,0.015646024293435732,0.020961513762243256,22852889216.08585,0.5060240963855421,0.74
2023-05-30,AMZN,lstm,0.012822304345733589,-0.0023157759569585323,-0.02266271784901619,0.017988160252571106,270.17209840858044,170.9361893983517,270.17209840858044,170.9361893983517,18.828086738334633,1464.2451062764658,0.015646024293435732,0.020961513762243256,22852889216.08585,0.5060240963855421,0.74
2023-05-31,AMZN,lstm,-0.008916850747084985,-0.0006155323353596032,-0.02036726288497448,0.021869121119379997,267.773723000081,170.83100238643337,267.773723000081,170.83100238643337,18.4484885773977,1496.6195441273355,0.015646024293435732,0.020961513762243256,22852889216.08585,0.5060240963855421,0.74
2023-06-01,AMZN,lstm,0.017999210602823053,-0.0006519134622067213,-0.022453196346759796,0.021999146789312363,272.6370755897159,170.71966888628094,272.6370755897159,170.71966888628094,18.038876265228414,1529.9087085369833,0.015646024293435732,0.020961513762243256,22852889216.08585,0.5060240963855421,0.74
2023-06-02,AMZN,lstm,0.011983006127262639,-0.0024705459363758564,-0.024573922157287598,0.020936399698257446,275.9237400690712,170.29841586953762,275.9237400690712,170.29841586953762,17.600992132960915,1562.2772096854976,0.015646024293435732,0.020961513762243256,22852889216.08585,0.5060240963855421,0.74
2023-06-05,AMZN,lstm,0.008415221280893264,0.00038235337706282735,-0.020219925791025162,0.018557727336883545,278.25549676222977,170.36354196889874,278.25549676222977,170.36354196889874,17.24867573046387,1591.5402210368748,0.015646024293435732,0.020961513762243256,22852889216.08585,0.5060240963855421,0.74
2023-06-06,AMZN,lstm,0.010400614095251953,-0.001077659078873694,-0.02298184111714363,0.01841091737151146,281.16462695014553,170.1800509055794,281.16462695014553,170.1800509055794,16.856789259457024,1621.1132511908002,0.015646024293435732,0.020961513762243256,22852889216.08585,0.5060240963855421,0.74
2023-06-07,AMZN,lstm,-0.043421904903774046,0.0020146379247307777,-0.02378995716571808,0.02440936490893364,269.2171906223836,170.52324681140428,269.2171906223836,170.52324681140428,16.460499555436655,1661.170475787161,0.015646024293435732,0.020961513762243256,22852889216.08585,0.5060240963855421,0.74
2023-06-08,AMZN,lstm,0.02460606952762862,9.615007729735225e-05,-0.02058824524283409,0.019584257155656815,275.9237400690711,170.53965147117344,275.9237400690711,170.53965147117344,16.125071525600728,1694.0239392718051,0.015646024293435732,0.020961513762243256,22852889216.08585,0.5060240963855421,0.74
2023-06-09,AMZN,lstm,-0.006621468748440394,-0.0031097689643502235,-0.024679627269506454,0.01848093792796135,274.1027550980337,170.01013861728657,274.1027550980337,170.01013861728657,15.731981232603822,1725.622223492715,0.015646024293435732,0.020961513762243256,22852889216.08585,0.5060240963855421,0.74
2023-06-12,AMZN,lstm,0.025121316164936732,-0.0013574206968769431,-0.023576458916068077,0.02283664606511593,281.07579634878937,169.77952283844388,281.07579634878937,169.77952283844388,15.365414942020765,1765.4831002306232,0.015646024293435732,0.020961513762243256,22852889216.08585,0.5060240963855421,0.74
2023-06-13,AMZN,lstm,0.0007108476079609743,-0.0009032088564708829,-0.02623625099658966,0.021061178296804428,281.27566943751674,169.62624052793217,281.27566943751674,169.62624052793217,14.96752661386691,1803.0606669234496,0.015646024293435732,0.020961513762243256,22852889216.08585,0.5060240963855421,0.74
2023-06-14,AMZN,lstm,-0.0018966774409432219,-0.0001888465485535562,-0.022908683866262436,0.021120257675647736,280.7426858293803,169.5942104265141,280.7426858293803,169.5942104265141,14.628537956565003,1841.5468167894717,0.015646024293435732,0.020961513762243256,22852889216.08585,0.5060240963855421,0.74
2023-06-15,AMZN,lstm,0.005443175548084132,-0.0004996139323338866,-0.018885431811213493,0.017619436606764793,282.2749840530391,169.50950033615263,282.2749840530391,169.50950033615263,14.354863917588395,1874.281297759987,0.015646024293435732,0.020961513762243256,22852889216.08585,0.5060240963855421,0.74
2023-06-16,AMZN,lstm,-0.012826801009232924,-0.0006072255200706422,-0.01976184919476509,0.022607307881116867,278.6774209402899,169.40660574676286,278.6774209402899,169.40660574676286,14.073970133127327,1917.1363995880324,0.015646024293435732,0.020961513762243256,22852889216.08585,0.5060240963855421,0.74
2023-06-20,AMZN,lstm,0.002308282311188502,-0.0024015039671212435,-0.02418741025030613,0.020507214590907097,279.32143009309283,169.00026534866217,279.32143009309283,169.00026534866217,13.737641223044474,1956.8574185768323,0.015646024293435732,0.020961513762243256,22852889216.08585,0.5060240963855421,0.74
2023-06-21,AMZN,lstm,-0.007581513078945846,-0.001060499344021082,-0.02426908165216446,0.019217077642679214,277.21175837467683,168.82113361913713,277.21175837467683,168.82113361913713,13.408254051664525,1994.8260522309286,0.015646024293435732,0.020961513762243256,22852889216.08585,0.5060240963855421,0.74
2023-06-22,AMZN,lstm,0.04173475821321792,-0.0020586862228810787,-0.021430134773254395,0.018964700400829315,289.0259403290522,168.47393630139413,289.0259403290522,168.47393630139413,13.123970278154085,2033.0184475538,0.015646024293435732,0.020961513762243256,22852889216.08585,0.5060240963855421,0.74
2023-06-23,AMZN,lstm,-0.006320292959406817,-0.0031786400359123945,-0.022000079974532127,0.014355355873703957,287.20497230071965,167.93926915134782,287.20497230071965,167.93926915134782,12.838394421620693,2062.413647270344,0.015646024293435732,0.020961513762243256,22852889216.08585,0.5060240963855421,0.74
2023-06-26,AMZN,lstm,-0.01558513561942593,-0.0002705324732232839,-0.02065390534698963,0.018352074548602104,282.76354388914507,167.89384395068228,282.76354388914507,167.89384395068228,12.575951082437753,2100.6127392265294,0.015646024293435732,0.020961513762243256,22852889216.08585,0.5060240963855421,0.74
2023-06-27,AMZN,lstm,0.014424567940817595,-0.001708928612060845,-0.02169658988714218,0.018924575299024582,286.8718448386058,167.6071661760351,286.8718448386058,167.6071661760351,12.306034484035917,2140.7446060900975,0.015646024293435732,0.020961513762243256,22852889216.08585,0.5060240963855421,0.74
2023-06-28,AMZN,lstm,-0.0010843421189455317,-0.0004186881997156888,-0.018614185974001884,0.017821243032813072,286.56094620521196,167.53700524301414,286.56094620521196,167.53700524301414,12.079086168798895,2179.237191827755,0.015646024293435732,0.020961513762243256,22852889216.08585,0.5060240963855421,0.74
2023-06-29,AMZN,lstm,-0.008873661272556729,-0.0015489842044189572,-0.02066715806722641,0.014913168735802174,284.0293503087357,167.2776892187017,284.0293503087357,167.2776892187017,11.832007707609492,2211.98001366227,0.015646024293435732,0.020961513762243256,22852889216.08585,0.5060240963855421,0.74
2023-06-30,AMZN,lstm,0.01905113813636069,0.001189663540571928,-0.020750317722558975,0.018767304718494415,289.4923052218478,167.47682058883345,289.4923052218478,167.47682058883345,11.589019890344797,2253.8848731826074,0.015646024293435732,0.020961513762243256,22852889216.08585,0.5060240963855421,0.74
2023-07-03,AMZN,lstm,-0.0010745214685311468,0.00041883185622282326,-0.021046806126832962,0.022511281073093414,289.18140658845397,167.5469768707278,289.18140658845397,167.5469768707278,11.347656808232449,2305.198146264436,0.015646024293435732,0.020961513762243256,22852889216.08585,0.5060240963855421,0.74
2023-07-05,AMZN,lstm,0.0012279637641415527,0.0009488915093243122,-0.021374939009547234,0.019536109641194344,289.5367289938782,167.70604308574207,289.5367289938782,167.70604308574207,11.107675590758602,2350.6755188656584,0.015646024293435732,0.020961513762243256,22852889216.08585,0.5060240963855421,0.74
2023-07-06,AMZN,lstm,-0.015614479950363446,-0.0004379010642878711,-0.022049661725759506,0.021779481321573257,285.05087681027317,167.63262203147033,285.05087681027317,167.63262203147033,10.865435777658888,2402.4337093826744,0.015646024293435732,0.020961513762243256,22852889216.08585,0.5060240963855421,0.74
2023-07-07,AMZN,lstm,0.011001878790426247,-0.00032394047593697906,-0.022614052519202232,0.022348439320921898,288.2042869162419,167.57832722665177,288.2042869162419,167.57832722665177,10.622481751559548,2456.72884272612,0.015646024293435732,0.020961513762243256,22852889216.08585,0.5060240963855421,0.74
2023-07-10,AMZN,lstm,-0.020630536429565062,0.000450954947154969,-0.02039078250527382,0.023584920912981033,282.31939088236464,167.65391979102307,282.31939088236464,167.65391979102307,10.40807462165068,2515.359224238571,0.015646024293435732,0.020961513762243256,22852889216.08585,0.5060240963855421,0.74
2023-07-11,AMZN,lstm,0.01289534927354112,-0.0005097412504255772,-0.027279995381832123,0.023870155215263367,285.9835727104546,167.56848004856442,285.9835727104546,167.56848004856442,10.127980232964452,2576.123475632253,0.015646024293435732,0.020961513762243256,22852889216.08585,0.5060240963855421,0.74
2023-07-12,AMZN,lstm,0.015563949723523061,-0.00029227352933958173,-0.022515997290611267,0.027457769960165024,290.46942489405967,167.5195095723139,290.46942489405967,167.5195095723139,9.902486617318067,2647.838193798073,0.015646024293435732,0.020961513762243256,22852889216.08585,0.5060240963855421,0.74
2023-07-13,AMZN,lstm,0.026406663898050423,0.0009565085056237876,-0.021426603198051453,0.02148633450269699,298.24192461431517,167.6798277827782,298.24192461431517,167.6798277827782,9.692566873906392,2705.346219964782,0.015646024293435732,0.020961513762243256,22852889216.08585,0.5060240963855421,0.74
2023-07-14,AMZN,lstm,0.0028254136578632553,-0.0019483966752886772,-0.02277774177491665,0.0191961620002985,299.08577297043576,167.35343750825933,299.08577297043576,167.35343750825933,9.474287324019551,2757.780272810376,0.015646024293435732,0.020961513762243256,22852889216.08585,0.5060240963855421,0.74
2023-07-17,AMZN,lstm,-0.008350743114511814,-3.687836215249263e-05,-0.02615661919116974,0.021803654730319977,296.5985839032851,167.34726295714086,296.5985839032851,167.34726295714086,9.229684783452047,2818.5703237968614,0.015646024293435732,0.020961513762243256,22852889216.08585,0.5060240963855421,0.74
2023-07-18,AMZN,lstm,-0.005480667866621604,0.00047927445848472416,-0.022588923573493958,0.02051500976085663,294.9774720209751,167.42747928675723,294.9774720209751,167.42747928675723,9.023533237892416,2876.9906030849816,0.015646024293435732,0.020961513762243256,22852889216.08585,0.5060240963855421,0.74
2023-07-19,AMZN,lstm,0.01886777143765127,-0.002899216953665018,-0.02375447005033493,0.017670340836048126,300.59587625078416,166.94277713659372,300.59587625078416,166.94277713659372,8.811709638354502,2928.2798412660422,0.015646024293435732,0.020961513762243256,22852889216.08585,0.5060240963855421,0.74
2023-07-20,AMZN,lstm,-0.04071113790508541,-0.0011902950936928391,-0.020819345489144325,0.020145075395703316,288.60403309369667,166.74418376173986,288.60403309369667,166.74418376173986,8.630151995668946,2987.868530324303,0.015646024293435732,0.020961513762243256,22852889216.08585,0.5060240963855421,0.74
2023-07-21,AMZN,lstm,0.000307687993656272,0.0005614897818304598,-0.019435737282037735,0.023579977452754974,288.6928467523479,166.8378264554623,288.6928467523479,166.8378264554623,8.464038240334963,3059.159719257977,0.015646024293435732,0.020961513762243256,22852889216.08585,0.5060240963855421,0.74
2023-07-24,AMZN,lstm,-0.009273613091557636,0.001941257854923606,-0.020732196047902107,0.025212036445736885,286.0279964824851,167.16201094128212,286.0279964824851,167.16201094128212,8.290366503846691,3137.2680306905568,0.015646024293435732,0.020961513762243256,22852889216.08585,0.5060240963855421,0.74
2023-07-25,AMZN,lstm,0.002558849307688174,-0.0007758739520795643,-0.023369021713733673,0.018229268491268158,286.7608362366441,167.0323641580275,286.7608362366441,167.0323641580275,8.098874696844643,3194.9823979009648,0.015646024293435732,0.020961513762243256,22852889216.08585,0.5060240963855421,0.74
2023-07-26,AMZN,lstm,-0.007618281489535843,0.0008074574288912117,-0.024790849536657333,0.02333242818713188,284.5845119174776,167.16728657895058,284.5845119174776,167.16728657895058,7.900565125312551,3270.4056354978975,0.015646024293435732,0.020961513762243256,22852889216.08585,0.5060240963855421,0.74
2023-07-27,AMZN,lstm,0.0007800788687019062,0.00035617497633211315,-0.021401718258857727,0.023394327610731125,284.80659689222017,167.2268311246366,284.80659689222017,167.2268311246366,7.733276097233829,3347.8163897706954,0.015646024293435732,0.020961513762243256,22852889216.08585,0.5060240963855421,0.74
2023-07-28,AMZN,lstm,0.030410134252966122,0.00153738830704242,-0.017836250364780426,0.021534472703933716,293.60064005671813,167.48411212793232,293.60064005671813,167.48411212793232,7.596566147401951,3420.691569564685,0.015646024293435732,0.020961513762243256,22852889216.08585,0.5060240963855421,0.74
2023-07-31,AMZN,lstm,0.0110572111941032,0.002413249108940363,-0.016802001744508743,0.02024718001484871,296.8650587646486,167.88877616570937,296.8650587646486,167.88877616570937,7.469994866768731,3490.656931807288,0.015646024293435732,0.020961513762243256,22852889216.08585,0.5060240963855421,0.74
2023-08-01,AMZN,lstm,-0.014998135236778893,-0.0008789457497186959,-0.022522559389472008,0.019602587446570396,292.44585918179405,167.7412737099573,292.44585918179405,167.7412737099573,7.303632114926637,3559.758024712434,0.015646024293435732,0.020961513762243256,22852889216.08585,0.5060240963855421,0.74
2023-08-02,AMZN,lstm,-0.026781097330387048,0.0016265318263322115,-0.016687342897057533,0.020740432664752007,284.717783233569,168.0143234331664,284.717783233569,168.0143234331664,7.182765241965313,3634.3598490847785,0.015646024293435732,0.020961513762243256,22852889216.08585,0.5060240963855421,0.74
2023-08-03,AMZN,lstm,0.005444917932495522,0.0004588126321323216,-0.017334872856736183,0.019717039540410042,286.2722764005382,168.09143457547006,286.2722764005382,168.09143457547006,7.0593257637831375,3706.7298381450755,0.015646024293435732,0.020961513762243256,22852889216.08585,0.5060240963855421,0.74
2023-08-04,AMZN,lstm,0.07945180513430172,-0.0008133728988468647,-0.021277133375406265,0.020593781024217606,309.94509796672907,167.95476498386176,309.94509796672907,167.95476498386176,6.910710292672305,3783.8567527498817,0.015646024293435732,0.020961513762243256,22852889216.08585,0.5060240963855421,0.74
2023-08-07,AMZN,lstm,0.018808843040995626,-0.0019722762517631054,-0.02232455089688301,0.019145790487527847,315.82997705790154,167.62383518799626,315.82997705790154,167.62383518799626,6.758141140070105,3856.999699456344,0.015646024293435732,0.020961513762243256,22852889216.08585,0.5060240963855421,0.74
2023-08-08,AMZN,lstm,-0.016161386274731373,-0.0018220223719254136,-0.026855608448386192,0.019742252305150032,310.76675137953924,167.31869519632681,310.76675137953924,167.31869519632681,6.579062574587226,3933.9023681389513,0.015646024293435732,0.020961513762243256,22852889216.08585,0.5060240963855421,0.74
2023-08-09,AMZN,lstm,-0.01504759501753799,-0.0007105095428414643,-0.023111492395401,0.02298222854733467,306.1254668219421,167.1998572692262,306.1254668219421,167.1998572692262,6.428754282386704,4025.3589690120434,0.015646024293435732,0.020961513762243256,22852889216.08585,0.5060240963855421,0.74
2023-08-10,AMZN,lstm,0.005137245447970533,-0.0004589459567796439,-0.020388947799801826,0.020924722775816917,307.7021549322217,167.12313986263987,307.7021549322217,167.12313986263987,6.299006011127525,4110.47608839161,0.015646024293435732,0.020961513762243256,22852889216.08585,0.5060240963855421,0.74
2023-08-11,AMZN,lstm,-0.0010831058272496987,-0.001951695536263287,-0.02543414570391178,0.02167404629290104,307.36906135551743,166.79728531375724,307.36906135551743,166.79728531375724,6.140816529649406,4200.539362899893,0.015646024293435732,0.020961513762243256,22852889216.08585,0.5060240963855421,0.74
2023-08-14,AMZN,lstm,0.015485316080358403,-0.000671803776640445,-0.022345786914229393,0.01809919811785221,312.16581217251627,166.68527000599522,312.16581217251627,166.68527000599522,6.005117102412177,4277.2577451690995,0.015646024293435732,0.020961513762243256,22852889216.08585,0.5060240963855421,0.74
2023-08-15,AMZN,lstm,-0.020846133672850414,0.0005619697039946914,-0.023846425116062164,0.026244141161441803,305.72572064448735,166.77895909577964,305.72572064448735,166.77895909577964,5.863610489173363,4390.996612950726,0.015646024293435732,0.020961513762243256,22852889216.08585,0.5060240963855421,0.74
2023-08-16,AMZN,lstm,-0.019066286976507706,0.0034310021437704563,-0.015508674085140228,0.024458374828100204,299.9518840406862,167.35216554072144,299.9518840406862,167.35216554072144,5.77337523952603,4499.717200145464,0.015646024293435732,0.020961513762243256,22852889216.08585,0.5060240963855421,0.74
2023-08-17,AMZN,lstm,-0.008102713606702033,0.0001853517023846507,-0.02162911370396614,0.023545239120721817,297.5312798034667,167.38318768616153,297.5312798034667,167.38318768616153,5.649843048995429,4606.92103909408,0.015646024293435732,0.020961513762243256,22852889216.08585,0.5060240963855421,0.74
2023-08-18,AMZN,lstm,-0.005688597043229265,0.0019443583441898227,-0.015043869614601135,0.01768767461180687,295.8435492058158,167.70895066401962,295.8435492058158,167.70895066401962,5.565483764773982,4689.131704432976,0.015646024293435732,0.020961513762243256,22852889216.08585,0.5060240963855421,0.74
2023-08-21,AMZN,lstm,0.010899633762398327,-0.00031470824615098536,-0.02072955295443535,0.022754546254873276,299.08577297043587,167.65618055302176,299.08577297043587,167.65618055302176,5.451301425238611,4797.053852038367,0.015646024293435732,0.020961513762243256,22852889216.08585,0.5060240963855421,0.74
2023-08-22,AMZN,lstm,-0.003197806521519639,0.001289711450226605,-0.01830206997692585,0.02156534604728222,298.13088212694396,167.8725508746135,298.13088212694396,167.8725508746135,5.352438763629545,4901.627536231806,0.015646024293435732,0.020961513762243256,22852889216.08585,0.5060240963855421,0.74
2023-08-23,AMZN,lstm,0.009415529041193322,-0.0028545469976961613,-0.02598658576607704,0.017455078661441803,300.9511986562085,167.39403471314327,300.9511986562085,167.39403471314327,5.215139007761337,4987.936790609799,0.015646024293435732,0.020961513762243256,22852889216.08585,0.5060240963855421,0.74
2023-08-24,AMZN,lstm,-0.027530224045928062,-0.000623667670879513,-0.019819606095552444,0.01583748683333397,292.77895275849824,167.28967046086808,292.77895275849824,167.28967046086808,5.112794660077468,5067.561990822294,0.015646024293435732,0.020961513762243256,22852889216.08585,0.5060240963855421,0.74
2023-08-25,AMZN,lstm,0.010713027528748599,0.0012378395767882466,-0.01959379017353058,0.023101404309272766,295.932362864467,167.4968728567946,295.932362864467,167.4968728567946,5.013590593938305,5185.992262320112,0.015646024293435732,0.020961513762243256,22852889216.08585,0.5060240963855421,0.74
2023-08-28,AMZN,lstm,-0.0009008643247144191,-0.003095288760960102,-0.0245552659034729,0.016284465789794922,295.6658880031036,166.9792236319396,295.6658880031036,166.9792236319396,4.891979790370873,5271.13454413269,0.015646024293435732,0.020961513762243256,22852889216.08585,0.5060240963855421,0.74
2023-08-29,AMZN,lstm,0.013206715007284348,0.002828409429639578,-0.019006330519914627,0.022234149277210236,299.59656163526176,167.45217770888476,299.59656163526176,167.45217770888476,4.79987925828342,5389.646672536718,0.015646024293435732,0.020961513762243256,22852889216.08585,0.5060240963855421,0.74
2023-08-30,AMZN,lstm,0.00118530020246871,0.0003390778147149831,-0.020673461258411407,0.020054418593645096,299.9518840406861,167.50896918675352,299.9518840406861,167.50896918675352,4.701667960798662,5498.824081961994,0.015646024293435732,0.020961513762243256,22852889216.08585,0.5060240963855421,0.74
2023-08-31,AMZN,lstm,0.021532889699268778,0.00047007203102111816,-0.01951979286968708,0.018939578905701637,306.48075534195664,167.5877254445823,306.48075534195664,167.5877254445823,4.610782360964784,5603.962132676721,0.015646024293435732,0.020961513762243256,22852889216.08585,0.5060240963855421,0.74
2023-09-01,AMZN,lstm,0.0007967306725371615,0.001995982602238655,-0.017187364399433136,0.02285483106970787,306.72503526000963,167.92255695398782,306.72503526000963,167.92255695398782,4.532212365159703,5733.514636318056,0.015646024293435732,0.020961513762243256,22852889216.08585,0.5060240963855421,0.74
2023-09-05,AMZN,lstm,-0.006173016781758742,-0.0004311547672841698,-0.02105828747153282,0.022080782800912857,304.8374485163362,167.85017212375786,304.8374485163362,167.85017212375786,4.4377697529932,5861.523092034678,0.015646024293435732,0.020961513762243256,22852889216.08585,0.5060240963855421,0.74
2023-09-06,AMZN,lstm,-0.014011920021062172,0.001999897649511695,-0.015547029674053192,0.025580503046512604,300.59587625078416,168.18618829479294,300.59587625078416,168.18618829479294,4.369309101971007,6013.3980668365775,0.015646024293435732,0.020961513762243256,22852889216.08585,0.5060240963855421,0.74
2023-09-07,AMZN,lstm,0.018228281379293984,-0.0007489643758162856,-0.02393644116818905,0.01947627402842045,306.125466821942,168.0602683143164,306.125466821942,168.0602683143164,4.2659650865792385,6131.6644601483995,0.015646024293435732,0.020961513762243256,22852889216.08585,0.5060240963855421,0.74
2023-09-08,AMZN,lstm,0.0027527518216119884,5.837969365529716e-05,-0.019496841356158257,0.021059667691588402,306.96931517806263,168.07008514345827,306.96931517806263,168.07008514345827,4.183597702126356,6262.164861930506,0.015646024293435732,0.020961513762243256,22852889216.08585,0.5060240963855421,0.74
2023-09-11,AMZN,lstm,0.03462479564658769,-0.0004850284894928336,-0.016021041199564934,0.016645530238747597,317.7842164023253,167.988590684387,317.7842164023253,167.988590684387,4.117106111597934,6367.273966411807,0.015646024293435732,0.020961513762243256,22852889216.08585,0.5060240963855421,0.74
2023-09-12,AMZN,lstm,-0.013153992385327589,-0.0009427097393199801,-0.020172150805592537,0.020064162090420723,313.6314577954245,167.83029674395436,313.6314577954245,167.83029674395436,4.0348872580144794,6496.318051798759,0.015646024293435732,0.020961513762243256,22852889216.08585,0.5060240963855421,0.74
2023-09-13,AMZN,lstm,0.02530902952298205,-0.0008608765783719718,-0.023432370275259018,0.022159229964017868,321.6704662624531,167.68587671657363,321.6704662624531,167.68587671657363,3.941439346693906,6641.878309354733,0.015646024293435732,0.020961513762243256,22852889216.08585,0.5060240963855421,0.74
2023-09-14,AMZN,lstm,-0.0008979168301894522,-0.002066398970782757,-0.02214839495718479,0.016680026426911354,321.38176257236967,167.3397248300911,321.38176257236967,167.3397248300911,3.855102333111474,6753.594396450078,0.015646024293435732,0.020961513762243256,22852889216.08585,0.5060240963855421,0.74
2023-09-15,AMZN,lstm,-0.03037658988565322,0.0002312059368705377,-0.020443860441446304,0.021433942019939423,311.7660659950615,167.3784248225297,311.7660659950615,167.3784248225297,3.7770892743291142,6899.913279487601,0.015646024293435732,0.020961513762243256,22852889216.08585,0.5060240963855421,0.74
2023-09-18,AMZN,lstm,-0.0029247348968620985,-2.3088343368726783e-05,-0.019289880990982056,0.01917818933725357,310.85556503819043,167.37456390481805,310.85556503819043,167.37456390481805,3.7049279188329796,7033.51826065974,0.015646024293435732,0.020961513762243256,22852889216.08585,0.5060240963855421,0.74
2023-09-19,AMZN,lstm,-0.016930564270193287,0.0010188058950006962,-0.022361915558576584,0.022507701069116592,305.63690698583605,167.5451786118052,305.63690698583605,167.5451786118052,3.6229981044714985,7193.6214957083575,0.015646024293435732,0.020961513762243256,22852889216.08585,0.5060240963855421,0.74
2023-09-20,AMZN,lstm,-0.01714838747973992,0.00015447221812792122,-0.018401075154542923,0.01891787350177765,300.44040999138247,167.57106354426134,300.44040999138247,167.57106354426134,3.5569406234111476,7331.004733990556,0.015646024293435732,0.020961513762243256,22852889216.08585,0.5060240963855421,0.74
2023-09-21,AMZN,lstm,-0.04505328140436448,0.0018723399844020605,-0.021069645881652832,0.022587593644857407,287.2049723007196,167.88510667155722,287.2049723007196,167.88510667155722,3.482781157708123,7498.47913405768,0.015646024293435732,0.020961513762243256,22852889216.08585,0.5060240963855421,0.74
2023-09-22,AMZN,lstm,-0.0016251248796010811,-0.0007601074757985771,-0.019067198038101196,0.017496485263109207,286.738607407924,167.757540850157,286.738607407924,167.757540850157,3.4170033809449207,7630.8309278268,0.015646024293435732,0.020961513762243256,22852889216.08585,0.5060240963855421,0.74
2023-09-25,AMZN,lstm,0.01651413665688319,-8.472397894365713e-05,-0.023967117071151733,0.021884750574827194,291.51316328161244,167.74333208837268,291.51316328161244,167.74333208837268,3.336081301839519,7799.670383096402,0.015646024293435732,0.020961513762243256,22852889216.08585,0.5060240963855421,0.74
2023-09-26,AMZN,lstm,-0.04113311252209692,0.001763169071637094,-0.01720556803047657,0.022714337334036827,279.7655830998731,168.03936121361448,279.7655830998731,168.03936121361448,3.2791731843106002,7978.861981460648,0.015646024293435732,0.020961513762243256,22852889216.08585,0.5060240963855421,0.74
2023-09-27,AMZN,lstm,0.0,-0.00014343924704007804,-0.020362261682748795,0.02261548489332199,279.7655830998731,168.01526289461566,279.7655830998731,168.01526289461566,3.213077107451438,8161.363793898514,0.015646024293435732,0.020961513762243256,22852889216.08585,0.5060240963855421,0.74
2023-09-28,AMZN,lstm,0.0,0.0011251509422436357,-0.016646746546030045,0.020428907126188278,279.7655830998731,168.20441658290062,279.7655830998731,168.20441658290062,3.160032620287462,8329.806686656053,0.015646024293435732,0.020961513762243256,22852889216.08585,0.5060240963855421,0.74
2023-09-29,AMZN,lstm,0.009008352994332738,-0.0007118841749615967,-0.018633034080266953,0.01783933863043785,282.2971959390542,168.0847189805342,282.2971959390542,168.0847189805342,3.101696799670683,8479.738297671634,0.015646024293435732,0.020961513762243256,22852889216.08585,0.5060240963855421,0.74
2023-10-02,AMZN,lstm,0.018240461143240686,0.0011063277488574386,-0.019660886377096176,0.026333577930927277,287.49367599080296,168.27078497628145,287.49367599080296,168.27078497628145,3.0413103487382496,8706.00595752624,0.015646024293435732,0.020961513762243256,22852889216.08585,0.5060240963855421,0.74
2023-10-03,AMZN,lstm,-0.0373007704408456,0.0017047387082129717,-0.024100665003061295,0.02210909128189087,276.9674784566237,168.55789575143814,276.9674784566237,168.55789575143814,2.968888866168432,8900.631489821335,0.015646024293435732,0.020961513762243256,22852889216.08585,0.5060240963855421,0.74
2023-10-04,AMZN,lstm,0.018115851921521226,0.0017287775408476591,-0.022017069160938263,0.02179151400923729,282.030704134986,168.84955532795334,282.030704134986,168.84955532795334,2.9042370425597412,9096.718731439898,0.015646024293435732,0.020961513762243256,22852889216.08585,0.5060240963855421,0.74
2023-10-05,AMZN,lstm,-0.008222697494164894,0.0008165183826349676,-0.022874925285577774,0.023761849850416183,279.72115932784266,168.98747536821594,279.72115932784266,168.98747536821594,2.8385569843829224,9315.462260238852,0.015646024293435732,0.020961513762243256,22852889216.08585,0.5060240963855421,0.74
2023-10-06,AMZN,lstm,0.015753318962097584,-0.0034411996603012085,-0.022508859634399414,0.015815138816833496,284.16258773941723,168.4069503786797,284.16258773941723,168.4069503786797,2.7753779520575175,9463.959155595467,0.015646024293435732,0.020961513762243256,22852889216.08585,0.5060240963855421,0.74
2023-10-09,AMZN,lstm,0.0023417029658428425,0.0012925334740430117,-0.020970981568098068,0.022102054208517075,284.8287918355305,168.62477142975382,284.8287918355305,168.62477142975382,2.717781619212675,9675.461281204325,0.015646024293435732,0.020961513762243256,22852889216.08585,0.5060240963855421,0.74
2023-10-10,AMZN,lstm,0.00946698516860395,-0.0004180783871561289,-0.022215936332941055,0.019221648573875427,287.53806587742383,168.55428503188918,287.53806587742383,168.55428503188918,2.6580692737185703,9863.23905350742,0.015646024293435732,0.020961513762243256,22852889216.08585,0.5060240963855421,0.74
2023-10-11,AMZN,lstm,0.017986831598422272,-0.0009127782541327178,-0.021282879635691643,0.01747054047882557,292.7567578151878,168.40050144580533,292.7567578151878,168.40050144580533,2.602095589881013,10037.068981537146,0.015646024293435732,0.020961513762243256,22852889216.08585,0.5060240963855421,0.74
2023-10-12,AMZN,lstm,0.003785588962598881,0.0008445173734799027,-0.022169064730405807,0.02274331822991371,293.8671149180815,168.54277229142673,293.8671149180815,168.54277229142673,2.545044250250612,10267.961072148151,0.015646024293435732,0.020961513762243256,22852889216.08585,0.5060240963855421,0.74
2023-10-13,AMZN,lstm,-0.019381108651019514,-0.0015168343670666218,-0.025816574692726135,0.0182456374168396,288.22648185955234,168.28731428477064,288.22648185955234,168.28731428477064,2.480180816661159,10457.025725926705,0.015646024293435732,0.020961513762243256,22852889216.08585,0.5060240963855421,0.74
2023-10-16,AMZN,lstm,0.021042247787508333,-0.00151468173135072,-0.024214640259742737,0.019704435020685196,294.3556747541874,168.0326045777708,294.3556747541874,168.0326045777708,2.420845431381064,10665.118918322916,0.015646024293435732,0.020961513762243256,22852889216.08585,0.5060240963855421,0.74
2023-10-17,AMZN,lstm,-0.008181257764936053,0.0007323285681195557,-0.018398091197013855,0.021641038358211517,291.957299345688,168.1556953641242,291.957299345688,168.1556953641242,2.376713656916719,10898.438991037467,0.015646024293435732,0.020961513762243256,22852889216.08585,0.5060240963855421,0.74
2023-10-18,AMZN,lstm,-0.025733286363791553,-0.0014453427866101265,-0.020173173397779465,0.017533473670482635,284.54012203085676,167.91283143161192,284.54012203085676,167.91283143161192,2.3292481357496277,11091.210971872923,0.015646024293435732,0.020961513762243256,22852889216.08585,0.5060240963855421,0.74
2023-10-19,AMZN,lstm,0.00210493209093831,0.0023367360699921846,-0.01991945132613182,0.024400245398283005,285.1396904689244,168.30566052993734,285.1396904689244,168.30566052993734,2.2833099062695013,11365.168355004189,0.015646024293435732,0.020961513762243256,22852889216.08585,0.5060240963855421,0.74
2023-10-20,AMZN,lstm,-0.025477545009301914,-0.0011339952470734715,-0.018625866621732712,0.016685981303453445,277.9667930721462,168.11490586986878,277.9667930721462,168.11490586986878,2.2411748952902526,11556.397704693127,0.015646024293435732,0.020961513762243256,22852889216.08585,0.5060240963855421,0.74
2023-10-23,AMZN,lstm,0.011043686017449744,0.00210045138373971,-0.017781350761651993,0.022458955645561218,281.05358446277415,168.4683865319444,281.05358446277415,168.4683865319444,2.201675982066873,11818.878918629085,0.015646024293435732,0.020961513762243256,22852889216.08585,0.5060240963855421,0.74
2023-10-24,AMZN,lstm,0.01567921771001468,-0.0002501602575648576,-0.016732634976506233,0.018682336434721947,285.4950128743488,168.42625240493024,285.4950128743488,168.42625240493024,2.1651426991715716,12041.75881644953,0.015646024293435732,0.020961513762243256,22852889216.08585,0.5060240963855421,0.74
2023-10-25,AMZN,lstm,-0.057387204557163146,7.576793450425612e-06,-0.020566755905747414,0.017198188230395317,269.57249608510307,168.42753739525926,269.57249608510307,168.42753739525926,2.121067506904549,12250.64694397835,0.015646024293435732,0.020961513762243256,22852889216.08585,0.5060240963855421,0.74
2023-10-26,AMZN,lstm,-0.015106526502479031,0.00012298248475417495,-0.02061721682548523,0.022689223289489746,265.5307969082784,168.4482580223993,265.5307969082784,168.4482580223993,2.0777847340339592,12531.782418570136,0.015646024293435732,0.020961513762243256,22852889216.08585,0.5060240963855421,0.74
2023-10-27,AMZN,lstm,0.06609496003096194,0.0031532403081655502,-0.016131341457366943,0.02796138823032379,283.6740279033114,168.98025328308944,283.6740279033114,168.98025328308944,2.044536147857526,12887.133090404846,0.015646024293435732,0.020961513762243256,22852889216.08585,0.5060240963855421,0.74
2023-10-30,AMZN,lstm,0.038169415629497834,-0.0006945005152374506,-0.023287853226065636,0.019156554713845253,294.71099715961185,168.8629345342433,294.71099715961185,168.8629345342433,1.9974734254441504,13136.38610060461,0.015646024293435732,0.020961513762243256,22852889216.08585,0.5060240963855421,0.74
2023-10-31,AMZN,lstm,0.0028592165427562357,-0.0021140584722161293,-0.02419799193739891,0.020851198583841324,295.5548455157325,168.5063209796772,295.5548455157325,168.5063209796772,1.949718745174641,13413.171367826033,0.015646024293435732,0.020961513762243256,22852889216.08585,0.5060240963855421,0.74
2023-11-01,AMZN,lstm,0.028955362245697565,-0.0018475842662155628,-0.022891458123922348,0.018230192363262177,304.23784619285914,168.1952757946823,304.23784619285914,168.1952757946823,1.905593750925798,13659.937924429209,0.015646024293435732,0.020961513762243256,22852889216.08585,0.5060240963855421,0.74
2023-11-02,AMZN,lstm,0.007779930147075702,5.970459460513666e-05,-0.020296260714530945,0.021032508462667465,306.6140266580482,168.20532106478825,306.6140266580482,168.20532106478825,1.867307222770616,13950.283384820441,0.015646024293435732,0.020961513762243256,22852889216.08585,0.5060240963855421,0.74
2023-11-03,AMZN,lstm,0.0038312748175106013,-0.0014156992547214031,-0.026132570579648018,0.022887373343110085,307.7910024762827,167.96735826479375,307.7910024762827,167.96735826479375,1.8191417343739922,14273.250280557591,0.015646024293435732,0.020961513762243256,22852889216.08585,0.5060240963855421,0.74
2023-11-06,AMZN,lstm,0.008191461641482902,0.0011268373345956206,-0.019941430538892746,0.021806903183460236,310.3226153154638,168.15673834721844,310.3226153154638,168.15673834721844,1.7832247466432556,14587.9247335343,0.015646024293435732,0.020961513762243256,22852889216.08585,0.5060240963855421,0.74
2023-11-07,AMZN,lstm,0.021031053723631822,0.0020449759904295206,-0.0205380916595459,0.02273305505514145,316.91813921748485,168.50096560290834,316.91813921748485,168.50096560290834,1.7469742110573363,14923.351384341955,0.015646024293435732,0.020961513762243256,22852889216.08585,0.5060240963855421,0.74
2023-11-08,AMZN,lstm,-0.004424354026475328,0.002359608421102166,-0.018288102000951767,0.025184594094753265,315.51907842450777,168.89902731175835,315.51907842450777,168.89902731175835,1.715315722291452,15303.96177110391,0.015646024293435732,0.020961513762243256,22852889216.08585,0.5060240963855421,0.74
2023-11-09,AMZN,lstm,-0.010471269344291862,-0.00020489617600105703,-0.024276215583086014,0.020077217370271683,312.2324308878573,168.86442646040908,312.2324308878573,168.86442646040908,1.6741757687805237,15614.32799448969,0.015646024293435732,0.020961513762243256,22852889216.08585,0.5060240963855421,0.74
2023-11-10,AMZN,lstm,0.02083402648617425,0.00032988618477247655,-0.023428555577993393,0.02397111803293228,318.80572596115826,168.92014687700768,318.80572596115826,168.92014687700768,1.6354081768484696,15993.143448432773,0.015646024293435732,0.020961513762243256,22852889216.08585,0.5060240963855421,0.74
2023-11-13,AMZN,lstm,-0.006779695661997966,0.0016608862206339836,-0.017673268914222717,0.020089268684387207,316.65163047071184,169.2009351231688,316.65163047071184,169.2009351231688,1.60675912271456,16317.68273355725,0.015646024293435732,0.020961513762243256,22852889216.08585,0.5060240963855421,0.74
2023-11-14,AMZN,lstm,0.022262486894446033,-5.673598570865579e-05,-0.021234609186649323,0.023008260875940323,323.78013798086926,169.19133404929352,323.78013798086926,169.19133404929352,1.572999898044917,16697.47708862944,0.015646024293435732,0.020961513762243256,22852889216.08585,0.5060240963855421,0.74
2023-11-15,AMZN,lstm,-0.017993607290294027,0.0003295459900982678,-0.021382011473178864,0.023696981370449066,318.00626749165843,169.2471018284824,318.00626749165843,169.2471018284824,1.5397229918637128,17097.88294782224,0.015646024293435732,0.020961513762243256,22852889216.08585,0.5060240963855421,0.74
2023-11-16,AMZN,lstm,-0.002587108521031568,0.0002806126431096345,-0.0184635017067194,0.018649859353899956,317.1846140788482,169.29459572469312,317.1846140788482,169.29459572469312,1.5115551516478642,17419.747444032146,0.015646024293435732,0.020961513762243256,22852889216.08585,0.5060240963855421,0.74
2023-11-17,AMZN,lstm,0.016319176713110995,0.001740110106766224,-0.020663784816861153,0.025150230154395103,322.4032721312026,169.5894472714024,322.4032721312026,169.5894472714024,1.4806412420755688,17863.41419555575,0.015646024293435732,0.020961513762243256,22852889216.08585,0.5060240963855421,0.74
2023-11-20,AMZN,lstm,0.006522368493262836,-0.00046352713252417743,-0.017104309052228928,0.017864607274532318,324.51297773502824,169.51085509302578,324.51297773502824,169.51085509302578,1.455531294902103,18185.405091644017,0.015646024293435732,0.020961513762243256,22852889216.08585,0.5060240963855421,0.74
2023-11-21,AMZN,lstm,-0.015378098422388055,-0.0017098200041800737,-0.02203797921538353,0.017410196363925934,319.56076065862766,169.22126472662194,319.56076065862766,169.22126472662194,1.423805164041337,18504.78859252182,0.015646024293435732,0.020961513762243256,22852889216.08585,0.5060240963855421,0.74
2023-11-22,AMZN,lstm,0.01933932343605667,0.001265437575057149,-0.018091311678290367,0.023394593968987465,325.800996040634,169.43553964254676,325.800996040634,169.43553964254676,1.3982782454687033,18942.804987197593,0.015646024293435732,0.020961513762243256,22852889216.08585,0.5060240963855421,0.74
2023-11-24,AMZN,lstm,0.00020445580612358505,-0.00010423406638437882,-0.02080768719315529,0.021592020988464355,325.86761475597484,169.41787623767465,325.86761475597484,169.41787623767465,1.3694839357053616,19356.267001961056,0.015646024293435732,0.020961513762243256,22852889216.08585,0.5060240963855421,0.74
2023-11-27,AMZN,lstm,0.006723903692254734,0.0023281401954591274,-0.018349532037973404,0.02437790110707283,328.0661001330421,169.81277223639998,328.0661001330421,169.81277223639998,1.3445836801364333,19833.931571824847,0.015646024293435732,0.020961513762243256,22852889216.08585,0.5060240963855421,0.74
2023-11-28,AMZN,lstm,-0.00474961512561893,0.000751701882109046,-0.019827954471111298,0.0189344584941864,326.5116069660729,169.94046672006965,326.5116069660729,169.94046672006965,1.3181858760114402,20213.054237438428,0.015646024293435732,0.020961513762243256,22852889216.08585,0.5060240963855421,0.74
2023-11-29,AMZN,lstm,-0.004840585148378569,0.0006046476773917675,-0.017402630299329758,0.022261038422584534,324.93491885579334,170.04325825927825,324.93491885579334,170.04325825927825,1.2954444178145317,20668.06318180896,0.015646024293435732,0.020961513762243256,22852889216.08585,0.5060240963855421,0.74
2023-11-30,AMZN,lstm,-0.001573209061844679,-0.0007061578216962516,-0.02337541989982128,0.022055210545659065,324.42413019096733,169.9232250959951,324.42413019096733,169.9232250959951,1.2655140683513206,21128.966020908683,0.015646024293435732,0.020961513762243256,22852889216.08585,0.5060240963855421,0.74
2023-12-01,AMZN,lstm,0.006413794210223246,0.001714735641144216,-0.017991505563259125,0.021018370985984802,326.5116069660729,170.21485687467722,326.5116069660729,170.21485687467722,1.2429491802006787,21577.762805139337,0.015646024293435732,0.020961513762243256,22852889216.08585,0.5060240963855421,0.74
2023-12-04,AMZN,lstm,-0.01500697967354326,0.0005475631915032864,-0.019576366990804672,0.020835131406784058,321.6482374337332,170.30809490264792,321.6482374337332,170.30809490264792,1.2188533754964888,22032.053942212195,0.015646024293435732,0.020961513762243256,22852889216.08585,0.5060240963855421,0.74
2023-12-05,AMZN,lstm,0.013986300502114904,0.0002754855086095631,-0.022588863968849182,0.02016165480017662,326.1785133893687,170.3550135341205,326.1785133893687,170.3550135341205,1.1916294948836506,22480.765606383084,0.015646024293435732,0.020961513762243256,22852889216.08585,0.5060240963855421,0.74
2023-12-06,AMZN,lstm,-0.016198024273178,0.0009894007816910744,-0.022044461220502853,0.02225344255566597,320.9376265082943,170.52365033684,320.9376265082943,170.52365033684,1.1656480873623163,22986.64800808617,0.015646024293435732,0.020961513762243256,22852889216.08585,0.5060240963855421,0.74
2023-12-07,AMZN,lstm,0.016198024273177868,-0.0005519464029930532,-0.021789466962218285,0.021848125383257866,326.1785133893686,170.42955200998898,326.1785133893686,170.42955200998898,1.1405239248185814,23494.3892188704,0.015646024293435732,0.020961513762243256,22852889216.08585,0.5060240963855421,0.74
2023-12-08,AMZN,lstm,0.003669683224747049,0.002113946247845888,-0.020728930830955505,0.023261208087205887,327.3776841509135,170.79021559175146,327.3776841509135,170.79021559175146,1.1171254365485963,24047.301971741024,0.015646024293435732,0.020961513762243256,22852889216.08585,0.5060240963855421,0.74
2023-12-11,AMZN,lstm,-0.010432734440314026,-0.00018379758694209158,-0.018075207248330116,0.018332140520215034,323.97999412689177,170.75883099047618,323.97999412689177,170.75883099047618,1.0971145863533291,24492.20501390395,0.015646024293435732,0.020961513762243256,22852889216.08585,0.5060240963855421,0.74
2023-12-12,AMZN,lstm,0.010839635496016388,-0.0017198201967403293,-0.02281864918768406,0.017628198489546776,327.5109215815952,170.46540886736443,327.5109215815952,170.46540886736443,1.0723633538592046,24927.786053023825,0.015646024293435732,0.020961513762243256,22852889216.08585,0.5060240963855421,0.74
2023-12-13,AMZN,lstm,0.009179334477907091,0.0015961476601660252,-0.017534246668219566,0.022461386397480965,330.53109425688234,170.73771107517086,330.53109425688234,170.73771107517086,1.053724145641012,25494.034885723577,0.015646024293435732,0.020961513762243256,22852889216.08585,0.5060240963855421,0.74
2023-12-14,AMZN,lstm,-0.009586235533609468,-0.0012407312169671059,-0.020518992096185684,0.018104277551174164,327.3776841509135,170.52600392402633,327.3776841509135,170.52600392402633,1.0323230871887454,25959.790029883585,0.015646024293435732,0.020961513762243256,22852889216.08585,0.5060240963855421,0.74
2023-12-15,AMZN,lstm,0.01714963889276147,-0.0022459211759269238,-0.020002618432044983,0.017038892954587936,333.040512152753,170.14344595161347,333.040512152753,170.14344595161347,1.0118790829504494,26405.905219833803,0.015646024293435732,0.020961513762243256,22852889216.08585,0.5060240963855421,0.74
2023-12-18,AMZN,lstm,0.026971809898698733,-0.001049209851771593,-0.02128634974360466,0.016510512679815292,342.14545395064476,169.96501922169162,342.14545395064476,169.96501922169162,0.9905674721493065,26845.499567781615,0.015646024293435732,0.020961513762243256,22852889216.08585,0.5060240963855421,0.74
2023-12-19,AMZN,lstm,-0.0018191003361762064,0.00011268649541307241,-0.019205812364816666,0.018951762467622757,341.52362279844743,169.9841662533761,341.52362279844743,169.9841662533761,0.9717243192408286,27359.120952060282,0.015646024293435732,0.020961513762243256,22852889216.08585,0.5060240963855421,0.74
2023-12-20,AMZN,lstm,-0.01091834083412718,-0.00031841962481848896,-0.018846694380044937,0.017184507101774216,337.81503414103184,169.9300520647074,337.81503414103184,169.9300520647074,0.9535820305909667,27833.33743546606,0.015646024293435732,0.020961513762243256,22852889216.08585,0.5060240963855421,0.74
2023-12-21,AMZN,lstm,0.011243426514228085,-7.862821075832471e-05,-0.023476533591747284,0.020053137093782425,341.63466528581876,169.91669241441303,341.63466528581876,169.91669241441303,0.931455995281262,28397.117428962556,0.015646024293435732,0.020961513762243256,22852889216.08585,0.5060240963855421,0.74
2023-12-22,AMZN,lstm,-0.002733830879625901,-0.001521238242276013,-0.02143087610602379,0.0190635584294796,340.70196938563726,169.6584025165751,340.70196938563726,169.6584025165751,0.9117064621095232,28943.661385483523,0.015646024293435732,0.020961513762243256,22852889216.08585,0.5060240963855421,0.74
2023-12-26,AMZN,lstm,-6.514686816695571e-05,0.00013262957509141415,-0.020178038626909256,0.021786462515592575,340.67977444232685,169.68091278311766,340.67977444232685,169.68091278311766,0.8934943587423779,29581.15901423982,0.015646024293435732,0.020961513762243256,22852889216.08585,0.5060240963855421,0.74
2023-12-27,AMZN,lstm,-0.00045644547960358643,-0.001481859479099512,-0.024607881903648376,0.0227787084877491,340.52430818292515,169.42965638180107,340.52430818292515,169.42965638180107,0.8717757008362149,30262.71410758513,0.015646024293435732,0.020961513762243256,22852889216.08585,0.5060240963855421,0.74
2023-12-28,AMZN,lstm,0.00026087992298881607,0.0007280391291715205,-0.019489558413624763,0.021361881867051125,340.61315572698607,169.553043452795,340.61315572698607,169.553043452795,0.854949664349215,30916.136442974057,0.015646024293435732,0.020961513762243256,22852889216.08585,0.5060240963855421,0.74
2023-12-29,AMZN,lstm,-0.009432812028151797,-0.0020786733366549015,-0.023944716900587082,0.016730662435293198,337.4153218489868,169.2009654365253,337.4153218489868,169.2009654365253,0.8347212969572665,31437.73656524717,0.015646024293435732,0.020961513762243256,22852889216.08585,0.5060240963855421,0.74
2023-01-03,AMZN,gru,0.021435277164066735,0.00031996690086089075,-0.016014857217669487,0.015297027304768562,190.5816924629575,186.59970043682733,190.5816924629575,186.59970043682733,183.57637271222757,189.41543184660077,0.01581012294197477,0.02108098477742124,51394815460.76042,0.5341365461847389,0.62
2023-01-04,AMZN,gru,-0.007955122776173124,-0.0022281084675341845,-0.017563778907060623,0.0130878034979105,189.07160612531396,186.18439715800497,189.07160612531396,186.18439715800497,180.3802241442608,191.9107563835642,0.01581012294197477,0.02108098477742124,51394815460.76042,0.5341365461847389,0.62
2023-01-05,AMZN,gru,-0.02401157339665977,-0.0014442348619922996,-0.019425926730036736,0.014950351789593697,184.58577088441373,185.91569448359303,184.58577088441373,185.91569448359303,176.90998425543808,194.80144857264315,0.01581012294197477,0.02108098477742124,51394815460.76042,0.5341365461847389,0.62
2023-01-06,AMZN,gru,0.0349917378504728,-0.0017820517532527447,-0.019093744456768036,0.015931274741888046,191.15908290041955,185.58468082137878,191.15908290041955,185.58468082137878,173.56415411805207,197.92972658237605,0.01581012294197477,0.02108098477742124,51394815460.76042,0.5341365461847389,0.62
2023-01-09,AMZN,gru,0.014760401298199752,-0.001159169478341937,-0.019067201763391495,0.01745454967021942,194.0015943729945,185.36968544571906,194.0015943729945,185.36968544571906,170.28612323793092,201.4148352279165,0.01581012294197477,0.02108098477742124,51394815460.76042,0.5341365461847389,0.62
2023-01-10,AMZN,gru,0.028326693248784427,-0.00015586530207656324,-0.015333040617406368,0.015805739909410477,199.57559177347795,185.34079258724717,199.57559177347795,185.34079258724717,167.69503049139468,204.62364906324285,0.01581012294197477,0.02108098477742124,51394815460.76042,0.5341365461847389,0.62
2023-01-11,AMZN,gru,0.05645956080731301,-0.0007173882913775742,-0.01963081583380699,0.020534146577119827,211.16770569581558,185.2078840596573,211.16770569581558,185.2078840596573,164.43513984270584,208.86886735703754,0.01581012294197477,0.02108098477742124,51394815460.76042,0.5341365461847389,0.62
2023-01-12,AMZN,gru,0.0018911574433712077,-0.001549438340589404,-0.018172886222600937,0.016589023172855377,211.5674349305655,184.92113953729734,211.5674349305655,184.92113953729734,161.4738654663936,212.3626854730673,0.01581012294197477,0.02108098477742124,51394815460.76042,0.5341365461847389,0.62
2023-01-13,AMZN,gru,0.029476316899670684,-0.0005470158066600561,-0.01779402792453766,0.014846489764750004,217.89648397122315,184.82001122999924,217.89648397122315,184.82001122999924,158.62600632526355,215.53903441514515,0.01581012294197477,0.02108098477742124,51394815460.76042,0.5341365461847389,0.62
2023-01-17,AMZN,gru,-0.021322326395198637,-0.002306570066139102,-0.020199991762638092,0.015209335833787918,213.29960624295163,184.3942047139436,213.29960624295163,184.3942047139436,155.45390523756663,218.8422878589121,0.01581012294197477,0.02108098477742124,51394815460.76042,0.5341365461847389,0.62
2023-01-18,AMZN,gru,-0.0061616190001011146,-0.0027095123659819365,-0.021135270595550537,0.014017739333212376,211.98937605133062,183.89525758759086,211.98937605133062,183.89525758759086,152.20282283326875,221.9315545407488,0.01581012294197477,0.02108098477742124,51394815460.76042,0.5341365461847389,0.62
2023-01-19,AMZN,gru,-0.018822579439957077,-0.002049021190032363,-0.015724550932645798,0.011572279967367649,208.036507475862,183.5188345305072,208.036507475862,183.5188345305072,149.82821902060812,224.5147215040643,0.01581012294197477,0.02108098477742124,51394815460.76042,0.5341365461847389,0.62
2023-01-20,AMZN,gru,0.037400259951453026,-0.002786682453006506,-0.02180403470993042,0.01462638285011053,215.96445651281445,183.00813434362516,215.96445651281445,183.00813434362516,146.5967150148753,227.822701330245,0.01581012294197477,0.02108098477742124,51394815460.76042,0.5341365461847389,0.62
2023-01-23,AMZN,gru,0.0027724682514327437,-0.0009775810176506639,-0.01916396990418434,0.01932096853852272,216.56404189358688,182.82931728921668,216.56404189358688,182.82931728921668,143.8140870703169,232.26725765211594,0.01581012294197477,0.02108098477742124,51394815460.76042,0.5341365461847389,0.62
2023-01-24,AMZN,gru,-0.012381472357830799,-0.0018597906455397606,-0.019931389018893242,0.018825257197022438,213.89919162372405,182.4896102539221,213.89919162372405,182.4896102539221,140.97604770851208,236.6811509159443,0.01581012294197477,0.02108098477742124,51394815460.76042,0.5341365461847389,0.62
2023-01-25,AMZN,gru,0.008888953725914,-0.00042036973172798753,-0.01834782212972641,0.014121034182608128,215.80900719611753,182.4129149165133,215.80900719611753,182.4129149165133,138.4130257449156,240.0470388653715,0.01581012294197477,0.02108098477742124,51394815460.76042,0.5341365461847389,0.62
2023-01-26,AMZN,gru,0.020774687057825685,-0.0037297315429896116,-0.01955312490463257,0.013155597262084484,220.3392662090482,181.73383050585448,220.3392662090482,181.73383050585448,135.73290325280968,243.2258577301222,0.01581012294197477,0.02108098477742124,51394815460.76042,0.5341365461847389,0.62
2023-01-27,AMZN,gru,0.02998335055905419,-0.00030975937261246145,-0.016595885157585144,0.016407445073127747,227.0458156557357,181.67754649643908,227.0458156557357,181.67754649643908,133.49888509152984,247.24949258146663,0.01581012294197477,0.02108098477742124,51394815460.76042,0.5341365461847389,0.62
2023-01-30,AMZN,gru,-0.016667823165641346,-0.0017582145519554615,-0.015596473589539528,0.011119971051812172,223.29282016899447,181.35839934769027,223.29282016899447,181.35839934769027,131.43292951041678,250.01425366019706,0.01581012294197477,0.02108098477742124,51394815460.76042,0.5341365461847389,0.62
2023-01-31,AMZN,gru,0.025335155126435763,-0.0024621409829705954,-0.019048281013965607,0.01681285724043846,229.02224994347006,180.91241930655067,229.02224994347006,180.91241930655067,128.95304916940484,254.2532498421424,0.01581012294197477,0.02108098477742124,51394815460.76042,0.5341365461847389,0.62
2023-02-01,AMZN,gru,0.0193976149644124,-0.0034566076938062906,-0.02361215464770794,0.01483178324997425,233.50810212707512,180.28815710604644,233.50810212707512,180.28815710604644,125.94385548267415,258.05237522760126,0.01581012294197477,0.02108098477742124,51394815460.76042,0.5341365461847389,0.62
2023-02-02,AMZN,gru,0.07120315696615197,-0.002211168175563216,-0.02014310285449028,0.012907573021948338,250.74084910794187,179.8899529016229,250.74084910794187,179.8899529016229,123.43233747720141,261.4047826529516,0.01581012294197477,0.02108098477742124,51394815460.76042,0.5341365461847389,0.62
2023-02-03,AMZN,gru,-0.08808283393109906,-0.001500825397670269,-0.0216355100274086,0.020780492573976517,229.59964038093213,179.62016969653348,229.59964038093213,179.62016969653348,120.79049863439216,266.89372940440774,0.01581012294197477,0.02108098477742124,51394815460.76042,0.5341365461847389,0.62
2023-02-06,AMZN,gru,-0.011772272805910223,-0.002266374183818698,-0.017426012083888054,0.012485818937420845,226.9125782250541,179.21354835690988,226.9125782250541,179.21354835690988,118.7038384967561,270.2469990542206,0.01581012294197477,0.02108098477742124,51394815460.76042,0.5341365461847389,0.62
2023-02-07,AMZN,gru,-0.0006852973444615529,-0.0006401824066415429,-0.020013444125652313,0.0169241763651371,226.75712890835717,179.09885615358436,226.75712890835717,179.09885615358436,116.35178232491248,274.8596147385612,0.01581012294197477,0.02108098477742124,51394815460.76042,0.5341365461847389,0.62
2023-02-08,AMZN,gru,-0.020380578012770365,-0.0019179059891030192,-0.020145630463957787,0.01549515686929226,222.18246306610087,178.75569362710124,222.18246306610087,178.75569362710124,114.03125402769024,279.1517732507575,0.01581012294197477,0.02108098477742124,51394815460.76042,0.5341365461847389,0.62
2023-02-09,AMZN,gru,-0.018256648878253772,-0.00273636425845325,-0.019522380083799362,0.013615645468235016,218.16295883258658,178.26721964369256,218.16295883258658,178.26721964369256,111.82668043215737,282.9785841434011,0.01581012294197477,0.02108098477742124,51394815460.76042,0.5341365461847389,0.62
2023-02-10,AMZN,gru,-0.006433489213979958,-0.0011977792019024491,-0.020821012556552887,0.01612057164311409,216.76391498231433,178.0538266366463,216.76391498231433,178.0538266366463,109.52240860230432,287.57732752053226,0.01581012294197477,0.02108098477742124,51394815460.76042,0.5341365461847389,0.62
2023-02-13,AMZN,gru,0.019579629188155288,-0.0004901861539110541,-0.0183494184166193,0.01778234727680683,221.049894077192,177.96656790655626,221.049894077192,177.96656790655626,107.53106134110855,292.73685464634656,0.01581012294197477,0.02108098477742124,51394815460.76042,0.5341365461847389,0.62
2023-02-14,AMZN,gru,0.0016060637303953276,-0.0020730774849653244,-0.02039151079952717,0.014127654954791069,221.40519953991142,177.59801626870734,221.40519953991142,177.59801626870734,105.36054754066373,296.90187571727404,0.01581012294197477,0.02108098477742124,51394815460.76042,0.5341365461847389,0.62
2023-02-15,AMZN,gru,0.014537811644538115,-0.0030992645770311356,-0.019642876461148262,0.01501266099512577,224.6474571899411,177.04844021207063,224.6474571899411,177.04844021207063,103.3111583569769,301.39277510134184,0.01581012294197477,0.02108098477742124,51394815460.76042,0.5341365461847389,0.62
2023-02-16,AMZN,gru,-0.03020652173405669,-0.0006370908813551068,-0.018123852089047432,0.01731712557375431,217.96310268656399,176.93568237527185,217.96310268656399,176.93568237527185,101.45562713913066,306.65749674778783,0.01581012294197477,0.02108098477742124,51394815460.76042,0.5341365461847389,0.62
2023-02-17,AMZN,gru,-0.009726256199159738,-0.0005217107245698571,-0.019135937094688416,0.019254740327596664,215.8534140254432,176.84339267974275,215.8534140254432,176.84339267974275,99.53263931134636,312.61933743871174,0.01581012294197477,0.02108098477742124,51394815460.76042,0.5341365461847389,0.62
2023-02-21,AMZN,gru,-0.027324623494127318,-7.079877104843035e-05,-0.01677711121737957,0.017348231747746468,210.03515364961154,176.83087034287212,210.03515364961154,176.83087034287212,97.87670021228608,318.09004019153923,0.01581012294197477,0.02108098477742124,51394815460.76042,0.5341365461847389,0.62
2023-02-22,AMZN,gru,0.012712248376870527,-0.0006650681025348604,-0.018367985263466835,0.015401596203446388,212.7222158054896,176.71330783859224,212.7222158054896,176.71330783859224,96.09531119717644,323.02705561207836,0.01581012294197477,0.02108098477742124,51394815460.76042,0.5341365461847389,0.62
2023-02-23,AMZN,gru,0.0003131233176392935,8.018806693144143e-05,-0.018605798482894897,0.01795639470219612,212.78883452083048,176.72748516767658,212.78883452083048,176.72748516767658,94.32391428555432,328.8798600562102,0.01581012294197477,0.02108098477742124,51394815460.76042,0.5341365461847389,0.62
2023-02-24,AMZN,gru,-0.024509991975448668,-0.00013459355977829546,-0.01582028530538082,0.015372011810541153,207.63677824111215,176.70369989474997,207.63677824111215,176.70369989474997,92.84342401847762,333.974462437781,0.01581012294197477,0.02108098477742124,51394815460.76042,0.5341365461847389,0.62
2023-02-27,AMZN,gru,0.002776912318089041,-0.0008815295877866447,-0.01713792234659195,0.014068546704947948,208.21416867857423,176.54799999820312,208.21416867857423,176.54799999820312,91.26583660535046,338.70622065806384,0.01581012294197477,0.02108098477742124,51394815460.76042,0.5341365461847389,0.62
2023-02-28,AMZN,gru,0.005000289230826088,-0.0010208900785073638,-0.018197674304246902,0.016249023377895355,209.257907066127,176.36785537754798,209.257907066127,176.36785537754798,89.62003181057607,344.2548180943526,0.01581012294197477,0.02108098477742124,51394815460.76042,0.5341365461847389,0.62
2023-03-01,AMZN,gru,-0.022103959704043146,-0.0021805441938340664,-0.017567016184329987,0.014670656062662601,204.68322428116588,175.9836923014502,204.68322428116588,175.9836923014502,88.05942297454968,349.34250926056626,0.01581012294197477,0.02108098477742124,51394815460.76042,0.5341365461847389,0.62
2023-03-02,AMZN,gru,-0.00043408483069996514,-0.0008791769505478442,-0.018339168280363083,0.019658327102661133,204.5943936798098,175.8290359175011,204.5943936798098,175.8290359175011,86.45920487884246,356.2779630101319,0.01581012294197477,0.02108098477742124,51394815460.76042,0.5341365461847389,0.62
2023-03-03,AMZN,gru,0.02962312838587694,-0.00225376570597291,-0.019851956516504288,0.01839260756969452,210.74578151775532,175.43320821536219,210.74578151775532,175.43320821536219,84.75974706962518,362.8914773486354,0.01581012294197477,0.02108098477742124,51394815460.76042,0.5341365461847389,0.62
2023-03-06,AMZN,gru,-0.012192056844170188,-0.0005155442049726844,-0.016654547303915024,0.014774341136217117,208.19195679255895,175.3427897006671,208.19195679255895,175.3427897006671,83.35980203749146,368.2927523034123,0.01581012294197477,0.02108098477742124,51394815460.76042,0.5341365461847389,0.62
2023-03-07,AMZN,gru,-0.002135579508745822,-0.001289946143515408,-0.018446866422891617,0.014628995209932327,207.74782072848342,175.11675018042453,207.74782072848342,175.11675018042453,81.8361712220572,373.7201106621526,0.01581012294197477,0.02108098477742124,51394815460.76042,0.5341365461847389,0.62
2023-03-08,AMZN,gru,0.003947251242114423,-0.0017484481213614345,-0.020208442583680153,0.01552489958703518,208.56947414129365,174.8108399677714,208.56947414129365,174.8108399677714,80.19898596600518,379.5673283512121,0.01581012294197477,0.02108098477742124,51394815460.76042,0.5341365461847389,0.62
2023-03-09,AMZN,gru,-0.017941053663252087,-0.004207922611385584,-0.017733555287122726,0.008742156438529491,204.86088548387804,174.0767939338591,204.86088548387804,174.0767939338591,78.78930986930254,382.90011147053735,0.01581012294197477,0.02108098477742124,51394815460.76042,0.5341365461847389,0.62
2023-03-10,AMZN,gru,-0.016614182739941783,-0.0016019578324630857,-0.015362683683633804,0.015100786462426186,201.48540734587147,173.7981522151679,201.48540734587147,173.7981522151679,77.5881464490306,388.72608863238037,0.01581012294197477,0.02108098477742124,51394815460.76042,0.5341365461847389,0.62
2023-03-13,AMZN,gru,0.01856350439768763,-0.0003108374367002398,-0.0186411514878273,0.017052169889211655,205.26061471862792,173.74413946563604,205.26061471862792,173.74413946563604,76.1552098296754,395.41157227079594,0.01581012294197477,0.02108098477742124,51394815460.76042,0.5341365461847389,0.62
2023-03-14,AMZN,gru,0.026161301723076753,-0.0009542660554870963,-0.015868250280618668,0.014185803011059761,210.70135774572486,173.57842343028614,210.70135774572486,173.57842343028614,74.95629705171193,401.0607682639736,0.01581012294197477,0.02108098477742124,51394815460.76042,0.5341365461847389,0.62
2023-03-15,AMZN,gru,0.013816419647146834,-0.0011593413073569536,-0.017030315473675728,0.01664065010845661,213.6326998196559,173.37730597593247,213.6326998196559,173.37730597593247,73.69057639416397,407.79052768780616,0.01581012294197477,0.02108098477742124,51394815460.76042,0.5341365461847389,0.62
2023-03-16,AMZN,gru,0.03914078921242492,-0.0018169255927205086,-0.01748877391219139,0.016337335109710693,222.16025118008562,173.06258118169384,222.16025118008562,173.06258118169384,72.41302304853384,414.50745147089475,0.01581012294197477,0.02108098477742124,51394815460.76042,0.5341365461847389,0.62
2023-03-17,AMZN,gru,-0.010955473953869753,-0.0027046457398682833,-0.018622349947690964,0.012287769466638565,219.73966388557096,172.5951418362,219.73966388557096,172.5951418362,71.07700119875595,419.6322363356066,0.01581012294197477,0.02108098477742124,51394815460.76042,0.5341365461847389,0.62
2023-03-20,AMZN,gru,-0.012610742620752338,-0.001121352193877101,-0.018421171233057976,0.01662643812596798,216.98598301435206,172.40170649794447,216.98598301435206,172.40170649794447,69.77966456995583,426.6675702177004,0.01581012294197477,0.02108098477742124,51394815460.76042,0.5341365461847389,0.62
2023-03-21,AMZN,gru,0.029247763784060337,-0.001577009097672999,-0.01887565478682518,0.012238092720508575,223.4260575996762,172.1300414067466,223.4260575996762,172.1300414067466,68.47488025103752,431.9212332801962,0.01581012294197477,0.02108098477742124,51394815460.76042,0.5341365461847389,0.62
2023-03-22,AMZN,gru,-0.019166746850565873,-0.001727428985759616,-0.018641097471117973,0.012759571895003319,219.18448533412413,171.83296008652198,219.18448533412413,171.83296008652198,67.21025606244129,437.4676823656912,0.01581012294197477,0.02108098477742124,51394815460.76042,0.5341365461847389,0.62
2023-03-23,AMZN,gru,0.00010133363497333344,-0.001997115556150675,-0.019705938175320625,0.015138199552893639,219.20669722013938,171.4901281963576,219.20669722013938,171.4901281963576,65.89877759197029,444.14051054283567,0.01581012294197477,0.02108098477742124,51394815460.76042,0.5341365461847389,0.62
2023-03-24,AMZN,gru,-0.005893146925693497,-0.00034930705442093313,-0.01863683946430683,0.01677575893700123,217.9186789145336,171.4302397940683,217.9186789145336,171.4302397940683,64.68200495080843,451.65413713405974,0.01581012294197477,0.02108098477742124,51394815460.76042,0.5341365461847389,0.62
2023-03-27,AMZN,gru,-0.0009175342309671865,-0.0002949338813778013,-0.017576031386852264,0.014895930886268616,217.71882276851105,171.37969115737786,217.71882276851105,171.37969115737786,63.5550828959737,458.4322808949726,0.01581012294197477,0.02108098477742124,51394815460.76042,0.5341365461847389,0.62
2023-03-28,AMZN,gru,-0.0081934405189327,-0.0021385757718235254,-0.01808532327413559,0.013740390539169312,215.9422446267993,171.01357442437688,215.9422446267993,171.01357442437688,62.41600045843925,464.7747793948559,0.01581012294197477,0.02108098477742124,51394815460.76042,0.5341365461847389,0.62
2023-03-29,AMZN,gru,0.03048493870739539,0.00046140686026774347,-0.016558978706598282,0.01779846101999283,222.62659913017643,171.0924902047539,222.62659913017643,171.0924902047539,61.390965617002394,473.1211149898462,0.01581012294197477,0.02108098477742124,51394815460.76042,0.5341365461847389,0.62
2023-03-30,AMZN,gru,0.017305747097592427,-0.0009894316317513585,-0.014298279769718647,0.013279055245220661,226.51284899030418,170.923286530111,226.51284899030418,170.923286530111,60.51942784764147,479.44563383141104,0.01581012294197477,0.02108098477742124,51394815460.76042,0.5341365461847389,0.62
2023-03-31,AMZN,gru,0.012567761597929928,-0.0011320755584165454,-0.016621265560388565,0.013082461431622505,229.37757234889435,170.72990129713108,229.37757234889435,170.72990129713108,59.521831473548374,485.75919168763545,0.01581012294197477,0.02108098477742124,51394815460.76042,0.5341365461847389,0.62
2023-04-03,AMZN,gru,-0.008556175035560798,-0.0015400719130411744,-0.016519254073500633,0.014631910249590874,227.42334994717524,170.46716970973964,227.42334994717524,170.46716970973964,58.54665029098711,492.91904580133655,0.01581012294197477,0.02108098477742124,51394815460.76042,0.5341365461847389,0.62
2023-04-04,AMZN,gru,0.014925585099441625,-0.002850218443199992,-0.022671084851026535,0.01627568155527115,230.84323491450743,169.9819892232507,230.84323491450743,169.9819892232507,57.23426534614381,501.0072563718408,0.01581012294197477,0.02108098477742124,51394815460.76042,0.5341365461847389,0.62
2023-04-05,AMZN,gru,-0.027799874012424952,-0.003761084983125329,-0.023093709722161293,0.01451096497476101,224.51420281655462,169.34387348073068,224.51420281655462,169.34387348073068,55.92765769825031,508.3303430785718,0.01581012294197477,0.02108098477742124,51394815460.76042,0.5341365461847389,0.62
2023-04-06,AMZN,gru,0.009450740780884159,-0.0011113480431959033,-0.01831556111574173,0.015447482466697693,226.64608642098585,169.15577772739988,226.64608642098585,169.15577772739988,54.912635616543355,516.2437360005307,0.01581012294197477,0.02108098477742124,51394815460.76042,0.5341365461847389,0.62
2023-04-10,AMZN,gru,0.001077222967143844,-0.002575117629021406,-0.018536485731601715,0.013042841106653214,226.89036633903882,168.7207393099782,226.89036633903882,168.7207393099782,53.90412438547957,523.0211286452062,0.01581012294197477,0.02108098477742124,51394815460.76042,0.5341365461847389,0.62
2023-04-11,AMZN,gru,-0.022268227189570028,0.0013982857344672084,-0.017504923045635223,0.01950005441904068,221.89375937601739,168.95682663674572,221.89375937601739,168.95682663674572,52.9687486995436,533.3201820893688,0.01581012294197477,0.02108098477742124,51394815460.76042,0.5341365461847389,0.62
2023-04-12,AMZN,gru,-0.0211385503060785,-0.0034542304929345846,-0.020891398191452026,0.016226094216108322,217.25247481842024,168.37422161249205,217.25247481842024,168.37422161249205,51.87363541919253,542.0444974927366,0.01581012294197477,0.02108098477742124,51394815460.76042,0.5341365461847389,0.62
2023-04-13,AMZN,gru,0.04565543032053191,-0.0014985718298703432,-0.017491308972239494,0.012798534706234932,227.40113806115997,168.1220900568412,227.40113806115997,168.1220900568412,50.974186545315916,549.0264654238981,0.01581012294197477,0.02108098477742124,51394815460.76042,0.5341365461847389,0.62
2023-04-14,AMZN,gru,0.0010736481279812137,-0.0005546513712033629,-0.018351316452026367,0.017648708075284958,227.64541797921297,168.0288660199212,227.64541797921297,168.0288660199212,50.04727465871335,558.8020671600436,0.01581012294197477,0.02108098477742124,51394815460.76042,0.5341365461847389,0.62
2023-04-17,AMZN,gru,0.0022411286119839928,-0.0011370987631380558,-0.016686944290995598,0.015057636424899101,228.1561727586293,167.83790427821137,228.1561727586293,167.83790427821137,49.21906661503698,567.2799482916121,0.01581012294197477,0.02108098477742124,51394815460.76042,0.5341365461847389,0.62
2023-04-18,AMZN,gru,-0.004291801457498827,-0.00185251678340137,-0.022603463381528854,0.016051065176725388,227.17907002912216,167.52727259976467,227.17907002912216,167.52727259976467,48.11902569110933,576.4588977933012,0.01581012294197477,0.02108098477742124,51394815460.76042,0.5341365461847389,0.62
2023-04-19,AMZN,gru,0.01936168847711433,-0.003926435485482216,-0.018389547243714333,0.01104128547012806,231.62049844069676,166.87078224182497,231.62049844069676,166.87078224182497,47.24222498305823,582.8589969500482,0.01581012294197477,0.02108098477742124,51394815460.76042,0.5341365461847389,0.62
2023-04-20,AMZN,gru,-0.0047091095790211925,-0.0014199650613591075,-0.02050173655152321,0.015931516885757446,230.53233628111354,166.63400125014857,230.53233628111354,166.63400125014857,46.28353863618566,592.219153492842,0.01581012294197477,0.02108098477742124,51394815460.76042,0.5341365461847389,0.62
2023-04-21,AMZN,gru,0.02989264254702952,0.00017506806761957705,-0.015988774597644806,0.016381576657295227,237.52758941788449,166.6631819375566,237.52758941788449,166.6631819375566,45.54940625089421,602.0005097937245,0.01581012294197477,0.02108098477742124,51394815460.76042,0.5341365461847389,0.62
2023-04-24,AMZN,gru,-0.007036666520682404,-0.0019807510543614626,-0.021585717797279358,0.02051166445016861,235.86205376354403,166.33338639953976,235.86205376354403,166.33338639953976,44.57672433044356,614.4760445455034,0.01581012294197477,0.02108098477742124,51394815460.76042,0.5341365461847389,0.62
2023-04-25,AMZN,gru,-0.03487276836944828,-0.004391373600810766,-0.021023746579885483,0.014869917184114456,227.77865540989467,165.60456069720695,227.77865540989467,165.60456069720695,43.6493374083911,623.6815294743537,0.01581012294197477,0.02108098477742124,51394815460.76042,0.5341365461847389,0.62
2023-04-26,AMZN,gru,0.023224398457013323,-0.001960567431524396,-0.021966371685266495,0.014338704757392406,233.13058477834036,165.28019630510096,233.13058477834036,165.28019630510096,42.700974946183,632.6887175480794,0.01581012294197477,0.02108098477742124,51394815460.76042,0.5341365461847389,0.62
2023-04-27,AMZN,gru,0.04507277127081395,-0.0005715077859349549,-0.022850075736641884,0.020505016669631004,243.87883340185257,165.18576013870836,243.87883340185257,165.18576013870836,41.736317441728595,645.7959191350858,0.01581012294197477,0.02108098477742124,51394815460.76042,0.5341365461847389,0.62
2023-04-28,AMZN,gru,-0.040605781087400955,-0.0037162359803915024,-0.0199538953602314,0.010435848496854305,234.17430622318835,164.5730339137523,234.17430622318835,164.5730339137523,40.91176898118465,652.5706649188686,0.01581012294197477,0.02108098477742124,51394815460.76042,0.5341365461847389,0.62
2023-05-01,AMZN,gru,-0.03277395882406449,-0.004888860043138266,-0.023916108533740044,0.014949748292565346,226.62389147767541,163.7704257690007,226.62389147767541,163.7704257690007,39.94492539782291,662.399745442419,0.01581012294197477,0.02108098477742124,51394815460.76042,0.5341365461847389,0.62
2023-05-02,AMZN,gru,0.01536391753200235,-0.003161514410749078,-0.018605345860123634,0.012887055054306984,230.13260704636366,163.2534774142871,230.13260704636366,163.2534774142871,39.20860730854452,670.9913665913768,0.01581012294197477,0.02108098477742124,51394815460.76042,0.5341365461847389,0.62
2023-05-03,AMZN,gru,0.00019301691085338006,-0.0020467040594667196,-0.021363234147429466,0.015486499294638634,230.1770308183941,162.91968639462434,230.1770308183941,162.91968639462434,38.379869032056206,681.463528445347,0.01581012294197477,0.02108098477742124,51394815460.76042,0.5341365461847389,0.62
2023-05-04,AMZN,gru,0.0033710455381283566,-0.0005602070596069098,-0.01520095206797123,0.01466364972293377,230.9542774018787,162.82844399938045,230.9542774018787,162.82844399938045,37.80087051216575,691.5299031840136,0.01581012294197477,0.02108098477742124,51394815460.76042,0.5341365461847389,0.62
2023-05-05,AMZN,gru,0.015835527254169667,-0.0016088617267087102,-0.015905193984508514,0.014730716124176979,234.6406711159839,162.56668150177018,234.6406711159839,162.56668150177018,37.20439636209415,701.7920467956667,0.01581012294197477,0.02108098477742124,51394815460.76042,0.5341365461847389,0.62
2023-05-08,AMZN,gru,0.0016076240119395433,-0.0022326698526740074,-0.021001629531383514,0.013617005199193954,235.01818846471858,162.20413059016064,235.01818846471858,162.20413059016064,36.43119043200699,711.413714837602,0.01581012294197477,0.02108098477742124,51394815460.76042,0.5341365461847389,0.62
2023-05-09,AMZN,gru,0.007437086747609261,-0.001352645573206246,-0.018618084490299225,0.01475226879119873,236.7725547204151,161.98487697421365,236.7725547204151,161.98487697421365,35.75918617915639,721.9864493129016,0.01581012294197477,0.02108098477742124,51394815460.76042,0.5341365461847389,0.62
2023-05-10,AMZN,gru,0.03293503350092615,-0.0019406911451369524,-0.021241791546344757,0.017777133733034134,244.7005037573675,161.67081747362565,244.7005037573675,161.67081747362565,35.007607119168476,734.9360780447687,0.01581012294197477,0.02108098477742124,51394815460.76042,0.5341365461847389,0.62
2023-05-11,AMZN,gru,0.017898556144584802,-0.0023329616524279118,-0.021873731166124344,0.014703948050737381,249.11972028292683,161.29408508792284,249.11972028292683,161.29408508792284,34.25017386243329,745.8223838835454,0.01581012294197477,0.02108098477742124,51394815460.76042,0.5341365461847389,0.62
2023-05-12,AMZN,gru,-0.017263494264582374,-0.0036675354931503534,-0.01843367889523506,0.012336068786680698,244.8559530740644,160.70362001207653,244.8559530740644,160.70362001207653,33.624600255513826,755.0798511626347,0.01581012294197477,0.02108098477742124,51394815460.76042,0.5341365461847389,0.62
2023-05-15,AMZN,gru,0.008489121836596263,-0.0021358320955187082,-0.017855439335107803,0.013687496073544025,246.94341290646517,160.36075108326662,246.94341290646517,160.36075108326662,33.02954648953361,765.4860200327511,0.01581012294197477,0.02108098477742124,51394815460.76042,0.5341365461847389,0.62
2023-05-16,AMZN,gru,0.01959105037675755,-0.0038415968883782625,-0.02245265245437622,0.01572113111615181,251.82899432482012,159.74588826003753,251.82899432482012,159.74588826003753,32.29620825575481,777.6153747222005,0.01581012294197477,0.02108098477742124,51394815460.76042,0.5341365461847389,0.62
2023-05-17,AMZN,gru,0.018349125212474244,-0.0025394281838089228,-0.024936124682426453,0.019432399421930313,256.49249076843245,159.3407443109184,256.49249076843245,159.3407443109184,31.500823544467654,792.8740897266622,0.01581012294197477,0.02108098477742124,51394815460.76042,0.5341365461847389,0.62
2023-05-18,AMZN,gru,0.022684486585828632,-0.0017335391603410244,-0.022499796003103256,0.01686679571866989,262.37738680230973,159.06475795603504,262.37738680230973,159.06475795603504,30.79997538803813,806.3607624844079,0.01581012294197477,0.02108098477742124,51394815460.76042,0.5341365461847389,0.62
2023-05-19,AMZN,gru,-0.01621197208021114,-0.0021447711624205112,-0.02020416036248207,0.016321510076522827,258.15802642277293,158.72396346875362,258.15802642277293,158.72396346875362,30.183932408022066,819.6297609799656,0.01581012294197477,0.02108098477742124,51394815460.76042,0.5341365461847389,0.62
2023-05-22,AMZN,gru,-0.01072394478867387,-0.0019268626347184181,-0.020265812054276466,0.018660759553313255,255.40434555155403,158.41842117114078,255.40434555155403,158.41842117114078,29.578386867107717,835.0682270095097,0.01581012294197477,0.02108098477742124,51394815460.76042,0.5341365461847389,0.62
2023-05-23,AMZN,gru,-0.00017395019575110725,-0.0010652248747646809,-0.020684996619820595,0.016625570133328438,255.3599217795236,158.249759705558,255.3599217795236,158.249759705558,28.97284255665602,849.0677463376954,0.01581012294197477,0.02108098477742124,51394815460.76042,0.5341365461847389,0.62
2023-05-24,AMZN,gru,0.015189747065965913,-0.0034088576212525368,-0.024470804259181023,0.01614234782755375,259.26838352566654,157.71122507736766,259.26838352566654,157.71122507736766,28.272458966025702,862.8849478472075,0.01581012294197477,0.02108098477742124,51394815460.76042,0.5341365461847389,0.62
2023-05-25,AMZN,gru,-0.01510276818575663,-0.00234474940225482,-0.0200883187353611,0.016955167055130005,255.38213366553876,157.3418676431104,255.38213366553876,157.3418676431104,27.710180130491782,877.6400544839757,0.01581012294197477,0.02108098477742124,51394815460.76042,0.5341365461847389,0.62
2023-05-26,AMZN,gru,0.04347586628475364,-0.003270672634243965,-0.024518456310033798,0.017677389085292816,266.7299846125282,156.8280958984364,266.7299846125282,156.8280958984364,27.039029941090554,893.2923648114084,0.01581012294197477,0.02108098477742124,51394815460.76042,0.5341365461847389,0.62
2023-05-30,AMZN,gru,0.012822304345733589,-0.0024749089498072863,-0.02433919906616211,0.018326442688703537,270.17209840858044,156.44043813894854,270.17209840858044,156.44043813894854,26.38886544039598,909.8142005787795,0.01581012294197477,0.02108098477742124,51394815460.76042,0.5341365461847389,0.62
2023-05-31,AMZN,gru,-0.008916850747084985,-0.0008733120048418641,-0.01643521711230278,0.015763599425554276,267.773723000081,156.3038797125359,267.773723000081,156.3038797125359,25.95870274378998,924.2697403157109,0.01581012294197477,0.02108098477742124,51394815460.76042,0.5341365461847389,0.62
2023-06-01,AMZN,gru,0.017999210602823053,-0.004034924786537886,-0.021986493840813637,0.013272149488329887,272.6370755897159,155.67447984633523,272.6370755897159,155.67447984633523,25.394189846062282,936.6185566730093,0.01581012294197477,0.02108098477742124,51394815460.76042,0.5341365461847389,0.62
2023-06-02,AMZN,gru,0.011983006127262639,-0.0023410767316818237,-0.025952165946364403,0.017575053498148918,275.9237400690712,155.31045845453508,275.9237400690712,155.31045845453508,24.743633497941296,953.2251364285119,0.01581012294197477,0.02108098477742124,51394815460.76042,0.5341365461847389,0.62
2023-06-05,AMZN,gru,0.008415221280893264,-0.004060997627675533,-0.023528192192316055,0.014287743717432022,278.25549676222977,154.6810227178695,278.25549676222977,154.6810227178695,24.168255930140308,966.9423791872589,0.01581012294197477,0.02108098477742124,51394815460.76042,0.5341365461847389,0.62
2023-06-06,AMZN,gru,0.010400614095251953,-0.0027560957241803408,-0.0196751169860363,0.013552597723901272,281.16462695014553,154.25529350838562,281.16462695014553,154.25529350838562,23.697389400236116,980.1361285750182,0.01581012294197477,0.02108098477742124,51394815460.76042,0.5341365461847389,0.62
2023-06-07,AMZN,gru,-0.043421904903774046,-0.002666745102033019,-0.023454468697309494,0.018121253699064255,269.2171906223836,153.84448156144234,269.2171906223836,153.84448156144234,23.14804700157363,998.0593551521989,0.01581012294197477,0.02108098477742124,51394815460.76042,0.5341365461847389,0.62
2023-06-08,AMZN,gru,0.02460606952762862,-0.0024634920991957188,-0.022939365357160568,0.018240559846162796,275.9237400690711,153.4659503320145,275.9237400690711,153.4659503320145,22.62308966496518,1016.4315727411645,0.01581012294197477,0.02108098477742124,51394815460.76042,0.5341365461847389,0.62
2023-06-09,AMZN,gru,-0.006621468748440394,-0.000695927650667727,-0.018274232745170593,0.019410990178585052,274.1027550980337,153.35918323953175,274.1027550980337,153.35918323953175,22.21342513070905,1036.3542717221214,0.01581012294197477,0.02108098477742124,51394815460.76042,0.5341365461847389,0.62
2023-06-12,AMZN,gru,0.025121316164936732,-0.002258959924802184,-0.020529359579086304,0.0177362821996212,281.07579634878937,153.01314458563854,281.07579634878937,153.01314458563854,21.762047046585288,1054.8993199265683,0.01581012294197477,0.02108098477742124,51394815460.76042,0.5341365461847389,0.62
2023-06-13,AMZN,gru,0.0007108476079609743,-0.0025473099667578936,-0.020532837137579918,0.016130318865180016,281.27566943751674,152.62387219162488,281.27566943751674,152.62387219162488,21.31976705546392,1072.053144069089,0.01581012294197477,0.02108098477742124,51394815460.76042,0.5341365461847389,0.62
2023-06-14,AMZN,gru,-0.0018966774409432219,-0.005129897501319647,-0.02742880955338478,0.01651771366596222,280.7426858293803,151.84293235582078,280.7426858293803,151.84293235582078,20.74293861976568,1089.908027359742,0.01581012294197477,0.02108098477742124,51394815460.76042,0.5341365461847389,0.62
2023-06-15,AMZN,gru,0.005443175548084132,-0.0010458126198500395,-0.018040023744106293,0.01752118021249771,282.2749840530391,151.68421296490848,282.2749840530391,151.68421296490848,20.3720902648824,1109.172717394216,0.01581012294197477,0.02108098477742124,51394815460.76042,0.5341365461847389,0.62
2023-06-16,AMZN,gru,-0.012826801009232924,-0.0032364807557314634,-0.020763535052537918,0.013118308037519455,278.6774209402899,151.19408678014454,278.6774209402899,151.19408678014454,19.95345448192582,1123.8190034923434,0.01581012294197477,0.02108098477742124,51394815460.76042,0.5341365461847389,0.62
2023-06-20,AMZN,gru,0.002308282311188502,-0.003351936349645257,-0.022017095237970352,0.015339698642492294,279.32143009309283,150.6881423838865,279.32143009309283,150.6881423838865,19.51893813299659,1141.1909839212603,0.01581012294197477,0.02108098477742124,51394815460.76042,0.5341365461847389,0.62
2023-06-21,AMZN,gru,-0.007581513078945846,-0.0028247269801795483,-0.019568579271435738,0.013715440407395363,277.21175837467683,150.26309178847333,277.21175837467683,150.26309178847333,19.140693043280322,1156.9507393804906,0.01581012294197477,0.02108098477742124,51394815460.76042,0.5341365461847389,0.62
2023-06-22,AMZN,gru,0.04173475821321792,-0.002583596156910062,-0.017950262874364853,0.013389166444540024,289.0259403290522,149.87537017580988,289.0259403290522,149.87537017580988,18.800177458815366,1172.5455477209484,0.01581012294197477,0.02108098477742124,51394815460.76042,0.5341365461847389,0.62
2023-06-23,AMZN,gru,-0.006320292959406817,-0.00078400137135759,-0.018996406346559525,0.015144385397434235,287.20497230071965,149.75791556551746,287.20497230071965,149.75791556551746,18.44641213663256,1190.438151348048,0.01581012294197477,0.02108098477742124,51394815460.76042,0.5341365461847389,0.62
2023-06-26,AMZN,gru,-0.01558513561942593,-0.0007026615785434842,-0.013825276866555214,0.013881012797355652,282.76354388914507,149.65271950468474,282.76354388914507,149.65271950468474,18.193139792679794,1207.0778173090946,0.01581012294197477,0.02108098477742124,51394815460.76042,0.5341365461847389,0.62
2023-06-27,AMZN,gru,0.014424567940817595,-0.0030643597710877657,-0.019735073670744896,0.013409072533249855,286.8718448386058,149.19482928914874,286.8718448386058,149.19482928914874,17.83761634626358,1223.3726184381853,0.01581012294197477,0.02108098477742124,51394815460.76042,0.5341365461847389,0.62
2023-06-28,AMZN,gru,-0.0010843421189455317,-0.0015421811258420348,-0.018086830154061317,0.01399284042418003,286.56094620521196,148.96491729919512,286.56094620521196,148.96491729919512,17.517890466234853,1240.611471861197,0.01581012294197477,0.02108098477742124,51394815460.76042,0.5341365461847389,0.62
2023-06-29,AMZN,gru,-0.008873661272556729,-0.002912898315116763,-0.02141464874148369,0.017259839922189713,284.0293503087357,148.53163093039095,284.0293503087357,148.53163093039095,17.146738790817587,1262.2101234116121,0.01581012294197477,0.02108098477742124,51394815460.76042,0.5341365461847389,0.62
2023-06-30,AMZN,gru,0.01905113813636069,-0.0020428840070962906,-0.02076117880642414,0.016591953113675117,289.4923052218478,148.22850706815865,289.4923052218478,148.22850706815865,16.79442215002773,1283.3272882094045,0.01581012294197477,0.02108098477742124,51394815460.76042,0.5341365461847389,0.62
2023-07-03,AMZN,gru,-0.0010745214685311468,-0.0017383586382493377,-0.021723002195358276,0.01581764966249466,289.18140658845397,147.9710608704427,289.18140658845397,147.9710608704427,16.433530410756312,1303.7878987787612,0.01581012294197477,0.02108098477742124,51394815460.76042,0.5341365461847389,0.62
2023-07-05,AMZN,gru,0.0012279637641415527,-0.0015129796229302883,-0.015816589817404747,0.01339786872267723,289.5367289938782,147.74735641387983,289.5367289938782,147.74735641387983,16.175652584973403,1321.373460721246,0.01581012294197477,0.02108098477742124,51394815460.76042,0.5341365461847389,0.62
2023-07-06,AMZN,gru,-0.015614479950363446,-0.003120117587968707,-0.02173210307955742,0.013926134444773197,285.05087681027317,147.28708841810678,285.05087681027317,147.28708841810678,15.827913794850241,1339.9037974794214,0.01581012294197477,0.02108098477742124,51394815460.76042,0.5341365461847389,0.62
2023-07-07,AMZN,gru,0.011001878790426247,-0.0028763841837644577,-0.02126288414001465,0.016217250376939774,288.2042869162419,146.86404622703697,288.2042869162419,146.86404622703697,15.49491960674936,1361.8104673250627,0.01581012294197477,0.02108098477742124,51394815460.76042,0.5341365461847389,0.62
2023-07-10,AMZN,gru,-0.020630536429565062,-0.0028100372292101383,-0.02254185639321804,0.014602260664105415,282.31939088236464,146.4519358048861,282.31939088236464,146.4519358048861,15.149542600145857,1381.8418188167175,0.01581012294197477,0.02108098477742124,51394815460.76042,0.5341365461847389,0.62
2023-07-11,AMZN,gru,0.01289534927354112,-0.004091186448931694,-0.024002987891435623,0.014563139528036118,285.9835727104546,145.8540019940105,285.9835727104546,145.8540019940105,14.790237495742275,1402.1129639864462,0.01581012294197477,0.02108098477742124,51394815460.76042,0.5341365461847389,0.62
2023-07-12,AMZN,gru,0.015563949723523061,-0.0019039463950321078,-0.020385246723890305,0.017971016466617584,290.46942489405967,145.57656390382706,290.46942489405967,145.57656390382706,14.491787445805738,1427.5382089754596,0.01581012294197477,0.02108098477742124,51394815460.76042,0.5341365461847389,0.62
2023-07-13,AMZN,gru,0.026406663898050423,-0.0033334321342408657,-0.021432550624012947,0.013609951362013817,298.24192461431517,145.09209876417324,298.24192461431517,145.09209876417324,14.18449588687202,1447.0997488141934,0.01581012294197477,0.02108098477742124,51394815460.76042,0.5341365461847389,0.62
2023-07-14,AMZN,gru,0.0028254136578632553,-0.0032948488369584084,-0.02013295702636242,0.011848380789160728,299.08577297043576,144.61483259233052,299.08577297043576,144.61483259233052,13.901775984411305,1464.3475894792584,0.01581012294197477,0.02108098477742124,51394815460.76042,0.5341365461847389,0.62
2023-07-17,AMZN,gru,-0.008350743114511814,-0.0017296097939833999,-0.01699286513030529,0.014089548960328102,296.5985839032851,144.36492117428895,296.5985839032851,144.36492117428895,13.6675410766425,1485.12557372653,0.01581012294197477,0.02108098477742124,51394815460.76042,0.5341365461847389,0.62
2023-07-18,AMZN,gru,-0.005480667866621604,-0.0033451702911406755,-0.021144703030586243,0.015418312512338161,294.9774720209751,143.8828017232147,294.9774720209751,143.8828017232147,13.381578935699185,1508.2010669763656,0.01581012294197477,0.02108098477742124,51394815460.76042,0.5341365461847389,0.62
2023-07-19,AMZN,gru,0.01886777143765127,-0.0011874930933117867,-0.01672620326280594,0.01488348376005888,300.59587625078416,143.71204332890716,300.59587625078416,143.71204332890716,13.159617634484428,1530.8161505766031,0.01581012294197477,0.02108098477742124,51394815460.76042,0.5341365461847389,0.62
2023-07-20,AMZN,gru,-0.04071113790508541,-0.0018428080948069692,-0.02291885018348694,0.017941024154424667,288.60403309369667,143.44745108032512,288.60403309369667,143.44745108032512,12.861444006225236,1558.5283382237387,0.01581012294197477,0.02108098477742124,51394815460.76042,0.5341365461847389,0.62
2023-07-21,AMZN,gru,0.000307687993656272,-0.0034828123170882463,-0.022166969254612923,0.013679193332791328,288.6928467523479,142.94872174278095,288.6928467523479,142.94872174278095,12.579481730896498,1579.9942652454442,0.01581012294197477,0.02108098477742124,51394815460.76042,0.5341365461847389,0.62
2023-07-24,AMZN,gru,-0.009273613091557636,-0.003135669743642211,-0.02163442224264145,0.015760865062475204,286.0279964824851,142.50118732410627,286.0279964824851,142.50118732410627,12.310254895725048,1605.0935970764635,0.01581012294197477,0.02108098477742124,51394815460.76042,0.5341365461847389,0.62
2023-07-25,AMZN,gru,0.002558849307688174,-0.0023013779427856207,-0.020318783819675446,0.015229746699333191,286.7608362366441,142.17361803070614,286.7608362366441,142.17361803070614,12.062649306971402,1629.7258267772722,0.01581012294197477,0.02108098477742124,51394815460.76042,0.5341365461847389,0.62
2023-07-26,AMZN,gru,-0.007618281489535843,-0.00023844405950512737,-0.01890452206134796,0.017711084336042404,284.5845119174776,142.13972119870954,284.5845119174776,142.13972119870954,11.836752737769448,1658.8471962350868,0.01581012294197477,0.02108098477742124,51394815460.76042,0.5341365461847389,0.62
2023-07-27,AMZN,gru,0.0007800788687019062,-0.0012078217696398497,-0.019654424861073494,0.014946231618523598,284.80659689222017,141.9681424556263,284.80659689222017,141.9681424556263,11.606379631694779,1683.8269756965203,0.01581012294197477,0.02108098477742124,51394815460.76042,0.5341365461847389,0.62
2023-07-28,AMZN,gru,0.030410134252966122,-0.002299213781952858,-0.01667126826941967,0.011620156466960907,293.60064005671813,141.64210310983643,293.60064005671813,141.64210310983643,11.414490466301672,1703.5073345632316,0.01581012294197477,0.02108098477742124,51394815460.76042,0.5341365461847389,0.62
2023-07-31,AMZN,gru,0.0110572111941032,-0.0008090349147096276,-0.019093388691544533,0.018003327772021294,296.8650587646486,141.52755490022918,296.8650587646486,141.52755490022918,11.198616703187149,1734.4539691206487,0.01581012294197477,0.02108098477742124,51394815460.76042,0.5341365461847389,0.62
2023-08-01,AMZN,gru,-0.014998135236778893,-0.0031127037946134806,-0.022161047905683517,0.017664622515439987,292.44585918179405,141.08770908552114,292.44585918179405,141.08770908552114,10.953173445703568,1765.3646278945,0.01581012294197477,0.02108098477742124,51394815460.76042,0.5341365461847389,0.62
2023-08-02,AMZN,gru,-0.026781097330387048,-0.0015615782467648387,-0.02033010497689247,0.017920508980751038,284.717783233569,140.8675572357655,284.717783233569,140.8675572357655,10.732742443978735,1797.2859911114867,0.01581012294197477,0.02108098477742124,51394815460.76042,0.5341365461847389,0.62
2023-08-03,AMZN,gru,0.005444917932495522,-0.0004875876766163856,-0.01965343952178955,0.014667585492134094,286.2722764005382,140.7988917978839,286.2722764005382,140.7988917978839,10.523866402320456,1823.842030771499,0.01581012294197477,0.02108098477742124,51394815460.76042,0.5341365461847389,0.62
2023-08-04,AMZN,gru,0.07945180513430172,-0.0010853458661586046,-0.017946304753422737,0.016318483278155327,309.94509796672907,140.64616091381887,309.94509796672907,140.64616091381887,10.336686759044024,1853.848449756727,0.01581012294197477,0.02108098477742124,51394815460.76042,0.5341365461847389,0.62
2023-08-07,AMZN,gru,0.018808843040995626,-0.003149363910779357,-0.019111206755042076,0.014288706704974174,315.82997705790154,140.20391545588072,315.82997705790154,140.20391545588072,10.141016173743623,1880.5277446290086,0.01581012294197477,0.02108098477742124,51394815460.76042,0.5341365461847389,0.62
2023-08-08,AMZN,gru,-0.016161386274731373,-0.004369881469756365,-0.02179504930973053,0.012490036897361279,310.76675137953924,139.59258177386462,310.76675137953924,139.59258177386462,9.922383588092478,1904.1628841711092,0.01581012294197477,0.02108098477742124,51394815460.76042,0.5341365461847389,0.62
2023-08-09,AMZN,gru,-0.01504759501753799,-0.0019461923511698842,-0.01984376832842827,0.013949166983366013,306.1254668219421,139.32117142679252,306.1254668219421,139.32117142679252,9.727426667305025,1930.9104839270424,0.01581012294197477,0.02108098477742124,51394815460.76042,0.5341365461847389,0.62
2023-08-10,AMZN,gru,0.005137245447970533,-0.00289797130972147,-0.02020561322569847,0.014992114156484604,307.7021549322217,138.9180030541155,307.7021549322217,138.9180030541155,9.532850489103932,1960.076904317457,0.01581012294197477,0.02108098477742124,51394815460.76042,0.5341365461847389,0.62
2023-08-11,AMZN,gru,-0.0010831058272496987,-0.003298337571322918,-0.018719658255577087,0.011553419753909111,307.36906135551743,138.46055743282008,307.36906135551743,138.46055743282008,9.35605893042812,1982.8537865553637,0.01581012294197477,0.02108098477742124,51394815460.76042,0.5341365461847389,0.62
2023-08-14,AMZN,gru,0.015485316080358403,-0.0019252527272328734,-0.019628670066595078,0.014800123870372772,312.16581217251627,138.19424484986234,312.16581217251627,138.19424484986234,9.174202841468581,2012.418574921586,0.01581012294197477,0.02108098477742124,51394815460.76042,0.5341365461847389,0.62
2023-08-15,AMZN,gru,-0.020846133672850414,-0.0042406111024320126,-0.02400263398885727,0.01426972821354866,305.72572064448735,137.60945769488288,305.72572064448735,137.60945769488288,8.956619493121103,2041.3410368856116,0.01581012294197477,0.02108098477742124,51394815460.76042,0.5341365461847389,0.62
2023-08-16,AMZN,gru,-0.019066286976507706,-0.0015821689739823341,-0.017872149124741554,0.016293535009026527,299.9518840406862,137.39191172978107,299.9518840406862,137.39191172978107,8.79796759654987,2074.8742279565063,0.01581012294197477,0.02108098477742124,51394815460.76042,0.5341365461847389,0.62
2023-08-17,AMZN,gru,-0.008102713606702033,-0.003109655575826764,-0.022535014897584915,0.014379397965967655,297.5312798034667,136.96533650526203,297.5312798034667,136.96533650526203,8.601922329440752,2104.9253215736567,0.01581012294197477,0.02108098477742124,51394815460.76042,0.5341365461847389,0.62
2023-08-18,AMZN,gru,-0.005688597043229265,-0.0010770265944302082,-0.020631350576877594,0.021334800869226456,295.8435492058158,136.81789881492742,295.8435492058158,136.81789881492742,8.42627146037862,2150.315945532972,0.01581012294197477,0.02108098477742124,51394815460.76042,0.5341365461847389,0.62
2023-08-21,AMZN,gru,0.010899633762398327,-0.0011746607488021255,-0.01827102154493332,0.01637304574251175,299.08577297043587,136.6572782843782,299.08577297043587,136.6572782843782,8.273713060051392,2185.8130687154494,0.01581012294197477,0.02108098477742124,51394815460.76042,0.5341365461847389,0.62
2023-08-22,AMZN,gru,-0.003197806521519639,-0.002800594549626112,-0.020752403885126114,0.014380082488059998,298.13088212694396,136.27509571623918,298.13088212694396,136.27509571623918,8.10378283764545,2217.4722293114537,0.01581012294197477,0.02108098477742124,51394815460.76042,0.5341365461847389,0.62
2023-08-23,AMZN,gru,0.009415529041193322,-0.0006907198112457991,-0.019074121490120888,0.015955811366438866,300.9511986562085,136.1810031857039,300.9511986562085,136.1810031857039,7.950675142285792,2253.1376902140173,0.01581012294197477,0.02108098477742124,51394815460.76042,0.5341365461847389,0.62
2023-08-24,AMZN,gru,-0.027530224045928062,-0.0007685073651373386,-0.016239164397120476,0.017180444672703743,292.77895275849824,136.07639102781923,292.77895275849824,136.07639102781923,7.822605380541504,2292.181994148348,0.01581012294197477,0.02108098477742124,51394815460.76042,0.5341365461847389,0.62
2023-08-25,AMZN,gru,0.010713027528748599,-0.0018510532099753618,-0.019033290445804596,0.01420131791383028,295.932362864467,135.82473770319015,295.932362864467,135.82473770319015,7.675123401558963,2324.9661823564425,0.01581012294197477,0.02108098477742124,51394815460.76042,0.5341365461847389,0.62
2023-08-28,AMZN,gru,-0.0009008643247144191,-0.0004289458738639951,-0.018223082646727562,0.01670212112367153,295.6658880031036,135.7664885283703,295.6658880031036,135.7664885283703,7.536525550388071,2364.1241120282125,0.01581012294197477,0.02108098477742124,51394815460.76042,0.5341365461847389,0.62
2023-08-29,AMZN,gru,0.013206715007284348,-0.0012314259074628353,-0.017474409192800522,0.013421306386590004,299.59656163526176,135.5994065352288,299.59656163526176,135.5994065352288,7.405973333734156,2396.0676296509023,0.01581012294197477,0.02108098477742124,51394815460.76042,0.5341365461847389,0.62
2023-08-30,AMZN,gru,0.00118530020246871,-0.0009054982801899314,-0.01902669668197632,0.016978297382593155,299.9518840406861,135.47667598277974,299.9518840406861,135.47667598277974,7.266394362455087,2437.096028441626,0.01581012294197477,0.02108098477742124,51394815460.76042,0.5341365461847389,0.62
2023-08-31,AMZN,gru,0.021532889699268778,-0.0020157957915216684,-0.021855391561985016,0.01754053682088852,306.48075534195664,135.20386078518806,306.48075534195664,135.20386078518806,7.109307220983544,2480.22119263643,0.01581012294197477,0.02108098477742124,51394815460.76042,0.5341365461847389,0.62
2023-09-01,AMZN,gru,0.0007967306725371615,-0.002102391794323921,-0.019940748810768127,0.016580164432525635,306.72503526000963,134.9199097390332,306.72503526000963,134.9199097390332,6.968946293642743,2521.6864918779847,0.01581012294197477,0.02108098477742124,51394815460.76042,0.5341365461847389,0.62
2023-09-05,AMZN,gru,-0.006173016781758742,-0.002998394425958395,-0.02172221802175045,0.015605511143803596,304.8374485163362,134.51597548997293,304.8374485163362,134.51597548997293,6.819197499839596,2561.347268410387,0.01581012294197477,0.02108098477742124,51394815460.76042,0.5341365461847389,0.62
2023-09-06,AMZN,gru,-0.014011920021062172,-0.0009953688131645322,-0.01667810045182705,0.01331087201833725,300.59587625078416,134.38215077513925,300.59587625078416,134.38215077513925,6.706409254601203,2595.668910457904,0.01581012294197477,0.02108098477742124,51394815460.76042,0.5341365461847389,0.62
2023-09-07,AMZN,gru,0.018228281379293984,-0.0018555843271315098,-0.019625457003712654,0.016856098547577858,306.125466821942,134.1330219545078,306.125466821942,134.1330219545078,6.5760758641345145,2639.792702545158,0.01581012294197477,0.02108098477742124,51394815460.76042,0.5341365461847389,0.62
2023-09-08,AMZN,gru,0.0027527518216119884,-0.002917313249781728,-0.018129795789718628,0.013898219913244247,306.96931517806263,133.74228470811468,306.96931517806263,133.74228470811468,6.457927130786951,2676.7373664359375,0.01581012294197477,0.02108098477742124,51394815460.76042,0.5341365461847389,0.62
2023-09-11,AMZN,gru,0.03462479564658769,-0.0016452348791062832,-0.019483720883727074,0.017659218981862068,317.7842164023253,133.52242628748937,317.7842164023253,133.52242628748937,6.3333204193485795,2724.426298007014,0.01581012294197477,0.02108098477742124,51394815460.76042,0.5341365461847389,0.62
2023-09-12,AMZN,gru,-0.013153992385327589,-0.0027786537539213896,-0.025168022140860558,0.01878776215016842,313.6314577954245,133.15193159331832,313.6314577954245,133.15193159331832,6.1759124233819085,2776.096033084494,0.01581012294197477,0.02108098477742124,51394815460.76042,0.5341365461847389,0.62
2023-09-13,AMZN,gru,0.02530902952298205,-0.0031293972861021757,-0.021578796207904816,0.01299650501459837,321.6704662624531,132.73589371158315,321.6704662624531,132.73589371158315,6.044071256284583,2812.4110119337256,0.01581012294197477,0.02108098477742124,51394815460.76042,0.5341365461847389,0.62
2023-09-14,AMZN,gru,-0.0008979168301894522,-0.001580112730152905,-0.01963132992386818,0.017994295805692673,321.38176257236967,132.52632133148586,321.38176257236967,132.52632133148586,5.926575260046384,2863.4763088769923,0.01581012294197477,0.02108098477742124,51394815460.76042,0.5341365461847389,0.62
2023-09-15,AMZN,gru,-0.03037658988565322,-0.0008694276912137866,-0.018166426569223404,0.018458575010299683,311.7660659950615,132.41115122429923,311.7660659950615,132.41115122429923,5.819882735744867,2916.82295203296,0.01581012294197477,0.02108098477742124,51394815460.76042,0.5341365461847389,0.62
2023-09-18,AMZN,gru,-0.0029247348968620985,-0.002867668168619275,-0.02075004205107689,0.013570934534072876,310.85556503819043,132.0319805121698,310.85556503819043,132.0319805121698,5.700364204323666,2956.676703250464,0.01581012294197477,0.02108098477742124,51394815460.76042,0.5341365461847389,0.62
2023-09-19,AMZN,gru,-0.016930564270193287,-0.002056362573057413,-0.019186358898878098,0.014438350684940815,305.63690698583605,131.76075063658425,305.63690698583605,131.76075063658425,5.592037613222765,2999.675819562699,0.01581012294197477,0.02108098477742124,51394815460.76042,0.5341365461847389,0.62
2023-09-20,AMZN,gru,-0.01714838747973992,-0.0033562236931174994,-0.022327277809381485,0.01583809033036232,300.44040999138247,131.3192710230247,300.44040999138247,131.3192710230247,5.468566065773855,3047.563095583748,0.01581012294197477,0.02108098477742124,51394815460.76042,0.5341365461847389,0.62
2023-09-21,AMZN,gru,-0.04505328140436448,0.00017321290215477347,-0.01618778705596924,0.017903544008731842,287.2049723007196,131.34201697811002,287.2049723007196,131.34201697811002,5.380754613735598,3102.6165223714306,0.01581012294197477,0.02108098477742124,51394815460.76042,0.5341365461847389,0.62
2023-09-22,AMZN,gru,-0.0016251248796010811,-0.0025096330791711807,-0.01715882495045662,0.012777767144143581,286.738607407924,131.01280893203352,286.738607407924,131.01280893203352,5.289214650051418,3142.515246611593,0.01581012294197477,0.02108098477742124,51394815460.76042,0.5341365461847389,0.62
2023-09-25,AMZN,gru,0.01651413665688319,-0.0016197743825614452,-0.02270396426320076,0.017585303634405136,291.51316328161244,130.80077191701676,291.51316328161244,130.80077191701676,5.1704813963892455,3198.2661246495204,0.01581012294197477,0.02108098477742124,51394815460.76042,0.5341365461847389,0.62
2023-09-26,AMZN,gru,-0.04113311252209692,-0.0003029177023563534,-0.015285639092326164,0.01837773434817791,279.7655830998731,130.7611587462672,279.7655830998731,130.7611587462672,5.092048388470586,3257.5864586153098,0.01581012294197477,0.02108098477742124,51394815460.76042,0.5341365461847389,0.62
2023-09-27,AMZN,gru,0.0,-0.0024355731438845396,-0.02081260271370411,0.01584010012447834,279.7655830998731,130.4430711439646,279.7655830998731,130.4430711439646,4.987164832727166,3309.597660563021,0.01581012294197477,0.02108098477742124,51394815460.76042,0.5341365461847389,0.62
2023-09-28,AMZN,gru,0.0,-0.0004174122295808047,-0.01848626881837845,0.016201339662075043,279.7655830998731,130.38863050350614,279.7655830998731,130.38863050350614,4.895817688723523,3363.6544497066284,0.01581012294197477,0.02108098477742124,51394815460.76042,0.5341365461847389,0.62
2023-09-29,AMZN,gru,0.009008352994332738,-0.0013655610382556915,-0.017825543880462646,0.016418546438217163,282.2971959390542,130.2106958750566,282.2971959390542,130.2106958750566,4.809320381389123,3419.336779696653,0.01581012294197477,0.02108098477742124,51394815460.76042,0.5341365461847389,0.62
2023-10-02,AMZN,gru,0.018240461143240686,-0.0007335859700106084,-0.020443595945835114,0.017911959439516068,287.49367599080296,130.1152102956046,287.49367599080296,130.1152102956046,4.71199890047339,3481.135548833298,0.01581012294197477,0.02108098477742124,51394815460.76042,0.5341365461847389,0.62
2023-10-03,AMZN,gru,-0.0373007704408456,-0.0021861831191927195,-0.017857134342193604,0.014686841517686844,276.9674784566237,129.83106535315346,276.9674784566237,129.83106535315346,4.628602901905263,3532.639590278702,0.01581012294197477,0.02108098477742124,51394815460.76042,0.5341365461847389,0.62
2023-10-04,AMZN,gru,0.018115851921521226,0.00027152858092449605,-0.018640171736478806,0.020158208906650543,282.030704134986,129.86632211647753,282.030704134986,129.86632211647753,4.543123967169672,3604.573793380511,0.01581012294197477,0.02108098477742124,51394815460.76042,0.5341365461847389,0.62
2023-10-05,AMZN,gru,-0.008222697494164894,-0.0022541629150509834,-0.02146172523498535,0.01967906951904297,279.72115932784266,129.5739118510156,279.72115932784266,129.5739118510156,4.446659444267136,3676.2110089904704,0.01581012294197477,0.02108098477742124,51394815460.76042,0.5341365461847389,0.62
2023-10-06,AMZN,gru,0.015753318962097584,0.0004730725777335465,-0.017371099442243576,0.016794364899396896,284.16258773941723,129.63521866808665,284.16258773941723,129.63521866808665,4.370083107647488,3738.4719912962696,0.01581012294197477,0.02108098477742124,51394815460.76042,0.5341365461847389,0.62
2023-10-09,AMZN,gru,0.0023417029658428425,-0.0016826139762997627,-0.019587676972150803,0.017011716961860657,284.8287918355305,129.4172748222333,284.8287918355305,129.4172748222333,4.285316256243858,3802.613691724674,0.01581012294197477,0.02108098477742124,51394815460.76042,0.5341365461847389,0.62
2023-10-10,AMZN,gru,0.00946698516860395,-0.0013009539106860757,-0.020428556948900223,0.019679754972457886,287.53806587742383,129.24901987466498,287.53806587742383,129.24901987466498,4.198661620746257,3878.189467502733,0.01581012294197477,0.02108098477742124,51394815460.76042,0.5341365461847389,0.62
2023-10-11,AMZN,gru,0.017986831598422272,-0.0004539910005405545,-0.014748634770512581,0.015238083899021149,292.7567578151878,129.19035511846553,292.7567578151878,129.19035511846553,4.137191573475255,3937.7381070817537,0.01581012294197477,0.02108098477742124,51394815460.76042,0.5341365461847389,0.62
2023-10-12,AMZN,gru,0.003785588962598881,-0.0017544414149597287,-0.01849290169775486,0.017515255138278008,293.8671149180815,128.96389566573637,293.8671149180815,128.96389566573637,4.061386041304788,4007.316201021294,0.01581012294197477,0.02108098477742124,51394815460.76042,0.5341365461847389,0.62
2023-10-13,AMZN,gru,-0.019381108651019514,-0.0026010037399828434,-0.01870870590209961,0.014840423129498959,288.22648185955234,128.6288951783487,288.22648185955234,128.6288951783487,3.9861091463672595,4067.2300258913906,0.01581012294197477,0.02108098477742124,51394815460.76042,0.5341365461847389,0.62
2023-10-16,AMZN,gru,0.021042247787508333,-0.002275110688060522,-0.021839022636413574,0.015858370810747147,294.3556747541874,128.33658005965052,294.3556747541874,128.33658005965052,3.9000001284299985,4132.243777180255,0.01581012294197477,0.02108098477742124,51394815460.76042,0.5341365461847389,0.62
2023-10-17,AMZN,gru,-0.008181257764936053,0.0005307880928739905,-0.015680935233831406,0.016609925776720047,291.957299345688,128.40472141606932,291.957299345688,128.40472141606932,3.8393215847714988,4201.45335118899,0.01581012294197477,0.02108098477742124,51394815460.76042,0.5341365461847389,0.62
2023-10-18,AMZN,gru,-0.025733286363791553,-0.0017479493981227279,-0.01937790773808956,0.016115503385663033,284.54012203085676,128.18047334430992,284.54012203085676,128.18047334430992,3.76563968872739,4269.710500123204,0.01581012294197477,0.02108098477742124,51394815460.76042,0.5341365461847389,0.62
2023-10-19,AMZN,gru,0.00210493209093831,-0.00047412351705133915,-0.017652956768870354,0.013911819085478783,285.1396904689244,128.1197112187876,285.1396904689244,128.1197112187876,3.6997482394082652,4329.524869698284,0.01581012294197477,0.02108098477742124,51394815460.76042,0.5341365461847389,0.62
2023-10-20,AMZN,gru,-0.025477545009301914,-0.001327655278146267,-0.018351763486862183,0.01691170409321785,277.9667930721462,127.94972206374958,277.9667930721462,127.94972206374958,3.632470450776848,4403.36713079303,0.01581012294197477,0.02108098477742124,51394815460.76042,0.5341365461847389,0.62
2023-10-23,AMZN,gru,0.011043686017449744,-0.0033594053238630295,-0.0214180126786232,0.015666723251342773,281.05358446277415,127.52060754252264,281.05358446277415,127.52060754252264,3.5554973641909995,4472.896759551872,0.01581012294197477,0.02108098477742124,51394815460.76042,0.5341365461847389,0.62
2023-10-24,AMZN,gru,0.01567921771001468,-0.0013394607231020927,-0.019251910969614983,0.01451936922967434,285.4950128743488,127.34991591623718,285.4950128743488,127.34991591623718,3.4877019785445276,4538.314265274202,0.01581012294197477,0.02108098477742124,51394815460.76042,0.5341365461847389,0.62
2023-10-25,AMZN,gru,-0.057387204557163146,-0.0010668809991329908,-0.02153879962861538,0.01897500269114971,269.57249608510307,127.21411925034569,269.57249608510307,127.21411925034569,3.4133843447831373,4625.251200763853,0.01581012294197477,0.02108098477742124,51394815460.76042,0.5341365461847389,0.62
2023-10-26,AMZN,gru,-0.015106526502479031,0.001276199473068118,-0.018811792135238647,0.02167261391878128,265.5307969082784,127.3765678527133,265.5307969082784,127.3765678527133,3.3497727577441703,4726.5863737073005,0.01581012294197477,0.02108098477742124,51394815460.76042,0.5341365461847389,0.62
2023-10-27,AMZN,gru,0.06609496003096194,0.00011576808901736513,-0.01743619702756405,0.017511459067463875,283.6740279033114,127.39131197323782,283.6740279033114,127.39131197323782,3.2918717716161963,4810.085037765278,0.01581012294197477,0.02108098477742124,51394815460.76042,0.5341365461847389,0.62
2023-10-30,AMZN,gru,0.038169415629497834,-0.0028255197685211897,-0.01990022510290146,0.01388313714414835,294.71099715961185,127.03187674066544,294.71099715961185,127.03187674066544,3.2270103517272726,4877.329602363935,0.01581012294197477,0.02108098477742124,51394815460.76042,0.5341365461847389,0.62
2023-10-31,AMZN,gru,0.0028592165427562357,-9.167715688818134e-06,-0.020277781412005424,0.019806763157248497,295.5548455157325,127.03071070042265,295.5548455157325,127.03071070042265,3.1622326604080238,4974.8970326114195,0.01581012294197477,0.02108098477742124,51394815460.76042,0.5341365461847389,0.62
2023-11-01,AMZN,gru,0.028955362245697565,-0.0030567292124032974,-0.01704917475581169,0.013400338590145111,304.23784619285914,126.64300587851326,304.23784619285914,126.64300587851326,3.108776217365489,5042.011167935128,0.01581012294197477,0.02108098477742124,51394815460.76042,0.5341365461847389,0.62
2023-11-02,AMZN,gru,0.007779930147075702,-0.0001960390218300745,-0.01957976445555687,0.01643989607691765,306.6140266580482,126.6181788245888,306.6140266580482,126.6181788245888,3.048499125222622,5125.586603678345,0.01581012294197477,0.02108098477742124,51394815460.76042,0.5341365461847389,0.62
2023-11-03,AMZN,gru,0.0038312748175106013,-0.00035270489752292633,-0.019738348200917244,0.017274746671319008,307.7910024762827,126.57353058581508,307.7910024762827,126.57353058581508,2.9889166980098176,5214.899037142833,0.01581012294197477,0.02108098477742124,51394815460.76042,0.5341365461847389,0.62
2023-11-06,AMZN,gru,0.008191461641482902,-0.001688160584308207,-0.020256610587239265,0.01559174619615078,310.3226153154638,126.36003244988788,310.3226153154638,126.36003244988788,2.9289803990655745,5296.845596247525,0.01581012294197477,0.02108098477742124,51394815460.76042,0.5341365461847389,0.62
2023-11-07,AMZN,gru,0.021031053723631822,-0.002594973659142852,-0.02423773892223835,0.018978511914610863,316.91813921748485,126.03255653189761,316.91813921748485,126.03255653189761,2.858842024363491,5398.332065946823,0.01581012294197477,0.02108098477742124,51394815460.76042,0.5341365461847389,0.62
2023-11-08,AMZN,gru,-0.004424354026475328,-0.0016573077300563455,-0.01632731221616268,0.014352435246109962,315.51907842450777,125.82385465397167,315.51907842450777,125.82385465397167,2.812543761615629,5476.3698927205905,0.01581012294197477,0.02108098477742124,51394815460.76042,0.5341365461847389,0.62
2023-11-09,AMZN,gru,-0.010471269344291862,-0.0028941230848431587,-0.02105114236474037,0.015526949428021908,312.2324308878573,125.46023237045944,312.2324308878573,125.46023237045944,2.753955358500385,5562.06482212221,0.01581012294197477,0.02108098477742124,51394815460.76042,0.5341365461847389,0.62
2023-11-10,AMZN,gru,0.02083402648617425,-0.002756780944764614,-0.022756077349185944,0.019107621163129807,318.80572596115826,125.11484540324781,318.80572596115826,125.11484540324781,2.6919938842555604,5669.364181440177,0.01581012294197477,0.02108098477742124,51394815460.76042,0.5341365461847389,0.62
2023-11-13,AMZN,gru,-0.006779695661997966,-0.0012988675152882934,-0.01789531670510769,0.014032630249857903,316.65163047071184,124.95244503906662,316.65163047071184,124.95244503906662,2.6442483121546387,5749.4810622772175,0.01581012294197477,0.02108098477742124,51394815460.76042,0.5341365461847389,0.62
2023-11-14,AMZN,gru,0.022262486894446033,-0.0020875295158475637,-0.020879220217466354,0.016484711319208145,323.78013798086926,124.69187819399907,323.78013798086926,124.69187819399907,2.589610778914036,5845.045206472931,0.01581012294197477,0.02108098477742124,51394815460.76042,0.5341365461847389,0.62
2023-11-15,AMZN,gru,-0.017993607290294027,-0.000384054786991328,-0.015578864142298698,0.014928361400961876,318.00626749165843,124.64399986428539,318.00626749165843,124.64399986428539,2.549580144066308,5932.957010625691,0.01581012294197477,0.02108098477742124,51394815460.76042,0.5341365461847389,0.62
2023-11-16,AMZN,gru,-0.002587108521031568,0.0007035998278297484,-0.017831914126873016,0.01671537011861801,317.1846140788482,124.73172576293256,317.1846140788482,124.73172576293256,2.504519246885378,6032.961960485243,0.01581012294197477,0.02108098477742124,51394815460.76042,0.5341365461847389,0.62
2023-11-17,AMZN,gru,0.016319176713110995,0.00017653621034696698,-0.01875000074505806,0.01940329372882843,322.4032721312026,124.75374701912368,322.4032721312026,124.75374701912368,2.4579970237025894,6151.164348292316,0.01581012294197477,0.02108098477742124,51394815460.76042,0.5341365461847389,0.62
2023-11-20,AMZN,gru,0.006522368493262836,-0.0031031910330057144,-0.019120030105113983,0.011161171831190586,324.51297773502824,124.367213921049,324.51297773502824,124.367213921049,2.411446438293835,6220.203010553811,0.01581012294197477,0.02108098477742124,51394815460.76042,0.5341365461847389,0.62
2023-11-21,AMZN,gru,-0.015378098422388055,-0.003132912330329418,-0.019885379821062088,0.013295642100274563,319.56076065862766,123.97819425179263,319.56076065862766,123.97819425179263,2.3639675564474163,6303.457077666727,0.01581012294197477,0.02108098477742124,51394815460.76042,0.5341365461847389,0.62
2023-11-22,AMZN,gru,0.01933932343605667,-0.0007795689743943512,-0.019545242190361023,0.02066473290324211,325.800996040634,123.88158162478419,325.800996040634,123.88158162478419,2.318211839374171,6435.071657113935,0.01581012294197477,0.02108098477742124,51394815460.76042,0.5341365461847389,0.62
2023-11-24,AMZN,gru,0.00020445580612358505,-0.0018851548666134477,-0.01809445396065712,0.013366848230361938,325.86761475597484,123.64826459434363,325.86761475597484,123.64826459434363,2.276642222530916,6521.665733127301,0.01581012294197477,0.02108098477742124,51394815460.76042,0.5341365461847389,0.62
2023-11-27,AMZN,gru,0.006723903692254734,-0.00179943663533777,-0.02304156869649887,0.014843042939901352,328.0661001330421,123.42597032593255,328.0661001330421,123.42597032593255,2.224784516704808,6619.188977893205,0.01581012294197477,0.02108098477742124,51394815460.76042,0.5341365461847389,0.62
2023-11-28,AMZN,gru,-0.00474961512561893,-0.0013149112928658724,-0.01922581158578396,0.01856273226439953,326.5116069660729,123.26378317033978,326.5116069660729,123.26378317033978,2.182419738575095,6743.2069236185835,0.01581012294197477,0.02108098477742124,51394815460.76042,0.5341365461847389,0.62
2023-11-29,AMZN,gru,-0.004840585148378569,-0.0017239553853869438,-0.019654011353850365,0.014339203014969826,324.93491885579334,123.05146684765212,324.93491885579334,123.05146684765212,2.139945248585842,6840.595310966071,0.01581012294197477,0.02108098477742124,51394815460.76042,0.5341365461847389,0.62
2023-11-30,AMZN,gru,-0.001573209061844679,-0.0009668461862020195,-0.018442315980792046,0.014698484912514687,324.42413019096733,122.93255358862268,324.42413019096733,122.93255358862268,2.1008413999744153,6941.883908976027,0.01581012294197477,0.02108098477742124,51394815460.76042,0.5341365461847389,0.62
2023-12-01,AMZN,gru,0.006413794210223246,-0.003140967572107911,-0.025303080677986145,0.017634838819503784,326.5116069660729,122.54703233321823,326.5116069660729,122.54703233321823,2.0483505930602126,7065.388848306989,0.01581012294197477,0.02108098477742124,51394815460.76042,0.5341365461847389,0.62
2023-12-04,AMZN,gru,-0.01500697967354326,-0.004433783702552319,-0.021415919065475464,0.012651607394218445,321.6482374337332,122.00488721010387,321.6482374337332,122.00488721010387,2.004949732007315,7155.345583745643,0.01581012294197477,0.02108098477742124,51394815460.76042,0.5341365461847389,0.62
2023-12-05,AMZN,gru,0.013986300502114904,-0.0030863627325743437,-0.018781989812850952,0.012834453023970127,326.1785133893687,121.62891454135779,326.1785133893687,121.62891454135779,1.967644189008346,7247.772334574615,0.01581012294197477,0.02108098477742124,51394815460.76042,0.5341365461847389,0.62
2023-12-06,AMZN,gru,-0.016198024273178,-0.0008756409515626729,-0.019387181848287582,0.01741081103682518,320.9376265082943,121.5224607065186,320.9376265082943,121.5224607065186,1.9298645465095394,7375.066582419456,0.01581012294197477,0.02108098477742124,51394815460.76042,0.5341365461847389,0.62
2023-12-07,AMZN,gru,0.016198024273177868,-0.002214414533227682,-0.01953921467065811,0.015437237918376923,326.1785133893686,121.2536544850764,326.1785133893686,121.2536544850764,1.8925224876445594,7489.800867194582,0.01581012294197477,0.02108098477742124,51394815460.76042,0.5341365461847389,0.62
2023-12-08,AMZN,gru,0.003669683224747049,-0.0020190784707665443,-0.021234648302197456,0.016111141070723534,327.3776841509135,121.0090832959247,327.3776841509135,121.0090832959247,1.8527591584998622,7611.447738660137,0.01581012294197477,0.02108098477742124,51394815460.76042,0.5341365461847389,0.62
2023-12-11,AMZN,gru,-0.010432734440314026,-0.0032787835225462914,-0.023221895098686218,0.01427431683987379,323.97999412689177,120.61296883655737,323.97999412689177,120.61296883655737,1.8102302860379542,7720.874785111992,0.01581012294197477,0.02108098477742124,51394815460.76042,0.5341365461847389,0.62
2023-12-12,AMZN,gru,0.010839635496016388,-0.0017715957947075367,-0.020848628133535385,0.017108112573623657,327.5109215815952,120.39948152599462,327.5109215815952,120.39948152599462,1.7728801603648279,7854.100843999879,0.01581012294197477,0.02108098477742124,51394815460.76042,0.5341365461847389,0.62
2023-12-13,AMZN,gru,0.009179334477907091,-0.002460256451740861,-0.02040410041809082,0.01649855077266693,330.53109425688234,120.10362856532518,330.53109425688234,120.10362856532518,1.7370727113375026,7984.757094068841,0.01581012294197477,0.02108098477742124,51394815460.76042,0.5341365461847389,0.62
2023-12-14,AMZN,gru,-0.009586235533609468,-0.0014606922632083297,-0.020482046529650688,0.01834561489522457,327.3776841509135,119.92832548427123,327.3776841509135,119.92832548427123,1.7018558455748223,8132.593846401076,0.01581012294197477,0.02108098477742124,51394815460.76042,0.5341365461847389,0.62
2023-12-15,AMZN,gru,0.01714963889276147,-0.0025465942453593016,-0.019307002425193787,0.015498146414756775,333.040512152753,119.6233081531232,333.040512152753,119.6233081531232,1.6693132547376592,8259.616181733627,0.01581012294197477,0.02108098477742124,51394815460.76042,0.5341365461847389,0.62
2023-12-18,AMZN,gru,0.026971809898698733,-0.0017809082055464387,-0.017982833087444305,0.015456095337867737,342.14545395064476,119.4104602649523,342.14545395064476,119.4104602649523,1.639562608996862,8388.26898915265,0.01581012294197477,0.02108098477742124,51394815460.76042,0.5341365461847389,0.62
2023-12-19,AMZN,gru,-0.0018191003361762064,-0.0034109458792954683,-0.022561337798833847,0.016987722367048264,341.52362279844743,119.0038492882279,341.52362279844743,119.0038492882279,1.6029860867556196,8531.98418092106,0.01581012294197477,0.02108098477742124,51394815460.76042,0.5341365461847389,0.62
2023-12-20,AMZN,gru,-0.01091834083412718,-0.004679156467318535,-0.024480577558279037,0.012454555369913578,337.81503414103184,118.44831126116465,337.81503414103184,118.44831126116465,1.5642205405533611,8638.911038981447,0.01581012294197477,0.02108098477742124,51394815460.76042,0.5341365461847389,0.62
2023-12-21,AMZN,gru,0.011243426514228085,-0.0019789657089859247,-0.01879170909523964,0.01682157814502716,341.63466528581876,118.21413581535639,341.63466528581876,118.21413581535639,1.5351006056839234,8785.460139568835,0.01581012294197477,0.02108098477742124,51394815460.76042,0.5341365461847389,0.62
2023-12-22,AMZN,gru,-0.002733830879625901,-0.002954331925138831,-0.01919259876012802,0.014065041206777096,340.70196938563726,117.86540966140011,340.70196938563726,117.86540966140011,1.5059189723325042,8909.901330977895,0.01581012294197477,0.02108098477742124,51394815460.76042,0.5341365461847389,0.62
2023-12-26,AMZN,gru,-6.514686816695571e-05,-0.0020361896604299545,-0.019008059054613113,0.014625698328018188,340.67977444232685,117.62565636529219,340.67977444232685,117.62565636529219,1.477564670278511,9041.17264743432,0.01581012294197477,0.02108098477742124,51394815460.76042,0.5341365461847389,0.62
2023-12-27,AMZN,gru,-0.00045644547960358643,-0.002239594701677561,-0.02326289378106594,0.018326641991734505,340.52430818292515,117.36251818225263,340.52430818292515,117.36251818225263,1.443588958597301,9208.39419582408,0.01581012294197477,0.02108098477742124,51394815460.76042,0.5341365461847389,0.62
2023-12-28,AMZN,gru,0.00026087992298881607,-0.0015572080155834556,-0.020954539999365807,0.01799645461142063,340.61315572698607,117.17990453901481,340.61315572698607,117.17990453901481,1.4136539537499557,9375.61301265737,0.01581012294197477,0.02108098477742124,51394815460.76042,0.5341365461847389,0.62
2023-12-29,AMZN,gru,-0.009432812028151797,-0.00197808095254004,-0.021324411034584045,0.016874056309461594,337.4153218489868,116.94834153386029,337.4153218489868,116.94834153386029,1.3838277307588143,9535.160119062848,0.01581012294197477,0.02108098477742124,51394815460.76042,0.5341365461847389,0.62
2023-01-03,AMZN,transformer,0.021435277164066735,0.0029795316513627768,-0.031173964962363243,0.0398448184132576,190.5816924629575,187.09661514424624,190.5816924629575,187.09661514424624,180.81451116187964,194.12271247513672,0.015867013439415815,0.02099485089205518,84929830454.8498,0.4578313253012048,0.88
2023-01-04,AMZN,transformer,-0.007955122776173124,-0.0014408391434699297,-0.035289496183395386,0.029889367520809174,189.07160612531396,186.82723160436547,189.07160612531396,186.82723160436547,174.54492926874815,200.01250279143346,0.015867013439415815,0.02099485089205518,84929830454.8498,0.4578313253012048,0.88
2023-01-05,AMZN,transformer,-0.02401157339665977,0.0007768099894747138,-0.02985229343175888,0.030905406922101974,184.58577088441373,186.9724197837188,184.58577088441373,186.9724197837188,169.411364423211,206.29048025771718,0.015867013439415815,0.02099485089205518,84929830454.8498,0.4578313253012048,0.88
2023-01-06,AMZN,transformer,0.0349917378504728,0.002460397081449628,-0.03251058980822563,0.03697312995791435,191.15908290041955,187.43301885508208,191.15908290041955,187.43301885508208,163.99226990243073,214.06043774783566,0.015867013439415815,0.02099485089205518,84929830454.8498,0.4578313253012048,0.88
2023-01-09,AMZN,transformer,0.014760401298199752,0.0019516299944370985,-0.030751250684261322,0.035184264183044434,194.0015943729945,187.79916600130446,194.0015943729945,187.79916600130446,159.02605711809343,221.72606827436493,0.015867013439415815,0.02099485089205518,84929830454.8498,0.4578313253012048,0.88
2023-01-10,AMZN,transformer,0.028326693248784427,0.004863054025918245,-0.02313356101512909,0.031625133007764816,199.57559177347795,188.71467654780483,199.57559177347795,188.71467654780483,155.3894433243602,228.8502332349865,0.015867013439415815,0.02099485089205518,84929830454.8498,0.4578313253012048,0.88
2023-01-11,AMZN,transformer,0.05645956080731301,-0.0029918754007667303,-0.031192753463983536,0.026935137808322906,211.16770569581558,188.15091319227696,211.16770569581558,188.15091319227696,150.6172325670524,235.09811745668853,0.015867013439415815,0.02099485089205518,84929830454.8498,0.4578313253012048,0.88
2023-01-12,AMZN,transformer,0.0018911574433712077,0.0015910055954009295,-0.03387218713760376,0.03841052204370499,211.5674349305655,188.45050184244505,211.5674349305655,188.45050184244505,145.60093621978618,244.30403034760624,0.015867013439415815,0.02099485089205518,84929830454.8498,0.4578313253012048,0.88
2023-01-13,AMZN,transformer,0.029476316899670684,0.0027975591365247965,-0.02458483725786209,0.03424525260925293,217.89648397122315,188.97843052778802,217.89648397122315,188.97843052778802,142.065006119724,252.81517204703195,0.015867013439415815,0.02099485089205518,84929830454.8498,0.4578313253012048,0.88
2023-01-17,AMZN,transformer,-0.021322326395198637,0.002179681556299329,-0.028972052037715912,0.03240532428026199,213.29960624295163,189.3907827550444,213.29960624295163,189.3907827550444,138.00814005583464,261.1419168722199,0.015867013439415815,0.02099485089205518,84929830454.8498,0.4578313253012048,0.88
2023-01-18,AMZN,transformer,-0.0061616190001011146,0.0075397975742816925,-0.02602369338274002,0.04178421199321747,211.98937605133062,190.82413768410646,211.98937605133062,190.82413768410646,134.46298797909657,272.28468982090124,0.015867013439415815,0.02099485089205518,84929830454.8498,0.4578313253012048,0.88
2023-01-19,AMZN,transformer,-0.018822579439957077,0.0049363370053470135,-0.026369277387857437,0.034844525158405304,208.036507475862,191.76843032233737,208.036507475862,191.76843032233737,130.96363717653068,281.9395465864739,0.015867013439415815,0.02099485089205518,84929830454.8498,0.4578313253012048,0.88
2023-01-20,AMZN,transformer,0.037400259951453026,0.003705146722495556,-0.030704334378242493,0.03511543571949005,215.96445651281445,192.48028587117304,215.96445651281445,192.48028587117304,127.00359351029667,292.015869366757,0.015867013439415815,0.02099485089205518,84929830454.8498,0.4578313253012048,0.88
2023-01-23,AMZN,transformer,0.0027724682514327437,-0.003058352507650852,-0.03614610806107521,0.029049266129732132,216.56404189358688,191.89251552800334,216.56404189358688,191.89251552800334,122.49488394239698,300.62313386308534,0.015867013439415815,0.02099485089205518,84929830454.8498,0.4578313253012048,0.88
2023-01-24,AMZN,transformer,-0.012381472357830799,0.002294854260981083,-0.03043508715927601,0.0357523187994957,213.89919162372405,192.33339254261307,213.89919162372405,192.33339254261307,118.82290302423714,311.56555320697254,0.015867013439415815,0.02099485089205518,84929830454.8498,0.4578313253012048,0.88
2023-01-25,AMZN,transformer,0.008888953725914,0.0030906223691999912,-0.022420592606067657,0.03246980905532837,215.80900719611753,192.92873909722158,215.80900719611753,192.92873909722158,116.1884638396951,321.84806834043576,0.015867013439415815,0.02099485089205518,84929830454.8498,0.4578313253012048,0.88
2023-01-26,AMZN,transformer,0.020774687057825685,0.00390710961073637,-0.031014198437333107,0.03773287683725357,220.3392662090482,193.68399990607256,220.3392662090482,193.68399990607256,112.64027713849197,334.22435518049883,0.015867013439415815,0.02099485089205518,84929830454.8498,0.4578313253012048,0.88
2023-01-27,AMZN,transformer,0.02998335055905419,0.0012684763642027974,-0.02975073829293251,0.03422776982188225,227.0458156557357,193.92985085428708,227.0458156557357,193.92985085428708,109.33850326778547,345.8621535854419,0.015867013439415815,0.02099485089205518,84929830454.8498,0.4578313253012048,0.88
2023-01-30,AMZN,transformer,-0.016667823165641346,0.002071424387395382,-0.037302371114492416,0.036200013011693954,223.29282016899447,194.3319695163773,223.29282016899447,194.3319695163773,105.33505288031333,358.61174202912406,0.015867013439415815,0.02099485089205518,84929830454.8498,0.4578313253012048,0.88
2023-01-31,AMZN,transformer,0.025335155126435763,0.0027720772195607424,-0.02888478711247444,0.032627929002046585,229.02224994347006,194.8714170912501,229.02224994347006,194.8714170912501,102.33599653809596,370.50547732252636,0.015867013439415815,0.02099485089205518,84929830454.8498,0.4578313253012048,0.88
2023-02-01,AMZN,transformer,0.0193976149644124,0.003010192420333624,-0.03130516782402992,0.03572710230946541,233.50810212707512,195.45889278052067,233.50810212707512,195.45889278052067,99.18197548848167,383.98188016971767,0.015867013439415815,0.02099485089205518,84929830454.8498,0.4578313253012048,0.88
2023-02-02,AMZN,transformer,0.07120315696615197,0.0013881172053515911,-0.028875339776277542,0.03284028545022011,250.74084910794187,195.73039038997848,250.74084910794187,195.73039038997848,96.35901744018213,396.801313071645,0.015867013439415815,0.02099485089205518,84929830454.8498,0.4578313253012048,0.88
2023-02-03,AMZN,transformer,-0.08808283393109906,0.0011750091798603535,-0.03205414488911629,0.03230119124054909,229.59964038093213,195.96049926024943,229.59964038093213,195.96049926024943,93.3192876841695,409.82773252068205,0.015867013439415815,0.02099485089205518,84929830454.8498,0.4578313253012048,0.88
2023-02-06,AMZN,transformer,-0.011772272805910223,0.003921343479305506,-0.025344818830490112,0.038021109998226166,226.9125782250541,196.73043178005707,226.9125782250541,196.73043178005707,90.9838491967275,425.70984888927217,0.015867013439415815,0.02099485089205518,84929830454.8498,0.4578313253012048,0.88
2023-02-07,AMZN,transformer,-0.0006852973444615529,0.0019918859470635653,-0.0337151437997818,0.03848141431808472,226.75712890835717,197.12269152111938,226.75712890835717,197.12269152111938,87.9674510262172,442.41105058327344,0.015867013439415815,0.02099485089205518,84929830454.8498,0.4578313253012048,0.88
2023-02-08,AMZN,transformer,-0.020380578012770365,0.0026285997591912746,-0.023874808102846146,0.03106299415230751,222.18246306610087,197.64152276297676,222.18246306610087,197.64152276297676,85.89211809712837,456.36935221122195,0.015867013439415815,0.02099485089205518,84929830454.8498,0.4578313253012048,0.88
2023-02-09,AMZN,transformer,-0.018256648878253772,0.0028297698590904474,-0.025212032720446587,0.032815687358379364,218.16295883258658,198.2015842937574,218.16295883258658,198.2015842937574,83.7536740472234,471.593835820445,0.015867013439415815,0.02099485089205518,84929830454.8498,0.4578313253012048,0.88
2023-02-10,AMZN,transformer,-0.006433489213979958,-0.0011554926168173552,-0.030731746926903725,0.02963506244122982,216.76391498231433,197.97269317763352,216.76391498231433,197.97269317763352,81.21892622308191,485.7786853059267,0.015867013439415815,0.02099485089205518,84929830454.8498,0.4578313253012048,0.88
2023-02-13,AMZN,transformer,0.019579629188155288,0.0027580580208450556,-0.025254543870687485,0.0320933535695076,221.049894077192,198.5194622429587,221.049894077192,198.5194622429587,79.19346546504515,501.62180988862525,0.015867013439415815,0.02099485089205518,84929830454.8498,0.4578313253012048,0.88
2023-02-14,AMZN,transformer,0.0016060637303953276,0.002579916501417756,-0.03010408580303192,0.03492850065231323,221.40519953991142,199.03229068205192,221.40519953991142,199.03229068205192,76.8449470914594,519.4523116418101,0.015867013439415815,0.02099485089205518,84929830454.8498,0.4578313253012048,0.88
2023-02-15,AMZN,transformer,0.014537811644538115,0.003220886690542102,-0.024927901104092598,0.03470977395772934,224.6474571899411,199.6743771701126,224.6474571899411,199.6743771701126,74.95304308062266,537.7989564535504,0.015867013439415815,0.02099485089205518,84929830454.8498,0.4578313253012048,0.88
2023-02-16,AMZN,transformer,-0.03020652173405669,-0.001956070074811578,-0.03271935135126114,0.032817400991916656,217.96310268656399,199.28418582635675,217.96310268656399,199.28418582635675,72.5403161637165,555.7408936801003,0.015867013439415815,0.02099485089205518,84929830454.8498,0.4578313253012048,0.88
2023-02-17,AMZN,transformer,-0.009726256199159738,0.00732049997895956,-0.02233077585697174,0.03697023168206215,215.8534140254432,200.74839556284957,215.8534140254432,200.74839556284957,70.93838787135904,576.6712897318689,0.015867013439415815,0.02099485089205518,84929830454.8498,0.4578313253012048,0.88
2023-02-21,AMZN,transformer,-0.027324623494127318,-0.0007679008413106203,-0.02659875527024269,0.024886947125196457,210.03515364961154,200.5943033798522,210.03515364961154,200.5943033798522,69.07639015571239,591.2029304106634,0.015867013439415815,0.02099485089205518,84929830454.8498,0.4578313253012048,0.88
2023-02-22,AMZN,transformer,0.012712248376870527,0.0013671873603016138,-0.02876698412001133,0.031597405672073364,212.7222158054896,200.86874948818036,212.7222158054896,200.86874948818036,67.11758072498557,610.1816497798707,0.015867013439415815,0.02099485089205518,84929830454.8498,0.4578313253012048,0.88
2023-02-23,AMZN,transformer,0.0003131233176392935,0.0020073717460036278,-0.0307258740067482,0.03992675244808197,212.78883452083048,201.27237350319842,212.78883452083048,201.27237350319842,65.08669296860673,635.0371121902825,0.015867013439415815,0.02099485089205518,84929830454.8498,0.4578313253012048,0.88
2023-02-24,AMZN,transformer,-0.024509991975448668,-0.001925616874359548,-0.03259482979774475,0.0297293271869421,207.63677824111215,200.88517780548457,207.63677824111215,200.88517780548457,62.99940662952214,654.1997926115098,0.015867013439415815,0.02099485089205518,84929830454.8498,0.4578313253012048,0.88
2023-02-27,AMZN,transformer,0.002776912318089041,-0.0006974137504585087,-0.02931181713938713,0.028573419898748398,208.21416867857423,200.74512155748783,208.21416867857423,200.74512155748783,61.17958196772574,673.1621009198612,0.015867013439415815,0.02099485089205518,84929830454.8498,0.4578313253012048,0.88
2023-02-28,AMZN,transformer,0.005000289230826088,0.0009354805806651711,-0.0338011160492897,0.035314418375492096,209.257907066127,200.93300135224612,209.257907066127,200.93300135224612,59.14620115769221,697.3591923341421,0.015867013439415815,0.02099485089205518,84929830454.8498,0.4578313253012048,0.88
2023-03-01,AMZN,transformer,-0.022103959704043146,0.0033415097277611494,-0.027649041265249252,0.034304793924093246,204.68322428116588,201.6055319889104,204.68322428116588,201.6055319889104,57.533265498184264,721.6969932977976,0.015867013439415815,0.02099485089205518,84929830454.8498,0.4578313253012048,0.88
2023-03-02,AMZN,transformer,-0.00043408483069996514,0.004275025334209204,-0.031122146174311638,0.034294016659259796,204.5943936798098,202.46923900783625,204.5943936798098,202.46923900783625,55.77028471961635,746.8761812311798,0.015867013439415815,0.02099485089205518,84929830454.8498,0.4578313253012048,0.88
2023-03-03,AMZN,transformer,0.02962312838587694,0.0027559208683669567,-0.03596823662519455,0.04217023402452469,210.74578151775532,203.0279923651312,210.74578151775532,203.0279923651312,53.79997388438211,779.0456210888251,0.015867013439415815,0.02099485089205518,84929830454.8498,0.4578313253012048,0.88
2023-03-06,AMZN,transformer,-0.012192056844170188,0.002515033818781376,-0.02943769097328186,0.03503423184156418,208.19195679255895,203.5392527924537,208.19195679255895,203.5392527924537,52.23931051270313,806.8226024581779,0.015867013439415815,0.02099485089205518,84929830454.8498,0.4578313253012048,0.88
2023-03-07,AMZN,transformer,-0.002135579508745822,0.0019231237238273025,-0.03490948677062988,0.03439696878194809,207.74782072848342,203.9310641459098,207.74782072848342,203.9310641459098,50.447126987999674,835.0577117451335,0.015867013439415815,0.02099485089205518,84929830454.8498,0.4578313253012048,0.88
2023-03-08,AMZN,transformer,0.003947251242114423,0.004774201661348343,-0.027283385396003723,0.0377999022603035,208.56947414129365,204.9070082560813,208.56947414129365,204.9070082560813,49.08936592450986,867.2270037196939,0.015867013439415815,0.02099485089205518,84929830454.8498,0.4578313253012048,0.88
2023-03-09,AMZN,transformer,-0.017941053663252087,0.0019967479165643454,-0.030104845762252808,0.03170157968997955,204.86088548387804,205.3165727282118,204.86088548387804,205.3165727282118,47.633560329208834,895.1598620185954,0.015867013439415815,0.02099485089205518,84929830454.8498,0.4578313253012048,0.88
2023-03-10,AMZN,transformer,-0.016614182739941783,-0.0010213797213509679,-0.032273828983306885,0.026980625465512276,201.48540734587147,205.10697556136864,201.48540734587147,205.10697556136864,46.12078483366956,919.6406243936578,0.015867013439415815,0.02099485089205518,84929830454.8498,0.4578313253012048,0.88
2023-03-13,AMZN,transformer,0.01856350439768763,-2.1044612367404625e-05,-0.03805966302752495,0.037166912108659744,205.26061471862792,205.10266002043664,205.26061471862792,205.10266002043664,44.39842647771034,954.4639521895834,0.015867013439415815,0.02099485089205518,84929830454.8498,0.4578313253012048,0.88
2023-03-14,AMZN,transformer,0.026161301723076753,0.0017197574488818645,-0.030724750831723213,0.03714374452829361,210.70135774572486,205.45569562634827,210.70135774572486,205.45569562634827,43.05504006474018,990.5829245357603,0.015867013439415815,0.02099485089205518,84929830454.8498,0.4578313253012048,0.88
2023-03-15,AMZN,transformer,0.013816419647146834,0.000843668298330158,-0.03174188733100891,0.03780270367860794,213.6326998196559,205.6291005971175,213.6326998196559,205.6291005971175,41.709854919837994,1028.7464161087742,0.015867013439415815,0.02099485089205518,84929830454.8498,0.4578313253012048,0.88
2023-03-16,AMZN,transformer,0.03914078921242492,-0.0016949459677562118,-0.031228013336658478,0.027369610965251923,222.16025118008562,205.28087035402083,222.16025118008562,205.28087035402083,40.427466799287146,1057.2916921306294,0.015867013439415815,0.02099485089205518,84929830454.8498,0.4578313253012048,0.88
2023-03-17,AMZN,transformer,-0.010955473953869753,0.0036126673221588135,-0.02762521430850029,0.03559749200940132,219.73966388557096,206.02382165463567,219.73966388557096,206.02382165463567,39.325934320631276,1095.6065372246157,0.015867013439415815,0.02099485089205518,84929830454.8498,0.4578313253012048,0.88
2023-03-20,AMZN,transformer,-0.012610742620752338,0.0027886447496712208,-0.03255535289645195,0.034279655665159225,216.98598301435206,206.599163123218,216.98598301435206,206.599163123218,38.06628064374192,1133.814678411549,0.015867013439415815,0.02099485089205518,84929830454.8498,0.4578313253012048,0.88
2023-03-21,AMZN,transformer,0.029247763784060337,0.0011965188896283507,-0.027550306171178818,0.028811350464820862,223.4260575996762,206.84650754499174,223.4260575996762,206.84650754499174,37.03185861116351,1166.9564853449365,0.015867013439415815,0.02099485089205518,84929830454.8498,0.4578313253012048,0.88
2023-03-22,AMZN,transformer,-0.019166746850565873,0.0014896345091983676,-0.03366512060165405,0.03602351248264313,219.18448533412413,207.15485615024903,219.18448533412413,207.15485615024903,35.80592717749824,1209.760707775487,0.015867013439415815,0.02099485089205518,84929830454.8498,0.4578313253012048,0.88
2023-03-23,AMZN,transformer,0.00010133363497333344,0.004363684915006161,-0.023767970502376556,0.03001370280981064,219.20669722013938,208.06078427299263,219.20669722013938,208.06078427299263,34.96492662903789,1246.6205466546355,0.015867013439415815,0.02099485089205518,84929830454.8498,0.4578313253012048,0.88
2023-03-24,AMZN,transformer,-0.005893146925693497,0.0052610426209867,-0.025729604065418243,0.03405843302607536,217.9186789145336,209.15828240895223,217.9186789145336,209.15828240895223,34.07676807180981,1289.8098159292229,0.015867013439415815,0.02099485089205518,84929830454.8498,0.4578313253012048,0.88
2023-03-27,AMZN,transformer,-0.0009175342309671865,0.003483135486021638,-0.02653801441192627,0.03439487889409065,217.71882276851105,209.88808918095899,217.71882276851105,209.88808918095899,33.18433262829787,1334.944352267925,0.015867013439415815,0.02099485089205518,84929830454.8498,0.4578313253012048,0.88
2023-03-28,AMZN,transformer,-0.0081934405189327,0.0030187673401087523,-0.03215739130973816,0.03606715798377991,215.9422446267993,210.52266189168853,215.9422446267993,210.52266189168853,32.134186731743306,1383.9708792279753,0.015867013439415815,0.02099485089205518,84929830454.8498,0.4578313253012048,0.88
2023-03-29,AMZN,transformer,0.03048493870739539,0.002237532287836075,-0.026083648204803467,0.031787190586328506,222.62659913017643,210.99424565619472,222.62659913017643,210.99424565619472,31.30684694179623,1428.6701626123881,0.015867013439415815,0.02099485089205518,84929830454.8498,0.4578313253012048,0.88
2023-03-30,AMZN,transformer,0.017305747097592427,0.002787872916087508,-0.02740529179573059,0.03537115454673767,226.51284899030418,211.58329144770417,226.51284899030418,211.58329144770417,30.460524246253108,1480.1082684176667,0.015867013439415815,0.02099485089205518,84929830454.8498,0.4578313253012048,0.88
2023-03-31,AMZN,transformer,0.012567761597929928,0.002685937099158764,-0.029820647090673447,0.03669964149594307,229.37757234889435,212.15236586644482,229.37757234889435,212.15236586644482,29.565582435169116,1535.4368033299997,0.015867013439415815,0.02099485089205518,84929830454.8498,0.4578313253012048,0.88
2023-04-03,AMZN,transformer,-0.008556175035560798,0.0021054556127637625,-0.02602822706103325,0.03245893865823746,227.42334994717524,212.59950248655136,227.42334994717524,212.59950248655136,28.805971566957588,1586.0932104039728,0.015867013439415815,0.02099485089205518,84929830454.8498,0.4578313253012048,0.88
2023-04-04,AMZN,transformer,0.014925585099441625,0.0016225242288783193,-0.03343486785888672,0.038311153650283813,230.84323491450743,212.94473621577936,230.84323491450743,212.94473621577936,27.858770891091968,1648.0373082733781,0.015867013439415815,0.02099485089205518,84929830454.8498,0.4578313253012048,0.88
2023-04-05,AMZN,transformer,-0.027799874012424952,0.00033081212313845754,-0.031037133187055588,0.0347444973886013,224.51420281655462,213.01520495001213,224.51420281655462,213.01520495001213,27.007394765725888,1706.3038174352937,0.015867013439415815,0.02099485089205518,84929830454.8498,0.4578313253012048,0.88
2023-04-06,AMZN,transformer,0.009450740780884159,0.00030900188721716404,-0.02834227867424488,0.03418666124343872,226.64608642098585,213.08102462012073,226.64608642098585,213.08102462012073,26.252689701392182,1765.6452429479796,0.015867013439415815,0.02099485089205518,84929830454.8498,0.4578313253012048,0.88
2023-04-10,AMZN,transformer,0.001077222967143844,0.0008628586074337363,-0.03244553878903389,0.03350731357932091,226.89036633903882,213.26495498130512,226.89036633903882,213.26495498130512,25.41457668365654,1825.8096429932239,0.015867013439415815,0.02099485089205518,84929830454.8498,0.4578313253012048,0.88
2023-04-11,AMZN,transformer,-0.022268227189570028,0.002142145996913314,-0.03269558399915695,0.03251782804727554,221.89375937601739,213.72229227435287,221.89375937601739,213.72229227435287,24.59707009621862,1886.1568971556821,0.015867013439415815,0.02099485089205518,84929830454.8498,0.4578313253012048,0.88
2023-04-12,AMZN,transformer,-0.0211385503060785,0.0034470874816179276,-0.026973027735948563,0.0338224396109581,217.25247481842024,214.46027882921618,217.25247481842024,214.46027882921618,23.942480070982008,1951.0424672948038,0.015867013439415815,0.02099485089205518,84929830454.8498,0.4578313253012048,0.88
2023-04-13,AMZN,transformer,0.04565543032053191,0.0021623470820486546,-0.02676248736679554,0.035561785101890564,227.40113806115997,214.92452560332455,227.40113806115997,214.92452560332455,23.310218074531093,2021.673551564449,0.015867013439415815,0.02099485089205518,84929830454.8498,0.4578313253012048,0.88
2023-04-14,AMZN,transformer,0.0010736481279812137,0.004080230835825205,-0.03121952712535858,0.03981735557317734,227.64541797921297,215.80324904046898,227.64541797921297,215.80324904046898,22.593726744398335,2103.795315314661,0.015867013439415815,0.02099485089205518,84929830454.8498,0.4578313253012048,0.88
2023-04-17,AMZN,transformer,0.0022411286119839928,0.0037607220001518726,-0.027150722220540047,0.03339320421218872,228.1561727586293,216.6163628839603,228.1561727586293,216.6163628839603,21.988543983859792,2175.233902403009,0.015867013439415815,0.02099485089205518,84929830454.8498,0.4578313253012048,0.88
2023-04-18,AMZN,transformer,-0.004291801457498827,0.0032562301494181156,-0.026722852140665054,0.03137819096446037,227.17907002912216,217.32287148330184,227.17907002912216,217.32287148330184,21.408728603204764,2244.5710700076042,0.015867013439415815,0.02099485089205518,84929830454.8498,0.4578313253012048,0.88
2023-04-19,AMZN,transformer,0.01936168847711433,-0.0007362304604612291,-0.03106275200843811,0.029471445828676224,231.62049844069676,217.16293520458882,231.62049844069676,217.16293520458882,20.75393645172182,2311.7061197295748,0.015867013439415815,0.02099485089205518,84929830454.8498,0.4578313253012048,0.88
2023-04-20,AMZN,transformer,-0.0047091095790211925,0.003646401222795248,-0.026499643921852112,0.03457324579358101,230.53233628111354,217.95624214972315,230.53233628111354,217.95624214972315,20.21118785909898,2393.026917410115,0.015867013439415815,0.02099485089205518,84929830454.8498,0.4578313253012048,0.88
2023-04-21,AMZN,transformer,0.02989264254702952,0.0021002120338380337,-0.028719380497932434,0.029472656548023224,237.52758941788449,218.41446791096416,237.52758941788449,218.41446791096416,19.6389910424794,2464.605414814576,0.015867013439415815,0.02099485089205518,84929830454.8498,0.4578313253012048,0.88
2023-04-24,AMZN,transformer,-0.007036666520682404,0.0018060883739963174,-0.02645767480134964,0.03113427758216858,235.86205376354403,218.8092934876751,235.86205376354403,218.8092934876751,19.126203067941567,2542.545996737992,0.015867013439415815,0.02099485089205518,84929830454.8498,0.4578313253012048,0.88
2023-04-25,AMZN,transformer,-0.03487276836944828,0.0008265997748821974,-0.028286568820476532,0.03188787028193474,227.77865540989467,218.9902388923148,227.77865540989467,218.9902388923148,18.59276819616342,2624.9287609157163,0.015867013439415815,0.02099485089205518,84929830454.8498,0.4578313253012048,0.88
2023-04-26,AMZN,transformer,0.023224398457013323,0.0032547623850405216,-0.025169044733047485,0.03066607564687729,233.13058477834036,219.70415067159786,233.13058477834036,219.70415067159786,18.13064572247675,2706.672092484288,0.015867013439415815,0.02099485089205518,84929830454.8498,0.4578313253012048,0.88
2023-04-27,AMZN,transformer,0.04507277127081395,-0.0002579102001618594,-0.030745411291718483,0.03061549924314022,243.87883340185257,219.64750002373083,243.87883340185257,219.64750002373083,17.581694186084558,2790.8196810967556,0.015867013439415815,0.02099485089205518,84929830454.8498,0.4578313253012048,0.88
2023-04-28,AMZN,transformer,-0.040605781087400955,0.004371884744614363,-0.026941809803247452,0.03213700279593468,234.17430622318835,220.60986758410226,234.17430622318835,220.60986758410226,17.11433544891715,2881.9648785231116,0.015867013439415815,0.02099485089205518,84929830454.8498,0.4578313253012048,0.88
2023-05-01,AMZN,transformer,-0.03277395882406449,0.001754258293658495,-0.03037254512310028,0.035156868398189545,226.62389147767541,220.99722180778826,226.62389147767541,220.99722180778826,16.602344207472548,2985.0879740154905,0.015867013439415815,0.02099485089205518,84929830454.8498,0.4578313253012048,0.88
2023-05-02,AMZN,transformer,0.01536391753200235,0.0026911955792456865,-0.02505461871623993,0.03164956346154213,230.13260704636366,221.5927751100986,230.13260704636366,221.5927751100986,16.19154612636499,3081.0757231494217,0.015867013439415815,0.02099485089205518,84929830454.8498,0.4578313253012048,0.88
2023-05-03,AMZN,transformer,0.00019301691085338006,-0.00016037735622376204,-0.03847086429595947,0.03343223035335541,230.1770308183941,221.5572457013429,230.1770308183941,221.5572457013429,15.580473442428199,3185.8243377659,0.015867013439415815,0.02099485089205518,84929830454.8498,0.4578313253012048,0.88
2023-05-04,AMZN,transformer,0.0033710455381283566,0.0013718658592551947,-0.03407289832830429,0.03516022861003876,230.9542774018787,221.86140262958375,230.9542774018787,221.86140262958375,15.058544052972877,3299.8312122798384,0.015867013439415815,0.02099485089205518,84929830454.8498,0.4578313253012048,0.88
2023-05-05,AMZN,transformer,0.015835527254169667,0.0021655489690601826,-0.02309640496969223,0.03241993859410286,234.6406711159839,222.34238486981022,234.6406711159839,222.34238486981022,14.714731320567012,3408.5647285607674,0.015867013439415815,0.02099485089205518,84929830454.8498,0.4578313253012048,0.88
2023-05-08,AMZN,transformer,0.0016076240119395433,0.004454505629837513,-0.023550033569335938,0.03825961798429489,235.01818846471858,223.3350075210742,235.01818846471858,223.3350075210742,14.37224744219854,3541.5021206590577,0.015867013439415815,0.02099485089205518,84929830454.8498,0.4578313253012048,0.88
2023-05-09,AMZN,transformer,0.007437086747609261,0.004377968143671751,-0.03031974658370018,0.03782425448298454,236.7725547204151,224.314916021605,236.7725547204151,224.314916021605,13.943024175109933,3678.0224516552753,0.015867013439415815,0.02099485089205518,84929830454.8498,0.4578313253012048,0.88
2023-05-10,AMZN,transformer,0.03293503350092615,0.0003580649208743125,-0.02859092317521572,0.03391982614994049,244.7005037573675,224.39524424861582,244.7005037573675,224.39524424861582,13.550024940670639,3804.920375122497,0.015867013439415815,0.02099485089205518,84929830454.8498,0.4578313253012048,0.88
2023-05-11,AMZN,transformer,0.017898556144584802,0.0004334079858381301,-0.025231122970581055,0.031509216874837875,249.11972028292683,224.4925072400547,249.11972028292683,224.4925072400547,13.212419880003862,3926.7193498237248,0.015867013439415815,0.02099485089205518,84929830454.8498,0.4578313253012048,0.88
2023-05-12,AMZN,transformer,-0.017263494264582374,0.0006975310388952494,-0.03664649650454521,0.03176796808838844,244.8559530740644,224.6491428397723,244.8559530740644,224.6491428397723,12.736995456529867,4053.4657680845044,0.015867013439415815,0.02099485089205518,84929830454.8498,0.4578313253012048,0.88
2023-05-15,AMZN,transformer,0.008489121836596263,0.005211029667407274,-0.029165418818593025,0.03878622502088547,246.94341290646517,225.82284150148575,246.94341290646517,225.82284150148575,12.37088044764397,4213.7733585561145,0.015867013439415815,0.02099485089205518,84929830454.8498,0.4578313253012048,0.88
2023-05-16,AMZN,transformer,0.01959105037675755,-5.8769732277141884e-05,-0.029522089287638664,0.03138373792171478,251.82899432482012,225.80956985249938,251.82899432482012,225.80956985249938,12.011004319185192,4348.114569968736,0.015867013439415815,0.02099485089205518,84929830454.8498,0.4578313253012048,0.88
2023-05-17,AMZN,transformer,0.018349125212474244,0.0010070075513795018,-0.031320441514253616,0.03388329967856407,256.49249076843245,226.0370858461414,256.49249076843245,226.0370858461414,11.640644611088998,4497.967479371135,0.015867013439415815,0.02099485089205518,84929830454.8498,0.4578313253012048,0.88
2023-05-18,AMZN,transformer,0.022684486585828632,0.0018116435967385769,-0.034672532230615616,0.0341620109975338,262.37738680230973,226.44695719938684,262.37738680230973,226.44695719938684,11.243951231847804,4654.281968436389,0.015867013439415815,0.02099485089205518,84929830454.8498,0.4578313253012048,0.88
2023-05-19,AMZN,transformer,-0.01621197208021114,-0.0012109801173210144,-0.03369734436273575,0.028405144810676575,258.15802642277293,226.17289471691458,258.15802642277293,226.17289471691458,10.871372889861942,4788.383041539722,0.015867013439415815,0.02099485089205518,84929830454.8498,0.4578313253012048,0.88
2023-05-22,AMZN,transformer,-0.01072394478867387,0.002316154772415757,-0.029640939086675644,0.036412451416254044,255.40434555155403,226.69735779207954,255.40434555155403,226.69735779207954,10.553863813316232,4965.953075588177,0.015867013439415815,0.02099485089205518,84929830454.8498,0.4578313253012048,0.88
2023-05-23,AMZN,transformer,-0.00017395019575110725,-0.0038257145788520575,-0.035395298153162,0.02537912130355835,255.3599217795236,225.83173824382575,255.3599217795236,225.83173824382575,10.18684042074909,5093.597471673716,0.015867013439415815,0.02099485089205518,84929830454.8498,0.4578313253012048,0.88
2023-05-24,AMZN,transformer,0.015189747065965913,0.002725672908127308,-0.02471289038658142,0.034350380301475525,259.26838352566654,226.44812697945753,259.26838352566654,226.44812697945753,9.938179550483714,5271.604221732954,0.015867013439415815,0.02099485089205518,84929830454.8498,0.4578313253012048,0.88
2023-05-25,AMZN,transformer,-0.01510276818575663,-0.001891029765829444,-0.03310195356607437,0.029985658824443817,255.38213366553876,226.0203146515516,255.38213366553876,226.0203146515516,9.614591922565943,5432.070454415045,0.015867013439415815,0.02099485089205518,84929830454.8498,0.4578313253012048,0.88
2023-05-26,AMZN,transformer,0.04347586628475364,0.002296492690220475,-0.031286124140024185,0.034279342740774155,266.7299846125282,226.5399782010564,266.7299846125282,226.5399782010564,9.318445443994017,5621.506332549418,0.015867013439415815,0.02099485089205518,84929830454.8498,0.4578313253012048,0.88
2023-05-30,AMZN,transformer,0.012822304345733589,0.0005431036115624011,-0.03260314092040062,0.0326729379594326,270.17209840858044,226.6630430385911,270.17209840858044,226.6630430385911,9.019534202334565,5808.210850723661,0.015867013439415815,0.02099485089205518,84929830454.8498,0.4578313253012048,0.88
2023-05-31,AMZN,transformer,-0.008916850747084985,0.0026244549080729485,-0.023277131840586662,0.032559193670749664,267.773723000081,227.2586794207826,267.773723000081,227.2586794207826,8.812010171225102,6000.433601457603,0.015867013439415815,0.02099485089205518,84929830454.8498,0.4578313253012048,0.88
2023-06-01,AMZN,transformer,0.017999210602823053,0.00226573646068573,-0.02769603580236435,0.033022429794073105,272.6370755897159,227.7741735471047,272.6370755897159,227.7741735471047,8.571301003187912,6201.890639170381,0.015867013439415815,0.02099485089205518,84929830454.8498,0.4578313253012048,0.88
2023-06-02,AMZN,transformer,0.011983006127262639,0.002477443777024746,-0.030453097075223923,0.033503782004117966,275.9237400690712,228.33916895554054,275.9237400690712,228.33916895554054,8.314212796364968,6413.197278540337,0.015867013439415815,0.02099485089205518,84929830454.8498,0.4578313253012048,0.88
2023-06-05,AMZN,transformer,0.008415221280893264,-0.002738558454439044,-0.036277566105127335,0.026168450713157654,278.25549676222977,227.7146978818423,278.25549676222977,227.7146978818423,8.017998805881778,6583.235604268428,0.015867013439415815,0.02099485089205518,84929830454.8498,0.4578313253012048,0.88
2023-06-06,AMZN,transformer,0.010400614095251953,0.0015664893435314298,-0.03207205981016159,0.03465232998132706,281.16462695014553,228.07169107926484,281.16462695014553,228.07169107926484,7.76492492630229,6815.358672485529,0.015867013439415815,0.02099485089205518,84929830454.8498,0.4578313253012048,0.88
2023-06-07,AMZN,transformer,-0.043421904903774046,0.0028110307175666094,-0.027677316218614578,0.03320208564400673,269.2171906223836,228.7137147515053,269.2171906223836,228.7137147515053,7.552959598880097,7045.441601531032,0.015867013439415815,0.02099485089205518,84929830454.8498,0.4578313253012048,0.88
2023-06-08,AMZN,transformer,0.02460606952762862,0.0010400370229035616,-0.031325019896030426,0.03294631838798523,275.9237400690711,228.95170918586984,275.9237400690711,228.95170918586984,7.320030080095803,7281.429150940109,0.015867013439415815,0.02099485089205518,84929830454.8498,0.4578313253012048,0.88
2023-06-09,AMZN,transformer,-0.006621468748440394,0.0020312191918492317,-0.03722579777240753,0.036554597318172455,274.1027550980337,229.4172215035123,274.1027550980337,229.4172215035123,7.0525454794908,7552.523810114195,0.015867013439415815,0.02099485089205518,84929830454.8498,0.4578313253012048,0.88
2023-06-12,AMZN,transformer,0.025121316164936732,-0.00357932155020535,-0.03564343601465225,0.029014289379119873,281.07579634878937,228.59752734651948,281.07579634878937,228.59752734651948,6.805595646893154,7774.865051655908,0.015867013439415815,0.02099485089205518,84929830454.8498,0.4578313253012048,0.88
2023-06-13,AMZN,transformer,0.0007108476079609743,0.0008548079640604556,-0.02600153535604477,0.029707476496696472,281.27566943751674,228.79302565341186,281.27566943751674,228.79302565341186,6.630920399992577,8009.301765203734,0.015867013439415815,0.02099485089205518,84929830454.8498,0.4578313253012048,0.88
2023-06-14,AMZN,transformer,-0.0018966774409432219,0.0022079399786889553,-0.028562020510435104,0.03378953039646149,280.7426858293803,229.2987448718645,280.7426858293803,229.2987448718645,6.444206883344661,8284.556206213563,0.015867013439415815,0.02099485089205518,84929830454.8498,0.4578313253012048,0.88
2023-06-15,AMZN,transformer,0.005443175548084132,-0.0019179896917194128,-0.033551156520843506,0.029851531609892845,282.2749840530391,228.85936946833266,282.2749840530391,228.85936946833266,6.231583058883938,8535.591273407668,0.015867013439415815,0.02099485089205518,84929830454.8498,0.4578313253012048,0.88
2023-06-16,AMZN,transformer,-0.012826801009232924,-0.0010502258082851768,-0.03445209935307503,0.0325852669775486,278.6774209402899,228.61913638343307,278.6774209402899,228.61913638343307,6.020548054517486,8818.306645081073,0.015867013439415815,0.02099485089205518,84929830454.8498,0.4578313253012048,0.88
2023-06-20,AMZN,transformer,0.002308282311188502,0.0045331381261348724,-0.026295306161046028,0.03667210042476654,279.32143009309283,229.65784997512574,279.32143009309283,229.65784997512574,5.864299313992624,9147.695092789729,0.015867013439415815,0.02099485089205518,84929830454.8498,0.4578313253012048,0.88
2023-06-21,AMZN,transformer,-0.007581513078945846,0.0011983097065240145,-0.041518330574035645,0.04526697099208832,277.21175837467683,229.93321135272853,277.21175837467683,229.93321135272853,5.625808528516823,9571.299295284285,0.015867013439415815,0.02099485089205518,84929830454.8498,0.4578313253012048,0.88
2023-06-22,AMZN,transformer,0.04173475821321792,0.0038645139429718256,-0.02505495771765709,0.03347710147500038,289.0259403290522,230.8235212394163,289.0259403290522,230.8235212394163,5.486605344004972,9897.142588086534,0.015867013439415815,0.02099485089205518,84929830454.8498,0.4578313253012048,0.88
2023-06-23,AMZN,transformer,-0.006320292959406817,0.001419778447598219,-0.026957722380757332,0.03294909745454788,287.20497230071965,231.1514605979048,287.20497230071965,231.1514605979048,5.340674705150664,10228.67637347678,0.015867013439415815,0.02099485089205518,84929830454.8498,0.4578313253012048,0.88
2023-06-26,AMZN,transformer,-0.01558513561942593,0.004197112750262022,-0.026578376069664955,0.034457266330718994,282.76354388914507,232.12367026997615,282.76354388914507,232.12367026997615,5.20059784043693,10587.271091452669,0.015867013439415815,0.02099485089205518,84929830454.8498,0.4578313253012048,0.88
2023-06-27,AMZN,transformer,0.014424567940817595,0.003513089381158352,-0.03007948026061058,0.03784121200442314,286.8718448386058,232.94058232424192,286.8718448386058,232.94058232424192,5.046495729097155,10995.583503829619,0.015867013439415815,0.02099485089205518,84929830454.8498,0.4578313253012048,0.88
2023-06-28,AMZN,transformer,-0.0010843421189455317,0.001283549703657627,-0.030635986477136612,0.032805074006319046,286.56094620521196,233.23976209685276,286.56094620521196,233.23976209685276,4.894235615583753,11362.275626809182,0.015867013439415815,0.02099485089205518,84929830454.8498,0.4578313253012048,0.88
2023-06-29,AMZN,transformer,-0.008873661272556729,0.0014911574544385076,-0.03389240428805351,0.036813702434301376,284.0293503087357,233.58781690426878,284.0293503087357,233.58781690426878,4.731137758419134,11788.357170245872,0.015867013439415815,0.02099485089205518,84929830454.8498,0.4578313253012048,0.88
2023-06-30,AMZN,transformer,0.01905113813636069,-0.0015291854506358504,-0.03472098708152771,0.032905563712120056,289.4923052218478,233.23088895661894,289.4923052218478,233.23088895661894,4.569686976290626,12182.712937322254,0.015867013439415815,0.02099485089205518,84929830454.8498,0.4578313253012048,0.88
2023-07-03,AMZN,transformer,-0.0010745214685311468,0.002075779950246215,-0.029217150062322617,0.03582746908068657,289.18140658845397,233.71552807974913,289.18140658845397,233.71552807974913,4.438105273398846,12627.101388231413,0.015867013439415815,0.02099485089205518,84929830454.8498,0.4578313253012048,0.88
2023-07-05,AMZN,transformer,0.0012279637641415527,0.003954889252781868,-0.02894946187734604,0.03746926039457321,289.5367289938782,234.6416855047268,289.5367289938782,234.6416855047268,4.311466547323931,13109.205544060364,0.015867013439415815,0.02099485089205518,84929830454.8498,0.4578313253012048,0.88
2023-07-06,AMZN,transformer,-0.015614479950363446,0.0023953996133059263,-0.030705802142620087,0.03074556216597557,285.05087681027317,235.20441551058525,285.05087681027317,235.20441551058525,4.181091399743588,13518.515038280288,0.015867013439415815,0.02099485089205518,84929830454.8498,0.4578313253012048,0.88
2023-07-07,AMZN,transformer,0.011001878790426247,0.0019511219579726458,-0.03169673681259155,0.03158334642648697,288.2042869162419,235.66377109607808,288.2042869162419,235.66377109607808,4.050642878036769,13952.289649555349,0.015867013439415815,0.02099485089205518,84929830454.8498,0.4578313253012048,0.88
2023-07-10,AMZN,transformer,-0.020630536429565062,0.004032115451991558,-0.027102885767817497,0.037735603749752045,282.31939088236464,236.61590958317728,282.31939088236464,236.61590958317728,3.942333215834244,14488.848365419442,0.015867013439415815,0.02099485089205518,84929830454.8498,0.4578313253012048,0.88
2023-07-11,AMZN,transformer,0.01289534927354112,0.005608382169157267,-0.0257780309766531,0.03322703391313553,285.9835727104546,237.94667888342647,285.9835727104546,237.94667888342647,3.8420062746520514,14978.357352380317,0.015867013439415815,0.02099485089205518,84929830454.8498,0.4578313253012048,0.88
2023-07-12,AMZN,transformer,0.015563949723523061,0.0007065048557706177,-0.03198433667421341,0.034154631197452545,290.46942489405967,238.11485766339806,290.46942489405967,238.11485766339806,3.7210667321349606,15498.7746916537,0.015867013439415815,0.02099485089205518,84929830454.8498,0.4578313253012048,0.88
2023-07-13,AMZN,transformer,0.026406663898050423,-0.0012441803701221943,-0.03467097878456116,0.026332207024097443,298.24192461431517,237.81878267421533,298.24192461431517,237.81878267421533,3.5942646485416034,15912.313296075243,0.015867013439415815,0.02099485089205518,84929830454.8498,0.4578313253012048,0.88
2023-07-14,AMZN,transformer,0.0028254136578632553,0.0010261076968163252,-0.03744988515973091,0.0319942869246006,299.08577297043576,238.06293466658286,299.08577297043576,238.06293466658286,3.462149219212573,16429.64793232225,0.015867013439415815,0.02099485089205518,84929830454.8498,0.4578313253012048,0.88
2023-07-17,AMZN,transformer,-0.008350743114511814,0.004630121868103743,-0.025388328358530998,0.036420851945877075,296.5985839032851,239.16774133374028,296.5985839032851,239.16774133374028,3.3753574316351047,17039.059864962077,0.015867013439415815,0.02099485089205518,84929830454.8498,0.4578313253012048,0.88
2023-07-18,AMZN,transformer,-0.005480667866621604,0.0020209811627864838,-0.029218971729278564,0.03920554369688034,294.9774720209751,239.65157328421807,294.9774720209751,239.65157328421807,3.278159977518072,17720.353489294823,0.015867013439415815,0.02099485089205518,84929830454.8498,0.4578313253012048,0.88
2023-07-19,AMZN,transformer,0.01886777143765127,0.00032020045910030603,-0.03128037601709366,0.030424367636442184,300.59587625078416,239.72830879574053,300.59587625078416,239.72830879574053,3.1772050094003492,18267.768793862142,0.015867013439415815,0.02099485089205518,84929830454.8498,0.4578313253012048,0.88
2023-07-20,AMZN,transformer,-0.04071113790508541,0.00033060816349461675,-0.03323217108845711,0.035795632749795914,288.60403309369667,239.80758372771965,288.60403309369667,239.80758372771965,3.07335471264909,18933.520601172193,0.015867013439415815,0.02099485089205518,84929830454.8498,0.4578313253012048,0.88
2023-07-21,AMZN,transformer,0.000307687993656272,0.004600558429956436,-0.02507074736058712,0.035145051777362823,288.6928467523479,240.91336875738986,288.6928467523479,240.91336875738986,2.9972611736058665,19610.771486132813,0.015867013439415815,0.02099485089205518,84929830454.8498,0.4578313253012048,0.88
2023-07-24,AMZN,transformer,-0.009273613091557636,0.0039337207563221455,-0.026207949966192245,0.030884332954883575,286.0279964824851,241.8629087420006,286.0279964824851,241.8629087420006,2.9197294549686776,20225.88743655746,0.015867013439415815,0.02099485089205518,84929830454.8498,0.4578313253012048,0.88
2023-07-25,AMZN,transformer,0.002558849307688174,-0.0007269646157510579,-0.03281606733798981,0.03441958129405975,286.7608362366441,241.68714700755177,286.7608362366441,241.68714700755177,2.8254704130927,20934.173777685293,0.015867013439415815,0.02099485089205518,84929830454.8498,0.4578313253012048,0.88
2023-07-26,AMZN,transformer,-0.007618281489535843,0.0010840699542313814,-0.031209176406264305,0.03183591365814209,284.5845119174776,241.94930150930244,284.5845119174776,241.94930150930244,2.7386515969705076,21611.35569626077,0.015867013439415815,0.02099485089205518,84929830454.8498,0.4578313253012048,0.88
2023-07-27,AMZN,transformer,0.0007800788687019062,-0.0015279434155672789,-0.03094988502562046,0.03045215643942356,284.80659689222017,241.57989985421491,284.80659689222017,241.57989985421491,2.6551888483517248,22279.592315715607,0.015867013439415815,0.02099485089205518,84929830454.8498,0.4578313253012048,0.88
2023-07-28,AMZN,transformer,0.030410134252966122,0.00025582851958461106,-0.031260598450899124,0.03540559485554695,293.60064005671813,241.64170158163944,293.60064005671813,241.64170158163944,2.573470002542446,23082.54501862608,0.015867013439415815,0.02099485089205518,84929830454.8498,0.4578313253012048,0.88
2023-07-31,AMZN,transformer,0.0110572111941032,0.0020802186336368322,-0.028015155345201492,0.0321090929210186,296.8650587646486,242.14488366420045,296.8650587646486,242.14488366420045,2.502374303151176,23835.73319806996,0.015867013439415815,0.02099485089205518,84929830454.8498,0.4578313253012048,0.88
2023-08-01,AMZN,transformer,-0.014998135236778893,0.0009171016281470656,-0.02579963020980358,0.034337036311626434,292.44585918179405,242.36706464697653,292.44585918179405,242.36706464697653,2.438639678557946,24668.39469898034,0.015867013439415815,0.02099485089205518,84929830454.8498,0.4578313253012048,0.88
2023-08-02,AMZN,transformer,-0.026781097330387048,0.005665150936692953,-0.024434272199869156,0.034335725009441376,284.717783233569,243.7440189124453,284.717783233569,243.7440189124453,2.3797754218621217,25530.111490018484,0.015867013439415815,0.02099485089205518,84929830454.8498,0.4578313253012048,0.88
2023-08-03,AMZN,transformer,0.005444917932495522,0.0054717171005904675,-0.02887125313282013,0.03942475467920303,286.2722764005382,245.08137574381283,286.2722764005382,245.08137574381283,2.312050639975201,26556.735318235333,0.015867013439415815,0.02099485089205518,84929830454.8498,0.4578313253012048,0.88
2023-08-04,AMZN,transformer,0.07945180513430172,0.0022427684161812067,-0.02957964316010475,0.037439148873090744,309.94509796672907,245.63165866466628,309.94509796672907,245.63165866466628,2.244662611189894,27569.845027212126,0.015867013439415815,0.02099485089205518,84929830454.8498,0.4578313253012048,0.88
2023-08-07,AMZN,transformer,0.018808843040995626,-0.007965900003910065,-0.039636045694351196,0.02595045603811741,315.82997705790154,243.6827502019543,315.82997705790154,243.6827502019543,2.157433231142982,28294.657882070318,0.015867013439415815,0.02099485089205518,84929830454.8498,0.4578313253012048,0.88
2023-08-08,AMZN,transformer,-0.016161386274731373,0.0006072587566450238,-0.03708818927407265,0.03512710705399513,310.76675137953924,243.8307851673537,310.76675137953924,243.8307851673537,2.078883586346244,29306.22989466936,0.015867013439415815,0.02099485089205518,84929830454.8498,0.4578313253012048,0.88
2023-08-09,AMZN,transformer,-0.01504759501753799,0.0014728797832503915,-0.03319184482097626,0.03530038148164749,306.1254668219421,244.1901973199533,306.1254668219421,244.1901973199533,2.011014245496422,30359.228288747647,0.015867013439415815,0.02099485089205518,84929830454.8498,0.4578313253012048,0.88
2023-08-10,AMZN,transformer,0.005137245447970533,0.0029051557648926973,-0.025043919682502747,0.03000856190919876,307.7021549322217,244.9006496328747,307.7021549322217,244.9006496328747,1.9612759360433674,31284.07171843801,0.015867013439415815,0.02099485089205518,84929830454.8498,0.4578313253012048,0.88
2023-08-11,AMZN,transformer,-0.0010831058272496987,0.0017673989059403539,-0.031484782695770264,0.0362032949924469,307.36906135551743,245.33386581604861,307.36906135551743,245.33386581604861,1.9004875689989973,32437.4111067661,0.015867013439415815,0.02099485089205518,84929830454.8498,0.4578313253012048,0.88
2023-08-14,AMZN,transformer,0.015485316080358403,-0.0013222581474110484,-0.03060511127114296,0.024953223764896393,312.16581217251627,245.00968768832612,312.16581217251627,245.00968768832612,1.8432039613220936,33257.011201149544,0.015867013439415815,0.02099485089205518,84929830454.8498,0.4578313253012048,0.88
2023-08-15,AMZN,transformer,-0.020846133672850414,-0.0003487346402835101,-0.038370706140995026,0.03353322297334671,305.72572064448735,244.92425595322916,305.72572064448735,244.92425595322916,1.7738186681597108,34391.136603514184,0.015867013439415815,0.02099485089205518,84929830454.8498,0.4578313253012048,0.88
2023-08-16,AMZN,transformer,-0.019066286976507706,0.0027964068576693535,-0.03309566527605057,0.03564499318599701,299.9518840406862,245.6101284718398,299.9518840406862,245.6101284718398,1.7160738270075524,35639.11885966356,0.015867013439415815,0.02099485089205518,84929830454.8498,0.4578313253012048,0.88
2023-08-17,AMZN,transformer,-0.008102713606702033,0.0019353132229298353,-0.026383226737380028,0.03115409053862095,297.5312798034667,246.08591236681588,297.5312798034667,246.08591236681588,1.6713903029202173,36766.89965698468,0.015867013439415815,0.02099485089205518,84929830454.8498,0.4578313253012048,0.88
2023-08-18,AMZN,transformer,-0.005688597043229265,2.18326040339889e-05,-0.028396736830472946,0.026573210954666138,295.8435492058158,246.09128080481693,295.8435492058158,246.09128080481693,1.624595862238475,37757.00941446921,0.015867013439415815,0.02099485089205518,84929830454.8498,0.4578313253012048,0.88
2023-08-21,AMZN,transformer,0.010899633762398327,-0.00015799816173966974,-0.03150561824440956,0.02560856193304062,299.08577297043587,246.05239545069063,299.08577297043587,246.05239545069063,1.5742098305411076,38736.39702043817,0.015867013439415815,0.02099485089205518,84929830454.8498,0.4578313253012048,0.88
2023-08-22,AMZN,transformer,-0.003197806521519639,0.0030095772817730904,-0.02712900936603546,0.031216666102409363,298.13088212694396,246.79401894371537,298.13088212694396,246.79401894371537,1.53207715403401,39964.68772004583,0.015867013439415815,0.02099485089205518,84929830454.8498,0.4578313253012048,0.88
2023-08-23,AMZN,transformer,0.009415529041193322,-0.0005864437553100288,-0.03898932412266731,0.039455343037843704,300.9511986562085,246.6493306968495,300.9511986562085,246.6493306968495,1.4734920523277677,41573.03070815372,0.015867013439415815,0.02099485089205518,84929830454.8498,0.4578313253012048,0.88
2023-08-24,AMZN,transformer,-0.027530224045928062,0.0034484611824154854,-0.02619953826069832,0.031820543110370636,292.77895275849824,247.50136768617278,292.77895275849824,247.50136768617278,1.4353885847187051,42917.17750041375,0.015867013439415815,0.02099485089205518,84929830454.8498,0.4578313253012048,0.88
2023-08-25,AMZN,transformer,0.010713027528748599,0.002027923008427024,-0.03278491646051407,0.03721309453248978,295.932362864467,248.00379917305688,295.932362864467,248.00379917305688,1.38909253021529,44544.34610246002,0.015867013439415815,0.02099485089205518,84929830454.8498,0.4578313253012048,0.88
2023-08-28,AMZN,transformer,-0.0009008643247144191,-0.0026821624487638474,-0.03785621002316475,0.027141157537698746,295.6658880031036,247.3395028600668,295.6658880031036,247.3395028600668,1.337489694592462,45769.88528778983,0.015867013439415815,0.02099485089205518,84929830454.8498,0.4578313253012048,0.88
2023-08-29,AMZN,transformer,0.013206715007284348,0.0011533218203112483,-0.029957950115203857,0.03081705793738365,299.59656163526176,247.62491927095232,299.59656163526176,247.62491927095232,1.2980154823807744,47202.3384878679,0.015867013439415815,0.02099485089205518,84929830454.8498,0.4578313253012048,0.88
2023-08-30,AMZN,transformer,0.00118530020246871,0.0010805248748511076,-0.03227869048714638,0.03445887193083763,299.9518840406861,247.89262881142295,299.9518840406861,247.89262881142295,1.256786207478388,48857.22661105615,0.015867013439415815,0.02099485089205518,84929830454.8498,0.4578313253012048,0.88
2023-08-31,AMZN,transformer,0.021532889699268778,0.001253562979400158,-0.029749993234872818,0.03160807117819786,306.48075534195664,248.2035655294522,306.48075534195664,248.2035655294522,1.2199474965720103,50426.17658179815,0.015867013439415815,0.02099485089205518,84929830454.8498,0.4578313253012048,0.88
2023-09-01,AMZN,transformer,0.0007967306725371615,0.003448820672929287,-0.024237796664237976,0.03486909344792366,306.72503526000963,249.06106030482005,306.72503526000963,249.06106030482005,1.1907341404026797,52215.508852404644,0.015867013439415815,0.02099485089205518,84929830454.8498,0.4578313253012048,0.88
2023-09-05,AMZN,transformer,-0.006173016781758742,-0.0017055035568773746,-0.03268871083855629,0.025793030858039856,304.8374485163362,248.6366509956084,304.8374485163362,248.6366509956084,1.1524398654728265,53579.82336814883,0.015867013439415815,0.02099485089205518,84929830454.8498,0.4578313253012048,0.88
2023-09-06,AMZN,transformer,-0.014011920021062172,0.0030906356405466795,-0.03504057228565216,0.03401799499988556,300.59587625078416,249.40627800401694,300.59587625078416,249.40627800401694,1.1127570022610012,55433.85875382219,0.015867013439415815,0.02099485089205518,84929830454.8498,0.4578313253012048,0.88
2023-09-07,AMZN,transformer,0.018228281379293984,0.0033567161299288273,-0.03086407482624054,0.03666192293167114,306.125466821942,250.24485623667525,306.125466821942,250.24485623667525,1.0789373717286832,57503.88708923074,0.015867013439415815,0.02099485089205518,84929830454.8498,0.4578313253012048,0.88
2023-09-08,AMZN,transformer,0.0027527518216119884,0.0020910243038088083,-0.022494059056043625,0.02970271185040474,306.96931517806263,250.7686677475552,306.96931517806263,250.7686677475552,1.0549386073511577,59237.52967363099,0.015867013439415815,0.02099485089205518,84929830454.8498,0.4578313253012048,0.88
2023-09-11,AMZN,transformer,0.03462479564658769,0.004721425473690033,-0.01889875717461109,0.03094080276787281,317.7842164023253,251.95545775008935,317.7842164023253,251.95545775008935,1.0351888036816137,61099.03369011106,0.015867013439415815,0.02099485089205518,84929830454.8498,0.4578313253012048,0.88
2023-09-12,AMZN,transformer,-0.013153992385327589,-0.003341857111081481,-0.03496980667114258,0.025592351332306862,313.6314577954245,251.1148711571382,313.6314577954245,251.1148711571382,0.999614110246454,62682.88292601326,0.015867013439415815,0.02099485089205518,84929830454.8498,0.4578313253012048,0.88
2023-09-13,AMZN,transformer,0.02530902952298205,-0.0017840941436588764,-0.04357323423027992,0.03186682239174843,321.6704662624531,250.66726469954986,321.6704662624531,250.66726469954986,0.9569929770606085,64712.55372586617,0.015867013439415815,0.02099485089205518,84929830454.8498,0.4578313253012048,0.88
2023-09-14,AMZN,transformer,-0.0008979168301894522,0.005119044799357653,-0.029200226068496704,0.03481747955083847,321.38176257236967,251.9537388177641,321.38176257236967,251.9537388177641,0.9294526173120353,67005.36284784201,0.015867013439415815,0.02099485089205518,84929830454.8498,0.4578313253012048,0.88
2023-09-15,AMZN,transformer,-0.03037658988565322,0.0030291408766061068,-0.022536251693964005,0.03150290623307228,311.7660659950615,252.71810528943297,311.7660659950615,252.71810528943297,0.9087405002553914,69149.82636008217,0.015867013439415815,0.02099485089205518,84929830454.8498,0.4578313253012048,0.88
2023-09-18,AMZN,transformer,-0.0029247348968620985,-3.986258161603473e-05,-0.03483143076300621,0.03145258501172066,310.85556503819043,252.70802802676684,310.85556503819043,252.70802802676684,0.8776326935928513,71359.3362105934,0.015867013439415815,0.02099485089205518,84929830454.8498,0.4578313253012048,0.88
2023-09-19,AMZN,transformer,-0.016930564270193287,0.0013706550234928727,-0.02852136641740799,0.032014377415180206,305.63690698583605,253.05464793920953,305.63690698583605,253.05464793920953,0.8529549864451084,73680.82199359902,0.015867013439415815,0.02099485089205518,84929830454.8498,0.4578313253012048,0.88
2023-09-20,AMZN,transformer,-0.01714838747973992,9.124800271820277e-06,-0.03532463312149048,0.03260485827922821,300.44040999138247,253.056970756999,300.44040999138247,253.056970756999,0.8233506050968005,76122.76719931068,0.015867013439415815,0.02099485089205518,84929830454.8498,0.4578313253012048,0.88
2023-09-21,AMZN,transformer,-0.04505328140436448,0.002130456967279315,-0.03090347722172737,0.03509308025240898,287.2049723007196,253.59668393275038,287.2049723007196,253.59668393275038,0.798295343563591,78841.57227818086,0.015867013439415815,0.02099485089205518,84929830454.8498,0.4578313253012048,0.88
2023-09-22,AMZN,transformer,-0.0016251248796010811,0.0015513390535488725,-0.029962724074721336,0.03103966824710369,286.738607407924,253.9904135254957,286.738607407924,253.9904135254957,0.7747310171300686,81327.16687616476,0.015867013439415815,0.02099485089205518,84929830454.8498,0.4578313253012048,0.88
2023-09-25,AMZN,transformer,0.01651413665688319,0.0007026672828942537,-0.03499045968055725,0.036631420254707336,291.51316328161244,254.1689327122483,291.51316328161244,254.1689327122483,0.7480915942840385,84361.53229144815,0.015867013439415815,0.02099485089205518,84929830454.8498,0.4578313253012048,0.88
2023-09-26,AMZN,transformer,-0.04113311252209692,0.004876647610217333,-0.02790200710296631,0.03845585882663727,279.7655830998731,255.41144632030625,279.7655830998731,255.41144632030625,0.7275068328839327,87668.91232050872,0.015867013439415815,0.02099485089205518,84929830454.8498,0.4578313253012048,0.88
2023-09-27,AMZN,transformer,0.0,0.0036080018617212772,-0.027003519237041473,0.033775024116039276,279.7655830998731,256.33464245295164,279.7655830998731,256.33464245295164,0.7081244479175517,90680.49951708855,0.015867013439415815,0.02099485089205518,84929830454.8498,0.4578313253012048,0.88
2023-09-28,AMZN,transformer,0.0,0.001106550800614059,-0.03188259154558182,0.032500699162483215,279.7655830998731,256.6184602400151,279.7655830998731,256.6184602400151,0.6859037153866916,93676.090197113,0.015867013439415815,0.02099485089205518,84929830454.8498,0.4578313253012048,0.88
2023-09-29,AMZN,transformer,0.009008352994332738,0.0002187819773098454,-0.03798478841781616,0.037964366376399994,282.2971959390542,256.67459528346217,282.2971959390542,256.67459528346217,0.6603384420641324,97300.81742160258,0.015867013439415815,0.02099485089205518,84929830454.8498,0.4578313253012048,0.88
2023-10-02,AMZN,transformer,0.018240461143240686,0.00021556566935032606,-0.036025047302246094,0.036937035620212555,287.49367599080296,256.7299164605004,287.49367599080296,256.7299164605004,0.6369731057793592,100962.02309651603,0.015867013439415815,0.02099485089205518,84929830454.8498,0.4578313253012048,0.88
2023-10-03,AMZN,transformer,-0.0373007704408456,0.0026130229234695435,-0.027739953249692917,0.03329087793827057,276.9674784566237,257.4016260226203,276.9674784566237,257.4016260226203,0.6195463428127238,104379.7153868939,0.015867013439415815,0.02099485089205518,84929830454.8498,0.4578313253012048,0.88
2023-10-04,AMZN,transformer,0.018115851921521226,0.0025426936335861683,-0.023240119218826294,0.03354968503117561,282.030704134986,258.05695841232847,282.030704134986,258.05695841232847,0.6053140210474733,107941.02305095062,0.015867013439415815,0.02099485089205518,84929830454.8498,0.4578313253012048,0.88
2023-10-05,AMZN,transformer,-0.008222697494164894,-0.0001489677670178935,-0.03299019858241081,0.033144909888505936,279.72115932784266,258.01852031037686,279.72115932784266,258.01852031037686,0.5856703781441823,111578.67297755116,0.015867013439415815,0.02099485089205518,84929830454.8498,0.4578313253012048,0.88
2023-10-06,AMZN,transformer,0.015753318962097584,-0.00031694318749941885,-0.03174930810928345,0.03221890330314636,284.16258773941723,257.9367496237212,284.16258773941723,257.9367496237212,0.5673678297404282,115232.15742249876,0.015867013439415815,0.02099485089205518,84929830454.8498,0.4578313253012048,0.88
2023-10-09,AMZN,transformer,0.0023417029658428425,0.00382070685736835,-0.02931896224617958,0.03817467764019966,284.8287918355305,258.9241440643622,284.8287918355305,258.9241440643622,0.5509746715748141,119716.1464850851,0.015867013439415815,0.02099485089205518,84929830454.8498,0.4578313253012048,0.88
2023-10-10,AMZN,transformer,0.00946698516860395,-0.0006736070499755442,-0.038900505751371384,0.035685572773218155,287.53806587742383,258.7497965411799,287.53806587742383,258.7497965411799,0.52995301053186,124065.4322510312,0.015867013439415815,0.02099485089205518,84929830454.8498,0.4578313253012048,0.88
2023-10-11,AMZN,transformer,0.017986831598422272,-0.001647636410780251,-0.032264817506074905,0.03127886727452278,292.7567578151878,258.32382185142995,292.7567578151878,258.32382185142995,0.5131270848280931,128007.38923056393,0.015867013439415815,0.02099485089205518,84929830454.8498,0.4578313253012048,0.88
2023-10-12,AMZN,transformer,0.003785588962598881,-0.0005653015105053782,-0.02941124141216278,0.028126228600740433,293.8671149180815,258.17782465625794,293.8671149180815,258.17782465625794,0.49825515468313253,131658.86038782774,0.015867013439415815,0.02099485089205518,84929830454.8498,0.4578313253012048,0.88
2023-10-13,AMZN,transformer,-0.019381108651019514,-0.0019114235183224082,-0.032595496624708176,0.03501591458916664,288.22648185955234,257.68480476867126,288.22648185955234,257.68480476867126,0.48227612129037617,136350.68010411636,0.015867013439415815,0.02099485089205518,84929830454.8498,0.4578313253012048,0.88
2023-10-16,AMZN,transformer,0.021042247787508333,0.0028970709536224604,-0.02942166104912758,0.03307285159826279,294.3556747541874,258.4324297355859,294.3556747541874,258.4324297355859,0.46829345588591165,140935.5864127302,0.015867013439415815,0.02099485089205518,84929830454.8498,0.4578313253012048,0.88
2023-10-17,AMZN,transformer,-0.008181257764936053,0.0007499504717998207,-0.02519502490758896,0.026755869388580322,291.957299345688,258.62630162473914,291.957299345688,258.62630162473914,0.45664217888364805,144757.33867289653,0.015867013439415815,0.02099485089205518,84929830454.8498,0.4578313253012048,0.88
2023-10-18,AMZN,transformer,-0.025733286363791553,2.213977268183953e-06,-0.03024885058403015,0.029178570955991745,284.54012203085676,258.62688740723496,284.54012203085676,258.62688740723496,0.44303609377818814,149043.38460990324,0.015867013439415815,0.02099485089205518,84929830454.8498,0.4578313253012048,0.88
2023-10-19,AMZN,transformer,0.00210493209093831,0.003168676979839802,-0.026180854067206383,0.034656696021556854,285.1396904689244,259.4476938656417,285.1396904689244,259.4476938656417,0.43158754628563734,154299.28832462354,0.015867013439415815,0.02099485089205518,84929830454.8498,0.4578313253012048,0.88
2023-10-20,AMZN,transformer,-0.025477545009301914,0.003064235206693411,-0.02544397860765457,0.036726921796798706,277.9667930721462,260.24391910716895,277.9667930721462,260.24391910716895,0.420744772297741,160071.5727329058,0.015867013439415815,0.02099485089205518,84929830454.8498,0.4578313253012048,0.88
2023-10-23,AMZN,transformer,0.011043686017449744,0.001974493497982621,-0.028284527361392975,0.030657637864351273,281.05358446277415,260.75828861624564,281.05358446277415,260.75828861624564,0.40901094176971575,165054.99451060483,0.015867013439415815,0.02099485089205518,84929830454.8498,0.4578313253012048,0.88
2023-10-24,AMZN,transformer,0.01567921771001468,0.001941227586939931,-0.03267127275466919,0.03233993053436279,285.4950128743488,261.2649710246315,285.4950128743488,261.2649710246315,0.3958639581084334,170480.10534442356,0.015867013439415815,0.02099485089205518,84929830454.8498,0.4578313253012048,0.88
2023-10-25,AMZN,transformer,-0.057387204557163146,0.001626159530133009,-0.027935678139328957,0.032397933304309845,269.57249608510307,261.6901654531265,269.57249608510307,261.6901654531265,0.38495826708998054,176093.75383278515,0.015867013439415815,0.02099485089205518,84929830454.8498,0.4578313253012048,0.88
2023-10-26,AMZN,transformer,-0.015106526502479031,0.0026813698932528496,-0.030743584036827087,0.03688559681177139,265.5307969082784,262.39279067968386,265.5307969082784,262.39279067968386,0.3733033392390932,182710.35182294974,0.015867013439415815,0.02099485089205518,84929830454.8498,0.4578313253012048,0.88
2023-10-27,AMZN,transformer,0.06609496003096194,0.0015829908661544323,-0.03049807995557785,0.03133777156472206,283.6740279033114,262.8084973366325,283.6740279033114,262.8084973366325,0.3620901651042307,188526.75431569418,0.015867013439415815,0.02099485089205518,84929830454.8498,0.4578313253012048,0.88
2023-10-30,AMZN,transformer,0.038169415629497834,-0.005279107019305229,-0.04544254392385483,0.032356902956962585,294.71099715961185,261.4247642660068,294.71099715961185,261.4247642660068,0.3460041329938897,194726.65049150333,0.015867013439415815,0.02099485089205518,84929830454.8498,0.4578313253012048,0.88
2023-10-31,AMZN,transformer,0.0028592165427562357,-0.0002118732372764498,-0.02800174430012703,0.026519909501075745,295.5548455157325,261.36938537524196,295.5548455157325,261.36938537524196,0.33644980260243834,199959.8632979016,0.015867013439415815,0.02099485089205518,84929830454.8498,0.4578313253012048,0.88
2023-11-01,AMZN,transformer,0.028955362245697565,0.002953812712803483,-0.026488689705729485,0.03598222881555557,304.23784619285914,262.14256267689757,304.23784619285914,262.14256267689757,0.32765469244667966,207285.87787700546,0.015867013439415815,0.02099485089205518,84929830454.8498,0.4578313253012048,0.88
2023-11-02,AMZN,transformer,0.007779930147075702,0.0022971949074417353,-0.03047426976263523,0.03485658019781113,306.6140266580482,262.7454343713626,306.6140266580482,262.7454343713626,0.31782025673113334,214638.55690382546,0.015867013439415815,0.02099485089205518,84929830454.8498,0.4578313253012048,0.88
2023-11-03,AMZN,transformer,0.0038312748175106013,0.0030975444242358208,-0.030899986624717712,0.0366814061999321,307.7910024762827,263.56055020274727,307.7910024762827,263.56055020274727,0.30814979488465283,222657.98061110085,0.015867013439415815,0.02099485089205518,84929830454.8498,0.4578313253012048,0.88
2023-11-06,AMZN,transformer,0.008191461641482902,0.00512735778465867,-0.026076283305883408,0.04012680426239967,310.3226153154638,264.91539453995347,310.3226153154638,264.91539453995347,0.30021824948555775,231774.21913539767,0.015867013439415815,0.02099485089205518,84929830454.8498,0.4578313253012048,0.88
2023-11-07,AMZN,transformer,0.021031053723631822,0.0038666981272399426,-0.026442360132932663,0.03168696537613869,316.91813921748485,265.9417251787381,316.91813921748485,265.9417251787381,0.29238381182328294,239236.04549145343,0.015867013439415815,0.02099485089205518,84929830454.8498,0.4578313253012048,0.88
2023-11-08,AMZN,transformer,-0.004424354026475328,0.0019118343479931355,-0.03592468798160553,0.040693506598472595,315.51907842450777,266.45064900904396,315.51907842450777,266.45064900904396,0.2820664402229049,249172.20605079283,0.015867013439415815,0.02099485089205518,84929830454.8498,0.4578313253012048,0.88
2023-11-09,AMZN,transformer,-0.010471269344291862,0.0025028223171830177,-0.028966497629880905,0.03278592228889465,312.2324308878573,267.1183472842309,312.2324308878573,267.1183472842309,0.2740131662312359,257476.9284076984,0.015867013439415815,0.02099485089205518,84929830454.8498,0.4578313253012048,0.88
2023-11-10,AMZN,transformer,0.02083402648617425,0.002323843538761139,-0.022802621126174927,0.031802698969841,318.80572596115826,267.7397950459571,318.80572596115826,267.7397950459571,0.2678356428600975,265796.99247906974,0.015867013439415815,0.02099485089205518,84929830454.8498,0.4578313253012048,0.88
2023-11-13,AMZN,transformer,-0.006779695661997966,0.002681914484128356,-0.027864733710885048,0.03641197830438614,316.65163047071184,268.4588228158559,316.65163047071184,268.4588228158559,0.2604755017646633,275653.5502578367,0.015867013439415815,0.02099485089205518,84929830454.8498,0.4578313253012048,0.88
2023-11-14,AMZN,transformer,0.022262486894446033,0.0023135640658438206,-0.0313410609960556,0.031737715005874634,323.78013798086926,269.08063693892757,323.78013798086926,269.08063693892757,0.2524385301527464,284542.4700419649,0.015867013439415815,0.02099485089205518,84929830454.8498,0.4578313253012048,0.88
2023-11-15,AMZN,transformer,-0.017993607290294027,0.0033994456753134727,-0.032809846103191376,0.03681103140115738,318.00626749165843,269.99691391767783,318.00626749165843,269.99691391767783,0.24429045436475536,295211.9375298115,0.015867013439415815,0.02099485089205518,84929830454.8498,0.4578313253012048,0.88
2023-11-16,AMZN,transformer,-0.002587108521031568,0.001970713259652257,-0.02557530254125595,0.03542865067720413,317.1846140788482,270.52953016718067,317.1846140788482,270.52953016718067,0.2381218685476571,305858.3637532408,0.015867013439415815,0.02099485089205518,84929830454.8498,0.4578313253012048,0.88
2023-11-17,AMZN,transformer,0.016319176713110995,0.007563857361674309,-0.022236766293644905,0.036599114537239075,322.4032721312026,272.5835415485538,322.4032721312026,272.5835415485538,0.2328852419292639,317259.8773202986,0.015867013439415815,0.02099485089205518,84929830454.8498,0.4578313253012048,0.88
2023-11-20,AMZN,transformer,0.006522368493262836,0.0003260128141846508,-0.028680341318249702,0.032026633620262146,324.51297773502824,272.67241397960976,324.51297773502824,272.67241397960976,0.22630088064863124,327585.0906724522,0.015867013439415815,0.02099485089205518,84929830454.8498,0.4578313253012048,0.88
2023-11-21,AMZN,transformer,-0.015378098422388055,0.0030693616718053818,-0.023052502423524857,0.03426670655608177,319.56076065862766,273.51062260007365,319.56076065862766,273.51062260007365,0.22114375001378497,339004.90707530786,0.015867013439415815,0.02099485089205518,84929830454.8498,0.4578313253012048,0.88
2023-11-22,AMZN,transformer,0.01933932343605667,0.0009941922035068274,-0.030430380254983902,0.03300776705145836,325.800996040634,273.78267877852124,325.800996040634,273.78267877852124,0.2145156258206422,350381.43955730845,0.015867013439415815,0.02099485089205518,84929830454.8498,0.4578313253012048,0.88
2023-11-24,AMZN,transformer,0.00020445580612358505,0.0003344462311360985,-0.027058091014623642,0.027134068310260773,325.86761475597484,273.8742594313128,325.86761475597484,273.8742594313128,0.20878906446009415,360018.8622016109,0.015867013439415815,0.02099485089205518,84929830454.8498,0.4578313253012048,0.88
2023-11-27,AMZN,transformer,0.006723903692254734,0.003067829879000783,-0.028596069663763046,0.03960208222270012,328.0661001330421,274.7157381561004,328.0661001330421,274.7157381561004,0.20290307323010928,374562.4327048439,0.015867013439415815,0.02099485089205518,84929830454.8498,0.4578313253012048,0.88
2023-11-28,AMZN,transformer,-0.00474961512561893,0.0035652844235301018,-0.02796425297856331,0.030549094080924988,326.5116069660729,275.6969209972696,326.5116069660729,275.6969209972696,0.19730764282199734,386181.5549329921,0.015867013439415815,0.02099485089205518,84929830454.8498,0.4578313253012048,0.88
2023-11-29,AMZN,transformer,-0.004840585148378569,0.001312199980020523,-0.030115250498056412,0.03289472684264183,324.93491885579334,276.0589359566985,324.93491885579334,276.0589359566985,0.19145425419243695,399096.1543045865,0.015867013439415815,0.02099485089205518,84929830454.8498,0.4578313253012048,0.88
2023-11-30,AMZN,transformer,-0.001573209061844679,0.0036710689309984446,-0.023056119680404663,0.035658013075590134,324.42413019096733,277.0742379343492,324.42413019096733,277.0742379343492,0.18709056386567746,413583.8932377354,0.015867013439415815,0.02099485089205518,84929830454.8498,0.4578313253012048,0.88
2023-12-01,AMZN,transformer,0.006413794210223246,0.0007201580447144806,-0.03612392395734787,0.03304804861545563,326.5116069660729,277.2738371550825,326.5116069660729,277.2738371550825,0.18045273143226911,427480.3993760714,0.015867013439415815,0.02099485089205518,84929830454.8498,0.4578313253012048,0.88
2023-12-04,AMZN,transformer,-0.01500697967354326,0.0023105584550648928,-0.030814070254564285,0.03210369125008583,321.6482374337332,277.91524259565074,321.6482374337332,277.91524259565074,0.1749770505418965,441426.7774043744,0.015867013439415815,0.02099485089205518,84929830454.8498,0.4578313253012048,0.88
2023-12-05,AMZN,transformer,0.013986300502114904,0.0028538405895233154,-0.034040600061416626,0.039445869624614716,326.1785133893687,278.70950310061033,326.1785133893687,278.70950310061033,0.16912096935452772,459187.234230462,0.015867013439415815,0.02099485089205518,84929830454.8498,0.4578313253012048,0.88
2023-12-06,AMZN,transformer,-0.016198024273178,-0.0008440731326118112,-0.029926719143986702,0.029473183676600456,320.9376265082943,278.4743548485768,320.9376265082943,278.4743548485768,0.16413471189856793,472922.3857151748,0.015867013439415815,0.02099485089205518,84929830454.8498,0.4578313253012048,0.88
2023-12-07,AMZN,transformer,0.016198024273177868,0.002462757285684347,-0.024147871881723404,0.03034648299217224,326.1785133893686,279.16102920861874,326.1785133893686,279.16102920861874,0.16021867655944,487493.91298986017,0.015867013439415815,0.02099485089205518,84929830454.8498,0.4578313253012048,0.88
2023-12-08,AMZN,transformer,0.003669683224747049,0.0013585290871560574,-0.03392418473958969,0.03826864808797836,327.3776841509135,279.54053822573997,327.3776841509135,279.54053822573997,0.15487454478262583,506511.1901203004,0.015867013439415815,0.02099485089205518,84929830454.8498,0.4578313253012048,0.88
2023-12-11,AMZN,transformer,-0.010432734440314026,0.003684642259031534,-0.025350231677293777,0.037788886576890945,323.97999412689177,280.5724439133938,323.97999412689177,280.5724439133938,0.15099778306593478,526017.9447693011,0.015867013439415815,0.02099485089205518,84929830454.8498,0.4578313253012048,0.88
2023-12-12,AMZN,transformer,0.010839635496016388,0.0018623301293700933,-0.028355810791254044,0.03431494161486626,327.5109215815952,281.0954521771574,327.5109215815952,281.0954521771574,0.14677625369258246,544381.4629031428,0.015867013439415815,0.02099485089205518,84929830454.8498,0.4578313253012048,0.88
2023-12-13,AMZN,transformer,0.009179334477907091,-0.0014655847335234284,-0.0320587083697319,0.027760902419686317,330.53109425688234,280.68379178844975,330.53109425688234,280.68379178844975,0.14214542058760962,559705.7157335316,0.015867013439415815,0.02099485089205518,84929830454.8498,0.4578313253012048,0.88
2023-12-14,AMZN,transformer,-0.009586235533609468,0.004763896111398935,-0.025386935099959373,0.03898681700229645,327.3776841509135,282.02413709144423,327.3776841509135,282.02413709144423,0.13858220603355334,581957.8098855049,0.015867013439415815,0.02099485089205518,84929830454.8498,0.4578313253012048,0.88
2023-12-15,AMZN,transformer,0.01714963889276147,0.0032879943028092384,-0.032266318798065186,0.035331226885318756,333.040512152753,282.9529539863838,333.040512152753,282.9529539863838,0.13418203603086232,602886.6538809139,0.015867013439415815,0.02099485089205518,84929830454.8498,0.4578313253012048,0.88
2023-12-18,AMZN,transformer,0.026971809898698733,0.000762157142162323,-0.03278908506035805,0.03486927971243858,342.14545395064476,283.1686950358758,342.14545395064476,283.1686950358758,0.12985367536020598,624279.6731924383,0.015867013439415815,0.02099485089205518,84929830454.8498,0.4578313253012048,0.88
2023-12-19,AMZN,transformer,-0.0018191003361762064,-0.003794110380113125,-0.03607901930809021,0.03102867864072323,341.52362279844743,282.09635741618916,341.52362279844743,282.09635741618916,0.12525219155857595,643953.9229180827,0.015867013439415815,0.02099485089205518,84929830454.8498,0.4578313253012048,0.88
2023-12-20,AMZN,transformer,-0.01091834083412718,0.003427480347454548,-0.028979841619729996,0.03246508166193962,337.81503414103184,283.064892027646,337.81503414103184,283.064892027646,0.12167449092889657,665203.0156861871,0.015867013439415815,0.02099485089205518,84929830454.8498,0.4578313253012048,0.88
2023-12-21,AMZN,transformer,0.011243426514228085,-0.0012355023063719273,-0.040414899587631226,0.03210169076919556,341.63466528581876,282.7153720415384,341.63466528581876,282.7153720415384,0.11685506968931364,686903.5721627366,0.015867013439415815,0.02099485089205518,84929830454.8498,0.4578313253012048,0.88
2023-12-22,AMZN,transformer,-0.002733830879625901,0.002916980069130659,-0.03048728033900261,0.03553834930062294,340.70196938563726,283.54124686986245,340.70196938563726,283.54124686986245,0.1133462378889366,711753.9552385464,0.015867013439415815,0.02099485089205518,84929830454.8498,0.4578313253012048,0.88
2023-12-26,AMZN,transformer,-6.514686816695571e-05,0.0018528653308749199,-0.03225387632846832,0.03858145326375961,340.67977444232685,284.06708514691087,340.67977444232685,284.06708514691087,0.10974870826082994,739751.0604622149,0.015867013439415815,0.02099485089205518,84929830454.8498,0.4578313253012048,0.88
2023-12-27,AMZN,transformer,-0.00045644547960358643,0.0016017092857509851,-0.03169295936822891,0.031798623502254486,340.52430818292515,284.52244676280355,340.52430818292515,284.52244676280355,0.10632498775636903,763652.1593299002,0.015867013439415815,0.02099485089205518,84929830454.8498,0.4578313253012048,0.88
2023-12-28,AMZN,transformer,0.00026087992298881607,0.0003065321361646056,-0.03556966781616211,0.03444556146860123,340.61315572698607,284.6096831354024,340.61315572698607,284.6096831354024,0.10260951691204574,790414.8256040235,0.015867013439415815,0.02099485089205518,84929830454.8498,0.4578313253012048,0.88
2023-12-29,AMZN,transformer,-0.009432812028151797,-0.002152959816157818,-0.03688592463731766,0.032922156155109406,337.4153218489868,283.9975859562941,337.4153218489868,283.9975859562941,0.0988936225955671,816870.0371647932,0.015867013439415815,0.02099485089205518,84929830454.8498,0.4578313253012048,0.88
2023-01-03,AMZN,ensemble,,0.001073072576233387,-0.04703700611645158,0.049183151268918354,190.5816924629575,186.74027167470402,190.5816924629575,186.74027167470402,177.96887068227707,195.9439812786032,0.015639579342549274,0.020922681360674485,15436241927.92975,0.5261044176706827,0.976
2023-01-04,AMZN,ensemble,,-0.001648114008923029,-0.049758192701607994,0.04646196468376194,189.07160612531396,186.43275589706565,189.07160612531396,186.43275589706565,169.3301667582709,205.2627310111424,0.015639579342549274,0.020922681360674485,15436241927.92975,0.5261044176706827,0.976
2023-01-05,AMZN,ensemble,,-8.146062105890135e-05,-0.04819153931374387,0.04802861807162606,184.58577088441373,186.41756958753604,184.58577088441373,186.41756958753604,161.36339271508885,215.36179715979824,0.015639579342549274,0.020922681360674485,15436241927.92975,0.5261044176706827,0.976
2023-01-06,AMZN,ensemble,,0.0002477936547319315,-0.047862285037953034,0.0483578723474169,191.15908290041955,186.46376840206054,191.15908290041955,186.46376840206054,153.8220837380487,226.03215404302205,0.015639579342549274,0.020922681360674485,15436241927.92975,0.5261044176706827,0.976
2023-01-09,AMZN,ensemble,,0.0003339170707365389,-0.04777616162194843,0.0484439957634215,194.0015943729945,186.52604223397296,194.0015943729945,186.52604223397296,146.64584650435918,237.2516185136934,0.015639579342549274,0.020922681360674485,15436241927.92975,0.5261044176706827,0.976
2023-01-10,AMZN,ensemble,,0.0018153428368762317,-0.04629473585580873,0.0499254215295612,199.57559177347795,186.86495848014917,199.57559177347795,186.86495848014917,140.01166445294592,249.39716875891452,0.015639579342549274,0.020922681360674485,15436241927.92975,0.5261044176706827,0.976
2023-01-11,AMZN,ensemble,,-0.0017484134935049007,-0.049858492186189866,0.046361665199180065,211.16770569581558,186.5385267172858,211.16770569581558,186.5385267172858,133.20206280007778,261.2318549606968,0.015639579342549274,0.020922681360674485,15436241927.92975,0.5261044176706827,0.976
2023-01-12,AMZN,ensemble,,-0.0004953493216566115,-0.048605428014341576,0.047614729371028355,211.5674349305655,186.44614786640304,211.5674349305655,186.44614786640304,126.88254505721211,273.97122305945356,0.015639579342549274,0.020922681360674485,15436241927.92975,0.5261044176706827,0.976
2023-01-13,AMZN,ensemble,,3.879016041333813e-05,-0.048071288532271626,0.048148868853098305,217.89648397122315,186.4533802826596,217.89648397122315,186.4533802826596,120.92741963886807,287.4853620680093,0.015639579342549274,0.020922681360674485,15436241927.92975,0.5261044176706827,0.976
2023-01-17,AMZN,ensemble,,-0.0013392502608943408,-0.049449328953579307,0.046770828431790624,213.29960624295163,186.20383968042754,213.29960624295163,186.20383968042754,115.09308076953023,301.2506892674422,0.015639579342549274,0.020922681360674485,15436241927.92975,0.5261044176706827,0.976
2023-01-18,AMZN,ensemble,,0.0006166795962374919,-0.047493399096447474,0.04872675828892246,211.98937605133062,186.31870320245454,211.98937605133062,186.31870320245454,109.75469168466644,316.29316824817136,0.015639579342549274,0.020922681360674485,15436241927.92975,0.5261044176706827,0.976
2023-01-19,AMZN,ensemble,,0.0003194494915038967,-0.047790629201181066,0.048429528184188865,208.036507475862,186.37823212518606,208.036507475862,186.37823212518606,104.63280969669015,331.9880782214013,0.015639579342549274,0.020922681360674485,15436241927.92975,0.5261044176706827,0.976
2023-01-20,AMZN,ensemble,,0.00012169648866929288,-0.047988382204015675,0.048231775181354256,215.96445651281445,186.40091508179017,215.96445651281445,186.40091508179017,99.73022479744088,348.3928890554387,0.015639579342549274,0.020922681360674485,15436241927.92975,0.5261044176706827,0.976
2023-01-23,AMZN,ensemble,,-0.0016182541875904488,-0.049728332880275415,0.046491824505094516,216.56404189358688,186.0995149571695,216.56404189358688,186.0995149571695,94.8920999015165,364.9727374906612,0.015639579342549274,0.020922681360674485,15436241927.92975,0.5261044176706827,0.976
2023-01-24,AMZN,ensemble,,-0.0005895597705472335,-0.0486996384632322,0.04752051892213773,213.89919162372405,185.98983050577942,213.89919162372405,185.98983050577942,90.38160996638133,382.73512791413674,0.015639579342549274,0.020922681360674485,15436241927.92975,0.5261044176706827,0.976
2023-01-25,AMZN,ensemble,,-0.00028241196915521397,-0.048392490661840176,0.047827666723529755,215.80900719611753,185.93731216775612,215.80900719611753,185.93731216775612,86.11196141509566,401.4852697352324,0.015639579342549274,0.020922681360674485,15436241927.92975,0.5261044176706827,0.976
2023-01-26,AMZN,ensemble,,-0.000275774375771168,-0.048385853068456136,0.047834304316913795,220.3392662090482,185.8860424913169,220.3392662090482,185.8860424913169,82.0445566440222,421.15677391013475,0.015639579342549274,0.020922681360674485,15436241927.92975,0.5261044176706827,0.976
2023-01-27,AMZN,ensemble,,0.000407965134498877,-0.04770211355818609,0.04851804382718384,227.0458156557357,185.96189298677012,227.0458156557357,185.96189298677012,78.22273700575252,442.0942933853083,0.015639579342549274,0.020922681360674485,15436241927.92975,0.5261044176706827,0.976
2023-01-30,AMZN,ensemble,,-0.001087027376539593,-0.04919710606922456,0.04702305131614537,223.29282016899447,185.75985714723896,223.29282016899447,185.75985714723896,74.46753464055185,463.37944036852474,0.015639579342549274,0.020922681360674485,15436241927.92975,0.5261044176706827,0.976
2023-01-31,AMZN,ensemble,,-0.0002265284787613019,-0.04833660717144627,0.04788355021392366,229.02224994347006,185.71778201517222,229.02224994347006,185.71778201517222,70.95363578349935,486.10750070479327,0.015639579342549274,0.020922681360674485,15436241927.92975,0.5261044176706827,0.976
2023-02-01,AMZN,ensemble,,-0.001211592484468581,-0.049321671177153546,0.046898486208216385,233.50810212707512,185.49290400401384,233.50810212707512,185.49290400401384,67.538984237402,509.4482516186251,0.015639579342549274,0.020922681360674485,15436241927.92975,0.5261044176706827,0.976
2023-02-02,AMZN,ensemble,,-0.0010552340416825506,-0.049165312734367514,0.04705484465100242,250.74084910794187,185.29726881582704,250.74084910794187,185.29726881582704,64.29871603465922,533.9932108768254,0.015639579342549274,0.020922681360674485,15436241927.92975,0.5261044176706827,0.976
2023-02-03,AMZN,ensemble,,-0.001260430642570772,-0.04937050933525574,0.04684964805011419,229.59964038093213,185.0638615879389,229.59964038093213,185.0638615879389,61.20134420139592,559.605892856495,0.015639579342549274,0.020922681360674485,15436241927.92975,0.5261044176706827,0.976
2023-02-06,AMZN,ensemble,,-2.559512062311241e-06,-0.048112638204747274,0.04810751918062266,226.9125782250541,185.06338791535904,226.9125782250541,185.06338791535904,58.32649881077645,587.1852116105916,0.015639579342549274,0.020922681360674485,15436241927.92975,0.5261044176706827,0.976
2023-02-07,AMZN,ensemble,,0.0002469008036216629,-0.0478631778890633,0.04835697949630663,226.75712890835717,185.10908585575325,226.75712890835717,185.10908585575325,55.600563564557504,616.2774524140808,0.015639579342549274,0.020922681360674485,15436241927.92975,0.5261044176706827,0.976
2023-02-08,AMZN,ensemble,,0.0003128353124311979,-0.04779724338025377,0.04842291400511616,222.18246306610087,185.1670035733421,222.18246306610087,185.1670035733421,53.005521844905964,646.8537242714686,0.015639579342549274,0.020922681360674485,15436241927.92975,0.5261044176706827,0.976
2023-02-09,AMZN,ensemble,,7.895635331057246e-06,-0.048102183057353906,0.048117974328016025,218.16295883258658,185.16846559024944,218.16295883258658,185.16846559024944,50.51619160941181,678.7400149669882,0.015639579342549274,0.020922681360674485,15436241927.92975,0.5261044176706827,0.976
2023-02-10,AMZN,ensemble,,-0.0008387752321980166,-0.04894885392488298,0.04727130346048695,216.76391498231433,185.01321598639157,216.76391498231433,185.01321598639157,48.103024612710286,711.595380232756,0.015639579342549274,0.020922681360674485,15436241927.92975,0.5261044176706827,0.976
2023-02-13,AMZN,ensemble,,0.00020942607252033747,-0.04790065262016463,0.0483195047652053,221.049894077192,185.0519666351364,221.049894077192,185.0519666351364,45.85317318533241,746.8235669780377,0.015639579342549274,0.020922681360674485,15436241927.92975,0.5261044176706827,0.976
2023-02-14,AMZN,ensemble,,-0.00010689799848820466,-0.04821697669117317,0.04800318069419676,221.40519953991142,185.0321860075604,221.40519953991142,185.0321860075604,43.694726841780835,783.547863400285,0.015639579342549274,0.020922681360674485,15436241927.92975,0.5261044176706827,0.976
2023-02-15,AMZN,ensemble,,0.0003532569681935334,-0.04775682172449143,0.0484633356608785,224.6474571899411,185.0975614630954,224.6474571899411,185.0975614630954,41.65704932783298,822.4564104374284,0.015639579342549274,0.020922681360674485,15436241927.92975,0.5261044176706827,0.976
2023-02-16,AMZN,ensemble,,-0.0019366924920785583,-0.05004677118476352,0.04617338620060641,217.96310268656399,184.7394313114346,217.96310268656399,184.7394313114346,39.62355777443096,861.3223899670987,0.015639579342549274,0.020922681360674485,15436241927.92975,0.5261044176706827,0.976
2023-02-17,AMZN,ensemble,,0.002165280025029334,-0.045944798667655634,0.0502753587177143,215.8534140254432,185.13987729427694,215.8534140254432,185.13987729427694,37.844249361197804,905.7327002946016,0.015639579342549274,0.020922681360674485,15436241927.92975,0.5261044176706827,0.976
2023-02-21,AMZN,ensemble,,5.83579392512255e-05,-0.04805172075343374,0.04816843663193619,210.03515364961154,185.1506819912559,210.03515364961154,185.1506819912559,36.068767160687464,950.4282441677392,0.015639579342549274,0.020922681360674485,15436241927.92975,0.5261044176706827,0.976
2023-02-22,AMZN,ensemble,,-0.0004323059690407816,-0.048542384661725745,0.047677772723644186,212.7222158054896,185.0706575450283,212.7222158054896,185.0706575450283,34.3597193993951,996.8401629249672,0.015639579342549274,0.020922681360674485,15436241927.92975,0.5261044176706827,0.976
2023-02-23,AMZN,ensemble,,0.0002930970140792926,-0.04781698167860567,0.04840317570676426,212.78883452083048,185.1249091522521,212.78883452083048,185.1249091522521,32.75540376453021,1046.2771955124194,0.015639579342549274,0.020922681360674485,15436241927.92975,0.5261044176706827,0.976
2023-02-24,AMZN,ensemble,,-0.0013702874329761298,-0.0494803661256611,0.046739791259708834,207.63677824111215,184.87140853972795,207.63677824111215,184.87140853972795,31.174098781875408,1096.3408416263105,0.015639579342549274,0.020922681360674485,15436241927.92975,0.5261044176706827,0.976
2023-02-27,AMZN,ensemble,,0.00015868141416669137,-0.04795139727851827,0.04826876010685166,208.21416867857423,184.90074652390888,208.21416867857423,184.90074652390888,29.71453100267579,1150.5578217613524,0.015639579342549274,0.020922681360674485,15436241927.92975,0.5261044176706827,0.976
2023-02-28,AMZN,ensemble,,0.0005222687853181926,-0.047587809907366774,0.04863234747800316,209.257907066127,184.99733963378785,209.257907066127,184.99733963378785,28.33359988835675,1207.8950718028211,0.015639579342549274,0.020922681360674485,15436241927.92975,0.5261044176706827,0.976
2023-03-01,AMZN,ensemble,,0.0002925297096988854,-0.04781754898298608,0.04840260840238385,204.68322428116588,185.0514647680649,204.68322428116588,185.0514647680649,27.010639032147065,1267.7983875927707,0.015639579342549274,0.020922681360674485,15436241927.92975,0.5261044176706827,0.976
2023-03-02,AMZN,ensemble,,0.0015822238718106066,-0.04652785482087436,0.04969230256449557,204.5943936798098,185.34448936726182,204.5943936798098,185.34448936726182,25.78268059648351,1332.3897649143744,0.015639579342549274,0.020922681360674485,15436241927.92975,0.5261044176706827,0.976
2023-03-03,AMZN,ensemble,,6.561265696523942e-05,-0.04804446603571973,0.048175691349650204,210.74578151775532,185.35665071062772,210.74578151775532,185.35665071062772,24.57325129857221,1398.1498640620646,0.015639579342549274,0.020922681360674485,15436241927.92975,0.5261044176706827,0.976
2023-03-06,AMZN,ensemble,,0.0006880474805906371,-0.04742203121209433,0.0487981261732756,208.19195679255895,185.48422877200866,208.19195679255895,185.48422877200866,23.43513693522882,1468.0690459900216,0.015639579342549274,0.020922681360674485,15436241927.92975,0.5261044176706827,0.976
2023-03-07,AMZN,ensemble,,0.00041655154394622517,-0.04769352714873874,0.04852663023663119,207.74782072848342,185.56150860828143,207.74782072848342,185.56150860828143,22.343667496025596,1541.066321502778,0.015639579342549274,0.020922681360674485,15436241927.92975,0.5261044176706827,0.976
2023-03-08,AMZN,ensemble,,0.00024714401356787396,-0.04786293467911709,0.04835722270625284,208.56947414129365,185.6073746918131,208.56947414129365,185.6073746918131,21.299423629955932,1617.419238121348,0.015639579342549274,0.020922681360674485,15436241927.92975,0.5261044176706827,0.976
2023-03-09,AMZN,ensemble,,-0.0008468762156269537,-0.04895695490831192,0.04726320247705801,204.86088548387804,185.4502547606985,204.86088548387804,185.4502547606985,20.281782266286132,1695.6989548190052,0.015639579342549274,0.020922681360674485,15436241927.92975,0.5261044176706827,0.976
2023-03-10,AMZN,ensemble,,-0.0002056788430341104,-0.048315757535719074,0.04790439984965086,201.48540734587147,185.41211548921402,201.48540734587147,185.41211548921402,19.32514891526045,1778.9075117055763,0.015639579342549274,0.020922681360674485,15436241927.92975,0.5261044176706827,0.976
2023-03-13,AMZN,ensemble,,-0.0004961864861987115,-0.048606265178883674,0.04761389220648626,205.26061471862792,185.320139323683,205.26061471862792,185.320139323683,18.408288683271657,1865.657075997438,0.015639579342549274,0.020922681360674485,15436241927.92975,0.5261044176706827,0.976
2023-03-14,AMZN,ensemble,,-0.0006379965264946149,-0.04874807521917958,0.04747208216619035,210.70135774572486,185.20194342680003,210.70135774572486,185.20194342680003,17.532441414403298,1956.3595872555234,0.015639579342549274,0.020922681360674485,15436241927.92975,0.5261044176706827,0.976
2023-03-15,AMZN,ensemble,,-0.000926288360316481,-0.04903636705300145,0.04718379033236848,213.6326998196559,185.0304724503409,213.6326998196559,185.0304724503409,16.693452769618535,2050.880438437827,0.015639579342549274,0.020922681360674485,15436241927.92975,0.5261044176706827,0.976
2023-03-16,AMZN,ensemble,,-0.0014008446729567873,-0.04951092336564175,0.04670923401972818,222.16025118008562,184.77145496266533,222.16025118008562,184.77145496266533,15.887071566713844,2148.9479936976254,0.015639579342549274,0.020922681360674485,15436241927.92975,0.5261044176706827,0.976
2023-03-17,AMZN,ensemble,,0.00042135053330092515,-0.04768872815938404,0.04853142922598589,219.73966388557096,184.84932491787416,219.73966388557096,184.84932491787416,15.147218856915028,2255.8116605673026,0.015639579342549274,0.020922681360674485,15436241927.92975,0.5261044176706827,0.976
2023-03-20,AMZN,ensemble,,-0.00037039684968426397,-0.04848047554236923,0.0477396818430007,216.98598301435206,184.78086998878598,216.98598301435206,184.78086998878598,14.43039095691823,2366.1153752347464,0.015639579342549274,0.020922681360674485,15436241927.92975,0.5261044176706827,0.976
2023-03-21,AMZN,ensemble,,-0.0008919479863838549,-0.04900202667906882,0.04721813070630111,223.4260575996762,184.61612854519862,223.4260575996762,184.61612854519862,13.740318116106144,2480.518619075184,0.015639579342549274,0.020922681360674485,15436241927.92975,0.5261044176706827,0.976
2023-03-22,AMZN,ensemble,,0.00013393407848325217,-0.047976144614201716,0.048244012771168215,219.18448533412413,184.64085659217562,219.18448533412413,184.64085659217562,13.096673864135104,2603.1224627539295,0.015639579342549274,0.020922681360674485,15436241927.92975,0.5261044176706827,0.976
2023-03-23,AMZN,ensemble,,0.00030855590154246684,-0.0478015227911425,0.04841863459422743,219.20669722013938,184.69783740857451,219.20669722013938,184.69783740857451,12.485360171777653,2732.26328067933,0.015639579342549274,0.020922681360674485,15436241927.92975,0.5261044176706827,0.976
2023-03-24,AMZN,ensemble,,0.0020119654041945547,-0.04609811328849041,0.05012204409687952,217.9186789145336,185.06981714737157,217.9186789145336,185.06981714737157,11.922873027443393,2872.699989350297,0.015639579342549274,0.020922681360674485,15436241927.92975,0.5261044176706827,0.976
2023-03-27,AMZN,ensemble,,0.0003825958314376335,-0.04772748286124733,0.0484926745241226,217.71882276851105,185.14063763488485,217.71882276851105,185.14063763488485,11.367190453652222,3015.437793851577,0.015639579342549274,0.020922681360674485,15436241927.92975,0.5261044176706827,0.976
2023-03-28,AMZN,ensemble,,0.00013476821280859448,-0.04797531047987637,0.04824484690549356,215.9422446267993,185.16559038911845,215.9422446267993,185.16559038911845,10.834720786275442,3164.4835654262497,0.015639579342549274,0.020922681360674485,15436241927.92975,0.5261044176706827,0.976
2023-03-29,AMZN,ensemble,,0.00039350466266388094,-0.04771657403002109,0.048503583355348844,222.62659913017643,185.23846825025015,222.62659913017643,185.23846825025015,10.3298657923207,3321.7556558389856,0.015639579342549274,0.020922681360674485,15436241927.92975,0.5261044176706827,0.976
2023-03-30,AMZN,ensemble,,1.3958598524460683e-05,-0.048096120094160505,0.048124037291209426,226.51284899030418,185.241053937706,226.51284899030418,185.241053937706,9.844797774268086,3485.5208660193343,0.015639579342549274,0.020922681360674485,15436241927.92975,0.5261044176706827,0.976
2023-03-31,AMZN,ensemble,,0.0001686002687315859,-0.04794147842395338,0.04827867896141655,229.37757234889435,185.27228826216378,229.37757234889435,185.27228826216378,9.383958533574612,3657.9254559879914,0.015639579342549274,0.020922681360674485,15436241927.92975,0.5261044176706827,0.976
2023-04-03,AMZN,ensemble,,-0.0007213164567462818,-0.048831395149431245,0.047388762235938686,227.42334994717524,185.13869649842235,227.42334994717524,185.13869649842235,8.936734887375454,3835.44296357674,0.015639579342549274,0.020922681360674485,15436241927.92975,0.5261044176706827,0.976
2023-04-04,AMZN,ensemble,,-0.0007927795358667407,-0.048902858228551706,0.047317299156818225,230.84323491450743,184.99198049294895,230.84323491450743,184.99198049294895,8.510216978277748,4021.2879335574003,0.015639579342549274,0.020922681360674485,15436241927.92975,0.5261044176706827,0.976
2023-04-05,AMZN,ensemble,,-0.0014200223946212317,-0.0495301010873062,0.046690056298063734,224.51420281655462,184.7294741643675,224.51420281655462,184.7294741643675,8.098973603506723,4213.49423959947,0.015639579342549274,0.020922681360674485,15436241927.92975,0.5261044176706827,0.976
2023-04-06,AMZN,ensemble,,-0.0002337892649041064,-0.04834386795758907,0.04787628942778086,226.64608642098585,184.68629144442136,226.64608642098585,184.68629144442136,7.716751382327447,4420.127662219195,0.015639579342549274,0.020922681360674485,15436241927.92975,0.5261044176706827,0.976
2023-04-10,AMZN,ensemble,,-0.0012631746686789314,-0.049373253361363896,0.046846904024006035,226.89036633903882,184.45314768106508,226.89036633903882,184.45314768106508,7.345002990062288,4632.123871901146,0.015639579342549274,0.020922681360674485,15436241927.92975,0.5261044176706827,0.976
2023-04-11,AMZN,ensemble,,0.0014759564549941258,-0.04663412223769084,0.04958603514767909,221.89375937601739,184.72559350465582,221.89375937601739,184.72559350465582,7.010339246150735,4867.602507879209,0.015639579342549274,0.020922681360674485,15436241927.92975,0.5261044176706827,0.976
2023-04-12,AMZN,ensemble,,-0.000766810830839863,-0.04887688952352483,0.047343267861845104,217.25247481842024,184.58399821416245,217.25247481842024,184.58399821416245,6.675934569866596,5103.592918737487,0.015639579342549274,0.020922681360674485,15436241927.92975,0.5261044176706827,0.976
2023-04-13,AMZN,ensemble,,0.0010648963109868934,-0.047045182381698074,0.04917497500367186,227.40113806115997,184.7806657295986,227.40113806115997,184.7806657295986,6.369137260955575,5360.835075228228,0.015639579342549274,0.020922681360674485,15436241927.92975,0.5261044176706827,0.976
2023-04-14,AMZN,ensemble,,0.0011730546625002823,-0.04693702403018468,0.04928313335518525,227.64541797921297,184.9975507351856,227.64541797921297,184.9975507351856,6.077096293183146,5631.652375890069,0.015639579342549274,0.020922681360674485,15436241927.92975,0.5261044176706827,0.976
2023-04-17,AMZN,ensemble,,0.0015415039536323556,-0.04656857473905261,0.04965158264631732,228.1561727586293,185.28294510281557,228.1561727586293,185.28294510281557,5.800582965541633,5918.330959131006,0.015639579342549274,0.020922681360674485,15436241927.92975,0.5261044176706827,0.976
2023-04-18,AMZN,ensemble,,-0.0003296535667240562,-0.04843973225940902,0.04778042512596091,227.17907002912216,185.2218759854885,227.17907002912216,185.2218759854885,5.526300982013538,6207.97590562715,0.015639579342549274,0.020922681360674485,15436241927.92975,0.5261044176706827,0.976
2023-04-19,AMZN,ensemble,,-0.0014611381354684137,-0.04957121682815338,0.04664894055721655,231.62049844069676,184.95143886007529,231.62049844069676,184.95143886007529,5.259034604896372,6504.432335273866,0.015639579342549274,0.020922681360674485,15436241927.92975,0.5261044176706827,0.976
2023-04-20,AMZN,ensemble,,0.00041296395396851445,-0.04769711473871645,0.04852304264665348,230.53233628111354,185.027832910468,230.53233628111354,185.027832910468,5.014082030911133,6827.829848113396,0.015639579342549274,0.020922681360674485,15436241927.92975,0.5261044176706827,0.976
2023-04-21,AMZN,ensemble,,-7.708362578336125e-05,-0.04818716231846833,0.048032995066901604,237.52758941788449,185.0135708439294,237.52758941788449,185.0135708439294,4.77819661278875,7163.795082187641,0.015639579342549274,0.020922681360674485,15436241927.92975,0.5261044176706827,0.976
2023-04-24,AMZN,ensemble,,-0.0004460294870033216,-0.048556108179688286,0.047664049205681645,235.86205376354403,184.9310677366143,235.86205376354403,184.9310677366143,4.551728675444223,7513.518984271743,0.015639579342549274,0.020922681360674485,15436241927.92975,0.5261044176706827,0.976
2023-04-25,AMZN,ensemble,,-0.001749777911474337,-0.0498598566041593,0.04636030078121063,227.77865540989467,184.60776237792032,227.77865540989467,184.60776237792032,4.330345075167829,7870.048538536365,0.015639579342549274,0.020922681360674485,15436241927.92975,0.5261044176706827,0.976
2023-04-26,AMZN,ensemble,,-0.00023825634699582514,-0.04834833503968079,0.04787182234568914,233.13058477834036,184.56378364614312,233.13058477834036,184.56378364614312,4.125960733805669,8255.965684472447,0.015639579342549274,0.020922681360674485,15436241927.92975,0.5261044176706827,0.976
2023-04-27,AMZN,ensemble,,-0.0003732143329851115,-0.048483293025670074,0.04773686435969986,243.87883340185257,184.49491464898423,243.87883340185257,184.49491464898423,3.9306924441768523,8659.637968308194,0.015639579342549274,0.020922681360674485,15436241927.92975,0.5261044176706827,0.976
2023-04-28,AMZN,ensemble,,-0.00013330760635020186,-0.04824338629903517,0.04797677108633476,234.17430622318835,184.47032171277775,234.17430622318835,184.47032171277775,3.7455640452376624,9085.226999677836,0.015639579342549274,0.020922681360674485,15436241927.92975,0.5261044176706827,0.976
2023-05-01,AMZN,ensemble,,-0.001252215127488348,-0.04936229382017331,0.04685786356519662,226.62389147767541,184.23946975367954,226.62389147767541,184.23946975367954,3.565163533232243,9521.072988296444,0.015639579342549274,0.020922681360674485,15436241927.92975,0.5261044176706827,0.976
2023-05-02,AMZN,ensemble,,-0.000532224554646463,-0.04864230324733143,0.0475778541380385,230.13260704636366,184.1414390734232,230.13260704636366,184.1414390734232,3.3958959243561417,9985.014364202043,0.015639579342549274,0.020922681360674485,15436241927.92975,0.5261044176706827,0.976
2023-05-03,AMZN,ensemble,,-0.0006402970597734998,-0.04875037575245846,0.04746978163291147,230.1770308183941,184.0235715905303,230.1770308183941,184.0235715905303,3.2343152803497777,10470.430977054513,0.015639579342549274,0.020922681360674485,15436241927.92975,0.5261044176706827,0.976
2023-05-04,AMZN,ensemble,,0.00040400516864089447,-0.047706073524044074,0.04851408386132586,230.9542774018787,184.0979330848072,230.9542774018787,184.0979330848072,3.0836414024238348,10990.917731049407,0.015639579342549274,0.020922681360674485,15436241927.92975,0.5261044176706827,0.976
2023-05-05,AMZN,ensemble,,0.0005057805179740149,-0.04760429817471095,0.04861585921065898,234.6406711159839,184.1910697841393,234.6406711159839,184.1910697841393,2.940286054275227,11538.452232869047,0.015639579342549274,0.020922681360674485,15436241927.92975,0.5261044176706827,0.976
2023-05-08,AMZN,ensemble,,0.0008755192519164529,-0.047234559440768514,0.04898559794460142,235.01818846471858,184.35240322672823,235.01818846471858,184.35240322672823,2.8046319396365527,12117.742829340526,0.015639579342549274,0.020922681360674485,15436241927.92975,0.5261044176706827,0.976
2023-05-09,AMZN,ensemble,,0.0006538708905201998,-0.047456207802164765,0.048763949583205166,236.7725547204151,184.47298531505814,236.7725547204151,184.47298531505814,2.6746435168730978,12723.296430484395,0.015639579342549274,0.020922681360674485,15436241927.92975,0.5261044176706827,0.976
2023-05-10,AMZN,ensemble,,0.00018762096217814044,-0.04792245773050682,0.04829769965486311,244.7005037573675,184.50759956113637,244.7005037573675,184.50759956113637,2.5494907899568613,13352.88381111929,0.015639579342549274,0.020922681360674485,15436241927.92975,0.5261044176706827,0.976
2023-05-11,AMZN,ensemble,,-0.0014571701488487584,-0.049567248841533726,0.046652908543836205,249.11972028292683,184.23893638633805,249.11972028292683,184.23893638633805,2.42620037077283,13990.59454844483,0.015639579342549274,0.020922681360674485,15436241927.92975,0.5261044176706827,0.976
2023-05-12,AMZN,ensemble,,-0.0014622167713250877,-0.049572295464010055,0.046647861921359876,244.8559530740644,183.96973598625706,244.8559530740644,183.96973598625706,2.3088604813633347,14658.687275408034,0.015639579342549274,0.020922681360674485,15436241927.92975,0.5261044176706827,0.976
2023-05-15,AMZN,ensemble,,0.0011196594579787177,-0.046990419234706246,0.049229738150663685,246.94341290646517,184.1758347998478,246.94341290646517,184.1758347998478,2.20287579319804,15398.38888282313,0.015639579342549274,0.020922681360674485,15436241927.92975,0.5261044176706827,0.976
2023-05-16,AMZN,ensemble,,-0.0018024937951198008,-0.049912572487804764,0.04630758489756517,251.82899432482012,183.84415801288634,251.82899432482012,183.84415801288634,2.095623480148904,16128.219002902957,0.015639579342549274,0.020922681360674485,15436241927.92975,0.5261044176706827,0.976
2023-05-17,AMZN,ensemble,,-0.0005893462191189212,-0.04869942491180389,0.047520732473566044,256.49249076843245,183.73584207438387,256.49249076843245,183.73584207438387,1.9960129943764744,16913.146235968656,0.015639579342549274,0.020922681360674485,15436241927.92975,0.5261044176706827,0.976
2023-05-18,AMZN,ensemble,,-0.0001743081159008708,-0.048284386808585836,0.047935770576784095,262.37738680230973,183.70381821701864,262.37738680230973,183.70381821701864,1.9019264646712488,17743.63701981755,0.015639579342549274,0.020922681360674485,15436241927.92975,0.5261044176706827,0.976
2023-05-19,AMZN,ensemble,,-0.0018434930879330906,-0.04995357178061806,0.04626658560475187,258.15802642277293,183.36547346183852,258.15802642277293,183.36547346183852,1.80925241484998,18583.861810499344,0.015639579342549274,0.020922681360674485,15436241927.92975,0.5261044176706827,0.976
2023-05-22,AMZN,ensemble,,-0.001588754219527051,-0.04969883291221202,0.04652132447315791,255.40434555155403,183.07438208971294,255.40434555155403,183.07438208971294,1.7215325242260742,19468.833092536363,0.015639579342549274,0.020922681360674485,15436241927.92975,0.5261044176706827,0.976
2023-05-23,AMZN,ensemble,,-0.0019895516564568234,-0.05009963034914179,0.04612052703622814,255.3599217795236,182.71050824250656,255.3599217795236,182.71050824250656,1.6374092484968132,20387.77407229239,0.015639579342549274,0.020922681360674485,15436241927.92975,0.5261044176706827,0.976
2023-05-24,AMZN,ensemble,,-0.0014601228043928443,-0.04957020149707781,0.04664995588829212,259.26838352566654,182.4439231336802,259.26838352566654,182.4439231336802,1.5582214344575451,21361.395981563965,0.015639579342549274,0.020922681360674485,15436241927.92975,0.5261044176706827,0.976
2023-05-25,AMZN,ensemble,,-0.0022257431625840184,-0.05033582185526898,0.04588433553010095,255.38213366553876,182.03830139157182,255.38213366553876,182.03830139157182,1.481728398002815,22364.38420036667,0.015639579342549274,0.020922681360674485,15436241927.92975,0.5261044176706827,0.976
2023-05-26,AMZN,ensemble,,-0.0016981014353682434,-0.04980818012805321,0.046411977257316724,266.7299846125282,181.72944420032374,266.7299846125282,181.72944420032374,1.4097340403678575,23426.823743818284,0.015639579342549274,0.020922681360674485,15436241927.92975,0.5261044176706827,0.976
2023-05-30,AMZN,ensemble,,-0.0014561674724131622,-0.04956624616509813,0.0466539112202718,270.17209840858044,181.46500827312371,270.17209840858044,181.46500827312371,1.3415622815184303,24545.67311649072,0.015639579342549274,0.020922681360674485,15436241927.92975,0.5261044176706827,0.976
2023-05-31,AMZN,ensemble,,0.0003320400570679296,-0.04777803863561703,0.0484421187497529,267.773723000081,181.5252719292468,267.773723000081,181.5252719292468,1.2789721888929206,25763.988173589452,0.015639579342549274,0.020922681360674485,15436241927.92975,0.5261044176706827,0.976
2023-06-01,AMZN,ensemble,,-0.0008821320502554048,-0.04899221074294037,0.04722794664242956,272.6370755897159,181.36521327576,272.6370755897159,181.36521327576,1.2178226695699128,27009.959174252,0.015639579342549274,0.020922681360674485,15436241927.92975,0.5261044176706827,0.976
2023-06-02,AMZN,ensemble,,-0.0008435511242043796,-0.048953629816889346,0.047266527568480585,275.9237400690712,181.21228695586245,275.9237400690712,181.21228695586245,1.1596415368272261,28317.279004698452,0.015639579342549274,0.020922681360674485,15436241927.92975,0.5261044176706827,0.976
2023-06-05,AMZN,ensemble,,-0.002143754854462577,-0.05025383354714754,0.04596632383822239,278.25549676222977,180.824228335904,278.25549676222977,180.824228335904,1.1028051872201154,29649.299742320578,0.015639579342549274,0.020922681360674485,15436241927.92975,0.5261044176706827,0.976
2023-06-06,AMZN,ensemble,,-0.0008091823805602816,-0.04891926107324525,0.04730089631212468,281.16462695014553,180.6779677400854,281.16462695014553,180.6779677400854,1.0501550739754497,31085.43569961412,0.015639579342549274,0.020922681360674485,15436241927.92975,0.5261044176706827,0.976
2023-06-07,AMZN,ensemble,,0.0006595134894492466,-0.04745056520323572,0.04876959218213421,269.2171906223836,180.79716659936352,269.2171906223836,180.79716659936352,1.0014883841073887,32639.036027853672,0.015639579342549274,0.020922681360674485,15436241927.92975,0.5261044176706827,0.976
2023-06-08,AMZN,ensemble,,-0.00048218108196124105,-0.04859225977464621,0.047627897610723724,275.9237400690711,180.7100106401231,275.9237400690711,180.7100106401231,0.9539872406413773,34231.17894490739,0.015639579342549274,0.020922681360674485,15436241927.92975,0.5261044176706827,0.976
2023-06-09,AMZN,ensemble,,-0.0006355022034778748,-0.04874558089616284,0.04747457648920709,274.1027550980337,180.59520551349007,274.1027550980337,180.59520551349007,0.9085997842508012,35895.48315967582,0.015639579342549274,0.020922681360674485,15436241927.92975,0.5261044176706827,0.976
2023-06-12,AMZN,ensemble,,-0.0023780523272671056,-0.05048813101995207,0.04573202636541786,281.07579634878937,180.16625090512738,281.07579634878937,180.16625090512738,0.8638650676036821,37575.17138093265,0.015639579342549274,0.020922681360674485,15436241927.92975,0.5261044176706827,0.976
2023-06-13,AMZN,ensemble,,-0.0009063287687276378,-0.0490164074614126,0.04720374992395733,281.27566943751674,180.0030350235753,281.27566943751674,180.0030350235753,0.8225425200325748,39391.389294276625,0.015639579342549274,0.020922681360674485,15436241927.92975,0.5261044176706827,0.976
2023-06-14,AMZN,ensemble,,-0.001121425051534692,-0.049231503744219654,0.04698865364115028,280.7426858293803,179.8012882538314,280.7426858293803,179.8012882538314,0.7830281710118346,41286.5136332991,0.015639579342549274,0.020922681360674485,15436241927.92975,0.5261044176706827,0.976
2023-06-15,AMZN,ensemble,,-0.0011410669806517552,-0.04925114567333672,0.04696901171203321,282.2749840530391,179.59623994989914,282.2749840530391,179.59623994989914,0.7453974216128262,43271.96267241119,0.015639579342549274,0.020922681360674485,15436241927.92975,0.5261044176706827,0.976
2023-06-16,AMZN,ensemble,,-0.0016530513760815908,-0.04976313006876656,0.04645702731660337,278.6774209402899,179.2996033836015,278.6774209402899,179.2996033836015,0.7092119314720872,45329.676993430694,0.015639579342549274,0.020922681360674485,15436241927.92975,0.5261044176706827,0.976
2023-06-20,AMZN,ensemble,,-0.0005104903185407846,-0.04862056901122575,0.04759958837414418,279.32143009309283,179.20809603075205,279.32143009309283,179.20809603075205,0.675554495792137,47539.52772575282,0.015639579342549274,0.020922681360674485,15436241927.92975,0.5261044176706827,0.976
2023-06-21,AMZN,ensemble,,-0.0009447641263326526,-0.04905484281901762,0.04716531456635231,277.21175837467683,179.03886660400713,277.21175837467683,179.03886660400713,0.6432149662869476,49835.463157658094,0.015639579342549274,0.020922681360674485,15436241927.92975,0.5261044176706827,0.976
2023-06-22,AMZN,ensemble,,-0.0003448252640495021,-0.04845490395673447,0.04776525342863546,289.0259403290522,178.97714012259203,289.0259403290522,178.97714012259203,0.6127910922151302,52273.63304298216,0.015639579342549274,0.020922681360674485,15436241927.92975,0.5261044176706827,0.976
2023-06-23,AMZN,ensemble,,-0.0008845020617736306,-0.048994580754458596,0.047225576630911335,287.20497230071965,178.8189044633429,287.20497230071965,178.8189044633429,0.5834912765285141,54801.50583178009,0.015639579342549274,0.020922681360674485,15436241927.92975,0.5261044176706827,0.976
2023-06-26,AMZN,ensemble,,0.0010097161837251132,-0.04710036250895985,0.04911979487641008,282.76354388914507,178.9995519911538,282.76354388914507,178.9995519911538,0.5566458043667071,57560.55172190956,0.015639579342549274,0.020922681360674485,15436241927.92975,0.5261044176706827,0.976
2023-06-27,AMZN,ensemble,,-0.0005049192928734743,-0.04861499798555844,0.04760515939981149,286.8718448386058,178.90919447748337,286.8718448386058,178.90919447748337,0.5302317318365343,60367.00172152263,0.015639579342549274,0.020922681360674485,15436241927.92975,0.5261044176706827,0.976
2023-06-28,AMZN,ensemble,,-0.00026062133882379,-0.048370700031508757,0.047849457353861174,286.56094620521196,178.86257299923068,286.56094620521196,178.86257299923068,0.505194468272887,63325.752812131694,0.015639579342549274,0.020922681360674485,15436241927.92975,0.5261044176706827,0.976
2023-06-29,AMZN,ensemble,,-0.0010457027853352022,-0.04915578147802017,0.04706437590734976,284.0293503087357,178.67563366697811,284.0293503087357,178.67563366697811,0.4809617087553911,66377.38823098846,0.015639579342549274,0.020922681360674485,15436241927.92975,0.5261044176706827,0.976
2023-06-30,AMZN,ensemble,,-0.0007914868620171414,-0.048901565554702105,0.047318591830667826,289.4923052218478,178.53427020141078,289.4923052218478,178.53427020141078,0.4580077447039001,69593.76998517154,0.015639579342549274,0.020922681360674485,15436241927.92975,0.5261044176706827,0.976
2023-07-03,AMZN,ensemble,,0.00020694748941603967,-0.047903131203268924,0.04831702618210101,289.18140658845397,178.57122124373453,289.18140658845397,178.57122124373453,0.4365849456305142,73038.89283316165,0.015639579342549274,0.020922681360674485,15436241927.92975,0.5261044176706827,0.976
2023-07-05,AMZN,ensemble,,0.0010636889391112177,-0.047046389753573746,0.049173767631796185,289.5367289938782,178.7612665332326,289.5367289938782,178.7612665332326,0.41652087185496195,76720.2619889186,0.015639579342549274,0.020922681360674485,15436241927.92975,0.5261044176706827,0.976
2023-07-06,AMZN,ensemble,,-0.00045410794267276963,-0.048564186635357734,0.0476559707500122,285.05087681027317,178.68010805100798,285.05087681027317,178.68010805100798,0.3967761970002578,80464.96048526619,0.015639579342549274,0.020922681360674485,15436241927.92975,0.5261044176706827,0.976
2023-07-07,AMZN,ensemble,,-0.00047405779643250475,-0.04858413648911747,0.04763602089625246,288.2042869162419,178.59542342700806,288.2042869162419,178.59542342700806,0.3779599545727315,84390.75326149263,0.015639579342549274,0.020922681360674485,15436241927.92975,0.5261044176706827,0.976
2023-07-10,AMZN,ensemble,,0.0004749010435194579,-0.04763517764916551,0.048584979736204424,282.31939088236464,178.6802587225521,282.31939088236464,178.6802587225521,0.36037785278159806,88592.1113373937,0.015639579342549274,0.020922681360674485,15436241927.92975,0.5261044176706827,0.976
2023-07-11,AMZN,ensemble,,0.00021538296621442582,-0.04789469572647054,0.048325461658899393,285.9835727104546,178.71874755145,285.9835727104546,178.71874755145,0.34352448029181787,92978.49952127483,0.015639579342549274,0.020922681360674485,15436241927.92975,0.5261044176706827,0.976
2023-07-12,AMZN,ensemble,,-0.0005270627756762101,-0.04863714146836118,0.04758301591700875,290.46942489405967,178.6245763715419,290.46942489405967,178.6245763715419,0.327216239388435,97509.64482553297,0.015639579342549274,0.020922681360674485,15436241927.92975,0.5261044176706827,0.976
2023-07-13,AMZN,ensemble,,-0.0012225381539615423,-0.049332616846646506,0.046887540538723425,298.24192461431517,178.40633444341645,298.24192461431517,178.40633444341645,0.31146551256870375,102190.5119030325,0.015639579342549274,0.020922681360674485,15436241927.92975,0.5261044176706827,0.976
2023-07-14,AMZN,ensemble,,-0.0014601026743065603,-0.049570181366991525,0.046649976018378406,299.08577297043576,178.14603295707528,299.08577297043576,178.14603295707528,0.29640253222838975,107070.64079293895,0.015639579342549274,0.020922681360674485,15436241927.92975,0.5261044176706827,0.976
2023-07-17,AMZN,ensemble,,0.0008736340069210167,-0.04723644468576395,0.04898371269960598,296.5985839032851,178.30173539323312,296.5985839032851,178.30173539323312,0.28272706339761333,112445.93447189238,0.015639579342549274,0.020922681360674485,15436241927.92975,0.5261044176706827,0.976
2023-07-18,AMZN,ensemble,,-0.00034279980008801447,-0.04845287849277298,0.04776727889259695,294.9774720209751,178.24062406905827,294.9774720209751,178.24062406905827,0.2693547040667189,117947.52268613841,0.015639579342549274,0.020922681360674485,15436241927.92975,0.5261044176706827,0.976
2023-07-19,AMZN,ensemble,,-0.0012809529194320493,-0.04939103161211701,0.04682912577325292,300.59587625078416,178.01245239108357,300.59587625078416,178.01245239108357,0.2563741963894397,123602.27219650547,0.015639579342549274,0.020922681360674485,15436241927.92975,0.5261044176706827,0.976
2023-07-20,AMZN,ensemble,,-0.0009282629728153417,-0.04903834166550031,0.047181815719869624,288.60403309369667,177.8472866932896,288.60403309369667,177.8472866932896,0.24410531235997981,129573.81827692983,0.015639579342549274,0.020922681360674485,15436241927.92975,0.5261044176706827,0.976
2023-07-21,AMZN,ensemble,,0.00046252111391424373,-0.04764755757877072,0.04857259980659921,288.6928467523479,177.92956384443062,288.6928467523479,177.92956384443062,0.2327470362906937,136022.9122330408,0.015639579342549274,0.020922681360674485,15436241927.92975,0.5261044176706827,0.976
2023-07-24,AMZN,ensemble,,0.0008326429102635811,-0.047277435782421384,0.04894272160294855,286.0279964824851,178.0777773301831,286.0279964824851,178.0777773301831,0.22199941502554918,142845.84837851377,0.015639579342549274,0.020922681360674485,15436241927.92975,0.5261044176706827,0.976
2023-07-25,AMZN,ensemble,,-0.001284820028358026,-0.04939489872104299,0.04682525866432694,286.7608362366441,177.84912635439443,286.7608362366441,177.84912635439443,0.2113001951368456,149693.71762546888,0.015639579342549274,0.020922681360674485,15436241927.92975,0.5261044176706827,0.976
2023-07-26,AMZN,ensemble,,0.0005362607957202432,-0.04757381789696472,0.04864633948840521,284.5845119174776,177.94452544552146,284.5845119174776,177.94452544552146,0.2014832054420014,157155.79899857572,0.015639579342549274,0.020922681360674485,15436241927.92975,0.5261044176706827,0.976
2023-07-27,AMZN,ensemble,,-0.0007842316170257245,-0.04889431030971069,0.04732584707565924,284.80659689222017,177.8050304279414,284.80659689222017,177.8050304279414,0.19186878365378218,164772.13355627607,0.015639579342549274,0.020922681360674485,15436241927.92975,0.5261044176706827,0.976
2023-07-28,AMZN,ensemble,,-0.00019180770803255284,-0.04830188640071752,0.047918270984652414,293.60064005671813,177.7709293231103,293.60064005671813,177.7709293231103,0.18282142075360855,172859.95909086365,0.015639579342549274,0.020922681360674485,15436241927.92975,0.5261044176706827,0.976
2023-07-31,AMZN,ensemble,,0.0011986639860368815,-0.046911414706648086,0.049308742678721845,296.8650587646486,177.98414469511917,296.8650587646486,177.98414469511917,0.17444306595631753,181597.10498774302,0.015639579342549274,0.020922681360674485,15436241927.92975,0.5261044176706827,0.976
2023-08-01,AMZN,ensemble,,-0.001072673135385424,-0.04918275182807039,0.047037405557299544,292.44585918179405,177.79332824471678,292.44585918179405,177.79332824471678,0.16607104305024178,190343.04227721682,0.015639579342549274,0.020922681360674485,15436241927.92975,0.5261044176706827,0.976
2023-08-02,AMZN,ensemble,,0.0018218455877597687,-0.0462882331049252,0.04993192428044473,284.717783233569,178.1175354733935,284.717783233569,178.1175354733935,0.1585591062472086,200088.5171088947,0.015639579342549274,0.020922681360674485,15436241927.92975,0.5261044176706827,0.976
2023-08-03,AMZN,ensemble,,0.0017365999635226995,-0.04637347872916227,0.04984667865620766,286.2722764005382,178.4271231161399,286.2722764005382,178.4271231161399,0.15137405440545015,210315.0264987284,0.015639579342549274,0.020922681360674485,15436241927.92975,0.5261044176706827,0.976
2023-08-04,AMZN,ensemble,,7.052085436347463e-05,-0.04803955783832149,0.04818059954704844,309.94509796672907,178.4397063929902,309.94509796672907,178.4397063929902,0.1442740184595636,220696.208212574,0.015639579342549274,0.020922681360674485,15436241927.92975,0.5261044176706827,0.976
2023-08-07,AMZN,ensemble,,-0.004293940902582687,-0.05240401959526765,0.04381613779010228,315.82997705790154,177.67513951630883,315.82997705790154,177.67513951630883,0.13690816570200148,230581.24429811395,0.015639579342549274,0.020922681360674485,15436241927.92975,0.5261044176706827,0.976
2023-08-08,AMZN,ensemble,,-0.0019212407003390923,-0.050031319393024055,0.046188837992345876,310.76675137953924,177.3341105111336,310.76675137953924,177.3341105111336,0.13022699697579185,241481.31709295895,0.015639579342549274,0.020922681360674485,15436241927.92975,0.5261044176706827,0.976
2023-08-09,AMZN,ensemble,,-0.0004371398602284396,-0.048547218552913406,0.047672938832456525,306.1254668219421,177.2566076438815,306.1254668219421,177.2566076438815,0.12405584656889232,253272.26263349454,0.015639579342549274,0.020922681360674485,15436241927.92975,0.5261044176706827,0.976
2023-08-10,AMZN,ensemble,,-0.00022176302625672144,-0.048331841718941684,0.04788831566642825,307.7021549322217,177.21730304046136,307.7021549322217,177.21730304046136,0.11820258779050746,265696.1500081211,0.015639579342549274,0.020922681360674485,15436241927.92975,0.5261044176706827,0.976
2023-08-11,AMZN,ensemble,,-0.0012253309730473937,-0.04933540966573236,0.04688474771963757,307.36906135551743,177.0002861759819,307.36906135551743,177.0002861759819,0.11251252945623909,278449.8887171919,0.015639579342549274,0.020922681360674485,15436241927.92975,0.5261044176706827,0.976
2023-08-14,AMZN,ensemble,,-0.001310867415165445,-0.04942094610785041,0.04679921127751952,312.16581217251627,176.76841427822004,312.16581217251627,176.76841427822004,0.1070872199654082,291790.862593408,0.015639579342549274,0.020922681360674485,15436241927.92975,0.5261044176706827,0.976
2023-08-15,AMZN,ensemble,,-0.0013807983015620836,-0.04949087699424705,0.04672928039112288,305.72572064448735,176.5245011881589,305.72572064448735,176.5245011881589,0.10191638939113845,305749.64150405605,0.015639579342549274,0.020922681360674485,15436241927.92975,0.5261044176706827,0.976
2023-08-16,AMZN,ensemble,,0.0015041222074773904,-0.04660595648520757,0.04961420090016236,299.9518840406862,176.790215393783,299.9518840406862,176.790215393783,0.09727546594149772,321301.7789889296,0.015639579342549274,0.020922681360674485,15436241927.92975,0.5261044176706827,0.976
2023-08-17,AMZN,ensemble,,-0.00038805593492001337,-0.04849813462760498,0.04772202275776495,297.5312798034667,176.7216242109322,297.5312798034667,176.7216242109322,0.09267035942813166,337006.7048026301,0.015639579342549274,0.020922681360674485,15436241927.92975,0.5261044176706827,0.976
2023-08-18,AMZN,ensemble,,0.00029050350036666933,-0.047819575192318296,0.048400582193051635,295.8435492058158,176.77296991904882,295.8435492058158,176.77296991904882,0.08834318849652681,353719.2105674286,0.015639579342549274,0.020922681360674485,15436241927.92975,0.5261044176706827,0.976
2023-08-21,AMZN,ensemble,,-0.0005603083530184034,-0.04867038704570337,0.047549770339666564,299.08577297043587,176.6739502907683,299.08577297043587,176.6739502907683,0.08414644821264917,370944.7680128319,0.015639579342549274,0.020922681360674485,15436241927.92975,0.5261044176706827,0.976
2023-08-22,AMZN,ensemble,,0.0004331922759996433,-0.04767688641668532,0.04854327096868461,298.13088212694396,176.750500660722,298.13088212694396,176.750500660722,0.08022874166266182,389395.85535535426,0.015639579342549274,0.020922681360674485,15436241927.92975,0.5261044176706827,0.976
2023-08-23,AMZN,ensemble,,-0.0013850649107628346,-0.0494951436034478,0.046725013781922134,300.9511986562085,176.5058592055548,300.9511986562085,176.5058592055548,0.07635447807787663,408022.1503461239,0.015639579342549274,0.020922681360674485,15436241927.92975,0.5261044176706827,0.976
2023-08-24,AMZN,ensemble,,0.0006288790871209877,-0.047481199605563976,0.048738957779805955,292.77895275849824,176.61689495953584,292.77895275849824,176.61689495953584,0.0728137988809099,428401.3204168366,0.015639579342549274,0.020922681360674485,15436241927.92975,0.5261044176706827,0.976
2023-08-25,AMZN,ensemble,,0.000428320746797916,-0.04768175794588705,0.048538399439482884,295.932362864467,176.69255984314498,295.932362864467,176.69255984314498,0.06942338180333209,449708.15153267235,0.015639579342549274,0.020922681360674485,15436241927.92975,0.5261044176706827,0.976
2023-08-28,AMZN,ensemble,,-0.002046263589087801,-0.050156342281772764,0.04606381510359717,295.6658880031036,176.33136996235714,295.6658880031036,176.33136996235714,0.06602723986334656,470907.94794925436,0.015639579342549274,0.020922681360674485,15436241927.92975,0.5261044176706827,0.976
2023-08-29,AMZN,ensemble,,0.0008965896273983838,-0.04721348906528658,0.04900666832008335,299.59656163526176,176.4895377348469,299.59656163526176,176.4895377348469,0.0629823099814152,494560.40813763917,0.015639579342549274,0.020922681360674485,15436241927.92975,0.5261044176706827,0.976
2023-08-30,AMZN,ensemble,,0.0001482252583525884,-0.047961853434332374,0.04825830395103756,299.9518840406861,176.51569988107173,299.9518840406861,176.51569988107173,0.06003285763514342,519012.31312141917,0.015639579342549274,0.020922681360674485,15436241927.92975,0.5261044176706827,0.976
2023-08-31,AMZN,ensemble,,-0.00013418777532691543,-0.04824426646801188,0.04797589091735805,306.48075534195664,176.49201522112585,306.48075534195664,176.49201522112585,0.05720536988646562,544519.3606585508,0.015639579342549274,0.020922681360674485,15436241927.92975,0.5261044176706827,0.976
2023-09-01,AMZN,ensemble,,0.001051287679823044,-0.04705879101286192,0.04916136637250801,306.72503526000963,176.6776566664995,306.72503526000963,176.6776566664995,0.05457571382735986,571957.6012126633,0.015639579342549274,0.020922681360674485,15436241927.92975,0.5261044176706827,0.976
2023-09-05,AMZN,ensemble,,-0.0017215378478583503,-0.049831616540543314,0.04638854084482662,304.8374485163362,176.37376105263218,304.8374485163362,176.37376105263218,0.05192276705481491,599114.9037764225,0.015639579342549274,0.020922681360674485,15436241927.92975,0.5261044176706827,0.976
2023-09-06,AMZN,ensemble,,0.0013187306871420077,-0.04679134800554296,0.04942880937982697,300.59587625078416,176.60650397262503,300.59587625078416,176.60650397262503,0.049549195154908916,629472.5302383209,0.015639579342549274,0.020922681360674485,15436241927.92975,0.5261044176706827,0.976
2023-09-07,AMZN,ensemble,,0.00018357717452059902,-0.04792650151816437,0.04829365586720556,306.125466821942,176.6389278716791,306.125466821942,176.6389278716791,0.04723048326589005,660618.0729509909,0.015639579342549274,0.020922681360674485,15436241927.92975,0.5261044176706827,0.976
2023-09-08,AMZN,ensemble,,-0.00031481443725079597,-0.04842489312993576,0.04779526425543417,306.96931517806263,176.58332813926302,306.96931517806263,176.58332813926302,0.04499784604267328,692959.2084733979,0.015639579342549274,0.020922681360674485,15436241927.92975,0.5261044176706827,0.976
2023-09-11,AMZN,ensemble,,0.0007811367594594025,-0.047328941933225566,0.048891215452144365,317.7842164023253,176.7213177553446,317.7842164023253,176.7213177553446,0.042917758055556525,727680.6982498507,0.015639579342549274,0.020922681360674485,15436241927.92975,0.5261044176706827,0.976
2023-09-12,AMZN,ensemble,,-0.0023413505071386608,-0.05045142919982363,0.0457687281855463,313.6314577954245,176.308035216835,313.6314577954245,176.308035216835,0.04080620902322055,761759.6445759593,0.015639579342549274,0.020922681360674485,15436241927.92975,0.5261044176706827,0.976
2023-09-13,AMZN,ensemble,,-0.0019362372865443052,-0.05004631597922927,0.04617384140614066,321.6704662624531,175.9669913026505,321.6704662624531,175.9669913026505,0.0388142689627066,797757.7024021304,0.015639579342549274,0.020922681360674485,15436241927.92975,0.5261044176706827,0.976
2023-09-14,AMZN,ensemble,,0.00039888335995107334,-0.047711195332733894,0.04850896205263604,321.38176257236967,176.03719560811558,321.38176257236967,176.03719560811558,0.037005877095943926,837410.0729250544,0.015639579342549274,0.020922681360674485,15436241927.92975,0.5261044176706827,0.976
2023-09-15,AMZN,ensemble,,0.0007475610086320163,-0.047362517684052946,0.048857639701316985,311.7660659950615,176.16884335285064,311.7660659950615,176.16884335285064,0.03529404393951294,879339.9084975915,0.015639579342549274,0.020922681360674485,15436241927.92975,0.5261044176706827,0.976
2023-09-18,AMZN,ensemble,,-0.0010066435176665583,-0.04911672221035152,0.04710343517501841,310.85556503819043,175.99159335742186,310.85556503819043,175.99159335742186,0.03360240025461356,921750.8480880513,0.015639579342549274,0.020922681360674485,15436241927.92975,0.5261044176706827,0.976
2023-09-19,AMZN,ensemble,,7.384984752320121e-05,-0.04803622884516177,0.048183928540208164,305.63690698583605,176.00459078967995,305.63690698583605,176.00459078967995,0.03202642270824648,967251.8301916478,0.015639579342549274,0.020922681360674485,15436241927.92975,0.5261044176706827,0.976
2023-09-20,AMZN,ensemble,,-0.0010992665473932063,-0.049209345240078174,0.04701081214529176,300.44040999138247,175.81122113270695,300.44040999138247,175.81122113270695,0.030488572048970743,1013808.8929362341,0.015639579342549274,0.020922681360674485,15436241927.92975,0.5261044176706827,0.976
2023-09-21,AMZN,ensemble,,0.0013705977122284475,-0.04673948098045652,0.04948067640491341,287.2049723007196,176.05235279968315,287.2049723007196,176.05235279968315,0.029096341525514623,1065234.6412391781,0.015639579342549274,0.020922681360674485,15436241927.92975,0.5261044176706827,0.976
2023-09-22,AMZN,ensemble,,-0.0006224819488171228,-0.04873256064150209,0.04748759674386784,286.738607407924,175.94279748965758,286.738607407924,175.94279748965758,0.02771239773877193,1117040.404814085,0.015639579342549274,0.020922681360674485,15436241927.92975,0.5261044176706827,0.976
2023-09-25,AMZN,ensemble,,-0.0003607705231329752,-0.04847084921581794,0.04774930816955199,291.51316328161244,175.87933396313892,291.51316328161244,175.87933396313892,0.026401188699740098,1171672.2480613892,0.015639579342549274,0.020922681360674485,15436241927.92975,0.5261044176706827,0.976
2023-09-26,AMZN,ensemble,,0.0020484429730139677,-0.046061635719671,0.05015852166569893,279.7655830998731,176.23998200625874,279.7655830998731,176.23998200625874,0.025212689009843137,1231940.4425858872,0.015639579342549274,0.020922681360674485,15436241927.92975,0.5261044176706827,0.976
2023-09-27,AMZN,ensemble,,0.00026813596040789,-0.04784194273227708,0.04837821465309285,279.7655830998731,176.28724461921615,279.7655830998731,176.28724461921615,0.024034864343142465,1293004.7023253643,0.015639579342549274,0.020922681360674485,15436241927.92975,0.5261044176706827,0.976
2023-09-28,AMZN,ensemble,,0.0005887475996364606,-0.047521331093048506,0.048698826292321425,279.7655830998731,176.39106387000075,279.7655830998731,176.39106387000075,0.02291940945667246,1357530.9377848168,0.015639579342549274,0.020922681360674485,15436241927.92975,0.5261044176706827,0.976
2023-09-29,AMZN,ensemble,,-0.0006390227522027277,-0.04874910144488769,0.04747105594048224,282.2971959390542,176.27838197388473,282.2971959390542,176.27838197388473,0.021828905342278774,1423528.4575239718,0.015639579342549274,0.020922681360674485,15436241927.92975,0.5261044176706827,0.976
2023-10-02,AMZN,ensemble,,0.00018873581464784928,-0.047921342878037114,0.04829881450733282,287.49367599080296,176.31165515773336,287.49367599080296,176.31165515773336,0.02080750381064179,1493970.6380618822,0.015639579342549274,0.020922681360674485,15436241927.92975,0.5261044176706827,0.976
2023-10-03,AMZN,ensemble,,0.0006572223168226621,-0.0474528563758623,0.04876730100950763,276.9674784566237,176.4275691986939,276.9674784566237,176.4275691986939,0.01984318901136888,1568633.3056408623,0.015639579342549274,0.020922681360674485,15436241927.92975,0.5261044176706827,0.976
2023-10-04,AMZN,ensemble,,0.0014879684651661336,-0.04662211022751883,0.0495980471578511,282.030704134986,176.69028326469842,282.030704134986,176.69028326469842,0.018939292176460717,1648396.1443375114,0.015639579342549274,0.020922681360674485,15436241927.92975,0.5261044176706827,0.976
2023-10-05,AMZN,ensemble,,-0.000548206665534491,-0.04865828535821946,0.047561872027150474,279.72115932784266,176.59344701924033,279.72115932784266,176.59344701924033,0.01803980003095398,1728691.3090293375,0.015639579342549274,0.020922681360674485,15436241927.92975,0.5261044176706827,0.976
2023-10-06,AMZN,ensemble,,-0.0010959606595514469,-0.049206039352236414,0.04701411803313352,284.16258773941723,176.40001356566188,284.16258773941723,176.40001356566188,0.017173618367250836,1811904.9882524556,0.015639579342549274,0.020922681360674485,15436241927.92975,0.5261044176706827,0.976
2023-10-09,AMZN,ensemble,,0.0010780076438851416,-0.04703207104879983,0.049188086336570104,284.8287918355305,176.59027666277825,284.8287918355305,176.59027666277825,0.01638460737525155,1903257.4353255064,0.015639579342549274,0.020922681360674485,15436241927.92975,0.5261044176706827,0.976
2023-10-10,AMZN,ensemble,,-0.0008034040153404757,-0.04891348270802544,0.04730667467734449,287.53806587742383,176.4484603009826,287.53806587742383,176.4484603009826,0.01560246378475584,1995457.8694812662,0.015639579342549274,0.020922681360674485,15436241927.92975,0.5261044176706827,0.976
2023-10-11,AMZN,ensemble,,-0.0009900344708386314,-0.0491001131635236,0.04712004422184633,292.7567578151878,176.27385668901724,292.7567578151878,176.27385668901724,0.014854884348737793,2091734.3967514946,0.015639579342549274,0.020922681360674485,15436241927.92975,0.5261044176706827,0.976
2023-10-12,AMZN,ensemble,,-0.0005000994785567025,-0.04861017817124167,0.04760997921412826,293.8671149180815,176.18572426453048,293.8671149180815,176.18572426453048,0.014150055486239455,2193730.580406852,0.015639579342549274,0.020922681360674485,15436241927.92975,0.5261044176706827,0.976
2023-10-13,AMZN,ensemble,,-0.0020158551858528778,-0.050125933878537844,0.04609422350683209,288.22648185955234,175.83091709868285,288.22648185955234,175.83091709868285,0.013458254179957491,2297215.596790104,0.015639579342549274,0.020922681360674485,15436241927.92975,0.5261044176706827,0.976
2023-10-16,AMZN,ensemble,,-0.00036520403183985816,-0.048475282724524824,0.04774487466084511,294.3556747541874,175.76671466304404,294.3556747541874,175.76671466304404,0.012821421525471211,2409556.375793878,0.015639579342549274,0.020922681360674485,15436241927.92975,0.5261044176706827,0.976
2023-10-17,AMZN,ensemble,,0.0006686589537177197,-0.04744141973896725,0.048778737646402684,291.957299345688,175.884281952399,291.957299345688,175.884281952399,0.01222735810798757,2530005.285254749,0.015639579342549274,0.020922681360674485,15436241927.92975,0.5261044176706827,0.976
2023-10-18,AMZN,ensemble,,-0.00108644309105715,-0.04919652178374211,0.04702363560162782,284.54012203085676,175.6932974551259,284.54012203085676,175.6932974551259,0.011640371845058336,2651816.89911047,0.015639579342549274,0.020922681360674485,15436241927.92975,0.5261044176706827,0.976
2023-10-19,AMZN,ensemble,,0.0016362138536329133,-0.046473864839052054,0.04974629254631788,285.1396904689244,175.98100457341144,285.1396904689244,175.98100457341144,0.011111776839430383,2787071.2684556292,0.015639579342549274,0.020922681360674485,15436241927.92975,0.5261044176706827,0.976
2023-10-20,AMZN,ensemble,,0.00014209323023370649,-0.04796798546245126,0.04825217192291867,277.9667930721462,176.00601205946623,277.9667930721462,176.00601205946623,0.010591349011839378,2924850.861438766,0.015639579342549274,0.020922681360674485,15436241927.92975,0.5261044176706827,0.976
2023-10-23,AMZN,ensemble,,0.00018263892439719979,-0.04792743976828777,0.04829271761708216,281.05358446277415,176.03816054388918,281.05358446277415,176.03816054388918,0.01009570511404019,3069566.0795974373,0.015639579342549274,0.020922681360674485,15436241927.92975,0.5261044176706827,0.976
2023-10-24,AMZN,ensemble,,7.610529239137048e-05,-0.0480339734002936,0.048186183985076333,285.4950128743488,176.05155848939023,285.4950128743488,176.05155848939023,0.009622230743113093,3221098.3163884985,0.015639579342549274,0.020922681360674485,15436241927.92975,0.5261044176706827,0.976
2023-10-25,AMZN,ensemble,,0.00015575107790150554,-0.04795432761478346,0.04826582977058647,269.57249608510307,176.0789808448665,269.57249608510307,176.0789808448665,0.009171692111806415,3380380.317766743,0.015639579342549274,0.020922681360674485,15436241927.92975,0.5261044176706827,0.976
2023-10-26,AMZN,ensemble,,0.0013377763451516594,-0.04677230234753331,0.04944785503783662,265.5307969082784,176.3146927700847,265.5307969082784,176.3146927700847,0.008752588575448054,3551734.5090127257,0.015639579342549274,0.020922681360674485,15436241927.92975,0.5261044176706827,0.976
2023-10-27,AMZN,ensemble,,0.0016065188981250113,-0.04650355979455995,0.04971659759080998,283.6740279033114,176.59817330348434,283.6740279033114,176.59817330348434,0.008354881125658997,3732777.803187193,0.015639579342549274,0.020922681360674485,15436241927.92975,0.5261044176706827,0.976
2023-10-30,AMZN,ensemble,,-0.0028935680219046482,-0.051003646714589616,0.045216510670780315,294.71099715961185,176.08791306885828,294.71099715961185,176.08791306885828,0.007939436375636443,3905435.053815171,0.015639579342549274,0.020922681360674485,15436241927.92975,0.5261044176706827,0.976
2023-10-31,AMZN,ensemble,,-0.0007818717859950287,-0.048891950478679995,0.047328206906689936,295.5548455157325,175.95028870708884,295.5548455157325,175.95028870708884,0.007560598372225657,4094716.1285323678,0.015639579342549274,0.020922681360674485,15436241927.92975,0.5261044176706827,0.976
2023-11-01,AMZN,ensemble,,-0.0007277938455034775,-0.04883787253818844,0.04738228484718149,304.23784619285914,175.82227975756643,304.23784619285914,175.82227975756643,0.007200226359061576,4293403.084507615,0.015639579342549274,0.020922681360674485,15436241927.92975,0.5261044176706827,0.976
2023-11-02,AMZN,ensemble,,0.0006873571475767793,-0.04742272154510819,0.04879743584026174,306.6140266580482,175.94317400226285,306.6140266580482,175.94317400226285,0.006866741895627128,4508106.020076852,0.015639579342549274,0.020922681360674485,15436241927.92975,0.5261044176706827,0.976
2023-11-03,AMZN,ensemble,,0.0003932738783969168,-0.04771680481428805,0.04850335257108188,307.7910024762827,176.01238146453176,307.7910024762827,176.01238146453176,0.006546777461222392,4732153.889805709,0.015639579342549274,0.020922681360674485,15436241927.92975,0.5261044176706827,0.976
2023-11-06,AMZN,ensemble,,0.0014382716509743552,-0.04667180704171061,0.04954835034365932,310.3226153154638,176.26571722216045,310.3226153154638,176.26571722216045,0.006248248165165895,4972530.259130282,0.015639579342549274,0.020922681360674485,15436241927.92975,0.5261044176706827,0.976
2023-11-07,AMZN,ensemble,,0.0010320219007159132,-0.04707805679196905,0.04914210059340088,316.91813921748485,176.44772120257213,316.91813921748485,176.44772120257213,0.005960909523767323,5222994.610712353,0.015639579342549274,0.020922681360674485,15436241927.92975,0.5261044176706827,0.976
2023-11-08,AMZN,ensemble,,0.0008350687741658126,-0.047275009918519156,0.048945147466850775,315.51907842450777,176.5951287239641,315.51907842450777,176.5951287239641,0.0056856648255579996,5484994.357888987,0.015639579342549274,0.020922681360674485,15436241927.92975,0.5261044176706827,0.976
2023-11-09,AMZN,ensemble,,-0.000263677649425414,-0.04837375634211038,0.04784640104325955,312.2324308878573,176.54857067395054,312.2324308878573,176.54857067395054,0.005417174165616765,5753811.277630614,0.015639579342549274,0.020922681360674485,15436241927.92975,0.5261044176706827,0.976
2023-11-10,AMZN,ensemble,,-9.384261834238143e-05,-0.048203921311027347,0.048016236074342585,318.80572596115826,176.5320036711715,318.80572596115826,176.5320036711715,0.005162238929862003,6036827.962356951,0.015639579342549274,0.020922681360674485,15436241927.92975,0.5261044176706827,0.976
2023-11-13,AMZN,ensemble,,0.0009696366643413632,-0.0471404420283436,0.04907971535702633,316.65163047071184,176.70325858846633,316.65163047071184,176.70325858846633,0.0049245354460171,6340504.995458212,0.015639579342549274,0.020922681360674485,15436241927.92975,0.5261044176706827,0.976
2023-11-14,AMZN,ensemble,,2.9901093564418946e-06,-0.048107088583328524,0.04811306880204141,323.78013798086926,176.70378695132305,323.78013798086926,176.70378695132305,0.004693238500085583,6653023.988098888,0.015639579342549274,0.020922681360674485,15436241927.92975,0.5261044176706827,0.976
2023-11-15,AMZN,ensemble,,0.0010659735675410112,-0.047044105125143953,0.04917605226022598,318.00626749165843,176.89224894740494,318.00626749165843,176.89224894740494,0.004477562219020501,6988371.396548868,0.015639579342549274,0.020922681360674485,15436241927.92975,0.5261044176706827,0.976
2023-11-16,AMZN,ensemble,,0.0009665993104047572,-0.04714347938228021,0.04907667800308972,317.1846140788482,177.06331553635775,317.1846140788482,177.06331553635775,0.0042713727871971875,7339892.645919157,0.015639579342549274,0.020922681360674485,15436241927.92975,0.5261044176706827,0.976
2023-11-17,AMZN,ensemble,,0.0030649894805520462,-0.04504508921213292,0.05117506817323701,322.4032721312026,177.6068452668211,322.4032721312026,177.6068452668211,0.004083237514417715,7725289.39946588,0.015639579342549274,0.020922681360674485,15436241927.92975,0.5261044176706827,0.976
2023-11-20,AMZN,ensemble,,-0.0011187395350312677,-0.049228818227716235,0.046991339157653696,324.51297773502824,177.40826057031646,324.51297773502824,177.40826057031646,0.0038870921699967437,8096975.71915608,0.015639579342549274,0.020922681360674485,15436241927.92975,0.5261044176706827,0.976
2023-11-21,AMZN,ensemble,,-0.0006707064602728689,-0.048780785152957834,0.0474393722324121,319.56076065862766,177.28931159822727,319.56076065862766,177.28931159822727,0.0037020272640659138,8490348.062010853,0.015639579342549274,0.020922681360674485,15436241927.92975,0.5261044176706827,0.976
2023-11-22,AMZN,ensemble,,0.0004754532998098749,-0.04763462539287509,0.04858553199249484,325.800996040634,177.373624428266,325.800996040634,177.373624428266,0.0035298167358823046,8913041.383423436,0.015639579342549274,0.020922681360674485,15436241927.92975,0.5261044176706827,0.976
2023-11-24,AMZN,ensemble,,-0.0005763554397991331,-0.0486864341324841,0.04753372325288583,325.86761475597484,177.2714236297721,325.86761475597484,177.2714236297721,0.003362078955136826,9346942.191144131,0.015639579342549274,0.020922681360674485,15436241927.92975,0.5261044176706827,0.976
2023-11-27,AMZN,ensemble,,0.001145323046038823,-0.04696475564664614,0.04925540173872379,328.0661001330421,177.47457299027454,328.0661001330421,177.47457299027454,0.0032078302167092027,9818856.339096466,0.015639579342549274,0.020922681360674485,15436241927.92975,0.5261044176706827,0.976
2023-11-28,AMZN,ensemble,,0.0009408816008863055,-0.04716919709179866,0.04905096029357127,326.5116069660729,177.6416341306785,326.5116069660729,177.6416341306785,0.0030600325909533907,10312488.262350852,0.015639579342549274,0.020922681360674485,15436241927.92975,0.5261044176706827,0.976
2023-11-29,AMZN,ensemble,,3.018106652154782e-05,-0.048079897626163416,0.048140259759206515,324.93491885579334,177.64699562556262,324.93491885579334,177.64699562556262,0.002916387430254526,10821077.723556941,0.015639579342549274,0.020922681360674485,15436241927.92975,0.5261044176706827,0.976
2023-11-30,AMZN,ensemble,,0.0006041278904239569,-0.047505950802261006,0.048714206583108925,324.42413019096733,177.75434955475635,324.42413019096733,177.75434955475635,0.002781081047490435,11361268.60241862,0.015639579342549274,0.020922681360674485,15436241927.92975,0.5261044176706827,0.976
2023-12-01,AMZN,ensemble,,-0.0002731244914759569,-0.04838320318416092,0.04783695420120901,326.5116069660729,177.70580711779252,326.5116069660729,177.70580711779252,0.0026497267326689266,11917966.292160992,0.015639579342549274,0.020922681360674485,15436241927.92975,0.5261044176706827,0.976
2023-12-04,AMZN,ensemble,,-0.0006015722511320946,-0.04871165094381706,0.04750850644155287,321.6482374337332,177.59893638382238,321.6482374337332,177.59893638382238,0.00252374740897982,12497836.389028765,0.015639579342549274,0.020922681360674485,15436241927.92975,0.5261044176706827,0.976
2023-12-05,AMZN,ensemble,,-5.596930503198156e-05,-0.04816604799771695,0.048054109387652984,326.1785133893687,177.5889965729433,326.1785133893687,177.5889965729433,0.0024050695354092023,13113072.715554161,0.015639579342549274,0.020922681360674485,15436241927.92975,0.5261044176706827,0.976
2023-12-06,AMZN,ensemble,,-0.00023833158177817527,-0.04834841027446314,0.04787174711090679,320.9376265082943,177.54667654978303,320.9376265082943,177.54667654978303,0.0022915544942372908,13756086.723290093,0.015639579342549274,0.020922681360674485,15436241927.92975,0.5261044176706827,0.976
2023-12-07,AMZN,ensemble,,-0.00015946695997051067,-0.048269545652655475,0.047950611732714456,326.1785133893686,177.51836597838115,326.1785133893686,177.51836597838115,0.0021835693624273618,14431769.74447169,0.015639579342549274,0.020922681360674485,15436241927.92975,0.5261044176706827,0.976
2023-12-08,AMZN,ensemble,,0.00045108848762990357,-0.04765899020505506,0.04856116718031487,327.3776841509135,177.59846053312452,327.3776841509135,177.59846053312452,0.002081943577870945,15149888.55557306,0.015639579342549274,0.020922681360674485,15436241927.92975,0.5261044176706827,0.976
2023-12-11,AMZN,ensemble,,-1.0887392608981356e-05,-0.04812096608529395,0.048099191300075984,323.97999412689177,177.59652695948375,323.97999412689177,177.59652695948375,0.0019841307398122438,15896395.209851623,0.015639579342549274,0.020922681360674485,15436241927.92975,0.5261044176706827,0.976
2023-12-12,AMZN,ensemble,,-0.0005919763079745882,-0.04870205500065956,0.047518102384710374,327.5109215815952,177.49142513510944,327.5109215815952,177.49142513510944,0.0018898148263088743,16669996.212286722,0.015639579342549274,0.020922681360674485,15436241927.92975,0.5261044176706827,0.976
2023-12-13,AMZN,ensemble,,-0.0007779709247162636,-0.04888804961740123,0.0473321077679687,330.53109425688234,177.3533956653867,330.53109425688234,177.3533956653867,0.0017996474761822997,17477993.53502777,0.015639579342549274,0.020922681360674485,15436241927.92975,0.5261044176706827,0.976
2023-12-14,AMZN,ensemble,,0.0006040373200645764,-0.04750604137262039,0.04871411601274954,327.3776841509135,177.46055609640032,327.3776841509135,177.46055609640032,0.0017161523132872235,18350497.63719488,0.015639579342549274,0.020922681360674485,15436241927.92975,0.5261044176706827,0.976
2023-12-15,AMZN,ensemble,,-0.0005794515180329583,-0.048689530210717924,0.04753062717465201,333.040512152753,177.35775609446426,333.040512152753,177.35775609446426,0.0016345952620747245,19243769.00917847,0.015639579342549274,0.020922681360674485,15436241927.92975,0.5261044176706827,0.976
2023-12-18,AMZN,ensemble,,-0.0007215113614910919,-0.04883159005417606,0.04738856733119387,342.14545395064476,177.229836611623,342.14545395064476,177.229836611623,0.0015566929037355646,20177656.6913151,0.015639579342549274,0.020922681360674485,15436241927.92975,0.5261044176706827,0.976
2023-12-19,AMZN,ensemble,,-0.002348492961828739,-0.0504585716545137,0.04576158573085623,341.52362279844743,176.81410195375275,341.52362279844743,176.81410195375275,0.001480093210505667,21122471.495583177,0.015639579342549274,0.020922681360674485,15436241927.92975,0.5261044176706827,0.976
2023-12-20,AMZN,ensemble,,-0.0006199650841680821,-0.04873004377685305,0.04749011360851688,337.81503414103184,176.70451735697475,337.81503414103184,176.70451735697475,0.001409697330443295,22149780.509652074,0.015639579342549274,0.020922681360674485,15436241927.92975,0.5261044176706827,0.976
2023-12-21,AMZN,ensemble,,-0.0011021069193135552,-0.04921218561199852,0.04700797177337141,341.63466528581876,176.5098773624655,341.63466528581876,176.5098773624655,0.00134200241281875,23215857.519267026,0.015639579342549274,0.020922681360674485,15436241927.92975,0.5261044176706827,0.976
2023-12-22,AMZN,ensemble,,-0.0005946113403123588,-0.04870469003299732,0.04751546735237261,340.70196938563726,176.4049537851745,340.70196938563726,176.4049537851745,0.0012782067849699409,24345597.352373168,0.015639579342549274,0.020922681360674485,15436241927.92975,0.5261044176706827,0.976
2023-12-26,AMZN,ensemble,,-6.301291804284897e-05,-0.04817309161072782,0.048047065774642114,340.67977444232685,176.39383834449114,340.67977444232685,176.39383834449114,0.0012180912140078266,25543888.5430649,0.015639579342549274,0.020922681360674485,15436241927.92975,0.5261044176706827,0.976
2023-12-27,AMZN,ensemble,,-0.000756237132917381,-0.048866315825602344,0.04735384155976759,340.52430818292515,176.26049320054685,340.52430818292515,176.26049320054685,0.0011599985313107855,26782586.895341888,0.015639579342549274,0.020922681360674485,15436241927.92975,0.5261044176706827,0.976
2023-12-28,AMZN,ensemble,,-0.0001926156553492466,-0.04830269434803421,0.04791746303733572,340.61315572698607,176.22654593962875,340.61315572698607,176.22654593962875,0.0011052991746985218,28097185.092246927,0.015639579342549274,0.020922681360674485,15436241927.92975,0.5261044176706827,0.976
2023-12-29,AMZN,ensemble,,-0.002067840165905188,-0.05017791885859015,0.04604223852677978,337.4153218489868,175.8625141191616,337.4153218489868,175.8625141191616,0.0010512060518296906,29421086.207105525,0.015639579342549274,0.020922681360674485,15436241927.92975,0.5261044176706827,0.976
2023-01-03,GOOGL,lstm,0.010036727716349121,0.00026484369300305843,-0.020692214369773865,0.022347569465637207,160.88669827270266,159.32218934980483,160.88669827270266,159.32218934980483,156.0180050098552,162.87958356959643,0.014098896974030599,0.019436147703033254,1.4527326715713416,0.5983935742971888,0.812
2023-01-04,GOOGL,lstm,-0.011738293794926783,0.0016927291871979833,-0.01797831431031227,0.02115289866924286,159.00920378949922,159.5921133890542,159.00920378949922,159.5921133890542,153.23812673591505,166.36164929018875,0.014098896974030599,0.019436147703033254,1.4527326715713416,0.5983935742971888,0.812
2023-01-05,GOOGL,lstm,-0.021575370936541414,0.002132616238668561,-0.017164641991257668,0.02145719714462757,155.6152656273523,159.93282965076108,155.6152656273523,159.93282965076108,150.63028980579594,169.96987664251066,0.014098896974030599,0.019436147703033254,1.4527326715713416,0.5983935742971888,0.812
2023-01-06,GOOGL,lstm,0.013138363861640698,0.0009651483851484954,-0.022138334810733795,0.021512966603040695,157.6732855126857,160.08726003064905,157.6732855126857,160.08726003064905,147.33223192797632,173.666048275188,0.014098896974030599,0.019436147703033254,1.4527326715713416,0.5983935742971888,0.812
2023-01-09,GOOGL,lstm,0.007755517116575155,0.0008912680787034333,-0.019541291519999504,0.02284895069897175,158.90087752965698,160.23000751688625,158.90087752965698,160.23000751688625,144.481117272772,177.67980746401273,0.014098896974030599,0.019436147703033254,1.4527326715713416,0.5983935742971888,0.812
2023-01-10,GOOGL,lstm,0.0045341444448540385,-0.0005379401263780892,-0.0236542709171772,0.023901406675577164,159.6229929113822,160.14383378235098,159.6229929113822,160.14383378235098,141.10362506727662,181.97776704581224,0.014098896974030599,0.019436147703033254,1.4527326715713416,0.5983935742971888,0.812
2023-01-11,GOOGL,lstm,0.03445932326221194,0.001308805076405406,-0.02016255632042885,0.026310283690690994,165.2193630166433,160.35356347265633,165.2193630166433,160.35356347265633,138.28710614202527,186.82920126601388,0.014098896974030599,0.019436147703033254,1.4527326715713416,0.5983935742971888,0.812
2023-01-12,GOOGL,lstm,-0.004270462582834827,-0.001167234149761498,-0.021861255168914795,0.018680430948734283,164.5153043070927,160.16649787462822,164.5153043070927,160.16649787462822,135.29678179236132,190.35206176199284,0.014098896974030599,0.019436147703033254,1.4527326715713416,0.5983935742971888,0.812
2023-01-13,GOOGL,lstm,0.01080507639887615,-0.0030239594634622335,-0.027223806828260422,0.019108794629573822,166.30254297583377,159.682892353734,166.30254297583377,159.682892353734,131.66317007494524,194.02444661671933,0.014098896974030599,0.019436147703033254,1.4527326715713416,0.5983935742971888,0.812
2023-01-17,GOOGL,lstm,-0.009050842161977515,-0.0024845085572451353,-0.026386931538581848,0.021610651165246964,164.80415596906488,159.2866550702909,164.80415596906488,159.2866550702909,128.23441552845526,198.26306928083636,0.014098896974030599,0.019436147703033254,1.4527326715713416,0.5983935742971888,0.812
2023-01-18,GOOGL,lstm,-0.001863913324371507,-0.002424766542389989,-0.021828509867191315,0.018062178045511246,164.4972614081234,158.90088574069438,164.4972614081234,158.90088574069438,125.46557533692139,201.87666470114388,0.014098896974030599,0.019436147703033254,1.4527326715713416,0.5983935742971888,0.812
2023-01-19,GOOGL,lstm,0.02095966660382842,-0.0014334634179249406,-0.026074716821312904,0.01968793384730816,167.9814553847326,158.67327312092954,167.9814553847326,158.67327312092954,122.23637964143114,205.89058581680078,0.014098896974030599,0.019436147703033254,1.4527326715713416,0.5983935742971888,0.812
2023-01-20,GOOGL,lstm,0.052034489348739034,0.0003241193189751357,-0.02145410142838955,0.020516911521553993,176.9536932067607,158.72470389819506,176.9536932067607,158.72470389819506,119.64184260926851,210.1584560528805,0.014098896974030599,0.019436147703033254,1.4527326715713416,0.5983935742971888,0.812
2023-01-23,GOOGL,lstm,0.017896481836795368,-0.0022718424443155527,-0.025685317814350128,0.018413320183753967,180.14904929460303,158.364515001133,180.14904929460303,158.364515001133,116.6079336960418,214.06401847628277,0.014098896974030599,0.019436147703033254,1.4527326715713416,0.5983935742971888,0.812
2023-01-24,GOOGL,lstm,-0.021166459258030738,-0.0061103422194719315,-0.03138892725110054,0.021344831213355064,176.3760036560216,157.39980368298905,176.3760036560216,157.39980368298905,113.00458155791733,218.68229101158312,0.014098896974030599,0.019436147703033254,1.4527326715713416,0.5983935742971888,0.812
2023-01-25,GOOGL,lstm,-0.025711511226539138,-0.002948411973193288,-0.026073500514030457,0.01666855812072754,171.89891308109483,156.93641044162445,171.89891308109483,156.93641044162445,110.09623792944235,222.35796231104678,0.014098896974030599,0.019436147703033254,1.4527326715713416,0.5983935742971888,0.812
2023-01-26,GOOGL,lstm,0.023867434163797288,-0.0001564770209370181,-0.021228574216365814,0.021201718598604202,176.0510524229055,156.9118558267581,176.0510524229055,156.9118558267581,107.783682346022,227.1226727899886,0.014098896974030599,0.019436147703033254,1.4527326715713416,0.5983935742971888,0.812
2023-01-27,GOOGL,lstm,0.018792834133235115,0.0005146433832123876,-0.026276392862200737,0.02495388127863407,179.39083434173395,156.9926255317509,179.39083434173395,156.9926255317509,104.98840310900192,232.8615720173588,0.014098896974030599,0.019436147703033254,1.4527326715713416,0.5983935742971888,0.812
2023-01-30,GOOGL,lstm,-0.024758029281279244,-0.002467148005962372,-0.021902553737163544,0.019019830971956253,175.0039995812695,156.60577755100675,175.0039995812695,156.60577755100675,102.71388808281249,237.3329507533589,0.014098896974030599,0.019436147703033254,1.4527326715713416,0.5983935742971888,0.812
2023-01-31,GOOGL,lstm,0.01941008846758024,0.0002032354532275349,-0.021175315603613853,0.021497836336493492,178.43402354135497,156.63760796324254,178.43402354135497,156.63760796324254,100.56175463886238,242.4903244511022,0.014098896974030599,0.019436147703033254,1.4527326715713416,0.5983935742971888,0.812
2023-02-01,GOOGL,lstm,0.015958626374414413,0.002273149322718382,-0.016937926411628723,0.02266361564397812,181.30442839608122,156.99406900374154,181.30442839608122,156.99406900374154,98.87279205421011,248.04878385434634,0.014098896974030599,0.019436147703033254,1.4527326715713416,0.5983935742971888,0.812
2023-02-02,GOOGL,lstm,0.07025992698080347,-0.001543343416415155,-0.020688466727733612,0.016826562583446503,194.50103224861837,156.75196044727224,194.50103224861837,156.75196044727224,96.84828027695274,252.25791511742727,0.014098896974030599,0.019436147703033254,1.4527326715713416,0.5983935742971888,0.812
2023-02-03,GOOGL,lstm,-0.027857995094822795,-0.0049149878323078156,-0.02862006239593029,0.016374455764889717,189.1574004609803,155.98342137556264,189.1574004609803,155.98342137556264,94.11576463767038,256.4225153305511,0.014098896974030599,0.019436147703033254,1.4527326715713416,0.5983935742971888,0.812
2023-02-06,GOOGL,lstm,-0.01810524466116076,-0.002961579943075776,-0.02530927211046219,0.017101652920246124,185.7634760720387,155.52214332632448,185.7634760720387,155.52214332632448,91.76365251902725,260.84548312338677,0.014098896974030599,0.019436147703033254,1.4527326715713416,0.5983935742971888,0.812
2023-02-07,GOOGL,lstm,0.04503466251964162,0.0002851692552212626,-0.021998602896928787,0.019643783569335938,194.3205068464884,155.5665087906518,194.3205068464884,155.5665087906518,89.76702432196474,266.0201294273996,0.014098896974030599,0.019436147703033254,1.4527326715713416,0.5983935742971888,0.812
2023-02-08,GOOGL,lstm,-0.07994203530517709,-0.001976720755919814,-0.023135479539632797,0.018309563398361206,179.39083434173392,155.2593020405722,179.39083434173392,155.2593020405722,87.71406280181935,270.9356906482867,0.014098896974030599,0.019436147703033254,1.4527326715713416,0.5983935742971888,0.812
2023-02-09,GOOGL,lstm,-0.044868113180296064,-0.0004611216427292675,-0.022211335599422455,0.02047140523791313,171.51980560466026,155.18772099272232,171.51980560466026,155.18772099272232,85.7872955808018,276.53927333861094,0.014098896974030599,0.019436147703033254,1.4527326715713416,0.5983935742971888,0.812
2023-02-10,GOOGL,lstm,-0.004641873902489823,0.0017505863215774298,-0.02108464390039444,0.02524944767355919,170.725477307442,155.45963131719463,170.725477307442,155.45963131719463,83.99743882682588,283.61062299378915,0.014098896974030599,0.019436147703033254,1.4527326715713416,0.5983935742971888,0.812
2023-02-13,GOOGL,lstm,0.0004228873671524424,0.004456644412130117,-0.01672287844121456,0.027892282232642174,170.79769022293505,156.15399699338224,170.79769022293505,156.15399699338224,82.6044420742784,291.6325231860927,0.014098896974030599,0.019436147703033254,1.4527326715713416,0.5983935742971888,0.812
2023-02-14,GOOGL,lstm,0.0007396027014269233,0.005147045478224754,-0.01889590360224247,0.02601638250052929,170.92405938174656,156.95980341822047,170.92405938174656,156.95980341822047,81.05821238952171,299.3193061468725,0.014098896974030599,0.019436147703033254,1.4527326715713416,0.5983935742971888,0.812
2023-02-15,GOOGL,lstm,0.02358946773292744,0.00052637979388237,-0.02201586216688156,0.022845234721899033,175.0039995812695,157.04245019962906,175.0039995812695,157.04245019962906,79.29314507000628,306.23604968994266,0.014098896974030599,0.019436147703033254,1.4527326715713416,0.5983935742971888,0.812
2023-02-16,GOOGL,lstm,-0.014861279188735045,0.002025402383878827,-0.019378945231437683,0.02231726050376892,172.42244638851545,157.3608555885798,172.42244638851545,157.3608555885798,77.77131950330816,313.14721751982,0.014098896974030599,0.019436147703033254,1.4527326715713416,0.5983935742971888,0.812
2023-02-17,GOOGL,lstm,-0.01221972077118763,-0.0009871511720120907,-0.02437906339764595,0.023397665470838547,170.32831315883288,157.20559775303917,170.32831315883288,157.20559775303917,75.89825404609863,320.56051894394494,0.014098896974030599,0.019436147703033254,1.4527326715713416,0.5983935742971888,0.812
2023-02-21,GOOGL,lstm,-0.027507886436870903,0.0026546958833932877,-0.020794790238142014,0.02214755490422249,165.70679675292,157.62348921063202,165.70679675292,157.62348921063202,74.33626393021643,327.7393618567154,0.014098896974030599,0.019436147703033254,1.4527326715713416,0.5983935742971888,0.812
2023-02-22,GOOGL,lstm,-0.0015263782704581779,0.002707701874896884,-0.01707451418042183,0.02598191797733307,165.454058435297,158.0508719494721,165.454058435297,158.0508719494721,73.07778317987244,336.36623690116346,0.014098896974030599,0.019436147703033254,1.4527326715713416,0.5983935742971888,0.812
2023-02-23,GOOGL,lstm,-0.008327013519291087,0.0005874267080798745,-0.023162495344877243,0.02337482199072838,164.0820405873396,158.1437398898788,164.0820405873396,158.1437398898788,71.40457307638546,344.32135537508617,0.014098896974030599,0.019436147703033254,1.4527326715713416,0.5983935742971888,0.812
2023-02-24,GOOGL,lstm,-0.019554030088237,0.0034832912497222424,-0.015851207077503204,0.023097805678844452,160.90474117167187,158.69556272035516,160.90474117167187,158.69556272035516,70.28164985899232,352.36696459071965,0.014098896974030599,0.019436147703033254,1.4527326715713416,0.5983935742971888,0.812
2023-02-27,GOOGL,lstm,0.008268264904839926,0.0010266837198287249,-0.021407753229141235,0.025171268731355667,162.2406594484854,158.85857899957114,162.2406594484854,158.85857899957114,68.79306958028913,361.3490666000593,0.014098896974030599,0.019436147703033254,1.4527326715713416,0.5983935742971888,0.812
2023-02-28,GOOGL,lstm,0.002111875532757209,0.0041902498342096806,-0.016287576407194138,0.02398604527115822,162.58365358057077,159.52563062323514,162.58365358057077,159.52563062323514,67.68167212730714,370.1211830966901,0.014098896974030599,0.019436147703033254,1.4527326715713416,0.5983935742971888,0.812
2023-03-01,GOOGL,lstm,0.00332561058970634,0.0011639498407021165,-0.02121720276772976,0.02513887919485569,163.125243560166,159.71142609862142,163.125243560166,159.71142609862142,66.26078275984644,379.5435436377772,0.014098896974030599,0.019436147703033254,1.4527326715713416,0.5983935742971888,0.812
2023-03-02,GOOGL,lstm,0.01798687869457244,0.0012838819529861212,-0.019899222999811172,0.023913078010082245,166.0859042293546,159.916610324546,166.0859042293546,159.916610324546,64.95527612606415,388.72898090122106,0.014098896974030599,0.019436147703033254,1.4527326715713416,0.5983935742971888,0.812
2023-03-03,GOOGL,lstm,0.017775868134478394,0.00156285404227674,-0.017581548541784286,0.019687127321958542,169.0646215707178,160.16672404156057,169.0646215707178,160.16672404156057,63.82324068603333,396.45776908045525,0.014098896974030599,0.019436147703033254,1.4527326715713416,0.5983935742971888,0.812
2023-03-06,GOOGL,lstm,0.01567990316296556,-0.0004702435398939997,-0.022611938416957855,0.01901838183403015,171.7364305779342,160.09141982426732,171.7364305779342,160.09141982426732,62.396269240517185,404.0698871004145,0.014098896974030599,0.019436147703033254,1.4527326715713416,0.5983935742971888,0.812
2023-03-07,GOOGL,lstm,-0.01344003147742603,-0.0006543505005538464,-0.02213306725025177,0.020877301692962646,169.44372904715235,159.98669426476022,169.44372904715235,159.98669426476022,61.03041958637204,412.5944308697663,0.014098896974030599,0.019436147703033254,1.4527326715713416,0.5983935742971888,0.812
2023-03-08,GOOGL,lstm,0.004146509459061792,-0.0011241472093388438,-0.023982293903827667,0.022480443120002747,170.14778775670297,159.80695114169401,170.14778775670297,159.80695114169401,59.58418059684279,421.9747651139374,0.014098896974030599,0.019436147703033254,1.4527326715713416,0.5983935742971888,0.812
2023-03-09,GOOGL,lstm,-0.020690026873960918,-0.0020357121247798204,-0.02109488844871521,0.017123643308877945,166.66359378009372,159.481959595659,166.66359378009372,159.481959595659,58.34042256605398,429.26270895035304,0.014098896974030599,0.019436147703033254,1.4527326715713416,0.5983935742971888,0.812
2023-03-10,GOOGL,lstm,-0.018475545692909455,-0.00042211415711790323,-0.018038151785731316,0.01722525991499424,163.61266352323747,159.41465806756653,163.61266352323747,159.41465806756653,57.29750313801877,436.7209405549406,0.014098896974030599,0.019436147703033254,1.4527326715713416,0.5983935742971888,0.812
2023-03-13,GOOGL,lstm,0.005282320663579542,-0.001600136049091816,-0.02103063464164734,0.014997038058936596,164.4792047359488,159.15978033409726,164.4792047359488,159.15978033409726,56.1050835781739,443.3198008971118,0.014098896974030599,0.019436147703033254,1.4527326715713416,0.5983935742971888,0.812
2023-03-14,GOOGL,lstm,0.030908020960493485,-0.0023724990896880627,-0.019985655322670937,0.01589713804423809,169.64231112145688,158.7826191062307,169.64231112145688,158.7826191062307,54.99491815377546,450.42360734945646,0.014098896974030599,0.019436147703033254,1.4527326715713416,0.5983935742971888,0.812
2023-03-15,GOOGL,lstm,0.022517779800422154,-0.002741477219387889,-0.021830536425113678,0.019681066274642944,173.50561257450065,158.34791978077834,173.50561257450065,158.34791978077834,53.80735855430574,459.37622843993887,0.014098896974030599,0.019436147703033254,1.4527326715713416,0.5983935742971888,0.812
2023-03-16,GOOGL,lstm,0.042871698656842046,-0.0052236225455999374,-0.026695616543293,0.019053135067224503,181.10584632177668,157.52292990640836,181.10584632177668,157.52292990640836,52.3899408173492,468.21272037918857,0.014098896974030599,0.019436147703033254,1.4527326715713416,0.5983935742971888,0.812
2023-03-17,GOOGL,lstm,0.012875319350965473,-0.005272896960377693,-0.030682088807225227,0.020853379741311073,183.4527178690823,156.69451098687475,183.4527178690823,156.69451098687475,50.806918117530024,478.07908034689575,0.014098896974030599,0.019436147703033254,1.4527326715713416,0.5983935742971888,0.812
2023-03-20,GOOGL,lstm,-0.003944015347720442,-0.005822169594466686,-0.02619127556681633,0.014039532281458378,182.7306024873571,155.7848595529254,182.7306024873571,155.7848595529254,49.49349579104927,484.83843936884347,0.014098896974030599,0.019436147703033254,1.4527326715713416,0.5983935742971888,0.812
2023-03-21,GOOGL,lstm,0.0359017597009277,-0.006745051126927137,-0.02831830270588398,0.01598743163049221,189.41013877860337,154.7376221548912,189.41013877860337,154.7376221548912,48.11158390642148,492.6520490426146,0.014098896974030599,0.019436147703033254,1.4527326715713416,0.5983935742971888,0.812
2023-03-22,GOOGL,lstm,-0.014883326395969086,-0.00764121301472187,-0.023828724399209023,0.010327594354748726,186.61196061257547,153.55974248013462,186.61196061257547,153.55974248013462,46.97869787404475,497.7663204910811,0.014098896974030599,0.019436147703033254,1.4527326715713416,0.5983935742971888,0.812
2023-03-23,GOOGL,lstm,0.021343545671759247,-0.006020945962518454,-0.026663566008210182,0.01201138086616993,190.63773079557464,152.63794739655717,190.63773079557464,152.63794739655717,45.74263107822823,503.78121364652463,0.014098896974030599,0.019436147703033254,1.4527326715713416,0.5983935742971888,0.812
2023-03-24,GOOGL,lstm,-0.0015162629138934837,-0.0037068482488393784,-0.021240171045064926,0.016054827719926834,190.34889290680775,152.073193352463,190.34889290680775,152.073193352463,44.7812956862439,511.9346351046164,0.014098896974030599,0.019436147703033254,1.4527326715713416,0.5983935742971888,0.812
2023-03-27,GOOGL,lstm,-0.028669624333061607,-0.00475657545030117,-0.022268207743763924,0.014525940641760826,184.9691477748205,151.3515597308675,184.9691477748205,151.3515597308675,43.79511625592623,519.4252558347794,0.014098896974030599,0.019436147703033254,1.4527326715713416,0.5983935742971888,0.812
2023-03-28,GOOGL,lstm,-0.014054979218534963,-0.0025448547676205635,-0.024030476808547974,0.020313367247581482,182.38759458206644,150.96688435573472,182.38759458206644,150.96688435573472,42.75524297083563,530.0844047442488,0.014098896974030599,0.019436147703033254,1.4527326715713416,0.5983935742971888,0.812
2023-03-29,GOOGL,lstm,0.003556970587588478,-0.00044934439938515425,-0.01848764158785343,0.016208866611123085,183.0374970482986,150.89906396125514,183.0374970482986,150.89906396125514,41.97206018411565,538.7464986260385,0.014098896974030599,0.019436147703033254,1.4527326715713416,0.5983935742971888,0.812
2023-03-30,GOOGL,lstm,-0.004943652574034168,-0.0010006141383200884,-0.025141242891550064,0.020186543464660645,182.1348562644434,150.74814885148925,182.1348562644434,150.74814885148925,40.92998467568732,549.7324570308147,0.014098896974030599,0.019436147703033254,1.4527326715713416,0.5983935742971888,0.812
2023-03-31,GOOGL,lstm,0.027760593435346734,0.00039931581704877317,-0.02280507981777191,0.02069469913840294,187.26186307880766,150.80835029357027,187.26186307880766,150.80835029357027,40.007136040777915,561.2275073207866,0.014098896974030599,0.019436147703033254,1.4527326715713416,0.5983935742971888,0.812
2023-04-03,GOOGL,lstm,0.006055064311086697,-0.001334529835730791,-0.02338767796754837,0.016986552625894547,188.3991855081113,150.60722414499958,188.3991855081113,150.60722414499958,39.082319459213565,570.8422808689817,0.014098896974030599,0.019436147703033254,1.4527326715713416,0.5983935742971888,0.812
2023-04-04,GOOGL,lstm,0.0034436671414255896,-0.0015114970738068223,-0.02783145383000374,0.022272054105997086,189.04908797434345,150.37974974997275,189.04908797434345,150.37974974997275,38.009599659832666,583.6987751097442,0.014098896974030599,0.019436147703033254,1.4527326715713416,0.5983935742971888,0.812
2023-04-05,GOOGL,lstm,-0.0023901727243327772,-0.0014160099672153592,-0.022126011550426483,0.017385683953762054,188.59776758241586,150.1669602586135,188.59776758241586,150.1669602586135,37.17783517753046,593.9355167357471,0.014098896974030599,0.019436147703033254,1.4527326715713416,0.5983935742971888,0.812
2023-04-06,GOOGL,lstm,0.03711259640951901,-0.00040155905298888683,-0.023807847872376442,0.02495514042675495,195.72862426558973,150.10666869150833,195.72862426558973,150.10666869150833,36.30316457195482,608.9437628343878,0.014098896974030599,0.019436147703033254,1.4527326715713416,0.5983935742971888,0.812
2023-04-10,GOOGL,lstm,-0.01843108789724676,-0.003797080833464861,-0.026465274393558502,0.017823033034801483,192.1541744745182,149.5377791676397,192.1541744745182,149.5377791676397,35.354992736783544,619.8943014180635,0.014098896974030599,0.019436147703033254,1.4527326715713416,0.5983935742971888,0.812
2023-04-11,GOOGL,lstm,-0.01029334328011517,-0.0026367490645498037,-0.021287444978952408,0.01936323195695877,190.1864104036471,149.14400528132586,190.1864104036471,149.14400528132586,34.61032843828508,632.0143962011886,0.014098896974030599,0.019436147703033254,1.4527326715713416,0.5983935742971888,0.812
2023-04-12,GOOGL,lstm,-0.006762243890279412,-0.0023081444669514894,-0.02324998565018177,0.0196575615555048,188.90466214335737,148.80015263471978,188.90466214335737,148.80015263471978,33.81492207670819,644.5611726644325,0.014098896974030599,0.019436147703033254,1.4527326715713416,0.5983935742971888,0.812
2023-04-13,GOOGL,lstm,0.026313593643127083,-0.0005171157536096871,-0.02042621187865734,0.01897815428674221,193.94139937005394,148.72322136531528,193.94139937005394,148.72322136531528,33.13121722055453,656.9106013457823,0.014098896974030599,0.019436147703033254,1.4527326715713416,0.5983935742971888,0.812
2023-04-14,GOOGL,lstm,0.013315059602032008,-0.001661575399339199,-0.022422853857278824,0.017849203199148178,196.5410092349826,148.47631580692658,196.5410092349826,148.47631580692658,32.396587307905925,668.7411830331985,0.014098896974030599,0.019436147703033254,1.4527326715713416,0.5983935742971888,0.812
2023-04-17,GOOGL,lstm,-0.026998488415105222,-0.002975274110212922,-0.028597120195627213,0.02215270698070526,191.30568993398143,148.03521133472066,191.30568993398143,148.03521133472066,31.483259384618183,683.7209202263859,0.014098896974030599,0.019436147703033254,1.4527326715713416,0.5983935742971888,0.812
2023-04-18,GOOGL,lstm,-0.01396897530120632,-0.002142601413652301,-0.026608582586050034,0.021873220801353455,188.65192382573431,147.71837400195895,188.65192382573431,147.71837400195895,30.656581600892608,698.8408324631284,0.014098896974030599,0.019436147703033254,1.4527326715713416,0.5983935742971888,0.812
2023-04-19,GOOGL,lstm,-0.003066896158507629,0.004014382604509592,-0.01658271625638008,0.024095263332128525,188.0742342749952,148.31256806776202,188.0742342749952,148.31256806776202,30.15240363226211,715.884131702542,0.014098896974030599,0.019436147703033254,1.4527326715713416,0.5983935742971888,0.812
2023-04-20,GOOGL,lstm,0.010598281317602416,0.0017064420972019434,-0.016657890751957893,0.022331329062581062,190.07809791701015,148.5658728070831,190.07809791701015,148.5658728070831,29.65428881476733,732.0506072814703,0.014098896974030599,0.019436147703033254,1.4527326715713416,0.5983935742971888,0.812
2023-04-21,GOOGL,lstm,0.0011390864447113438,0.00021634351287502795,-0.022975362837314606,0.023401744663715363,190.29473666348932,148.59801724143324,190.29473666348932,148.59801724143324,28.9807384158176,749.3838868637404,0.014098896974030599,0.019436147703033254,1.4527326715713416,0.5983935742971888,0.812
2023-04-24,GOOGL,lstm,0.005298503697400243,0.0015568715753033757,-0.021152419969439507,0.028181957080960274,191.30568993398143,148.8295426727498,191.30568993398143,148.8295426727498,28.374163149921806,770.8033851348861,0.014098896974030599,0.019436147703033254,1.4527326715713416,0.5983935742971888,0.812
2023-04-25,GOOGL,lstm,-0.020208511077055274,-0.001184040796943009,-0.019767265766859055,0.020222153514623642,187.47848805208153,148.65342805929532,187.47848805208153,148.65342805929532,27.818791339863406,786.5494040794916,0.014098896974030599,0.019436147703033254,1.4527326715713416,0.5983935742971888,0.812
2023-04-26,GOOGL,lstm,-0.0013490018551372183,-0.0009024915052577853,-0.02305593714118004,0.02266858145594597,187.2257497344585,148.5193342394238,187.2257497344585,148.5193342394238,27.184740982422753,804.5830333641845,0.014098896974030599,0.019436147703033254,1.4527326715713416,0.5983935742971888,0.812
2023-04-27,GOOGL,lstm,0.03672913879430074,-0.001277516013942659,-0.023483097553253174,0.02192629501223564,194.23023725882086,148.32972378080694,194.23023725882086,148.32972378080694,26.553796404020318,822.4193501941604,0.014098896974030599,0.019436147703033254,1.4527326715713416,0.5983935742971888,0.812
2023-04-28,GOOGL,lstm,-0.0023263399364103357,-0.00045931630302220583,-0.02094613015651703,0.02193295583128929,193.77891686689327,148.26161163442893,193.77891686689327,148.26161163442893,26.003381609405327,840.6566578742627,0.014098896974030599,0.019436147703033254,1.4527326715713416,0.5983935742971888,0.812
2023-05-01,GOOGL,lstm,-0.00130511246295864,-0.0022917487658560276,-0.025097591802477837,0.017702052369713783,193.52617854927024,147.92222355032604,193.52617854927024,147.92222355032604,25.358880509349405,855.6705313523661,0.014098896974030599,0.019436147703033254,1.4527326715713416,0.5983935742971888,0.812
2023-05-02,GOOGL,lstm,-0.017692888438307686,0.0002899747632909566,-0.021912377327680588,0.022623717784881592,190.13225416032867,147.9651263501586,190.13225416032867,147.9651263501586,24.809251195426597,875.2496653565333,0.014098896974030599,0.019436147703033254,1.4527326715713416,0.5983935742971888,0.812
2023-05-03,GOOGL,lstm,0.0008542112781683215,-0.0019364687614142895,-0.020705755800008774,0.016611717641353607,190.29473666348937,147.6788747988913,190.29473666348937,147.6788747988913,24.300838889043153,889.9104954046466,0.014098896974030599,0.019436147703033254,1.4527326715713416,0.5983935742971888,0.812
2023-05-04,GOOGL,lstm,-0.006853917357069822,0.0014977364335209131,-0.019496623426675797,0.023529604077339172,188.99493173102505,147.9002186133652,188.99493173102505,147.9002186133652,23.83164334181013,911.098017107021,0.014098896974030599,0.019436147703033254,1.4527326715713416,0.5983935742971888,0.812
2023-05-05,GOOGL,lstm,0.008370611459258081,0.0012382897548377514,-0.021901369094848633,0.02409626916050911,190.58357455225627,148.08347605873246,190.58357455225627,148.08347605873246,23.31537252900438,933.3187040460111,0.014098896974030599,0.019436147703033254,1.4527326715713416,0.5983935742971888,0.812
2023-05-08,GOOGL,lstm,0.020625058348825418,-0.0017609765054658055,-0.02421635389328003,0.0209522508084774,194.55518849193697,147.8229365242649,194.55518849193697,147.8229365242649,22.75754097463565,953.0800838006055,0.014098896974030599,0.019436147703033254,1.4527326715713416,0.5983935742971888,0.812
2023-05-09,GOOGL,lstm,-0.0039047853489514346,-0.002949557965621352,-0.02531355433166027,0.018222825601696968,193.7969735390679,147.38757067217495,193.7969735390679,147.38757067217495,22.188696588256875,970.6070559904492,0.014098896974030599,0.019436147703033254,1.4527326715713416,0.5983935742971888,0.812
2023-05-10,GOOGL,lstm,0.04016972338294418,-0.002585633657872677,-0.02446206845343113,0.020518241450190544,201.7402151916346,147.00697003427405,201.7402151916346,147.00697003427405,21.652500684062126,990.7278740350606,0.014098896974030599,0.019436147703033254,1.4527326715713416,0.5983935742971888,0.812
2023-05-11,GOOGL,lstm,0.04222771482010128,-0.0037598065100610256,-0.02375114895403385,0.020845329388976097,210.44167179707043,146.4552869755158,210.44167179707043,146.4552869755158,21.144288434969546,1011.596726723626,0.014098896974030599,0.019436147703033254,1.4527326715713416,0.5983935742971888,0.812
2023-05-12,GOOGL,lstm,0.008031506211207752,-0.004895394667983055,-0.02560855634510517,0.015275130048394203,212.1386408781439,145.74008597542712,212.1386408781439,145.74008597542712,20.609687751871945,1027.1676511191015,0.014098896974030599,0.019436147703033254,1.4527326715713416,0.5983935742971888,0.812
2023-05-15,GOOGL,lstm,-0.008546329957969171,-0.005632472690194845,-0.027213895693421364,0.015699991956353188,210.3333593104335,144.92151275197716,210.3333593104335,144.92151275197716,20.056380592440075,1043.4213888083045,0.014098896974030599,0.019436147703033254,1.4527326715713416,0.5983935742971888,0.812
2023-05-16,GOOGL,lstm,0.025422943186681184,-0.004452251363545656,-0.023383334279060364,0.014819894917309284,215.74920401356462,144.27772296317045,215.74920401356462,144.27772296317045,19.59283634809094,1058.999929183526,0.014098896974030599,0.019436147703033254,1.4527326715713416,0.5983935742971888,0.812
2023-05-17,GOOGL,lstm,0.011067258459331427,-0.004548246506601572,-0.028157897293567657,0.016438618302345276,218.15021803098335,143.62299930937246,218.15021803098335,143.62299930937246,19.04883821315959,1076.5523256185354,0.014098896974030599,0.019436147703033254,1.4527326715713416,0.5983935742971888,0.812
2023-05-18,GOOGL,lstm,0.01633397424519919,-0.005772578530013561,-0.028212005272507668,0.017049996182322502,221.74273826743485,142.79631093507325,221.74273826743485,142.79631093507325,18.518941713151925,1095.0649115058632,0.014098896974030599,0.019436147703033254,1.4527326715713416,0.5983935742971888,0.812
2023-05-19,GOOGL,lstm,-0.0005700533050127076,-0.003717882325872779,-0.028325725346803665,0.020252779126167297,221.61636910862333,142.26639594090392,221.61636910862333,142.26639594090392,18.00173928754253,1117.4691668289386,0.014098896974030599,0.019436147703033254,1.4527326715713416,0.5983935742971888,0.812
2023-05-22,GOOGL,lstm,0.01848243457471137,-0.0021363503765314817,-0.02408885583281517,0.020323872566223145,225.75046555146474,141.9627874017835,225.75046555146474,141.9627874017835,17.573279373597032,1140.4127907305976,0.014098896974030599,0.019436147703033254,1.4527326715713416,0.5983935742971888,0.812
2023-05-23,GOOGL,lstm,-0.020112995655737757,-0.003935137763619423,-0.02330932952463627,0.016134334728121758,221.25530453115806,141.40524138075764,221.25530453115806,141.40524138075764,17.16839526595317,1158.961780264125,0.014098896974030599,0.019436147703033254,1.4527326715713416,0.5983935742971888,0.812
2023-05-24,GOOGL,lstm,-0.013636915830443887,-0.0016227775486186147,-0.022542905062437057,0.01948491856455803,218.2585442908256,141.17595493737383,218.2585442908256,141.17595493737383,16.7856996036943,1181.765477573585,0.014098896974030599,0.019436147703033254,1.4527326715713416,0.5983935742971888,0.812
2023-05-25,GOOGL,lstm,0.021115456578262352,0.00043274249765090644,-0.018338650465011597,0.017332054674625397,222.91617404108766,141.23706279846087,222.91617404108766,141.23706279846087,16.4806774434754,1202.4264195529295,0.014098896974030599,0.019436147703033254,1.4527326715713416,0.5983935742971888,0.812
2023-05-26,GOOGL,lstm,0.009109638032861519,-0.0018048391211777925,-0.022074980661273003,0.01969372294843197,224.9561372542465,140.98238139835004,224.9561372542465,140.98238139835004,16.120852805891452,1226.3413317574586,0.014098896974030599,0.019436147703033254,1.4527326715713416,0.5983935742971888,0.812
2023-05-30,GOOGL,lstm,-0.007572151904878239,-0.0011077827075496316,-0.02200162038207054,0.0211593396961689,223.25916817317304,140.82629186988035,223.25916817317304,140.82629186988035,15.770041160194875,1252.5664390890493,0.014098896974030599,0.019436147703033254,1.4527326715713416,0.5983935742971888,0.812
2023-05-31,GOOGL,lstm,-0.006489804714951977,0.0003021162992808968,-0.024239355698227882,0.0269943680614233,221.81495118292793,140.8688489484672,221.81495118292793,140.8688489484672,15.392380937107617,1286.8391482438542,0.014098896974030599,0.019436147703033254,1.4527326715713416,0.5983935742971888,0.812
2023-06-01,GOOGL,lstm,0.006894049450487767,-0.003548386739566922,-0.026469994336366653,0.02188023552298546,223.34943776084066,140.36987384518065,223.34943776084066,140.36987384518065,14.990289635656689,1315.3057162635027,0.014098896974030599,0.019436147703033254,1.4527326715713416,0.5983935742971888,0.812
2023-06-02,GOOGL,lstm,0.007649273986143381,-0.0007465408998541534,-0.0236104317009449,0.02411535754799843,225.0644497408834,140.26512280540493,225.0644497408834,140.26512280540493,14.640507609485743,1347.4103027839483,0.014098896974030599,0.019436147703033254,1.4527326715713416,0.5983935742971888,0.812
2023-06-05,GOOGL,lstm,0.010691054164794572,-0.0021995240822434425,-0.021944768726825714,0.01709110662341118,227.48353420368207,139.95694815403667,227.48353420368207,139.95694815403667,14.322724460476662,1370.636989740052,0.014098896974030599,0.019436147703033254,1.4527326715713416,0.5983935742971888,0.812
2023-06-06,GOOGL,lstm,0.010263752062225948,-0.0033508148044347763,-0.02872684970498085,0.018912911415100098,229.83039197778237,139.48876536368283,229.83039197778237,139.48876536368283,13.917131161137101,1396.8064486285514,0.014098896974030599,0.019436147703033254,1.4527326715713416,0.5983935742971888,0.812
2023-06-07,GOOGL,lstm,-0.0385140079119105,-0.0027776863425970078,-0.025185873731970787,0.019523976370692253,221.14699204452117,139.10184844768617,221.14699204452117,139.10184844768617,13.570993330291389,1424.3455856255096,0.014098896974030599,0.019436147703033254,1.4527326715713416,0.5983935742971888,0.812
2023-06-08,GOOGL,lstm,-0.0029431071869402328,0.0008637444698251784,-0.018837448209524155,0.02107607200741768,220.497089578289,139.22205305128634,220.497089578289,139.22205305128634,13.317743104876499,1454.6837475126354,0.014098896974030599,0.019436147703033254,1.4527326715713416,0.5983935742971888,0.812
2023-06-09,GOOGL,lstm,0.0007366204554022549,-0.002398108132183552,-0.021640244871377945,0.01809333637356758,220.65957208144974,138.88858662861728,220.65957208144974,138.88858662861728,13.032639750018532,1481.2433278488827,0.014098896974030599,0.019436147703033254,1.4527326715713416,0.5983935742971888,0.812
2023-06-12,GOOGL,lstm,0.011469569074149968,0.0008049228927120566,-0.02085031569004059,0.024129774421453476,223.20501192985458,139.00042787840226,223.20501192985458,139.00042787840226,12.763718105186687,1517.4200915359802,0.014098896974030599,0.019436147703033254,1.4527326715713416,0.5983935742971888,0.812
2023-06-13,GOOGL,lstm,0.0015355596864558589,0.0012280094670131803,-0.022833846509456635,0.024977758526802063,223.54801983514528,139.1712329047631,223.54801983514528,139.1712329047631,12.475575382049353,1555.7991013265098,0.014098896974030599,0.019436147703033254,1.4527326715713416,0.5983935742971888,0.812
2023-06-14,GOOGL,lstm,-0.0012929590658569334,-0.00026754653663374484,-0.022090820595622063,0.02075040526688099,223.25916817317307,139.1340038142348,223.25916817317307,139.1340038142348,12.203001288918012,1588.4199224133831,0.014098896974030599,0.019436147703033254,1.4527326715713416,0.5983935742971888,0.812
2023-06-15,GOOGL,lstm,0.011416736002860521,0.00042373890755698085,-0.02187654748558998,0.023905109614133835,225.8226646937525,139.19296727796558,225.8226646937525,139.19296727796558,11.938940672786504,1626.8488319528476,0.014098896974030599,0.019436147703033254,1.4527326715713416,0.5983935742971888,0.812
2023-06-16,GOOGL,lstm,-0.012549417283966163,-0.0022890272084623575,-0.02400273270905018,0.016861388459801674,223.00642985555,138.87471172085867,223.00642985555,138.87471172085867,11.655784981853925,1654.5123725469784,0.014098896974030599,0.019436147703033254,1.4527326715713416,0.5983935742971888,0.812
2023-06-20,GOOGL,lstm,-0.0034870108719211057,-0.0026504364795982838,-0.026344183832406998,0.02194283902645111,222.23015823050633,138.50712104323372,222.23015823050633,138.50712104323372,11.352732221329205,1691.218268278485,0.014098896974030599,0.019436147703033254,1.4527326715713416,0.5983935742971888,0.812
2023-06-21,GOOGL,lstm,-0.020932390852499306,-0.0003339883405715227,-0.022698774933815002,0.0199090875685215,217.62669849676809,138.46087279250582,217.62669849676809,138.46087279250582,11.097941538447508,1725.22626712025,0.014098896974030599,0.019436147703033254,1.4527326715713416,0.5983935742971888,0.812
2023-06-22,GOOGL,lstm,0.021338507014489784,-0.00016143685206770897,-0.02226400002837181,0.02228628471493721,222.320427818174,138.4385239091439,222.320427818174,138.4385239091439,10.853586890915757,1764.106856819886,0.014098896974030599,0.019436147703033254,1.4527326715713416,0.5983935742971888,0.812
2023-06-23,GOOGL,lstm,-0.006599113076405469,0.0015171208651736379,-0.020702818408608437,0.02271241880953312,220.85814038254898,138.64870813047202,220.85814038254898,138.64870813047202,10.63119699633756,1804.6325287728885,0.014098896974030599,0.019436147703033254,1.4527326715713416,0.5983935742971888,0.812
2023-06-26,GOOGL,lstm,-0.03324221757766285,-0.0003878346469718963,-0.022999070584774017,0.019102849066257477,213.6370141117075,138.5949418503516,213.6370141117075,138.5949418503516,10.389479627220304,1839.4375980922057,0.014098896974030599,0.019436147703033254,1.4527326715713416,0.5983935742971888,0.812
2023-06-27,GOOGL,lstm,-8.44594322829457e-05,0.0009465028415434062,-0.01865822821855545,0.018465928733348846,213.61897121273822,138.72619106572313,213.61897121273822,138.72619106572313,10.197427518797221,1873.72018614478,0.014098896974030599,0.019436147703033254,1.4527326715713416,0.5983935742971888,0.812
2023-06-28,GOOGL,lstm,0.015513274574499667,0.0012090234085917473,-0.023366782814264297,0.02272220328450203,216.95873935836136,138.89401311521394,216.95873935836136,138.89401311521394,9.961908693616623,1916.7826960018208,0.014098896974030599,0.019436147703033254,1.4527326715713416,0.5983935742971888,0.812
2023-06-29,GOOGL,lstm,-0.00902715789559571,-0.00019128840358462185,-0.021892305463552475,0.022784031927585602,215.00903195966487,138.867446676057,215.00903195966487,138.867446676057,9.746189268516558,1960.9559880177396,0.014098896974030599,0.019436147703033254,1.4527326715713416,0.5983935742971888,0.812
2023-06-30,GOOGL,lstm,0.005025123519365804,-0.0014730714028701186,-0.024195436388254166,0.01788812130689621,216.09219814565006,138.66303430733552,216.09219814565006,138.66303430733552,9.513205654654728,1996.3495197309633,0.014098896974030599,0.019436147703033254,1.4527326715713416,0.5983935742971888,0.812
2023-07-03,GOOGL,lstm,0.0016694876908567673,0.0001882225478766486,-0.019700679928064346,0.020810198038816452,216.4532627231153,138.68913505386834,216.4532627231153,138.68913505386834,9.327623132959792,2038.3293169251465,0.014098896974030599,0.019436147703033254,1.4527326715713416,0.5983935742971888,0.812
2023-07-05,GOOGL,lstm,0.01531168720296794,-0.0010525004472583532,-0.023031948134303093,0.02074008248746395,219.79303086873844,138.5432393018815,219.79303086873844,138.5432393018815,9.11524494540483,2081.045841398276,0.014098896974030599,0.019436147703033254,1.4527326715713416,0.5983935742971888,0.812
2023-07-06,GOOGL,lstm,-0.013561767314695373,-0.0016219019889831543,-0.02451760321855545,0.0206017903983593,216.83237019954984,138.31871741855002,216.83237019954984,138.31871741855002,8.894478152503314,2124.3638337879643,0.014098896974030599,0.019436147703033254,1.4527326715713416,0.5983935742971888,0.812
2023-07-07,GOOGL,lstm,-0.005258973203898321,-0.003288850886747241,-0.023861248046159744,0.020842045545578003,215.69504777024622,137.86455606147888,215.69504777024622,137.86455606147888,8.684756829912347,2169.104434196914,0.014098896974030599,0.019436147703033254,1.4527326715713416,0.5983935742971888,0.812
2023-07-10,GOOGL,lstm,-0.02568705132034929,-0.0020590906497091055,-0.021284250542521477,0.017755484208464622,210.22503305059132,137.5809746955549,210.22503305059132,137.5809746955549,8.501861632707152,2207.9618941884296,0.014098896974030599,0.019436147703033254,1.4527326715713416,0.5983935742971888,0.812
2023-07-11,GOOGL,lstm,0.005907825327434819,-0.00025940636987797916,-0.021828841418027878,0.020576495677232742,211.4706817397372,137.5452862713327,211.4706817397372,137.5452862713327,8.318286724140506,2253.864590142143,0.014098896974030599,0.019436147703033254,1.4527326715713416,0.5983935742971888,0.812
2023-07-12,GOOGL,lstm,0.015165291853974907,-0.0001998347433982417,-0.020971085876226425,0.020367007702589035,214.7021373987234,137.5178054425956,214.7021373987234,137.5178054425956,8.145659582450003,2300.239839748788,0.014098896974030599,0.019436147703033254,1.4527326715713416,0.5983935742971888,0.812
2023-07-13,GOOGL,lstm,0.04609186949041152,-0.0025324516464024782,-0.02297464944422245,0.019261958077549934,224.82976809543504,137.16998667718477,224.82976809543504,137.16998667718477,7.960649113281003,2344.976371618616,0.014098896974030599,0.019436147703033254,1.4527326715713416,0.5983935742971888,0.812
2023-07-14,GOOGL,lstm,0.007041133719913869,-0.0024992635007947683,-0.02628091163933277,0.022075464949011803,226.4184109166663,136.82759347547196,226.4184109166663,136.82759347547196,7.754161255035017,2397.318555896939,0.014098896974030599,0.019436147703033254,1.4527326715713416,0.5983935742971888,0.812
2023-07-17,GOOGL,lstm,-0.006158268304617407,-0.005331875290721655,-0.026455378159880638,0.020415103062987328,225.02835016973964,136.099987025182,225.02835016973964,136.099987025182,7.55171170999605,2446.7629538983656,0.014098896974030599,0.019436147703033254,1.4527326715713416,0.5983935742971888,0.812
2023-07-18,GOOGL,lstm,-0.007165598684989536,-0.002600525040179491,-0.02463909052312374,0.022877974435687065,223.42165067633385,135.74651451015637,223.42165067633385,135.74651451015637,7.367918097738067,2503.38531030737,0.014098896974030599,0.019436147703033254,1.4527326715713416,0.5983935742971888,0.812
2023-07-19,GOOGL,lstm,-0.014077317385439485,-0.0054724798537790775,-0.028293050825595856,0.016507863998413086,220.29850750398458,135.00567512646012,220.29850750398458,135.00567512646012,7.1623787975578725,2545.0537469207256,0.014098896974030599,0.019436147703033254,1.4527326715713416,0.5983935742971888,0.812
2023-07-20,GOOGL,lstm,-0.02346417711119061,-0.005156486760824919,-0.025972062721848488,0.013071579858660698,215.18955736179493,134.31131053694853,215.18955736179493,134.31131053694853,6.978751977123852,2578.5399549012554,0.014098896974030599,0.019436147703033254,1.4527326715713416,0.5983935742971888,0.812
2023-07-21,GOOGL,lstm,0.006855638562327525,-0.003061724593862891,-0.023557420819997787,0.014722452498972416,216.66988769638925,133.9007124492724,216.66988769638925,133.9007124492724,6.816271901106927,2616.78306626718,0.014098896974030599,0.019436147703033254,1.4527326715713416,0.5983935742971888,0.812
2023-07-24,GOOGL,lstm,0.012502768246668256,-0.002931848168373108,-0.025535285472869873,0.013328783214092255,219.39586672012942,133.5087125255271,219.39586672012942,133.5087125255271,6.644420122919562,2651.894954720294,0.014098896974030599,0.019436147703033254,1.4527326715713416,0.5983935742971888,0.812
2023-07-25,GOOGL,lstm,0.00557973312023204,-0.0026905431877821684,-0.024916093796491623,0.019690413028001785,220.6234587371007,133.14998559181305,220.6234587371007,133.14998559181305,6.48091254197715,2704.629317940843,0.014098896974030599,0.019436147703033254,1.4527326715713416,0.5983935742971888,0.812
2023-07-26,GOOGL,lstm,0.05616240438805053,-0.0014791840221732855,-0.024783365428447723,0.020903248339891434,233.3687559709156,132.95317979622064,233.3687559709156,132.95317979622064,6.322267624476272,2761.7599875337633,0.014098896974030599,0.019436147703033254,1.4527326715713416,0.5983935742971888,0.812
2023-07-27,GOOGL,lstm,0.0010050615524491006,-0.004200329072773457,-0.026938850060105324,0.01640184037387371,233.6034238431587,132.39590417256355,233.6034238431587,132.39590417256355,6.15422642427284,2807.4314065285052,0.014098896974030599,0.019436147703033254,1.4527326715713416,0.5983935742971888,0.812
2023-07-28,GOOGL,lstm,0.024277915725206205,-0.00271340343169868,-0.02190956473350525,0.020424578338861465,239.34423355261126,132.0371448530499,239.34423355261126,132.0371448530499,6.020856366913931,2865.3614396535545,0.014098896974030599,0.019436147703033254,1.4527326715713416,0.5983935742971888,0.812
2023-07-31,GOOGL,lstm,0.0010554044555838775,-0.0046361293643713,-0.02540774457156658,0.014468656852841377,239.59697187023426,131.42642287881165,239.59697187023426,131.42642287881165,5.869807202041139,2907.1206799760735,0.014098896974030599,0.019436147703033254,1.4527326715713416,0.5983935742971888,0.812
2023-08-01,GOOGL,lstm,-0.008854624395006803,-0.003167618764564395,-0.022206701338291168,0.016795765608549118,237.4847957415824,131.0107707230577,237.4847957415824,131.0107707230577,5.740894922336087,2956.360366414281,0.014098896974030599,0.019436147703033254,1.4527326715713416,0.5983935742971888,0.812
2023-08-02,GOOGL,lstm,-0.024392376767074102,-0.002540200250223279,-0.024194471538066864,0.01789611205458641,231.76205647750976,130.67840262132464,231.76205647750976,130.67840262132464,5.603663739037959,3009.744037042662,0.014098896974030599,0.019436147703033254,1.4527326715713416,0.5983935742971888,0.812
2023-08-03,GOOGL,lstm,0.0005450458798694493,-0.001394193503074348,-0.025377631187438965,0.01829739287495613,231.88841186311598,130.496341605786,231.88841186311598,130.496341605786,5.4632452888692775,3065.3212401764813,0.014098896974030599,0.019436147703033254,1.4527326715713416,0.5983935742971888,0.812
2023-08-04,GOOGL,lstm,-0.002650425164940209,0.0009093406843021512,-0.022013086825609207,0.02463790401816368,231.274622741233,130.6150678687292,231.274622741233,130.6150678687292,5.344296434133543,3141.782453157315,0.014098896974030599,0.019436147703033254,1.4527326715713416,0.5983935742971888,0.812
2023-08-07,GOOGL,lstm,0.026345678567271377,-0.0007889075786806643,-0.022828377783298492,0.020614929497241974,237.44868239723323,130.51206881644882,237.44868239723323,130.51206881644882,5.223676862974887,3207.222146981119,0.014098896974030599,0.019436147703033254,1.4527326715713416,0.5983935742971888,0.812
2023-08-08,GOOGL,lstm,-0.0009888935992725578,-0.0012255421606823802,-0.021869447082281113,0.020903009921312332,237.21398697857947,130.35221556653482,237.21398697857947,130.35221556653482,5.110678203036602,3274.968466023566,0.014098896974030599,0.019436147703033254,1.4527326715713416,0.5983935742971888,0.812
2023-08-09,GOOGL,lstm,-0.01333039160982838,-0.003762740409001708,-0.022634126245975494,0.02068580687046051,234.07281468046622,129.86265322777447,234.07281468046622,129.86265322777447,4.996301862751625,3343.4192472598384,0.014098896974030599,0.019436147703033254,1.4527326715713416,0.5983935742971888,0.812
2023-08-10,GOOGL,lstm,0.00023133818179821468,-0.004524244926869869,-0.026870902627706528,0.016212232410907745,234.1269709237847,129.27644820324008,234.1269709237847,129.27644820324008,4.863834413481035,3398.0651240626175,0.014098896974030599,0.019436147703033254,1.4527326715713416,0.5983935742971888,0.812
2023-08-11,GOOGL,lstm,-0.0010029307132870505,-0.00023921008687466383,-0.020072441548109055,0.020888004451990128,233.89227550513095,129.24552612495012,233.89227550513095,129.24552612495012,4.767178799038007,3469.790373725854,0.014098896974030599,0.019436147703033254,1.4527326715713416,0.5983935742971888,0.812
2023-08-14,GOOGL,lstm,0.01356917808016197,7.454778824467212e-05,-0.019237393513321877,0.020892227068543434,237.0876315929733,129.25515566704198,237.0876315929733,129.25515566704198,4.676347268300459,3543.0444672759218,0.014098896974030599,0.019436147703033254,1.4527326715713416,0.5983935742971888,0.812
2023-08-15,GOOGL,lstm,-0.01187255375238252,-0.004155678674578667,-0.024780042469501495,0.015302486717700958,234.2894396537401,128.71912771635635,234.2894396537401,128.71912771635635,4.5618912611101425,3597.6789160450153,0.014098896974030599,0.019436147703033254,1.4527326715713416,0.5983935742971888,0.812
2023-08-16,GOOGL,lstm,-0.008356608897181818,-0.002297554165124893,-0.027272574603557587,0.022256065160036087,232.3397322550436,128.42373044333232,232.3397322550436,128.42373044333232,4.439157926331381,3678.6465572269776,0.014098896974030599,0.019436147703033254,1.4527326715713416,0.5983935742971888,0.812
2023-08-17,GOOGL,lstm,0.009434771429759795,-0.0012488061329349875,-0.022747471928596497,0.019258130341768265,234.54217797136312,128.2634573641741,234.54217797136312,128.2634573641741,4.339318244974203,3750.1771893869354,0.014098896974030599,0.019436147703033254,1.4527326715713416,0.5983935742971888,0.812
2023-08-18,GOOGL,lstm,-0.019116279616370673,-0.0025890714023262262,-0.022869478911161423,0.020052485167980194,230.10118696758022,127.93180537591124,230.10118696758022,127.93180537591124,4.241206480274831,3826.1364672848576,0.014098896974030599,0.019436147703033254,1.4527326715713416,0.5983935742971888,0.812
2023-08-21,GOOGL,lstm,0.007114098356524466,-0.0012161333579570055,-0.022759737446904182,0.0196880754083395,231.74398603212987,127.7763172756555,231.74398603212987,127.7763172756555,4.145768049672809,3902.2121348630035,0.014098896974030599,0.019436147703033254,1.4527326715713416,0.5983935742971888,0.812
2023-08-22,GOOGL,lstm,0.005515700309373584,-0.0019079596968367696,-0.022220250219106674,0.01924285665154457,233.0257480656249,127.532755612834,233.0257480656249,127.532755612834,4.054663887822743,3978.0290215965965,0.014098896974030599,0.019436147703033254,1.4527326715713416,0.5983935742971888,0.812
2023-08-23,GOOGL,lstm,0.02516861346888594,-0.00038167688762769103,-0.021542921662330627,0.019269723445177078,238.9651123029714,127.48409052433341,238.9651123029714,127.48409052433341,3.9682487225742693,4055.4280404482183,0.014098896974030599,0.019436147703033254,1.4527326715713416,0.5983935742971888,0.812
2023-08-24,GOOGL,lstm,-0.019760295050991496,-0.0033636121079325676,-0.02025025524199009,0.01486852578818798,234.28943965374006,127.0560057212368,234.28943965374006,127.0560057212368,3.888698860435729,4116.176733998644,0.014098896974030599,0.019436147703033254,1.4527326715713416,0.5983935742971888,0.812
2023-08-25,GOOGL,lstm,0.0007702850423630398,-0.0009272540919482708,-0.024023057892918587,0.020789289847016335,234.46997882907536,126.93824357947472,234.46997882907536,126.93824357947472,3.7963936908483946,4202.645019069123,0.014098896974030599,0.019436147703033254,1.4527326715713416,0.5983935742971888,0.812
2023-08-28,GOOGL,lstm,0.008662629406785527,-0.004199042450636625,-0.027431435883045197,0.01982874423265457,236.50992826902888,126.40633855650304,236.50992826902888,126.40633855650304,3.6936685872884794,4286.8100620206515,0.014098896974030599,0.019436147703033254,1.4527326715713416,0.5983935742971888,0.812
2023-08-29,GOOGL,lstm,0.02681094994405131,-0.004064125940203667,-0.029319455847144127,0.0181169081479311,242.93675378906278,125.89365244020009,242.93675378906278,125.89365244020009,3.5869443609903384,4365.18176301342,0.014098896974030599,0.019436147703033254,1.4527326715713416,0.5983935742971888,0.812
2023-08-30,GOOGL,lstm,0.009687615046842379,-0.00395188620314002,-0.028502341359853745,0.019008077681064606,245.30166823533767,125.3971154178705,245.30166823533767,125.3971154178705,3.4861513889858697,4448.948879021565,0.014098896974030599,0.019436147703033254,1.4527326715713416,0.5983935742971888,0.812
2023-08-31,GOOGL,lstm,0.002131912462532242,-0.004339789040386677,-0.025965867564082146,0.019630463793873787,245.825187769553,124.8540961690667,245.825187769553,124.8540961690667,3.3967955203183378,4537.146557305305,0.014098896974030599,0.019436147703033254,1.4527326715713416,0.5983935742971888,0.812
2023-09-01,GOOGL,lstm,-0.0037523091769601897,-0.003361920826137066,-0.022342249751091003,0.016232408583164215,244.9045040867285,124.43505112004402,244.9045040867285,124.43505112004402,3.3217450619673405,4611.396111592948,0.014098896974030599,0.019436147703033254,1.4527326715713416,0.5983935742971888,0.812
2023-09-05,GOOGL,lstm,0.0008105265678669861,-0.0023967488668859005,-0.021609367802739143,0.017938842996954918,245.10308616103305,124.13716588341511,245.10308616103305,124.13716588341511,3.2507342460521755,4694.865786845895,0.014098896974030599,0.019436147703033254,1.4527326715713416,0.5983935742971888,0.812
2023-09-06,GOOGL,lstm,-0.009695502107594636,-0.0050016529858112335,-0.02595108561217785,0.015585130080580711,242.73817171475815,123.51782729153518,242.73817171475815,123.51782729153518,3.1674594006503054,4768.6092381797025,0.014098896974030599,0.019436147703033254,1.4527326715713416,0.5983935742971888,0.812
2023-09-07,GOOGL,lstm,0.005932004561937072,-0.0011035886127501726,-0.02304021082818508,0.019476866349577904,244.1823749317979,123.3815891103,244.1823749317979,123.3815891103,3.0953146779687053,4862.397026947646,0.014098896974030599,0.019436147703033254,1.4527326715713416,0.5983935742971888,0.812
2023-09-08,GOOGL,lstm,0.008246331360597183,-0.001999989850446582,-0.02087514102458954,0.016350362449884415,246.20430901919278,123.13507179487851,246.20430901919278,123.13507179487851,3.031369218755453,4942.552365053137,0.014098896974030599,0.019436147703033254,1.4527326715713416,0.5983935742971888,0.812
2023-09-11,GOOGL,lstm,0.0039516573933112455,0.0014882863033562899,-0.0165135208517313,0.02165069617331028,247.17914894533573,123.3184692771551,247.17914894533573,123.3184692771551,2.98172167839758,5050.72914649575,0.014098896974030599,0.019436147703033254,1.4527326715713416,0.5983935742971888,0.812
2023-09-12,GOOGL,lstm,-0.011606696543322147,-0.00595839461311698,-0.026304855942726135,0.015597703866660595,244.32680076278405,122.58587423898456,244.32680076278405,122.58587423898456,2.904310590168384,5130.126658194859,0.014098896974030599,0.019436147703033254,1.4527326715713416,0.5983935742971888,0.812
2023-09-13,GOOGL,lstm,0.010071839308694987,-0.003992139361798763,-0.025765152648091316,0.014543922618031502,246.80005524210648,122.09747332719107,246.80005524210648,122.09747332719107,2.830436418964294,5205.284171295824,0.014098896974030599,0.019436147703033254,1.4527326715713416,0.5983935742971888,0.812
2023-09-14,GOOGL,lstm,0.010116161557407547,-0.002532798098400235,-0.019301360473036766,0.018005898222327232,249.30939551936746,121.7886129794429,249.30939551936746,121.7886129794429,2.776328996885602,5299.858595457204,0.014098896974030599,0.019436147703033254,1.4527326715713416,0.5983935742971888,0.812
2023-09-15,GOOGL,lstm,-0.005081769244856388,-0.0021015480160713196,-0.025001846253871918,0.0211806483566761,248.04567638484167,121.53293785803129,248.04567638484167,121.53293785803129,2.7077762151500133,5413.3101845462215,0.014098896974030599,0.019436147703033254,1.4527326715713416,0.5983935742971888,0.812
2023-09-18,GOOGL,lstm,0.005877980826486689,-0.004122742917388678,-0.02704562060534954,0.017743030562996864,249.507977593672,121.03291851223587,249.507977593672,121.03291851223587,2.6355242115720663,5510.216126961571,0.014098896974030599,0.019436147703033254,1.4527326715713416,0.5983935742971888,0.812
2023-09-19,GOOGL,lstm,-0.0012308666005359918,-0.0013395461719483137,-0.024576757103204727,0.020634319633245468,249.20105548631986,120.8708964987584,249.20105548631986,120.8708964987584,2.5715410362067286,5625.096594455157,0.014098896974030599,0.019436147703033254,1.4527326715713416,0.5983935742971888,0.812
2023-09-20,GOOGL,lstm,-0.031645791893399625,-0.0008386062108911574,-0.022766917943954468,0.023890774697065353,241.43836678229374,120.76957287698716,241.43836678229374,120.76957287698716,2.5136564341175935,5761.103020273812,0.014098896974030599,0.019436147703033254,1.4527326715713416,0.5983935742971888,0.812
2023-09-21,GOOGL,lstm,-0.02498428806147057,-0.0027465661987662315,-0.025014735758304596,0.022827941924333572,235.48093209956738,120.43832283913342,235.48093209956738,120.43832283913342,2.4515579185139567,5894.1296644700815,0.014098896974030599,0.019436147703033254,1.4527326715713416,0.5983935742971888,0.812
2023-09-22,GOOGL,lstm,-0.0014576890043411157,-9.232074080500752e-05,-0.029717115685343742,0.026458853855729103,235.1379241942767,120.4272030584691,235.1379241942767,120.4272030584691,2.3797765780280735,6052.162817704121,0.014098896974030599,0.019436147703033254,1.4527326715713416,0.5983935742971888,0.812
2023-09-25,GOOGL,lstm,0.006580989533097455,0.004551151301711798,-0.01629171147942543,0.026278670877218246,236.6904674443641,120.97653697954783,236.6904674443641,120.97653697954783,2.341320070884571,6213.313421409866,0.014098896974030599,0.019436147703033254,1.4527326715713416,0.5983935742971888,0.812
2023-09-26,GOOGL,lstm,-0.01956311010363898,-0.0013932925648987293,-0.024155599996447563,0.020622877404093742,232.1050643828004,120.8081007546518,232.1050643828004,120.8081007546518,2.285441712583483,6342.779918457826,0.014098896974030599,0.019436147703033254,1.4527326715713416,0.5983935742971888,0.812
2023-09-27,GOOGL,lstm,0.015206081712641744,0.0016192320035770535,-0.02590862847864628,0.027779845520853996,235.6614437284921,121.00387403690063,235.6614437284921,121.00387403690063,2.2269895381979428,6521.451425996563,0.014098896974030599,0.019436147703033254,1.4527326715713416,0.5983935742971888,0.812
2023-09-28,GOOGL,lstm,0.013467993826575939,0.0007556983036920428,-0.020876577123999596,0.02394719608128071,238.85679981633444,121.09535602880464,238.85679981633444,121.09535602880464,2.1809795736287216,6679.506641655288,0.014098896974030599,0.019436147703033254,1.4527326715713416,0.5983935742971888,0.812
2023-09-29,GOOGL,lstm,-0.011019581496402666,-0.0025090829003602266,-0.025361355394124985,0.019575707614421844,236.23914705243652,120.79189614287846,236.23914705243652,120.79189614287846,2.126362448773019,6811.55110789955,0.014098896974030599,0.019436147703033254,1.4527326715713416,0.5983935742971888,0.812
2023-10-02,GOOGL,lstm,0.024979584849357164,-0.0023807683028280735,-0.024953901767730713,0.017595376819372177,242.21462463413218,120.5046617950212,242.21462463413218,120.5046617950212,2.073957927889976,6932.463616962316,0.014098896974030599,0.019436147703033254,1.4527326715713416,0.5983935742971888,0.812
2023-10-03,GOOGL,lstm,-0.013053490322576392,-0.0029896816704422235,-0.025092776864767075,0.020147141069173813,239.07342478960828,120.14492657546262,239.07342478960828,120.14492657546262,2.0225640652513635,7073.549025731901,0.014098896974030599,0.019436147703033254,1.4527326715713416,0.5983935742971888,0.812
2023-10-04,GOOGL,lstm,0.020996869825048527,9.695481276139617e-05,-0.021954897791147232,0.024795986711978912,244.14628913385937,120.15657067962219,244.14628913385937,120.15657067962219,1.978642790066917,7251.137216646918,0.014098896974030599,0.019436147703033254,1.4527326715713416,0.5983935742971888,0.812
2023-10-05,GOOGL,lstm,-0.0012578016595522995,-0.0036125618498772383,-0.0235157310962677,0.017886534333229065,243.83939457291788,119.72328351388823,243.83939457291788,119.72328351388823,1.9326563601038271,7382.001767313706,0.014098896974030599,0.019436147703033254,1.4527326715713416,0.5983935742971888,0.812
2023-10-06,GOOGL,lstm,0.01841236260885932,-0.0037622929085046053,-0.02825170010328293,0.019372422248125076,248.3706413911631,119.27369722329378,248.3706413911631,119.27369722329378,1.878819608213213,7526.40325013446,0.014098896974030599,0.019436147703033254,1.4527326715713416,0.5983935742971888,0.812
2023-10-09,GOOGL,lstm,0.006086948778579012,-0.004899243824183941,-0.027526892721652985,0.020087506622076035,249.88707129690127,118.69077292859411,249.88707129690127,118.69077292859411,1.8278069025979946,7679.1185870777745,0.014098896974030599,0.019436147703033254,1.4527326715713416,0.5983935742971888,0.812
2023-10-10,GOOGL,lstm,-0.0026041725937966036,-0.0018537236610427499,-0.02355426549911499,0.020287271589040756,249.2371688306691,118.47095340094201,249.2371688306691,118.47095340094201,1.7852573651504249,7836.497983932462,0.014098896974030599,0.019436147703033254,1.4527326715713416,0.5983935742971888,0.812
2023-10-11,GOOGL,lstm,0.017874963473841585,-0.0026719525922089815,-0.022090574726462364,0.015932219102978706,253.7323298509758,118.15482779095682,253.7323298509758,118.15482779095682,1.7462523828290009,7962.350231635228,0.014098896974030599,0.019436147703033254,1.4527326715713416,0.5983935742971888,0.812
2023-10-12,GOOGL,lstm,-0.011305227783086545,-0.0045532709918916225,-0.02486577257514,0.018067795783281326,250.8799816684241,117.61805669230904,250.8799816684241,117.61805669230904,1.7033659257251188,8107.519705137449,0.014098896974030599,0.019436147703033254,1.4527326715713416,0.5983935742971888,0.812
2023-10-13,GOOGL,lstm,-0.011652870249758524,-0.0018894290551543236,-0.024208903312683105,0.02088792994618416,247.97347724255397,117.39603855548653,247.97347724255397,117.39603855548653,1.6626244593196733,8278.649618652391,0.014098896974030599,0.019436147703033254,1.4527326715713416,0.5983935742971888,0.812
2023-10-16,GOOGL,lstm,0.012587921775348562,-0.0034099381882697344,-0.021970828995108604,0.01644245721399784,251.11467708707787,116.99640594933895,251.11467708707787,116.99640594933895,1.6264935391703852,8415.89668067579,0.014098896974030599,0.019436147703033254,1.4527326715713416,0.5983935742971888,0.812
2023-10-17,GOOGL,lstm,0.004447285867399575,-0.0020657500717788935,-0.0226830393075943,0.019066832959651947,252.23394284420692,116.75496842080156,252.23394284420692,116.75496842080156,1.5900149686822103,8577.900982235578,0.014098896974030599,0.019436147703033254,1.4527326715713416,0.5983935742971888,0.812
2023-10-18,GOOGL,lstm,-0.01267659194145642,-0.0019624775741249323,-0.02670174650847912,0.02270897664129734,249.05665720174449,116.52606148080237,249.05665720174449,116.52606148080237,1.5481205991425395,8774.92480903178,0.014098896974030599,0.019436147703033254,1.4527326715713416,0.5983935742971888,0.812
2023-10-19,GOOGL,lstm,-0.0015233887009325497,-0.0008030809694901109,-0.021244648844003677,0.018434226512908936,248.67753595210462,116.4325195608543,248.67753595210462,116.4325195608543,1.515578188808322,8938.184322981557,0.014098896974030599,0.019436147703033254,1.4527326715713416,0.5983935742971888,0.812
2023-10-20,GOOGL,lstm,-0.0157310275155525,-0.001998764229938388,-0.022866498678922653,0.020181022584438324,244.79619160009156,116.2000322754019,244.79619160009156,116.2000322754019,1.481315469523681,9120.397975243419,0.014098896974030599,0.019436147703033254,1.4527326715713416,0.5983935742971888,0.812
2023-10-23,GOOGL,lstm,0.006615194107543093,-0.003268809523433447,-0.02632107585668564,0.020697694271802902,246.42093399246664,115.82081654812373,246.42093399246664,115.82081654812373,1.4428343433923303,9311.136164271784,0.014098896974030599,0.019436147703033254,1.4527326715713416,0.5983935742971888,0.812
2023-10-24,GOOGL,lstm,0.016781459373888273,-0.0014168679481372237,-0.021931027993559837,0.02038324438035488,250.59113000645192,115.65683179187549,250.59113000645192,115.65683179187549,1.4115359825917762,9502.875280378847,0.014098896974030599,0.019436147703033254,1.4527326715713416,0.5983935742971888,0.812
2023-10-25,GOOGL,lstm,-0.09992420044064101,-0.0011147186160087585,-0.023712899535894394,0.019737936556339264,226.76141882195705,115.52798193722607,226.76141882195705,115.52798193722607,1.3784580719117303,9692.306149184455,0.014098896974030599,0.019436147703033254,1.4527326715713416,0.5983935742971888,0.812
2023-10-26,GOOGL,lstm,-0.02686838651847985,0.0007774339755997062,-0.022780053317546844,0.027463678270578384,220.74982789591223,115.61783052165849,220.74982789591223,115.61783052165849,1.34741165528331,9962.18172434493,0.014098896974030599,0.019436147703033254,1.4527326715713416,0.5983935742971888,0.812
2023-10-27,GOOGL,lstm,-0.0008999846115739093,0.004326655995100737,-0.02354564145207405,0.03036922961473465,220.55124582160767,116.1191493757001,220.55124582160767,116.1191493757001,1.3160565681932297,10269.365921218145,0.014098896974030599,0.019436147703033254,1.4527326715713416,0.5983935742971888,0.812
2023-10-30,GOOGL,lstm,0.018570869356867088,0.00503305159509182,-0.01658194698393345,0.026157571002840996,224.68534226444905,116.70506008169868,224.68534226444905,116.70506008169868,1.294413729032826,10541.532137707358,0.014098896974030599,0.019436147703033254,1.4527326715713416,0.5983935742971888,0.812
2023-10-31,GOOGL,lstm,-0.003057838159742487,0.0028682362753897905,-0.019681856036186218,0.023274388164281845,223.99934022707302,117.04027760797581,223.99934022707302,117.04027760797581,1.2691863723431525,10789.75667050579,0.014098896974030599,0.019436147703033254,1.4527326715713416,0.5983935742971888,0.812
2023-11-01,GOOGL,lstm,0.018920415356534295,0.0019070006674155593,-0.02251850999891758,0.027144094929099083,228.2778487276952,117.2636816489155,228.2778487276952,117.2636816489155,1.2409255710138696,11086.64640890889,0.014098896974030599,0.019436147703033254,1.4527326715713416,0.5983935742971888,0.812
2023-11-02,GOOGL,lstm,0.008190964412100859,0.0002469690516591072,-0.02384689822793007,0.02287743240594864,230.15534321089865,117.29264597152736,230.15534321089865,117.29264597152736,1.211683388857338,11343.204108850312,0.014098896974030599,0.019436147703033254,1.4527326715713416,0.5983935742971888,0.812
2023-11-03,GOOGL,lstm,0.012549431736053282,0.0004837103479076177,-0.021405629813671112,0.020939722657203674,233.06186140997409,117.34940042351731,233.06186140997409,117.34940042351731,1.1860222049699218,11583.231790648018,0.014098896974030599,0.019436147703033254,1.4527326715713416,0.5983935742971888,0.812
2023-11-06,GOOGL,lstm,0.008868335503455163,-0.0015659402124583721,-0.02243555150926113,0.020722003653645515,235.13792419427676,117.16577898954887,235.13792419427676,117.16577898954887,1.1597094213100536,11825.763328439867,0.014098896974030599,0.019436147703033254,1.4527326715713416,0.5983935742971888,0.812
2023-11-07,GOOGL,lstm,0.005512618028314088,-0.0010252827778458595,-0.020731955766677856,0.018213234841823578,236.4377291267411,117.04570953117346,236.4377291267411,117.04570953117346,1.1359138756110856,12043.122810851271,0.014098896974030599,0.019436147703033254,1.4527326715713416,0.5983935742971888,0.812
2023-11-08,GOOGL,lstm,0.006620739722448967,-0.0010251274798065424,-0.023683544248342514,0.024642258882522583,238.0083152757977,116.92578404730051,238.0083152757977,116.92578404730051,1.1093274552526984,12343.578956626658,0.014098896974030599,0.019436147703033254,1.4527326715713416,0.5983935742971888,0.812
2023-11-09,GOOGL,lstm,-0.012210093952767625,-0.0022518248297274113,-0.020951364189386368,0.019713163375854492,235.1198812953075,116.66278282513153,235.1198812953075,116.66278282513153,1.0863273075534499,12589.324626326486,0.014098896974030599,0.019436147703033254,1.4527326715713416,0.5983935742971888,0.812
2023-11-10,GOOGL,lstm,0.017882688075354543,-0.002825292991474271,-0.027456609532237053,0.018675053492188454,239.3622764515805,116.33363905287248,239.3622764515805,116.33363905287248,1.0569061976578136,12826.640507955597,0.014098896974030599,0.019436147703033254,1.4527326715713416,0.5983935742971888,0.812
2023-11-13,GOOGL,lstm,-0.003778151795404371,-0.0013664630241692066,-0.020335623994469643,0.0183140616863966,238.4596356677253,116.17478053482627,238.4596356677253,116.17478053482627,1.0356303834741627,13063.71279427008,0.014098896974030599,0.019436147703033254,1.4527326715713416,0.5983935742971888,0.812
2023-11-14,GOOGL,lstm,0.011516433243381391,-0.003963240887969732,-0.02332337573170662,0.01753886416554451,241.22171426260934,115.71526003922845,241.22171426260934,115.71526003922845,1.011755512321079,13294.855852543486,0.014098896974030599,0.019436147703033254,1.4527326715713416,0.5983935742971888,0.812
2023-11-15,GOOGL,lstm,0.007456044356685376,-0.0016768737696111202,-0.024403894320130348,0.02202286757528782,243.02699583031975,115.52138067570934,243.02699583031975,115.52138067570934,0.9873635751194267,13590.893779777252,0.014098896974030599,0.019436147703033254,1.4527326715713416,0.5983935742971888,0.812
2023-11-16,GOOGL,lstm,0.017013834543871627,-0.003525475272908807,-0.024014022201299667,0.018586665391921997,247.19719184430502,115.11482666814237,247.19719184430502,115.11482666814237,0.9639354581865747,13845.864964233442,0.014098896974030599,0.019436147703033254,1.4527326715713416,0.5983935742971888,0.812
2023-11-17,GOOGL,lstm,-0.011901368622865961,-0.0021340064704418182,-0.025145379826426506,0.019349729642271996,244.27264451946562,114.8694294713854,244.27264451946562,114.8694294713854,0.9399991179001345,14116.387746548211,0.014098896974030599,0.019436147703033254,1.4527326715713416,0.5983935742971888,0.812
2023-11-20,GOOGL,lstm,0.006923009310859361,-0.0032500792294740677,-0.021448273211717606,0.012074845843017101,245.96961360053908,114.49669916434324,245.96961360053908,114.49669916434324,0.9200524219785499,14287.873944653069,0.014098896974030599,0.019436147703033254,1.4527326715713416,0.5983935742971888,0.812
2023-11-21,GOOGL,lstm,0.005270499115569634,-0.0010054263984784484,-0.0245453380048275,0.021127115935087204,247.26941853300337,114.3816375028667,247.26941853300337,114.3816375028667,0.89774430335287,14592.945975432753,0.014098896974030599,0.019436147703033254,1.4527326715713416,0.5983935742971888,0.812
2023-11-22,GOOGL,lstm,0.011036227860400679,-0.001425547176040709,-0.024772508069872856,0.018376322463154793,250.01345422891814,114.21869502562146,250.01345422891814,114.21869502562146,0.8757781309866812,14863.590015066015,0.014098896974030599,0.019436147703033254,1.4527326715713416,0.5983935742971888,0.812
2023-11-24,GOOGL,lstm,-0.013082554493863635,-0.003535280004143715,-0.027234192937612534,0.023723404854536057,246.76394189775732,113.81561585704057,246.76394189775732,113.81561585704057,0.8522488850744879,15220.42143915617,0.014098896974030599,0.019436147703033254,1.4527326715713416,0.5983935742971888,0.812
2023-11-27,GOOGL,lstm,-0.00205052267409067,0.0007345429621636868,-0.01996794529259205,0.027415679767727852,246.25846526251127,113.89924826138498,246.25846526251127,113.89924826138498,0.8354000038776883,15643.472401029117,0.014098896974030599,0.019436147703033254,1.4527326715713416,0.5983935742971888,0.812
2023-11-28,GOOGL,lstm,0.005774609697282341,-0.0014960297849029303,-0.023403506726026535,0.017960399389266968,247.68462558058178,113.72898204162627,247.68462558058178,113.72898204162627,0.8160757082791289,15926.97393647982,0.014098896974030599,0.019436147703033254,1.4527326715713416,0.5983935742971888,0.812
2023-11-29,GOOGL,lstm,-0.01623895073479851,-0.00032425648532807827,-0.024376172572374344,0.024222884327173233,243.6949687419318,113.69211228127244,243.6949687419318,113.69211228127244,0.7964234067495466,16317.481183729109,0.014098896974030599,0.019436147703033254,1.4527326715713416,0.5983935742971888,0.812
2023-11-30,GOOGL,lstm,-0.018391716632034323,-0.0004402529157232493,-0.025537148118019104,0.02235647663474083,239.25396396494358,113.6420672529914,239.25396396494358,113.6420672529914,0.7763425162921322,16686.39137019349,0.014098896974030599,0.019436147703033254,1.4527326715713416,0.5983935742971888,0.812
2023-12-01,GOOGL,lstm,-0.005068267367880593,0.0006634268211200833,-0.020800376310944557,0.025035684928297997,238.0444286201469,113.71748446027983,238.0444286201469,113.71748446027983,0.7603610887318755,17109.420805724818,0.014098896974030599,0.019436147703033254,1.4527326715713416,0.5983935742971888,0.812
2023-12-04,GOOGL,lstm,-0.019837484967406196,0.00040741293923929334,-0.019623611122369766,0.020390037447214127,233.36875597091557,113.76381948533825,233.36875597091557,113.76381948533825,0.7455855191648886,17461.864013850558,0.014098896974030599,0.019436147703033254,1.4527326715713416,0.5983935742971888,0.812
2023-12-05,GOOGL,lstm,0.013217752998775697,-0.0004413158749230206,-0.019594676792621613,0.018654808402061462,236.47384247109025,113.71362761847365,236.47384247109025,113.71362761847365,0.731118226602701,17790.669896070325,0.014098896974030599,0.019436147703033254,1.4527326715713416,0.5983935742971888,0.812
2023-12-06,GOOGL,lstm,-0.007432708708957116,0.0007859963225200772,-0.022966628894209862,0.024255940690636635,234.72271714669833,113.80304115261083,234.72271714669833,113.80304115261083,0.7145182608832018,18227.474686860947,0.014098896974030599,0.019436147703033254,1.4527326715713416,0.5983935742971888,0.812
2023-12-07,GOOGL,lstm,0.051781475219009256,-0.0030498369596898556,-0.02692801132798195,0.01896805316209793,247.19719184430497,113.45648798356974,247.19719184430497,113.45648798356974,0.6955344318456292,18576.51378474813,0.014098896974030599,0.019436147703033254,1.4527326715713416,0.5983935742971888,0.812
2023-12-08,GOOGL,lstm,-0.01426905054150682,-0.0031114118173718452,-0.024537445977330208,0.018372176215052605,243.69496874193177,113.10402472901644,243.69496874193177,113.10402472901644,0.6786754945789013,18920.95824211144,0.014098896974030599,0.019436147703033254,1.4527326715713416,0.5983935742971888,0.812
2023-12-11,GOOGL,lstm,-0.01267358706830209,-0.0008442585240118206,-0.021361712366342545,0.019700948148965836,240.6259680396956,113.00857821499926,240.6259680396956,113.00857821499926,0.6643315852588306,19297.414714094022,0.014098896974030599,0.019436147703033254,1.4527326715713416,0.5983935742971888,0.812
2023-12-12,GOOGL,lstm,-0.005793545573734896,0.001064295880496502,-0.01906266063451767,0.023059017956256866,239.23592106597428,113.12892066385307,239.23592106597428,113.12892066385307,0.6517876126138722,19747.56307139644,0.014098896974030599,0.019436147703033254,1.4527326715713416,0.5983935742971888,0.812
2023-12-13,GOOGL,lstm,0.00037725338687553934,-0.0010373118566349149,-0.024099932983517647,0.019628966227173805,239.32619065364196,113.01163276304598,239.32619065364196,113.01163276304598,0.636267326299599,20139.01577402484,0.014098896974030599,0.019436147703033254,1.4527326715713416,0.5983935742971888,0.812
2023-12-14,GOOGL,lstm,-0.004763570760054372,-0.0013603124534711242,-0.02215590327978134,0.02171468362212181,238.188854451133,112.85800439535811,238.188854451133,112.85800439535811,0.6223252605620212,20581.110514505635,0.014098896974030599,0.019436147703033254,1.4527326715713416,0.5983935742971888,0.812
2023-12-15,GOOGL,lstm,0.004989831482653308,-0.0002802632807288319,-0.02340082824230194,0.020697761327028275,239.38034689696042,112.82638142056524,239.38034689696042,112.82638142056524,0.6079313968194152,21011.533192870425,0.014098896974030599,0.019436147703033254,1.4527326715713416,0.5983935742971888,0.812
2023-12-18,GOOGL,lstm,0.023846113815748277,-0.0003170016861986369,-0.022951722145080566,0.022421609610319138,245.1572424043515,112.7906179961452,245.1572424043515,112.7906179961452,0.594137217137124,21487.967988744673,0.014098896974030599,0.019436147703033254,1.4527326715713416,0.5983935742971888,0.812
2023-12-19,GOOGL,lstm,0.006239630111719656,-0.0028827767819166183,-0.0273548923432827,0.0193621926009655,246.69171520905894,112.46593821040936,246.69171520905894,112.46593821040936,0.5781049262728291,21908.074960250087,0.014098896974030599,0.019436147703033254,1.4527326715713416,0.5983935742971888,0.812
2023-12-20,GOOGL,lstm,0.012291528991875592,-0.002731070853769779,-0.025570489466190338,0.02056131511926651,249.74264546591516,112.1592065134047,249.74264546591516,112.1592065134047,0.5635099030647533,22363.19607104975,0.014098896974030599,0.019436147703033254,1.4527326715713416,0.5983935742971888,0.812
2023-12-21,GOOGL,lstm,0.014923521848625923,-0.0023686077911406755,-0.02564837597310543,0.021384334191679955,253.49763443232203,111.89385717147991,253.49763443232203,111.89385717147991,0.5492405596475666,22846.569191120987,0.014098896974030599,0.019436147703033254,1.4527326715713416,0.5983935742971888,0.812
2023-12-22,GOOGL,lstm,0.0075911634822911755,-0.004770657047629356,-0.029515279456973076,0.023476505652070045,255.42929893204925,111.36131943056817,255.42929893204925,111.36131943056817,0.5332664652209995,23389.272057898015,0.014098896974030599,0.019436147703033254,1.4527326715713416,0.5983935742971888,0.812
2023-12-26,GOOGL,lstm,0.00021199800978108086,-0.0075150709599256516,-0.033108439296483994,0.019726745784282684,255.48345517536768,110.52757061477215,255.48345517536768,110.52757061477215,0.5158999129633309,23855.247499131183,0.014098896974030599,0.019436147703033254,1.4527326715713416,0.5983935742971888,0.812
2023-12-27,GOOGL,lstm,-0.008159321280398101,-0.0032127825543284416,-0.02471252717077732,0.01825590245425701,253.40736484465435,110.17303973118372,253.40736484465435,110.17303973118372,0.5033069757467974,24294.746017895646,0.014098896974030599,0.019436147703033254,1.4527326715713416,0.5983935742971888,0.812
2023-12-28,GOOGL,lstm,-0.000997857489899843,-0.002140197204425931,-0.022482331842184067,0.017941303551197052,253.15462652703133,109.93750085577804,253.15462652703133,109.93750085577804,0.49211772704021867,24734.559682454015,0.014098896974030599,0.019436147703033254,1.4527326715713416,0.5983935742971888,0.812
2023-12-29,GOOGL,lstm,-0.0038582020542593594,-0.0040827542543411255,-0.025852106511592865,0.021605931222438812,252.1797866008884,109.48956553185425,252.1797866008884,109.48956553185425,0.47955848819204766,25274.78841727873,0.014098896974030599,0.019436147703033254,1.4527326715713416,0.5983935742971888,0.812
2023-01-03,GOOGL,gru,0.010036727716349121,-0.0013792430981993675,-0.026719676330685616,0.02735164947807789,160.88669827270266,159.06046350647375,160.88669827270266,159.06046350647375,155.08044205069382,163.6966983361308,0.01419690093362452,0.019502490709697427,1.4207105072035007,0.5783132530120482,0.916
2023-01-04,GOOGL,gru,-0.011738293794926783,-0.0014270462561398745,-0.027970891445875168,0.02301323413848877,159.00920378949922,158.83363674395295,159.00920378949922,158.83363674395295,150.80281152795146,167.50756148863096,0.01419690093362452,0.019502490709697427,1.4207105072035007,0.5783132530120482,0.916
2023-01-05,GOOGL,gru,-0.021575370936541414,-0.00035876131732948124,-0.035309191793203354,0.03319499269127846,155.6152656273523,158.776662998969,155.6152656273523,158.776662998969,145.57099120322712,173.16129073750758,0.01419690093362452,0.019502490709697427,1.4207105072035007,0.5783132530120482,0.916
2023-01-06,GOOGL,gru,0.013138363861640698,0.0009354472858831286,-0.027254618704319,0.029738646000623703,157.6732855126857,158.92526400418998,157.6732855126857,158.92526400418998,141.65708475689334,178.38820284857843,0.01419690093362452,0.019502490709697427,1.4207105072035007,0.5783132530120482,0.916
2023-01-09,GOOGL,gru,0.007755517116575155,-0.0012647313997149467,-0.02979317307472229,0.0288105309009552,158.90087752965698,158.72439574194618,158.90087752965698,158.72439574194618,137.49891982901934,183.60240470393478,0.01419690093362452,0.019502490709697427,1.4207105072035007,0.5783132530120482,0.916
2023-01-10,GOOGL,gru,0.0045341444448540385,-0.0009283607942052186,-0.033703144639730453,0.032358381897211075,159.6229929113822,158.57711138958936,159.6229929113822,158.57711138958936,132.94200023037013,189.64064311156167,0.01419690093362452,0.019502490709697427,1.4207105072035007,0.5783132530120482,0.916
2023-01-11,GOOGL,gru,0.03445932326221194,0.0027421212289482355,-0.02510293759405613,0.026288000866770744,165.2193630166433,159.0125430111108,165.2193630166433,159.0125430111108,129.64630611605375,194.69202515962255,0.01419690093362452,0.019502490709697427,1.4207105072035007,0.5783132530120482,0.916
2023-01-12,GOOGL,gru,-0.004270462582834827,-0.0022266798187047243,-0.030601363629102707,0.028751235455274582,164.5153043070927,158.65886621187292,164.5153043070927,158.65886621187292,125.73903915582267,200.37089688567434,0.01419690093362452,0.019502490709697427,1.4207105072035007,0.5783132530120482,0.916
2023-01-13,GOOGL,gru,0.01080507639887615,-0.004364895634353161,-0.03031601384282112,0.022780273109674454,166.30254297583377,157.96784798733748,166.30254297583377,157.96784798733748,121.9843340682492,204.98778802151455,0.01419690093362452,0.019502490709697427,1.4207105072035007,0.5783132530120482,0.916
2023-01-17,GOOGL,gru,-0.009050842161977515,-0.003533733543008566,-0.033816780894994736,0.02680753916501999,164.80415596906488,157.41061291451095,164.80415596906488,157.41061291451095,117.92818360149012,210.55731894465168,0.01419690093362452,0.019502490709697427,1.4207105072035007,0.5783132530120482,0.916
2023-01-18,GOOGL,gru,-0.001863913324371507,0.002832352416589856,-0.025912489742040634,0.029087603092193604,164.4972614081234,157.85708397539196,164.4972614081234,157.85708397539196,114.91162414171458,216.7718739081055,0.01419690093362452,0.019502490709697427,1.4207105072035007,0.5783132530120482,0.916
2023-01-19,GOOGL,gru,0.02095966660382842,-0.0009559861500747502,-0.027224291115999222,0.025090135633945465,167.9814553847326,157.70624804926396,167.9814553847326,157.70624804926396,111.8254336803685,222.2795167224473,0.01419690093362452,0.019502490709697427,1.4207105072035007,0.5783132530120482,0.916
2023-01-20,GOOGL,gru,0.052034489348739034,-0.0016158455982804298,-0.02874194085597992,0.031646016985177994,176.9536932067607,157.45162017493973,176.9536932067607,157.45162017493973,108.65710273688966,229.4262603460292,0.01419690093362452,0.019502490709697427,1.4207105072035007,0.5783132530120482,0.916
2023-01-23,GOOGL,gru,0.017896481836795368,-0.005417500622570515,-0.03188983350992203,0.0239483080804348,180.14904929460303,156.60093063796546,180.14904929460303,156.60093063796546,105.24671125874472,234.98695508835522,0.01419690093362452,0.019502490709697427,1.4207105072035007,0.5783132530120482,0.916
2023-01-24,GOOGL,gru,-0.021166459258030738,-0.006182831712067127,-0.032428283244371414,0.02332768589258194,176.3760036560216,155.63567759251367,176.3760036560216,155.63567759251367,101.88848920978067,240.53309126220887,0.01419690093362452,0.019502490709697427,1.4207105072035007,0.5783132530120482,0.916
2023-01-25,GOOGL,gru,-0.025711511226539138,-0.006577577441930771,-0.03943118825554848,0.026734348386526108,171.89891308109483,154.61533406149647,171.89891308109483,154.61533406149647,97.94908043295047,247.05032579979797,0.01419690093362452,0.019502490709697427,1.4207105072035007,0.5783132530120482,0.916
2023-01-26,GOOGL,gru,0.023867434163797288,-0.0030006393790245056,-0.03295043110847473,0.030099162831902504,176.0510524229055,154.1520838418373,176.0510524229055,154.1520838418373,94.77420961218486,254.5993632457736,0.01419690093362452,0.019502490709697427,1.4207105072035007,0.5783132530120482,0.916
2023-01-27,GOOGL,gru,0.018792834133235115,-0.0015500934096053243,-0.02966630458831787,0.029162604361772537,179.39083434173395,153.91331979119184,179.39083434173395,153.91331979119184,92.00390310915763,262.13347707427505,0.01419690093362452,0.019502490709697427,1.4207105072035007,0.5783132530120482,0.916
2023-01-30,GOOGL,gru,-0.024758029281279244,-0.0023704138584434986,-0.036078110337257385,0.029901593923568726,175.0039995812695,153.5489121988508,175.0039995812695,153.5489121988508,88.74373739357047,270.0900639199268,0.01419690093362452,0.019502490709697427,1.4207105072035007,0.5783132530120482,0.916
2023-01-31,GOOGL,gru,0.01941008846758024,0.0002698248717933893,-0.03428531438112259,0.0324072390794754,178.43402354135497,153.59035348889773,178.43402354135497,153.59035348889773,85.75269883402754,278.9863235986954,0.01419690093362452,0.019502490709697427,1.4207105072035007,0.5783132530120482,0.916
2023-02-01,GOOGL,gru,0.015958626374414413,-0.0020528382156044245,-0.027031954377889633,0.02707347273826599,181.30442839608122,153.27537693366122,181.30442839608122,153.27537693366122,83.46568637126315,286.64262611539175,0.01419690093362452,0.019502490709697427,1.4207105072035007,0.5783132530120482,0.916
2023-02-02,GOOGL,gru,0.07025992698080347,-0.0013494399609044194,-0.028712231665849686,0.03010016307234764,194.50103224861837,153.0686766442256,194.50103224861837,153.0686766442256,81.10327518447085,295.40178029812876,0.01419690093362452,0.019502490709697427,1.4207105072035007,0.5783132530120482,0.916
2023-02-03,GOOGL,gru,-0.027857995094822795,-0.005717021878808737,-0.029542554169893265,0.01699128746986389,189.1574004609803,152.19607690112122,189.1574004609803,152.19607690112122,78.74232383390743,300.4639194897129,0.01419690093362452,0.019502490709697427,1.4207105072035007,0.5783132530120482,0.916
2023-02-06,GOOGL,gru,-0.01810524466116076,-0.007658098824322224,-0.03463245555758476,0.020834624767303467,185.7634760720387,151.034994628672,185.7634760720387,151.034994628672,76.0619653216068,306.78964497710245,0.01419690093362452,0.019502490709697427,1.4207105072035007,0.5783132530120482,0.916
2023-02-07,GOOGL,gru,0.04503466251964162,-0.003902724012732506,-0.03398043289780617,0.026413682848215103,194.3205068464884,150.4466976273108,194.3205068464884,150.4466976273108,73.5207658280754,315.0010492801917,0.01419690093362452,0.019502490709697427,1.4207105072035007,0.5783132530120482,0.916
2023-02-08,GOOGL,gru,-0.07994203530517709,-0.004536231979727745,-0.03273286670446396,0.02580932341516018,179.39083434173392,149.76578196818508,179.39083434173392,149.76578196818508,71.15317961600486,323.23682095175275,0.01419690093362452,0.019502490709697427,1.4207105072035007,0.5783132530120482,0.916
2023-02-09,GOOGL,gru,-0.044868113180296064,-0.004626079928129911,-0.03705817461013794,0.026031358167529106,171.51980560466026,149.07455800139925,171.51980560466026,149.07455800139925,68.56463168341897,331.76159345828063,0.01419690093362452,0.019502490709697427,1.4207105072035007,0.5783132530120482,0.916
2023-02-10,GOOGL,gru,-0.004641873902489823,-0.0025604269467294216,-0.04213845729827881,0.03705398738384247,170.725477307442,148.69335073272154,170.725477307442,148.69335073272154,65.73545036438881,344.2852791171749,0.01419690093362452,0.019502490709697427,1.4207105072035007,0.5783132530120482,0.916
2023-02-13,GOOGL,gru,0.0004228873671524424,-0.0014367568073794246,-0.029406527057290077,0.02463642694056034,170.79769022293505,148.47987212345174,170.79769022293505,148.47987212345174,63.83054562236504,352.87257959900035,0.01419690093362452,0.019502490709697427,1.4207105072035007,0.5783132530120482,0.916
2023-02-14,GOOGL,gru,0.0007396027014269233,-0.0014739878242835402,-0.033606767654418945,0.03341662138700485,170.92405938174656,148.26117754861627,170.92405938174656,148.26117754861627,61.72105257565032,364.863614723969,0.01419690093362452,0.019502490709697427,1.4207105072035007,0.5783132530120482,0.916
2023-02-15,GOOGL,gru,0.02358946773292744,-0.002909119240939617,-0.033618245273828506,0.027063138782978058,175.0039995812695,147.83049484482268,175.0039995812695,147.83049484482268,59.68059048671843,374.872801557769,0.01419690093362452,0.019502490709697427,1.4207105072035007,0.5783132530120482,0.916
2023-02-16,GOOGL,gru,-0.014861279188735045,-0.006083060055971146,-0.03906141594052315,0.024924781173467636,172.42244638851545,146.93396294352414,172.42244638851545,146.93396294352414,57.39432362632051,384.3338552347793,0.01419690093362452,0.019502490709697427,1.4207105072035007,0.5783132530120482,0.916
2023-02-17,GOOGL,gru,-0.01221972077118763,-0.002431942615658045,-0.027958502992987633,0.025418827310204506,170.32831315883288,146.57705910096323,170.32831315883288,146.57705910096323,55.81188975376958,394.22840604037344,0.01419690093362452,0.019502490709697427,1.4207105072035007,0.5783132530120482,0.916
2023-02-21,GOOGL,gru,-0.027507886436870903,-0.0035266815684735775,-0.038091812282800674,0.028651919215917587,165.70679675292,146.06103621500054,165.70679675292,146.06103621500054,53.72589525137778,405.6871767125994,0.01419690093362452,0.019502490709697427,1.4207105072035007,0.5783132530120482,0.916
2023-02-22,GOOGL,gru,-0.0015263782704581779,-0.0035338355228304863,-0.035611506551504135,0.025074385106563568,165.454058435297,145.54579397777164,165.454058435297,145.54579397777164,51.84630089603891,415.9881178538985,0.01419690093362452,0.019502490709697427,1.4207105072035007,0.5783132530120482,0.916
2023-02-23,GOOGL,gru,-0.008327013519291087,0.0017508342862129211,-0.026260318234562874,0.03292182832956314,164.0820405873396,145.8008450150204,164.0820405873396,145.8008450150204,50.50252029930972,429.9111553720719,0.01419690093362452,0.019502490709697427,1.4207105072035007,0.5783132530120482,0.916
2023-02-24,GOOGL,gru,-0.019554030088237,-0.0002716176968533546,-0.03459232300519943,0.03354787081480026,160.90474117167187,145.76125151810837,160.90474117167187,145.76125151810837,48.785390491865016,444.5784271292639,0.01419690093362452,0.019502490709697427,1.4207105072035007,0.5783132530120482,0.916
2023-02-27,GOOGL,gru,0.008268264904839926,0.00234137917868793,-0.028052980080246925,0.03518501669168472,162.2406594484854,146.1029350548587,162.2406594484854,146.1029350548587,47.43583187817309,460.4993608000971,0.01419690093362452,0.019502490709697427,1.4207105072035007,0.5783132530120482,0.916
2023-02-28,GOOGL,gru,0.002111875532757209,-0.0037786373868584633,-0.034502722322940826,0.023576674982905388,162.58365358057077,145.55191018782497,162.58365358057077,145.55191018782497,45.82708036225614,471.4853831032158,0.01419690093362452,0.019502490709697427,1.4207105072035007,0.5783132530120482,0.916
2023-03-01,GOOGL,gru,0.00332561058970634,-0.0014614781830459833,-0.03649556264281273,0.03364570811390877,163.125243560166,145.33934137405862,163.125243560166,145.33934137405862,44.18474548200612,487.61870430939365,0.01419690093362452,0.019502490709697427,1.4207105072035007,0.5783132530120482,0.916
2023-03-02,GOOGL,gru,0.01798687869457244,0.001402376452460885,-0.02937265671789646,0.030532529577612877,166.0859042293546,145.54330068729098,166.0859042293546,145.54330068729098,42.90579831699652,502.73657871024415,0.01419690093362452,0.019502490709697427,1.4207105072035007,0.5783132530120482,0.916
2023-03-03,GOOGL,gru,0.017775868134478394,-0.00209950958378613,-0.03346416354179382,0.02866760455071926,169.0646215707178,145.23805146588955,169.0646215707178,145.23805146588955,41.49375104933673,517.3573737788336,0.01419690093362452,0.019502490709697427,1.4207105072035007,0.5783132530120482,0.916
2023-03-06,GOOGL,gru,0.01567990316296556,-0.0017482198309153318,-0.03422746807336807,0.027292970567941666,171.7364305779342,144.98436211133824,171.7364305779342,144.98436211133824,40.09755636416806,531.6720489342573,0.01419690093362452,0.019502490709697427,1.4207105072035007,0.5783132530120482,0.916
2023-03-07,GOOGL,gru,-0.01344003147742603,-0.0015790387988090515,-0.03360627219080925,0.03146355226635933,169.44372904715235,144.7556065746956,169.44372904715235,144.7556065746956,38.77241813958602,548.6662580036036,0.01419690093362452,0.019502490709697427,1.4207105072035007,0.5783132530120482,0.916
2023-03-08,GOOGL,gru,0.004146509459061792,-0.004424049519002438,-0.03585818409919739,0.031573861837387085,170.14778775670297,144.1166176347359,170.14778775670297,144.1166176347359,37.406741598243094,566.2661278152765,0.01419690093362452,0.019502490709697427,1.4207105072035007,0.5783132530120482,0.916
2023-03-09,GOOGL,gru,-0.020690026873960918,-0.0013340977020561695,-0.03364787995815277,0.02737623080611229,166.66359378009372,143.92447607184167,166.66359378009372,143.92447607184167,36.1690240391161,581.9825191574491,0.01419690093362452,0.019502490709697427,1.4207105072035007,0.5783132530120482,0.916
2023-03-10,GOOGL,gru,-0.018475545692909455,-0.0014482516562566161,-0.03437361866235733,0.0304165780544281,163.61266352323747,143.71618845850796,163.61266352323747,143.71618845850796,34.946888085054674,599.9564138948928,0.01419690093362452,0.019502490709697427,1.4207105072035007,0.5783132530120482,0.916
2023-03-13,GOOGL,gru,0.005282320663579542,0.0035131198819726706,-0.023822149261832237,0.031866513192653656,164.4792047359488,144.22196835854288,164.4792047359488,144.22196835854288,34.12421681101016,619.382778929727,0.01419690093362452,0.019502490709697427,1.4207105072035007,0.5783132530120482,0.916
2023-03-14,GOOGL,gru,0.030908020960493485,0.0009514624834991992,-0.032353054732084274,0.03258589282631874,169.64231112145688,144.3592512566522,169.64231112145688,144.3592512566522,33.03786153058133,639.8983833391786,0.01419690093362452,0.019502490709697427,1.4207105072035007,0.5783132530120482,0.916
2023-03-15,GOOGL,gru,0.022517779800422154,-0.00038606292218901217,-0.03196656331419945,0.027386412024497986,173.50561257450065,144.30352863192482,173.50561257450065,144.30352863192482,31.998455385138296,657.6651084698731,0.01419690093362452,0.019502490709697427,1.4207105072035007,0.5783132530120482,0.916
2023-03-16,GOOGL,gru,0.042871698656842046,-0.001530833076685667,-0.03440369665622711,0.029943762347102165,181.10584632177668,144.08279704837238,181.10584632177668,144.08279704837238,30.916312339871993,677.6558790104908,0.01419690093362452,0.019502490709697427,1.4207105072035007,0.5783132530120482,0.916
2023-03-17,GOOGL,gru,0.012875319350965473,-0.005587347317487001,-0.02698427066206932,0.01853219047188759,183.4527178690823,143.27999902840978,183.4527178690823,143.27999902840978,30.093214128350272,690.3314392845741,0.01419690093362452,0.019502490709697427,1.4207105072035007,0.5783132530120482,0.916
2023-03-20,GOOGL,gru,-0.003944015347720442,-0.00466167600825429,-0.03539736568927765,0.024729657918214798,182.7306024873571,142.61362793536378,182.7306024873571,142.61362793536378,29.046626978681104,707.615960568522,0.01419690093362452,0.019502490709697427,1.4207105072035007,0.5783132530120482,0.916
2023-03-21,GOOGL,gru,0.0359017597009277,-0.004842625930905342,-0.03132297098636627,0.017691200599074364,189.41013877860337,141.92467620877616,189.41013877860337,141.92467620877616,28.150902308981475,720.2459224997652,0.01419690093362452,0.019502490709697427,1.4207105072035007,0.5783132530120482,0.916
2023-03-22,GOOGL,gru,-0.014883326395969086,-0.00553499860689044,-0.03074886091053486,0.020651506260037422,186.61196061257547,141.1412962582341,186.61196061257547,141.1412962582341,27.298466308870857,735.2747718664822,0.01419690093362452,0.019502490709697427,1.4207105072035007,0.5783132530120482,0.916
2023-03-23,GOOGL,gru,0.021343545671759247,-0.005332235246896744,-0.040012553334236145,0.025090686976909637,190.63773079557464,140.39070040641028,190.63773079557464,140.39070040641028,26.227749536750427,753.9567426536319,0.01419690093362452,0.019502490709697427,1.4207105072035007,0.5783132530120482,0.916
2023-03-24,GOOGL,gru,-0.0015162629138934837,-0.0060863373801112175,-0.03319590166211128,0.022107914090156555,190.34889290680775,139.5388275996959,190.34889290680775,139.5388275996959,25.371388661725895,770.8107866597899,0.01419690093362452,0.019502490709697427,1.4207105072035007,0.5783132530120482,0.916
2023-03-27,GOOGL,gru,-0.028669624333061607,-0.0042302729561924934,-0.034283459186553955,0.026717614382505417,184.9691477748205,138.9497895347234,184.9691477748205,138.9497895347234,24.516311132464445,791.6825505239556,0.01419690093362452,0.019502490709697427,1.4207105072035007,0.5783132530120482,0.916
2023-03-28,GOOGL,gru,-0.014054979218534963,0.00048239051830023527,-0.028543125838041306,0.02885941043496132,182.38759458206644,139.01684103457137,182.38759458206644,139.01684103457137,23.826432159047105,814.8628794905782,0.01419690093362452,0.019502490709697427,1.4207105072035007,0.5783132530120482,0.916
2023-03-29,GOOGL,gru,0.003556970587588478,0.003110358025878668,-0.02222115360200405,0.03131791949272156,183.0374970482986,139.44990312185874,183.0374970482986,139.44990312185874,23.302821206088986,840.7865215909756,0.01419690093362452,0.019502490709697427,1.4207105072035007,0.5783132530120482,0.916
2023-03-30,GOOGL,gru,-0.004943652574034168,0.001073495950549841,-0.03191504627466202,0.031115055084228516,182.1348562644434,139.59968287400926,182.1348562644434,139.59968287400926,22.57085369430288,867.3588824250486,0.01419690093362452,0.019502490709697427,1.4207105072035007,0.5783132530120482,0.916
2023-03-31,GOOGL,gru,0.027760593435346734,-0.00296037457883358,-0.03260863199830055,0.02523680403828621,187.26186307880766,139.1870299599161,187.26186307880766,139.1870299599161,21.84672028815325,889.52683626869,0.01419690093362452,0.019502490709697427,1.4207105072035007,0.5783132530120482,0.916
2023-04-03,GOOGL,gru,0.006055064311086697,-0.0016724930610507727,-0.028535138815641403,0.027282990515232086,188.3991855081113,138.954437879564,188.3991855081113,138.954437879564,21.23213179139188,914.1298869739503,0.01419690093362452,0.019502490709697427,1.4207105072035007,0.5783132530120482,0.916
2023-04-04,GOOGL,gru,0.0034436671414255896,-0.0018977968720719218,-0.031090576201677322,0.025867581367492676,189.04908797434345,138.69097696513404,189.04908797434345,138.69097696513404,20.58216888321466,938.0847181299849,0.01419690093362452,0.019502490709697427,1.4207105072035007,0.5783132530120482,0.916
2023-04-05,GOOGL,gru,-0.0023901727243327772,-0.005350692197680473,-0.032424576580524445,0.025172201916575432,188.59776758241586,137.95086590214908,188.59776758241586,137.95086590214908,19.925504693163735,961.9981059202972,0.01419690093362452,0.019502490709697427,1.4207105072035007,0.5783132530120482,0.916
2023-04-06,GOOGL,gru,0.03711259640951901,-0.00038854553713463247,-0.034801989793777466,0.02871028147637844,195.72862426558973,137.89727978910838,195.72862426558973,137.89727978910838,19.24398567137782,990.0176530512999,0.01419690093362452,0.019502490709697427,1.4207105072035007,0.5783132530120482,0.916
2023-04-10,GOOGL,gru,-0.01843108789724676,-0.004619264975190163,-0.03404828533530235,0.02836277335882187,192.1541744745182,137.2617620921738,192.1541744745182,137.2617620921738,18.59979016046831,1018.4992509768282,0.01419690093362452,0.019502490709697427,1.4207105072035007,0.5783132530120482,0.916
2023-04-11,GOOGL,gru,-0.01029334328011517,-0.006830243859440088,-0.04320558160543442,0.02942320890724659,190.1864104036471,136.32742544451722,190.1864104036471,136.32742544451722,17.81328869723916,1048.9120229026869,0.01419690093362452,0.019502490709697427,1.4207105072035007,0.5783132530120482,0.916
2023-04-12,GOOGL,gru,-0.006762243890279412,0.001486461260356009,-0.02622688189148903,0.028027698397636414,188.90466214335737,136.53022785728012,188.90466214335737,136.53022785728012,17.352174981979203,1078.72644906599,0.01419690093362452,0.019502490709697427,1.4207105072035007,0.5783132530120482,0.916
2023-04-13,GOOGL,gru,0.026313593643127083,-0.001233103685081005,-0.028374139219522476,0.02642262727022171,193.94139937005394,136.36197810350993,193.94139937005394,136.36197810350993,16.866741285732047,1107.6090952260643,0.01419690093362452,0.019502490709697427,1.4207105072035007,0.5783132530120482,0.916
2023-04-14,GOOGL,gru,0.013315059602032008,-0.0002268005773657933,-0.032782021909952164,0.030242685228586197,196.5410092349826,136.33105179686382,196.5410092349826,136.33105179686382,16.322780048394687,1141.6178088348397,0.01419690093362452,0.019502490709697427,1.4207105072035007,0.5783132530120482,0.916
2023-04-17,GOOGL,gru,-0.026998488415105222,-0.005597738083451986,-0.033763788640499115,0.021930983290076256,191.30568993398143,135.57003902437046,191.30568993398143,135.57003902437046,15.780861387775658,1166.9312264241116,0.01419690093362452,0.019502490709697427,1.4207105072035007,0.5783132530120482,0.916
2023-04-18,GOOGL,gru,-0.01396897530120632,0.0023427866399288177,-0.025466833263635635,0.03167208656668663,188.65192382573431,135.88802695369597,188.65192382573431,135.88802695369597,15.384047015716662,1204.4819040177297,0.01419690093362452,0.019502490709697427,1.4207105072035007,0.5783132530120482,0.916
2023-04-19,GOOGL,gru,-0.003066896158507629,-0.001183194457553327,-0.03297147899866104,0.031190676614642143,188.0742342749952,135.7273398309496,188.0742342749952,135.7273398309496,14.88508287389467,1242.6426042949142,0.01419690093362452,0.019502490709697427,1.4207105072035007,0.5783132530120482,0.916
2023-04-20,GOOGL,gru,0.010598281317602416,-0.0008865478448569775,-0.029357951134443283,0.031123153865337372,190.07809791701015,135.60706610011925,190.07809791701015,135.60706610011925,14.454439556746856,1281.9256628214239,0.01419690093362452,0.019502490709697427,1.4207105072035007,0.5783132530120482,0.916
2023-04-21,GOOGL,gru,0.0011390864447113438,-0.005423548631370068,-0.033102333545684814,0.022505121305584908,190.29473666348932,134.87358333275657,190.29473666348932,134.87358333275657,13.98379624414825,1311.1026396244292,0.01419690093362452,0.019502490709697427,1.4207105072035007,0.5783132530120482,0.916
2023-04-24,GOOGL,gru,0.005298503697400243,0.0006423882441595197,-0.028248073533177376,0.024936070665717125,191.30568993398143,134.96024474477673,191.30568993398143,134.96024474477673,13.594307898863981,1344.2074573720472,0.01419690093362452,0.019502490709697427,1.4207105072035007,0.5783132530120482,0.916
2023-04-25,GOOGL,gru,-0.020208511077055274,-0.0042649004608392715,-0.03706895187497139,0.02963745966553688,187.47848805208153,134.3858767188169,187.47848805208153,134.3858767188169,13.099606894068094,1384.6426072060062,0.01419690093362452,0.019502490709697427,1.4207105072035007,0.5783132530120482,0.916
2023-04-26,GOOGL,gru,-0.0013490018551372183,-9.872308146441355e-05,-0.027899794280529022,0.02378081902861595,187.2257497344585,134.37261212164853,187.2257497344585,134.37261212164853,12.739181437449751,1417.9652114926937,0.01419690093362452,0.019502490709697427,1.4207105072035007,0.5783132530120482,0.916
2023-04-27,GOOGL,gru,0.03672913879430074,-0.00223018741235137,-0.032503411173820496,0.028863251209259033,194.23023725882086,134.0732670826357,194.23023725882086,134.0732670826357,12.331771304549056,1459.4887362739676,0.01419690093362452,0.019502490709697427,1.4207105072035007,0.5783132530120482,0.916
2023-04-28,GOOGL,gru,-0.0023263399364103357,-0.0052652000449597836,-0.039332542568445206,0.025668736547231674,193.77891686689327,133.3692016971879,193.77891686689327,133.3692016971879,11.85614680835619,1497.4368686990597,0.01419690093362452,0.019502490709697427,1.4207105072035007,0.5783132530120482,0.916
2023-05-01,GOOGL,gru,-0.00130511246295864,-0.00400439603254199,-0.03666356950998306,0.02951590158045292,193.52617854927024,132.83620872413485,193.52617854927024,132.83620872413485,11.42933031172866,1542.293883815471,0.01419690093362452,0.019502490709697427,1.4207105072035007,0.5783132530120482,0.916
2023-05-02,GOOGL,gru,-0.017692888438307686,-0.003892389126121998,-0.038061872124671936,0.023111438378691673,190.13225416032867,132.3201597219635,190.13225416032867,132.3201597219635,11.002483667322315,1578.3536975207498,0.01419690093362452,0.019502490709697427,1.4207105072035007,0.5783132530120482,0.916
2023-05-03,GOOGL,gru,0.0008542112781683215,-0.004938005935400724,-0.03668932616710663,0.026182306930422783,190.29473666348937,131.66837085307475,190.29473666348937,131.66837085307475,10.606125230756145,1620.2244538755685,0.01419690093362452,0.019502490709697427,1.4207105072035007,0.5783132530120482,0.916
2023-05-04,GOOGL,gru,-0.006853917357069822,-0.0013995775952935219,-0.029620006680488586,0.030026767402887344,188.99493173102505,131.4842164425893,188.99493173102505,131.4842164425893,10.296578542930186,1669.612415922352,0.01419690093362452,0.019502490709697427,1.4207105072035007,0.5783132530120482,0.916
2023-05-05,GOOGL,gru,0.008370611459258081,0.001891396357677877,-0.02989364042878151,0.03312508389353752,190.58357455225627,131.733137460394,190.58357455225627,131.733137460394,9.993331423512565,1725.844699876173,0.01419690093362452,0.019502490709697427,1.4207105072035007,0.5783132530120482,0.916
2023-05-08,GOOGL,gru,0.020625058348825418,-0.0033782341051846743,-0.03452533110976219,0.03359071537852287,194.55518849193697,131.2888608662449,194.55518849193697,131.2888608662449,9.654196300062848,1784.8016431997871,0.01419690093362452,0.019502490709697427,1.4207105072035007,0.5783132530120482,0.916
2023-05-09,GOOGL,gru,-0.0039047853489514346,-0.001281403354369104,-0.03798966854810715,0.0317818745970726,193.7969735390679,131.12073159046332,193.7969735390679,131.12073159046332,9.294315835316068,1842.4371111490707,0.01419690093362452,0.019502490709697427,1.4207105072035007,0.5783132530120482,0.916
2023-05-10,GOOGL,gru,0.04016972338294418,-0.002120804972946644,-0.032294098287820816,0.02535046637058258,201.7402151916346,130.8429408483252,201.7402151916346,130.8429408483252,8.998959055764637,1889.7406933333268,0.01419690093362452,0.019502490709697427,1.4207105072035007,0.5783132530120482,0.916
2023-05-11,GOOGL,gru,0.04222771482010128,-0.004162756726145744,-0.034262966364622116,0.024479631334543228,210.44167179707043,130.29940800476624,210.44167179707043,130.29940800476624,8.69585031821416,1936.5716877358434,0.01419690093362452,0.019502490709697427,1.4207105072035007,0.5783132530120482,0.916
2023-05-12,GOOGL,gru,0.008031506211207752,-0.010246790945529938,-0.035977765917778015,0.017992671579122543,212.1386408781439,128.97107324123365,212.1386408781439,128.97107324123365,8.388553902350994,1971.7312598653516,0.01419690093362452,0.019502490709697427,1.4207105072035007,0.5783132530120482,0.916
2023-05-15,GOOGL,gru,-0.008546329957969171,-0.009167405776679516,-0.039275236427783966,0.019762348383665085,210.3333593104335,127.79414375041074,210.3333593104335,127.79414375041074,8.0654774858656,2011.0849907080296,0.01419690093362452,0.019502490709697427,1.4207105072035007,0.5783132530120482,0.916
2023-05-16,GOOGL,gru,0.025422943186681184,-0.008080266416072845,-0.03742716461420059,0.021790629252791405,215.74920401356462,126.76569482891549,215.74920401356462,126.76569482891549,7.769188819549703,2055.3887053646035,0.01419690093362452,0.019502490709697427,1.4207105072035007,0.5783132530120482,0.916
2023-05-17,GOOGL,gru,0.011067258459331427,-0.007514425087720156,-0.03983679413795471,0.020410913974046707,218.15021803098335,125.81669086396582,218.15021803098335,125.81669086396582,7.465772954007791,2097.7720218190807,0.01419690093362452,0.019502490709697427,1.4207105072035007,0.5783132530120482,0.916
2023-05-18,GOOGL,gru,0.01633397424519919,-0.00297620240598917,-0.03759528324007988,0.03310524299740791,221.74273826743485,125.44279280047927,221.74273826743485,125.44279280047927,7.190305632100258,2168.381641343646,0.01419690093362452,0.019502490709697427,1.4207105072035007,0.5783132530120482,0.916
2023-05-19,GOOGL,gru,-0.0005700533050127076,-0.0066341254860162735,-0.038018450140953064,0.02578299306333065,221.61636910862333,124.61334226610406,221.61636910862333,124.61334226610406,6.9220725845989195,2225.016036953958,0.01419690093362452,0.019502490709697427,1.4207105072035007,0.5783132530120482,0.916
2023-05-22,GOOGL,gru,0.01848243457471137,-0.0027452856302261353,-0.03582858294248581,0.02842629700899124,225.75046555146474,124.27171283977196,225.75046555146474,124.27171283977196,6.678454826770682,2289.1726472047158,0.01419690093362452,0.019502490709697427,1.4207105072035007,0.5783132530120482,0.916
2023-05-23,GOOGL,gru,-0.020112995655737757,-0.004667258355766535,-0.0329132042825222,0.023721184581518173,221.25530453115806,123.69305721068811,221.25530453115806,123.69305721068811,6.462223279431651,2344.1238177028094,0.01419690093362452,0.019502490709697427,1.4207105072035007,0.5783132530120482,0.916
2023-05-24,GOOGL,gru,-0.013636915830443887,-0.004076906479895115,-0.03415539115667343,0.027623005211353302,218.2585442908256,123.18979802363339,218.2585442908256,123.18979802363339,6.245230262233162,2409.7782799026713,0.01419690093362452,0.019502490709697427,1.4207105072035007,0.5783132530120482,0.916
2023-05-25,GOOGL,gru,0.021115456578262352,-0.0038121738471090794,-0.03250785171985626,0.02679082565009594,222.91617404108766,122.72107043816052,222.91617404108766,122.72107043816052,6.045475550022263,2475.210738745048,0.01419690093362452,0.019502490709697427,1.4207105072035007,0.5783132530120482,0.916
2023-05-26,GOOGL,gru,0.009109638032861519,-0.008421827107667923,-0.03761281445622444,0.017607927322387695,224.9561372542465,121.69187107321284,224.9561372542465,121.69187107321284,5.822311478778936,2519.180018633124,0.01419690093362452,0.019502490709697427,1.4207105072035007,0.5783132530120482,0.916
2023-05-30,GOOGL,gru,-0.007572151904878239,-0.006713598966598511,-0.03792732208967209,0.021226508542895317,223.25916817317304,120.8776188121144,223.25916817317304,120.8776188121144,5.605622043235035,2573.224946334274,0.01419690093362452,0.019502490709697427,1.4207105072035007,0.5783132530120482,0.916
2023-05-31,GOOGL,gru,-0.006489804714951977,0.00022175577760208398,-0.03150486946105957,0.03507965803146362,221.81495118292793,120.9044209193282,221.81495118292793,120.9044209193282,5.431770476345376,2665.094811468936,0.01419690093362452,0.019502490709697427,1.4207105072035007,0.5783132530120482,0.916
2023-06-01,GOOGL,gru,0.006894049450487767,-0.00508316233754158,-0.03998876363039017,0.02863919734954834,223.34943776084066,120.29140296894224,223.34943776084066,120.29140296894224,5.218846325712474,2742.52437392697,0.01419690093362452,0.019502490709697427,1.4207105072035007,0.5783132530120482,0.916
2023-06-02,GOOGL,gru,0.007649273986143381,-0.004780132323503494,-0.030281320214271545,0.023031417280435562,225.0644497408834,119.7177658419044,225.0644497408834,119.7177658419044,5.06318162561209,2806.421737320012,0.01419690093362452,0.019502490709697427,1.4207105072035007,0.5783132530120482,0.916
2023-06-05,GOOGL,gru,0.010691054164794572,-0.004504289943724871,-0.033041227608919144,0.023420095443725586,227.48353420368207,119.17973856570352,227.48353420368207,119.17973856570352,4.89862143855978,2872.924227288099,0.01419690093362452,0.019502490709697427,1.4207105072035007,0.5783132530120482,0.916
2023-06-06,GOOGL,gru,0.010263752062225948,-0.003030606312677264,-0.03537837043404579,0.03321321681141853,229.83039197778237,118.819099651148,229.83039197778237,118.819099651148,4.728345949538797,2969.945518218927,0.01419690093362452,0.019502490709697427,1.4207105072035007,0.5783132530120482,0.916
2023-06-07,GOOGL,gru,-0.0385140079119105,-0.0033612900879234076,-0.029119422659277916,0.024901190772652626,221.14699204452117,118.42038763169492,221.14699204452117,118.42038763169492,4.592644703395752,3044.8292422662266,0.01419690093362452,0.019502490709697427,1.4207105072035007,0.5783132530120482,0.916
2023-06-08,GOOGL,gru,-0.0029431071869402328,-0.0029723166953772306,-0.03318880498409271,0.023539474233984947,220.497089578289,118.06892846461112,220.497089578289,118.06892846461112,4.442721982413816,3117.3532118664566,0.01419690093362452,0.019502490709697427,1.4207105072035007,0.5783132530120482,0.916
2023-06-09,GOOGL,gru,0.0007366204554022549,-0.00404816260561347,-0.03628341108560562,0.02759574167430401,220.65957208144974,117.59192966032015,220.65957208144974,117.59192966032015,4.284414347601665,3204.5770327638,0.01419690093362452,0.019502490709697427,1.4207105072035007,0.5783132530120482,0.916
2023-06-12,GOOGL,gru,0.011469569074149968,-0.006151062902063131,-0.04001656174659729,0.028801433742046356,223.20501192985458,116.87083413914527,223.20501192985458,116.87083413914527,4.116351886540516,3298.2154896496104,0.01419690093362452,0.019502490709697427,1.4207105072035007,0.5783132530120482,0.916
2023-06-13,GOOGL,gru,0.0015355596864558589,-0.01087169162929058,-0.04494316130876541,0.022485435009002686,223.54801983514528,115.60713096274532,223.54801983514528,115.60713096274532,3.9354457395493143,3373.21732432523,0.01419690093362452,0.019502490709697427,1.4207105072035007,0.5783132530120482,0.916
2023-06-14,GOOGL,gru,-0.0012929590658569334,-0.0034457689616829157,-0.035875122994184494,0.028046924620866776,223.25916817317307,115.20946050687284,223.25916817317307,115.20946050687284,3.7967637026515724,3469.1648903183745,0.01419690093362452,0.019502490709697427,1.4207105072035007,0.5783132530120482,0.916
2023-06-15,GOOGL,gru,0.011416736002860521,-0.003629799699410796,-0.036415379494428635,0.032749030739068985,225.8226646937525,114.79202815782925,225.8226646937525,114.79202815782925,3.6609901300708096,3584.657624205158,0.01419690093362452,0.019502490709697427,1.4207105072035007,0.5783132530120482,0.916
2023-06-16,GOOGL,gru,-0.012549417283966163,-0.0021432191133499146,-0.0297609344124794,0.03245110064744949,223.00642985555,114.54626540080204,223.00642985555,114.54626540080204,3.553640946898929,3702.8919003512365,0.01419690093362452,0.019502490709697427,1.4207105072035007,0.5783132530120482,0.916
2023-06-20,GOOGL,gru,-0.0034870108719211057,0.00030602619517594576,-0.030013345181941986,0.031944144517183304,222.23015823050633,114.58133138666635,222.23015823050633,114.58133138666635,3.4485689507776573,3823.0872348122507,0.01419690093362452,0.019502490709697427,1.4207105072035007,0.5783132530120482,0.916
2023-06-21,GOOGL,gru,-0.020932390852499306,-0.006628549657762051,-0.039893317967653275,0.027918625622987747,217.62669849676809,113.82433395918913,217.62669849676809,113.82433395918913,3.313702185382252,3931.326357690974,0.01419690093362452,0.019502490709697427,1.4207105072035007,0.5783132530120482,0.916
2023-06-22,GOOGL,gru,0.021338507014489784,-0.001435206737369299,-0.03786101192235947,0.03357715904712677,222.320427818174,113.66108630691322,222.320427818174,113.66108630691322,3.190587399483927,4065.5703910881557,0.01419690093362452,0.019502490709697427,1.4207105072035007,0.5783132530120482,0.916
2023-06-23,GOOGL,gru,-0.006599113076405469,-0.006796494126319885,-0.038873739540576935,0.020820071920752525,220.85814038254898,112.89120614038752,220.85814038254898,112.89120614038752,3.0689371949974094,4151.103055596977,0.01419690093362452,0.019502490709697427,1.4207105072035007,0.5783132530120482,0.916
2023-06-26,GOOGL,gru,-0.03324221757766285,-0.0029864581301808357,-0.032959118485450745,0.02878386527299881,213.6370141117075,112.55456226316716,213.6370141117075,112.55456226316716,2.9694364602937706,4272.323997142263,0.01419690093362452,0.019502490709697427,1.4207105072035007,0.5783132530120482,0.916
2023-06-27,GOOGL,gru,-8.44594322829457e-05,0.00011405459372326732,-0.03196084499359131,0.03150823712348938,213.61897121273822,112.56740285794591,213.61897121273822,112.56740285794591,2.8760313017853747,4409.0804047684915,0.01419690093362452,0.019502490709697427,1.4207105072035007,0.5783132530120482,0.916
2023-06-28,GOOGL,gru,0.015513274574499667,0.0006290703313425183,-0.03073025494813919,0.03137354180216789,216.95873935836136,112.63824218190611,216.95873935836136,112.63824218190611,2.788994290116598,4549.601509625896,0.01419690093362452,0.019502490709697427,1.4207105072035007,0.5783132530120482,0.916
2023-06-29,GOOGL,gru,-0.00902715789559571,0.00021168008970562369,-0.03472450003027916,0.032436076551675797,215.00903195966487,112.66208946599842,215.00903195966487,112.66208946599842,2.6938099681990915,4699.591888946647,0.01419690093362452,0.019502490709697427,1.4207105072035007,0.5783132530120482,0.916
2023-06-30,GOOGL,gru,0.005025123519365804,-0.001045019831508398,-0.037817034870386124,0.033801522105932236,216.09219814565006,112.54441929988072,216.09219814565006,112.54441929988072,2.593840189257211,4861.160304495553,0.01419690093362452,0.019502490709697427,1.4207105072035007,0.5783132530120482,0.916
2023-07-03,GOOGL,gru,0.0016694876908567673,0.0002817213535308838,-0.034899961203336716,0.03664274141192436,216.4532627231153,112.57613552827343,216.4532627231153,112.57613552827343,2.504876651391135,5042.590483568455,0.01419690093362452,0.019502490709697427,1.4207105072035007,0.5783132530120482,0.916
2023-07-05,GOOGL,gru,0.01531168720296794,-0.005720064509660006,-0.03298744559288025,0.025631409138441086,219.79303086873844,111.9340297023064,219.79303086873844,111.9340297023064,2.423595144798671,5173.509799861082,0.01419690093362452,0.019502490709697427,1.4207105072035007,0.5783132530120482,0.916
2023-07-06,GOOGL,gru,-0.013561767314695373,-0.003099542809650302,-0.03814717009663582,0.03467697277665138,216.83237019954984,111.58762379347306,216.83237019954984,111.58762379347306,2.332883040288821,5356.058306085247,0.01419690093362452,0.019502490709697427,1.4207105072035007,0.5783132530120482,0.916
2023-07-07,GOOGL,gru,-0.005258973203898321,-0.0003621051728259772,-0.028464430943131447,0.0265571977943182,215.69504777024622,111.54722476499768,215.69504777024622,111.54722476499768,2.267415067181017,5500.205515645929,0.01419690093362452,0.019502490709697427,1.4207105072035007,0.5783132530120482,0.916
2023-07-10,GOOGL,gru,-0.02568705132034929,0.00037691619945690036,-0.030368080362677574,0.0313018262386322,210.22503305059132,111.5892713506418,210.22503305059132,111.5892713506418,2.1995931052173248,5675.095177625518,0.01419690093362452,0.019502490709697427,1.4207105072035007,0.5783132530120482,0.916
2023-07-11,GOOGL,gru,0.005907825327434819,-0.000880968407727778,-0.027752654626965523,0.030274802818894386,211.4706817397372,111.49100594743459,211.4706817397372,111.49100594743459,2.139387803608288,5849.534878022199,0.01419690093362452,0.019502490709697427,1.4207105072035007,0.5783132530120482,0.916
2023-07-12,GOOGL,gru,0.015165291853974907,0.00018723767425399274,-0.0314091332256794,0.03227221593260765,214.7021373987234,111.51188573706636,214.7021373987234,111.51188573706636,2.0732358310699204,6041.39171275147,0.01419690093362452,0.019502490709697427,1.4207105072035007,0.5783132530120482,0.916
2023-07-13,GOOGL,gru,0.04609186949041152,-0.0018502466846257448,-0.029888981953263283,0.02837391011416912,224.82976809543504,111.30575391445863,224.82976809543504,111.30575391445863,2.012185833825634,6215.265027255431,0.01419690093362452,0.019502490709697427,1.4207105072035007,0.5783132530120482,0.916
2023-07-14,GOOGL,gru,0.007041133719913869,-0.0006643464439548552,-0.029626231640577316,0.03028126433491707,226.4184109166663,111.23183409903068,226.4184109166663,111.23183409903068,1.953446763347834,6406.349828967975,0.01419690093362452,0.019502490709697427,1.4207105072035007,0.5783132530120482,0.916
2023-07-17,GOOGL,gru,-0.006158268304617407,-0.0058015198446810246,-0.037890102714300156,0.024833109229803085,225.02835016973964,110.58838574842358,225.02835016973964,110.58838574842358,1.8808151548567202,6567.430967218255,0.01419690093362452,0.019502490709697427,1.4207105072035007,0.5783132530120482,0.916
2023-07-18,GOOGL,gru,-0.007165598684989536,-0.006960947532206774,-0.03495321422815323,0.020463041961193085,223.42165067633385,109.82125749941007,223.42165067633385,109.82125749941007,1.81621031677471,6703.205188100888,0.01419690093362452,0.019502490709697427,1.4207105072035007,0.5783132530120482,0.916
2023-07-19,GOOGL,gru,-0.014077317385439485,-0.0035280794836580753,-0.03754334896802902,0.02694801241159439,220.29850750398458,109.4344824443671,220.29850750398458,109.4344824443671,1.7492877741437478,6886.299380218288,0.01419690093362452,0.019502490709697427,1.4207105072035007,0.5783132530120482,0.916
2023-07-20,GOOGL,gru,-0.02346417711119061,-0.0036386025603860617,-0.03175576031208038,0.027043934911489487,215.18955736179493,109.03701541600272,215.18955736179493,109.03701541600272,1.694610540648971,7075.0727571930465,0.01419690093362452,0.019502490709697427,1.4207105072035007,0.5783132530120482,0.916
2023-07-21,GOOGL,gru,0.006855638562327525,0.00036601044121198356,-0.0369737409055233,0.03500081226229668,216.66988769638925,109.07693296541527,216.66988769638925,109.07693296541527,1.6330985962036426,7327.09088288906,0.01419690093362452,0.019502490709697427,1.4207105072035007,0.5783132530120482,0.916
2023-07-24,GOOGL,gru,0.012502768246668256,-0.0025857510045170784,-0.03220902383327484,0.0286501944065094,219.39586672012942,108.7952493298431,219.39586672012942,108.7952493298431,1.5813361599146887,7540.049380323683,0.01419690093362452,0.019502490709697427,1.4207105072035007,0.5783132530120482,0.916
2023-07-25,GOOGL,gru,0.00557973312023204,-0.004953678231686354,-0.032734159380197525,0.021068790927529335,220.6234587371007,108.2576480642224,220.6234587371007,108.2576480642224,1.5304104769412188,7700.594591158157,0.01419690093362452,0.019502490709697427,1.4207105072035007,0.5783132530120482,0.916
2023-07-26,GOOGL,gru,0.05616240438805053,-0.007091616280376911,-0.03512907400727272,0.016337011009454727,233.3687559709156,107.4926402118141,233.3687559709156,107.4926402118141,1.4775819384057531,7827.432220793529,0.01419690093362452,0.019502490709697427,1.4207105072035007,0.5783132530120482,0.916
2023-07-27,GOOGL,gru,0.0010050615524491006,-0.00570646533742547,-0.03500381484627724,0.02122277393937111,233.6034238431587,106.8809837611574,233.6034238431587,106.8809837611574,1.4267556940677457,7995.327243942998,0.01419690093362452,0.019502490709697427,1.4207105072035007,0.5783132530120482,0.916
2023-07-28,GOOGL,gru,0.024277915725206205,-0.005605312529951334,-0.0389208048582077,0.028508253395557404,239.34423355261126,106.28356134642817,239.34423355261126,106.28356134642817,1.3722919505030773,8226.54015254466,0.01419690093362452,0.019502490709697427,1.4207105072035007,0.5783132530120482,0.916
2023-07-31,GOOGL,gru,0.0010554044555838775,-0.003724579466506839,-0.03241118788719177,0.030956290662288666,239.59697187023426,105.88843510568005,239.59697187023426,105.88843510568005,1.3285273859471598,8485.185678282933,0.01419690093362452,0.019502490709697427,1.4207105072035007,0.5783132530120482,0.916
2023-08-01,GOOGL,gru,-0.008854624395006803,-0.00779739860445261,-0.0388275682926178,0.02361961081624031,237.4847957415824,105.06599102564786,237.4847957415824,105.06599102564786,1.2779325007878604,8687.987956966315,0.01419690093362452,0.019502490709697427,1.4207105072035007,0.5783132530120482,0.916
2023-08-02,GOOGL,gru,-0.024392376767074102,-0.0017316507874056697,-0.027365803718566895,0.02401714399456978,231.76205647750976,104.8842117291602,231.76205647750976,104.8842117291602,1.2434350134926309,8899.174239162008,0.01419690093362452,0.019502490709697427,1.4207105072035007,0.5783132530120482,0.916
2023-08-03,GOOGL,gru,0.0005450458798694493,-0.0027720138896256685,-0.0367901585996151,0.03489232435822487,231.88841186311598,104.59387556366494,231.88841186311598,104.59387556366494,1.1985201428205954,9215.16750474001,0.01419690093362452,0.019502490709697427,1.4207105072035007,0.5783132530120482,0.916
2023-08-04,GOOGL,gru,-0.002650425164940209,-0.001785273547284305,-0.035972677171230316,0.03163767606019974,231.274622741233,104.40731471076522,231.274622741233,104.40731471076522,1.1561724286311057,9511.374998380265,0.01419690093362452,0.019502490709697427,1.4207105072035007,0.5783132530120482,0.916
2023-08-07,GOOGL,gru,0.026345678567271377,-0.0005850765737704933,-0.034926801919937134,0.03488808870315552,237.44868239723323,104.34624683280164,237.44868239723323,104.34624683280164,1.116488115180109,9849.065565518173,0.01419690093362452,0.019502490709697427,1.4207105072035007,0.5783132530120482,0.916
2023-08-08,GOOGL,gru,-0.0009888935992725578,-0.001987327355891466,-0.029993213713169098,0.029216229915618896,237.21398697857947,104.13908080860824,237.21398697857947,104.13908080860824,1.083498269318534,10141.06308847774,0.01419690093362452,0.019502490709697427,1.4207105072035007,0.5783132530120482,0.916
2023-08-09,GOOGL,gru,-0.01333039160982838,-0.001981000881642103,-0.030373958870768547,0.022444454953074455,234.07281468046622,103.93298404618423,234.07281468046622,103.93298404618423,1.0510829268194697,10371.247810363395,0.01419690093362452,0.019502490709697427,1.4207105072035007,0.5783132530120482,0.916
2023-08-10,GOOGL,gru,0.00023133818179821468,-0.001271553453989327,-0.028774280101060867,0.02600518986582756,234.1269709237847,103.80090902134909,234.1269709237847,103.80090902134909,1.021269757242684,10644.492084898646,0.01419690093362452,0.019502490709697427,1.4207105072035007,0.5783132530120482,0.916
2023-08-11,GOOGL,gru,-0.0010029307132870505,-0.00137799303047359,-0.028944022953510284,0.030361246317625046,233.89227550513095,103.65797038354886,233.89227550513095,103.65797038354886,0.9921337816072366,10972.627788248032,0.01419690093362452,0.019502490709697427,1.4207105072035007,0.5783132530120482,0.916
2023-08-14,GOOGL,gru,0.01356917808016197,-0.00015517974679823965,-0.02789074182510376,0.02981594204902649,237.0876315929733,103.64188775715193,237.0876315929733,103.64188775715193,0.9648447472766539,11304.712770986576,0.01419690093362452,0.019502490709697427,1.4207105072035007,0.5783132530120482,0.916
2023-08-15,GOOGL,gru,-0.01187255375238252,-0.0016294464003294706,-0.032137639820575714,0.027757463976740837,234.2894396537401,103.47314830931467,234.2894396537401,103.47314830931467,0.9343298906006136,11622.89823428777,0.01419690093362452,0.019502490709697427,1.4207105072035007,0.5783132530120482,0.916
2023-08-16,GOOGL,gru,-0.008356608897181818,-0.0009230918949469924,-0.030540749430656433,0.035624317824840546,232.3397322550436,103.37767571506373,232.3397322550436,103.37767571506373,0.9062261194515525,12044.419446785267,0.01419690093362452,0.019502490709697427,1.4207105072035007,0.5783132530120482,0.916
2023-08-17,GOOGL,gru,0.009434771429759795,-0.004894398618489504,-0.037065304815769196,0.02875714935362339,234.54217797136312,102.8729388785991,234.54217797136312,102.8729388785991,0.8732514618614333,12395.811595912868,0.01419690093362452,0.019502490709697427,1.4207105072035007,0.5783132530120482,0.916
2023-08-18,GOOGL,gru,-0.019116279616370673,-0.0021518589928746223,-0.03315435349941254,0.025601303204894066,230.10118696758022,102.6518112019465,230.10118696758022,102.6518112019465,0.8447740557583764,12717.257739072988,0.01419690093362452,0.019502490709697427,1.4207105072035007,0.5783132530120482,0.916
2023-08-21,GOOGL,gru,0.007114098356524466,-0.0027902123983949423,-0.03808651864528656,0.028748085722327232,231.74398603212987,102.36578852582089,231.74398603212987,102.36578852582089,0.8132045754739937,13088.159968550231,0.01419690093362452,0.019502490709697427,1.4207105072035007,0.5783132530120482,0.916
2023-08-22,GOOGL,gru,0.005515700309373584,-0.0014364314265549183,-0.032340630888938904,0.028247326612472534,233.0257480656249,102.21885276965736,233.0257480656249,102.21885276965736,0.7873257406260059,13463.136345784875,0.01419690093362452,0.019502490709697427,1.4207105072035007,0.5783132530120482,0.916
2023-08-23,GOOGL,gru,0.02516861346888594,0.0015133172273635864,-0.029576096683740616,0.03319665417075157,238.9651123029714,102.37365655898519,238.9651123029714,102.37365655898519,0.7643807256145643,13917.567720680441,0.01419690093362452,0.019502490709697427,1.4207105072035007,0.5783132530120482,0.916
2023-08-24,GOOGL,gru,-0.019760295050991496,-0.006842708680778742,-0.03911241143941879,0.02300092577934265,234.28943965374006,101.67553298193204,234.28943965374006,101.67553298193204,0.7350610859106503,14241.394832742162,0.01419690093362452,0.019502490709697427,1.4207105072035007,0.5783132530120482,0.916
2023-08-25,GOOGL,gru,0.0007702850423630398,-0.0004022096109110862,-0.03570863604545593,0.03542277216911316,234.46997882907536,101.63464390826039,234.46997882907536,101.63464390826039,0.7092761830196569,14754.905229132602,0.01419690093362452,0.019502490709697427,1.4207105072035007,0.5783132530120482,0.916
2023-08-28,GOOGL,gru,0.008662629406785527,-0.001193665317259729,-0.03392995148897171,0.028615042567253113,236.50992826902888,101.51340116076402,236.50992826902888,101.51340116076402,0.6856141768255252,15183.216751441862,0.01419690093362452,0.019502490709697427,1.4207105072035007,0.5783132530120482,0.916
2023-08-29,GOOGL,gru,0.02681094994405131,-0.0017109450418502092,-0.03196539729833603,0.02629382722079754,242.93675378906278,101.33986793896544,242.93675378906278,101.33986793896544,0.6640448044892401,15587.73652929377,0.01419690093362452,0.019502490709697427,1.4207105072035007,0.5783132530120482,0.916
2023-08-30,GOOGL,gru,0.009687615046842379,0.002221656497567892,-0.029906434938311577,0.030433254316449165,245.30166823533767,101.56525669430332,245.30166823533767,101.56525669430332,0.6444796215849065,16069.414335660922,0.01419690093362452,0.019502490709697427,1.4207105072035007,0.5783132530120482,0.916
2023-08-31,GOOGL,gru,0.002131912462532242,-0.002894769422709942,-0.03333418816328049,0.02572285197675228,245.825187769553,101.27167349857841,245.825187769553,101.27167349857841,0.6233505502814152,16488.127481710908,0.01419690093362452,0.019502490709697427,1.4207105072035007,0.5783132530120482,0.916
2023-09-01,GOOGL,gru,-0.0037523091769601897,-0.005250832997262478,-0.036452099680900574,0.024238400161266327,244.9045040867285,100.74130939951658,244.9045040867285,100.74130939951658,0.601037250922144,16892.656815438077,0.01419690093362452,0.019502490709697427,1.4207105072035007,0.5783132530120482,0.916
2023-09-05,GOOGL,gru,0.0008105265678669861,-0.0012766474392265081,-0.031429555267095566,0.026336941868066788,245.10308616103305,100.6127798671021,245.10308616103305,100.6127798671021,0.5824406949170425,17343.467559960653,0.01419690093362452,0.019502490709697427,1.4207105072035007,0.5783132530120482,0.916
2023-09-06,GOOGL,gru,-0.009695502107594636,-0.00202158372849226,-0.03438642993569374,0.03842945769429207,242.73817171475815,100.4095898856739,242.73817171475815,100.4095898856739,0.5627530850675392,18022.939833879722,0.01419690093362452,0.019502490709697427,1.4207105072035007,0.5783132530120482,0.916
2023-09-07,GOOGL,gru,0.005932004561937072,-0.0002513228973839432,-0.02968810871243477,0.026164621114730835,244.1823749317979,100.38435764029076,244.1823749317979,100.38435764029076,0.546291570100634,18500.725824499143,0.01419690093362452,0.019502490709697427,1.4207105072035007,0.5783132530120482,0.916
2023-09-08,GOOGL,gru,0.008246331360597183,-0.0030320007354021072,-0.037417855113744736,0.029404278844594955,246.20430901919278,100.08045609256628,246.20430901919278,100.08045609256628,0.52622820653866,19052.80278298452,0.01419690093362452,0.019502490709697427,1.4207105072035007,0.5783132530120482,0.916
2023-09-11,GOOGL,gru,0.0039516573933112455,-0.004750166088342667,-0.03716197982430458,0.026647444814443588,247.17914894533573,99.60618212827474,247.17914894533573,99.60618212827474,0.5070314279012347,19567.336534288348,0.01419690093362452,0.019502490709697427,1.4207105072035007,0.5783132530120482,0.916
2023-09-12,GOOGL,gru,-0.011606696543322147,-0.0024774225894361734,-0.03527457267045975,0.029836783185601234,244.32680076278405,99.35971981660806,244.32680076278405,99.35971981660806,0.48945787898199966,20159.958995595553,0.01419690093362452,0.019502490709697427,1.4207105072035007,0.5783132530120482,0.916
2023-09-13,GOOGL,gru,0.010071839308694987,-0.004954964388161898,-0.03492840379476547,0.032340504229068756,246.80005524210648,98.86861302238236,246.80005524210648,98.86861302238236,0.4726570312944245,20822.598715322543,0.01419690093362452,0.019502490709697427,1.4207105072035007,0.5783132530120482,0.916
2023-09-14,GOOGL,gru,0.010116161557407547,-0.0012409837218001485,-0.030742868781089783,0.02925819903612137,249.30939551936746,98.74599677716284,249.30939551936746,98.74599677716284,0.4583472893670726,21440.82968506591,0.01419690093362452,0.019502490709697427,1.4207105072035007,0.5783132530120482,0.916
2023-09-15,GOOGL,gru,-0.005081769244856388,-0.0027952149976044893,-0.03251726180315018,0.029247863218188286,248.04567638484167,98.47036850671115,248.04567638484167,98.47036850671115,0.44368279638742625,22077.1886910357,0.01419690093362452,0.019502490709697427,1.4207105072035007,0.5783132530120482,0.916
2023-09-18,GOOGL,gru,0.005877980826486689,0.0013853850541636348,-0.03357376158237457,0.033704958856105804,249.507977593672,98.60688822318056,249.507977593672,98.60688822318056,0.4290339685183621,22833.98292297837,0.01419690093362452,0.019502490709697427,1.4207105072035007,0.5783132530120482,0.916
2023-09-19,GOOGL,gru,-0.0012308666005359918,-0.0027337109204381704,-0.03342665359377861,0.024303901940584183,249.20105548631986,98.33769611839334,249.20105548631986,98.33769611839334,0.414929834203425,23395.73767319995,0.01419690093362452,0.019502490709697427,1.4207105072035007,0.5783132530120482,0.916
2023-09-20,GOOGL,gru,-0.031645791893399625,-0.006264927331358194,-0.038516223430633545,0.024649985134601593,241.43836678229374,97.72354622239217,241.43836678229374,97.72354622239217,0.3992521582248801,23979.60978716054,0.01419690093362452,0.019502490709697427,1.4207105072035007,0.5783132530120482,0.916
2023-09-21,GOOGL,gru,-0.02498428806147057,-0.0034760665148496628,-0.032498814165592194,0.029653605073690414,235.48093209956738,97.38444516471795,235.48093209956738,97.38444516471795,0.38648551079161747,24701.338581763048,0.01419690093362452,0.019502490709697427,1.4207105072035007,0.5783132530120482,0.916
2023-09-22,GOOGL,gru,-0.0014576890043411157,-0.0035926634445786476,-0.03876371309161186,0.034396860748529434,235.1379241942767,97.03520188667792,235.1379241942767,97.03520188667792,0.3717905427304078,25565.76976709672,0.01419690093362452,0.019502490709697427,1.4207105072035007,0.5783132530120482,0.916
2023-09-25,GOOGL,gru,0.006580989533097455,-0.0003674397594295442,-0.029520783573389053,0.028322916477918625,236.6904674443641,96.99955664319846,236.6904674443641,96.99955664319846,0.360975426497624,26300.21731704703,0.01419690093362452,0.019502490709697427,1.4207105072035007,0.5783132530120482,0.916
2023-09-26,GOOGL,gru,-0.01956311010363898,0.0007044110679998994,-0.030006928369402885,0.028152035549283028,232.1050643828004,97.06790700351068,232.1050643828004,97.06790700351068,0.3503045734387373,27051.142577834107,0.01419690093362452,0.019502490709697427,1.4207105072035007,0.5783132530120482,0.916
2023-09-27,GOOGL,gru,0.015206081712641744,-0.0006353141507133842,-0.03531932830810547,0.03217364102602005,235.6614437284921,97.00626039008434,235.6614437284921,97.00626039008434,0.3381479898828985,27935.6295436562,0.01419690093362452,0.019502490709697427,1.4207105072035007,0.5783132530120482,0.916
2023-09-28,GOOGL,gru,0.013467993826575939,0.0013026910601183772,-0.032999347895383835,0.03476503863930702,238.85679981633444,97.13271324821831,238.85679981633444,97.13271324821831,0.32717143265277127,28923.89237436016,0.01419690093362452,0.019502490709697427,1.4207105072035007,0.5783132530120482,0.916
2023-09-29,GOOGL,gru,-0.011019581496402666,-0.0005147380288690329,-0.03386279568076134,0.030900370329618454,236.23914705243652,97.08272617967337,236.23914705243652,97.08272617967337,0.316277975219963,29831.605079339257,0.01419690093362452,0.019502490709697427,1.4207105072035007,0.5783132530120482,0.916
2023-10-02,GOOGL,gru,0.024979584849357164,-0.004008125048130751,-0.03834279626607895,0.02946251630783081,242.21462463413218,96.69438291481679,242.21462463413218,96.69438291481679,0.30438053784637875,30723.593616129907,0.01419690093362452,0.019502490709697427,1.4207105072035007,0.5783132530120482,0.916
2023-10-03,GOOGL,gru,-0.013053490322576392,-0.004510355647653341,-0.03797399625182152,0.030600417405366898,239.07342478960828,96.25923785830373,239.07342478960828,96.25923785830373,0.2930387033980247,31678.281698200408,0.01419690093362452,0.019502490709697427,1.4207105072035007,0.5783132530120482,0.916
2023-10-04,GOOGL,gru,0.020996869825048527,-6.953746196813881e-05,-0.032849811017513275,0.03549136966466904,244.14628913385937,96.25254219851246,244.14628913385937,96.25254219851246,0.2835688386733814,32822.77871537818,0.01419690093362452,0.019502490709697427,1.4207105072035007,0.5783132530120482,0.916
2023-10-05,GOOGL,gru,-0.0012578016595522995,-0.003498572390526533,-0.03494589030742645,0.0275790523737669,243.83939457291788,95.9163826439368,243.83939457291788,95.9163826439368,0.2738304187704843,33740.599550881074,0.01419690093362452,0.019502490709697427,1.4207105072035007,0.5783132530120482,0.916
2023-10-06,GOOGL,gru,0.01841236260885932,-0.006431632675230503,-0.044347696006298065,0.02255958504974842,248.3706413911631,95.3014611813533,248.3706413911631,95.3014611813533,0.2619520082409739,34510.423139066545,0.01419690093362452,0.019502490709697427,1.4207105072035007,0.5783132530120482,0.916
2023-10-09,GOOGL,gru,0.006086948778579012,-0.0025610693264752626,-0.030193578451871872,0.022743631154298782,249.88707129690127,95.05769775816823,249.88707129690127,95.05769775816823,0.2541609528925664,35304.31103975737,0.01419690093362452,0.019502490709697427,1.4207105072035007,0.5783132530120482,0.916
2023-10-10,GOOGL,gru,-0.0026041725937966036,-0.000509327684994787,-0.03245105594396591,0.03348664194345474,249.2371688306691,95.00929414269663,249.2371688306691,95.00929414269663,0.24604555589799978,36506.55286635723,0.01419690093362452,0.019502490709697427,1.4207105072035007,0.5783132530120482,0.916
2023-10-11,GOOGL,gru,0.017874963473841585,-0.0013225149596109986,-0.031983789056539536,0.02926338091492653,253.7323298509758,94.88372854951204,253.7323298509758,94.88372854951204,0.23830061022678825,37590.64230745721,0.01419690093362452,0.019502490709697427,1.4207105072035007,0.5783132530120482,0.916
2023-10-12,GOOGL,gru,-0.011305227783086545,0.0030150869861245155,-0.028525125235319138,0.029780305922031403,250.8799816684241,95.17024804450902,250.8799816684241,95.17024804450902,0.23159909018843916,38726.93742950684,0.01419690093362452,0.019502490709697427,1.4207105072035007,0.5783132530120482,0.916
2023-10-13,GOOGL,gru,-0.011652870249758524,-0.0033534648828208447,-0.03293835371732712,0.02616562694311142,247.97347724255397,94.85163007522473,247.97347724255397,94.85163007522473,0.2240948627519254,39753.625482512536,0.01419690093362452,0.019502490709697427,1.4207105072035007,0.5783132530120482,0.916
2023-10-16,GOOGL,gru,0.012587921775348562,-0.0032320490572601557,-0.03287056088447571,0.027226358652114868,251.11467708707787,94.54556125561948,251.11467708707787,94.54556125561948,0.21684849195438605,40850.84174942364,0.01419690093362452,0.019502490709697427,1.4207105072035007,0.5783132530120482,0.916
2023-10-17,GOOGL,gru,0.004447285867399575,-0.002415834693238139,-0.03437601029872894,0.028411956503987312,252.23394284420692,94.31743083095606,252.23394284420692,94.31743083095606,0.20952078239344482,42028.14020551217,0.01419690093362452,0.019502490709697427,1.4207105072035007,0.5783132530120482,0.916
2023-10-18,GOOGL,gru,-0.01267659194145642,-0.005463016219437122,-0.03264058381319046,0.02843388542532921,249.05665720174449,93.8035797577105,249.05665720174449,93.8035797577105,0.20279231334496903,43240.31466328663,0.01419690093362452,0.019502490709697427,1.4207105072035007,0.5783132530120482,0.916
2023-10-19,GOOGL,gru,-0.0015233887009325497,-0.0017595217796042562,-0.030596377328038216,0.02825309894979,248.67753595210462,93.6386749975063,248.67753595210462,93.6386749975063,0.19668155866318895,44479.409373638984,0.01419690093362452,0.019502490709697427,1.4207105072035007,0.5783132530120482,0.916
2023-10-20,GOOGL,gru,-0.0157310275155525,-0.003978980705142021,-0.035955797880887985,0.02964482083916664,244.79619160009156,93.26682646894031,244.79619160009156,93.26682646894031,0.18973534359972252,45817.73003486381,0.01419690093362452,0.019502490709697427,1.4207105072035007,0.5783132530120482,0.916
2023-10-23,GOOGL,gru,0.006615194107543093,-0.0010496594477444887,-0.033992949873209,0.03140899911522865,246.42093399246664,93.16898011513048,246.42093399246664,93.16898011513048,0.18339406677111955,47279.65647169357,0.01419690093362452,0.019502490709697427,1.4207105072035007,0.5783132530120482,0.916
2023-10-24,GOOGL,gru,0.016781459373888273,0.0006523845950141549,-0.03453170508146286,0.033501312136650085,250.59113000645192,93.22977768692668,250.59113000645192,93.22977768692668,0.17716925360299432,48890.41871294328,0.01419690093362452,0.019502490709697427,1.4207105072035007,0.5783132530120482,0.916
2023-10-25,GOOGL,gru,-0.09992420044064101,-0.0028262976557016373,-0.032225340604782104,0.0330643430352211,226.76141882195705,92.96665715647181,226.76141882195705,92.96665715647181,0.1715509263726504,50533.968879675354,0.01419690093362452,0.019502490709697427,1.4207105072035007,0.5783132530120482,0.916
2023-10-26,GOOGL,gru,-0.02686838651847985,0.005355897359549999,-0.029170969501137733,0.04480595886707306,220.74982789591223,93.46591221025926,220.74982789591223,93.46591221025926,0.16661890840705162,52849.6822107941,0.01419690093362452,0.019502490709697427,1.4207105072035007,0.5783132530120482,0.916
2023-10-27,GOOGL,gru,-0.0008999846115739093,0.007718242239207029,-0.02251972258090973,0.037723999470472336,220.55124582160767,94.19009796670635,220.55124582160767,94.19009796670635,0.16290862907910825,54881.469125134885,0.01419690093362452,0.019502490709697427,1.4207105072035007,0.5783132530120482,0.916
2023-10-30,GOOGL,gru,0.018570869356867088,0.004563072696328163,-0.031055008992552757,0.03698334842920303,224.68534226444905,94.62087302598826,224.68534226444905,94.62087302598826,0.15792724505187314,56949.168995314954,0.01419690093362452,0.019502490709697427,1.4207105072035007,0.5783132530120482,0.916
2023-10-31,GOOGL,gru,-0.003057838159742487,-0.0007429447723552585,-0.029186606407165527,0.025713659822940826,223.99934022707302,94.55060057566612,223.99934022707302,94.55060057566612,0.15338450190716316,58432.53029629687,0.01419690093362452,0.019502490709697427,1.4207105072035007,0.5783132530120482,0.916
2023-11-01,GOOGL,gru,0.018920415356534295,-0.004358332138508558,-0.041015010327100754,0.031917963176965714,228.2778487276952,94.13941191842991,228.2778487276952,94.13941191842991,0.14722070387104658,60327.66054765589,0.01419690093362452,0.019502490709697427,1.4207105072035007,0.5783132530120482,0.916
2023-11-02,GOOGL,gru,0.008190964412100859,-0.002036487450823188,-0.031658563762903214,0.028155803680419922,230.15534321089865,93.9478922761007,230.15534321089865,93.9478922761007,0.14263291230539157,62050.36938304642,0.01419690093362452,0.019502490709697427,1.4207105072035007,0.5783132530120482,0.916
2023-11-03,GOOGL,gru,0.012549431736053282,-0.0012669780990108848,-0.0324736014008522,0.029071135446429253,233.06186140997409,93.82893719585252,233.06186140997409,93.82893719585252,0.138075502138657,63880.72260760493,0.01419690093362452,0.019502490709697427,1.4207105072035007,0.5783132530120482,0.916
2023-11-06,GOOGL,gru,0.008868335503455163,0.00028803484747186303,-0.034870345145463943,0.0320134274661541,235.13792419427676,93.85597201989036,235.13792419427676,93.85597201989036,0.1333437385625601,65958.85071116599,0.01419690093362452,0.019502490709697427,1.4207105072035007,0.5783132530120482,0.916
2023-11-07,GOOGL,gru,0.005512618028314088,-0.0021471220534294844,-0.03062349557876587,0.02537056803703308,236.4377291267411,93.65466846051771,236.4377291267411,93.65466846051771,0.12932217751957956,67653.66902135393,0.01419690093362452,0.019502490709697427,1.4207105072035007,0.5783132530120482,0.916
2023-11-08,GOOGL,gru,0.006620739722448967,-6.598394247703254e-05,-0.035284921526908875,0.03201916068792343,238.0083152757977,93.64848890617533,238.0083152757977,93.64848890617533,0.12483862448098014,69854.93952817644,0.01419690093362452,0.019502490709697427,1.4207105072035007,0.5783132530120482,0.916
2023-11-09,GOOGL,gru,-0.012210093952767625,-0.0027536964043974876,-0.02928934618830681,0.02528834342956543,235.1198812953075,93.39096306373668,235.1198812953075,93.39096306373668,0.1212352122008062,71643.98073182954,0.01419690093362452,0.019502490709697427,1.4207105072035007,0.5783132530120482,0.916
2023-11-10,GOOGL,gru,0.017882688075354543,-0.0005530978087335825,-0.03209299594163895,0.02855132706463337,239.3622764515805,93.33932231688438,239.3622764515805,93.33932231688438,0.11740618133259781,73718.9946400541,0.01419690093362452,0.019502490709697427,1.4207105072035007,0.5783132530120482,0.916
2023-11-13,GOOGL,gru,-0.003778151795404371,-0.00438510999083519,-0.03617154806852341,0.027532294392585754,238.4596356677253,92.93091449093994,238.4596356677253,92.93091449093994,0.11323530293651786,75776.84286694501,0.01419690093362452,0.019502490709697427,1.4207105072035007,0.5783132530120482,0.916
2023-11-14,GOOGL,gru,0.011516433243381391,-0.0035795194562524557,-0.032198019325733185,0.02713291347026825,241.22171426260934,92.59886121517664,241.22171426260934,92.59886121517664,0.10964742271534644,77861.0337740407,0.01419690093362452,0.019502490709697427,1.4207105072035007,0.5783132530120482,0.916
2023-11-15,GOOGL,gru,0.007456044356685376,0.0006650342838838696,-0.026851925998926163,0.026387758553028107,243.02699583031975,92.66046788990049,243.02699583031975,92.66046788990049,0.10674235567195213,79942.9600553282,0.01419690093362452,0.019502490709697427,1.4207105072035007,0.5783132530120482,0.916
2023-11-16,GOOGL,gru,0.017013834543871627,-0.004034543409943581,-0.027109280228614807,0.02210118994116783,247.19719184430502,92.2873785807506,247.19719184430502,92.2873785807506,0.10388751636659861,81729.4623186229,0.01419690093362452,0.019502490709697427,1.4207105072035007,0.5783132530120482,0.916
2023-11-17,GOOGL,gru,-0.011901368622865961,-0.0014104914152994752,-0.03646402806043625,0.03507871925830841,244.27264451946562,92.15730219374461,244.27264451946562,92.15730219374461,0.10016759608783173,84647.30831798662,0.01419690093362452,0.019502490709697427,1.4207105072035007,0.5783132530120482,0.916
2023-11-20,GOOGL,gru,0.006923009310859361,-0.005415646359324455,-0.032082006335258484,0.02393554337322712,245.96961360053908,91.65955919627805,245.96961360053908,91.65955919627805,0.09700502273131603,86697.82852690345,0.01419690093362452,0.019502490709697427,1.4207105072035007,0.5783132530120482,0.916
2023-11-21,GOOGL,gru,0.005270499115569634,-0.004196065943688154,-0.03217541053891182,0.021311920136213303,247.26941853300337,91.27575441644463,247.26941853300337,91.27575441644463,0.09393352373020791,88565.35539471004,0.01419690093362452,0.019502490709697427,1.4207105072035007,0.5783132530120482,0.916
2023-11-22,GOOGL,gru,0.011036227860400679,-0.006566873285919428,-0.03929481655359268,0.024166850373148918,250.01345422891814,90.67832130121663,250.01345422891814,90.67832130121663,0.0903140026555291,90731.77641063699,0.01419690093362452,0.019502490709697427,1.4207105072035007,0.5783132530120482,0.916
2023-11-24,GOOGL,gru,-0.013082554493863635,-0.006423642858862877,-0.038053128868341446,0.027536679059267044,246.76394189775732,90.0977053834277,246.76394189775732,90.0977053834277,0.08694184061162945,93264.94341074914,0.01419690093362452,0.019502490709697427,1.4207105072035007,0.5783132530120482,0.916
2023-11-27,GOOGL,gru,-0.00205052267409067,-0.0017732186242938042,-0.026929005980491638,0.02650802582502365,246.25846526251127,89.93808568865165,246.25846526251127,89.93808568865165,0.08463182507745244,95770.27314879802,0.01419690093362452,0.019502490709697427,1.4207105072035007,0.5783132530120482,0.916
2023-11-28,GOOGL,gru,0.005774609697282341,-0.0012777113588526845,-0.030947308987379074,0.029785189777612686,247.68462558058178,89.82324282022175,247.68462558058178,89.82324282022175,0.08205280972559381,98665.72109732922,0.01419690093362452,0.019502490709697427,1.4207105072035007,0.5783132530120482,0.916
2023-11-29,GOOGL,gru,-0.01623895073479851,0.0007279387209564447,-0.029668858274817467,0.02969917468726635,243.6949687419318,89.88865655637305,243.6949687419318,89.88865655637305,0.07965415678596975,101639.95705633491,0.01419690093362452,0.019502490709697427,1.4207105072035007,0.5783132530120482,0.916
2023-11-30,GOOGL,gru,-0.018391716632034323,-0.003172841388732195,-0.03557632118463516,0.030451374128460884,239.25396396494358,89.60390654600175,239.25396396494358,89.60390654600175,0.07687017136180878,104782.64321135965,0.01419690093362452,0.019502490709697427,1.4207105072035007,0.5783132530120482,0.916
2023-12-01,GOOGL,gru,-0.005068267367880593,-1.1246567737543955e-05,-0.03314179554581642,0.033860865980386734,238.0444286201469,89.60289713309695,238.0444286201469,89.60289713309695,0.07436431026422427,108391.42415183877,0.01419690093362452,0.019502490709697427,1.4207105072035007,0.5783132530120482,0.916
2023-12-04,GOOGL,gru,-0.019837484967406196,-0.002704472513869405,-0.031824253499507904,0.02605850249528885,233.36875597091557,89.36089712100346,233.36875597091557,89.36089712100346,0.07203498250967821,111253.07079500763,0.01419690093362452,0.019502490709697427,1.4207105072035007,0.5783132530120482,0.916
2023-12-05,GOOGL,gru,0.013217752998775697,0.0008620825246907771,-0.028432168066501617,0.027487412095069885,236.47384247109025,89.43796903694833,236.47384247109025,89.43796903694833,0.07001571470628407,114353.5412946884,0.01419690093362452,0.019502490709697427,1.4207105072035007,0.5783132530120482,0.916
2023-12-06,GOOGL,gru,-0.007432708708957116,-0.0010410821996629238,-0.03461746498942375,0.030967269092798233,234.72271714669833,89.34490719489551,234.72271714669833,89.34490719489551,0.06763342072539127,117950.1548116182,0.01419690093362452,0.019502490709697427,1.4207105072035007,0.5783132530120482,0.916
2023-12-07,GOOGL,gru,0.051781475219009256,-0.0005439053638838232,-0.03668174892663956,0.03170821815729141,247.19719184430497,89.29632383110386,247.19719184430497,89.29632383110386,0.06519745970292665,121750.07362268194,0.01419690093362452,0.019502490709697427,1.4207105072035007,0.5783132530120482,0.916
2023-12-08,GOOGL,gru,-0.01426905054150682,-0.0016579685034230351,-0.03219806030392647,0.030044302344322205,243.69496874193177,89.1483962650382,243.69496874193177,89.1483962650382,0.06313166299365863,125463.47200017887,0.01419690093362452,0.019502490709697427,1.4207105072035007,0.5783132530120482,0.916
2023-12-11,GOOGL,gru,-0.01267358706830209,-0.0008983566658571362,-0.030291404575109482,0.028793323785066605,240.6259680396956,89.06834599986114,240.6259680396956,89.06834599986114,0.0612479915001474,129128.4957351332,0.01419690093362452,0.019502490709697427,1.4207105072035007,0.5783132530120482,0.916
2023-12-12,GOOGL,gru,-0.005793545573734896,-0.0007569433655589819,-0.03483343496918678,0.033222224563360214,239.23592106597428,89.00094967782128,239.23592106597428,89.00094967782128,0.05915124313771735,133490.48436399378,0.01419690093362452,0.019502490709697427,1.4207105072035007,0.5783132530120482,0.916
2023-12-13,GOOGL,gru,0.00037725338687553934,-0.0023524004500359297,-0.03529449552297592,0.02780238725244999,239.32619065364196,88.79183170280685,239.32619065364196,88.79183170280685,0.057099940962349625,137253.9175331378,0.01419690093362452,0.019502490709697427,1.4207105072035007,0.5783132530120482,0.916
2023-12-14,GOOGL,gru,-0.004763570760054372,-0.0013558955397456884,-0.033516183495521545,0.027063945308327675,238.188854451133,88.67151944658389,238.188854451133,88.67151944658389,0.055217886201128885,141019.27488300842,0.01419690093362452,0.019502490709697427,1.4207105072035007,0.5783132530120482,0.916
2023-12-15,GOOGL,gru,0.004989831482653308,0.0003992416604887694,-0.03166627883911133,0.032013311982154846,239.38034689696042,88.70693051718655,239.38034689696042,88.70693051718655,0.05349673752228325,145606.80978288382,0.01419690093362452,0.019502490709697427,1.4207105072035007,0.5783132530120482,0.916
2023-12-18,GOOGL,gru,0.023846113815748277,-0.002126248087733984,-0.03537127748131752,0.029726732522249222,245.1572424043515,88.51851597516838,245.1572424043515,88.51851597516838,0.05163756408832347,150000.195910515,0.01419690093362452,0.019502490709697427,1.4207105072035007,0.5783132530120482,0.916
2023-12-19,GOOGL,gru,0.006239630111719656,-0.003600150579586625,-0.039029136300086975,0.030222348868846893,246.69171520905894,88.20040846763109,246.69171520905894,88.20040846763109,0.049661016109851464,154602.7474215637,0.01419690093362452,0.019502490709697427,1.4207105072035007,0.5783132530120482,0.916
2023-12-20,GOOGL,gru,0.012291528991875592,-0.003998706582933664,-0.030765175819396973,0.03043191507458687,249.74264546591516,87.84842623481408,249.74264546591516,87.84842623481408,0.04815644907181864,159379.91726254404,0.01419690093362452,0.019502490709697427,1.4207105072035007,0.5783132530120482,0.916
2023-12-21,GOOGL,gru,0.014923521848625923,-0.008036952465772629,-0.03888306766748428,0.023244520649313927,253.49763443232203,87.14522374293124,253.49763443232203,87.14522374293124,0.046319914285020775,163128.0187852441,0.01419690093362452,0.019502490709697427,1.4207105072035007,0.5783132530120482,0.916
2023-12-22,GOOGL,gru,0.0075911634822911755,-0.005012488923966885,-0.03840038180351257,0.027954885736107826,255.42929893204925,86.70950323401749,255.42929893204925,86.70950323401749,0.04457492916324668,167752.5807239278,0.01419690093362452,0.019502490709697427,1.4207105072035007,0.5783132530120482,0.916
2023-12-26,GOOGL,gru,0.00021199800978108086,-0.00474859494715929,-0.03722550719976425,0.025100260972976685,255.48345517536768,86.29873278154572,255.48345517536768,86.29873278154572,0.04294610936990964,172016.50305937804,0.01419690093362452,0.019502490709697427,1.4207105072035007,0.5783132530120482,0.916
2023-12-27,GOOGL,gru,-0.008159321280398101,-0.007287231739610434,-0.0407305471599102,0.0209231935441494,253.40736484465435,85.67214013746317,253.40736484465435,85.67214013746317,0.04123203464071491,175653.56406897935,0.01419690093362452,0.019502490709697427,1.4207105072035007,0.5783132530120482,0.916
2023-12-28,GOOGL,gru,-0.000997857489899843,-3.064617339987308e-05,-0.03538443148136139,0.03214944154024124,253.15462652703133,85.66951541831843,253.15462652703133,85.66951541831843,0.03979857325421556,181392.48379892134,0.01419690093362452,0.019502490709697427,1.4207105072035007,0.5783132530120482,0.916
2023-12-29,GOOGL,gru,-0.0038582020542593594,-0.004341439809650183,-0.03403685241937637,0.02517596445977688,252.1797866008884,85.29839456542555,252.1797866008884,85.29839456542555,0.03846674847619634,186017.18116170703,0.01419690093362452,0.019502490709697427,1.4207105072035007,0.5783132530120482,0.916
2023-01-03,GOOGL,transformer,0.010036727716349121,0.003274266142398119,-0.011105452664196491,0.017453869804739952,160.88669827270266,159.80238715725136,160.88669827270266,159.80238715725136,157.52090642369876,162.08445650812428,0.014043059312464095,0.019367020934008557,1.1407343125955107,0.606425702811245,0.584
2023-01-04,GOOGL,transformer,-0.011738293794926783,-0.0006563132046721876,-0.01386270485818386,0.012721436098217964,159.00920378949922,159.69753634780676,159.00920378949922,159.69753634780676,155.35230608384495,164.15957843247728,0.014043059312464095,0.019367020934008557,1.1407343125955107,0.606425702811245,0.584
2023-01-05,GOOGL,transformer,-0.021575370936541414,0.001551840570755303,-0.012981828302145004,0.014954322949051857,155.6152656273523,159.94555598390602,155.6152656273523,159.94555598390602,153.34858622556874,166.63292859480484,0.014043059312464095,0.019367020934008557,1.1407343125955107,0.606425702811245,0.584
2023-01-06,GOOGL,transformer,0.013138363861640698,0.00360730173997581,-0.01134401559829712,0.017800550907850266,157.6732855126857,160.52357197054553,157.6732855126857,160.52357197054553,151.61882328105852,169.62564805304686,0.014043059312464095,0.019367020934008557,1.1407343125955107,0.606425702811245,0.584
2023-01-09,GOOGL,transformer,0.007755517116575155,-0.0008610151708126068,-0.015498287975788116,0.012015961110591888,158.90087752965698,160.3854203334871,158.90087752965698,160.3854203334871,149.28710274589707,171.67615379140287,0.014043059312464095,0.019367020934008557,1.1407343125955107,0.606425702811245,0.584
2023-01-10,GOOGL,transformer,0.0045341444448540385,0.0005675540305674076,-0.012944785878062248,0.014736944809556007,159.6229929113822,160.47646706872948,159.6229929113822,160.47646706872948,147.3670659259441,174.2248728209336,0.014043059312464095,0.019367020934008557,1.1407343125955107,0.606425702811245,0.584
2023-01-11,GOOGL,transformer,0.03445932326221194,0.0007377106230705976,-0.013898084871470928,0.013215160928666592,165.2193630166433,160.59490266705788,165.2193630166433,160.59490266705788,145.3331156536415,176.54257275788459,0.014043059312464095,0.019367020934008557,1.1407343125955107,0.606425702811245,0.584
2023-01-12,GOOGL,transformer,-0.004270462582834827,-0.0023469640873372555,-0.014711933210492134,0.01127060130238533,164.5153043070927,160.21843752963622,164.5153043070927,160.21843752963622,143.21063152609975,178.5435592475676,0.014043059312464095,0.019367020934008557,1.1407343125955107,0.606425702811245,0.584
2023-01-13,GOOGL,transformer,0.01080507639887615,0.0011454425984993577,-0.012390966527163982,0.0148228844627738,166.30254297583377,160.40206037366588,166.30254297583377,160.40206037366588,141.44706442979563,181.20979101371802,0.014043059312464095,0.019367020934008557,1.1407343125955107,0.606425702811245,0.584
2023-01-17,GOOGL,transformer,-0.009050842161977515,0.0009391387575305998,-0.01400693692266941,0.015197047963738441,164.80415596906488,160.55277537189505,164.80415596906488,160.55277537189505,139.4796375630096,183.98468345289962,0.014043059312464095,0.019367020934008557,1.1407343125955107,0.606425702811245,0.584
2023-01-18,GOOGL,transformer,-0.001863913324371507,0.002058835932984948,-0.00912936870008707,0.014300194568932056,164.4972614081234,160.88367615226346,164.4972614081234,160.88367615226346,138.21207437612824,186.63461219429067,0.014043059312464095,0.019367020934008557,1.1407343125955107,0.606425702811245,0.584
2023-01-19,GOOGL,transformer,0.02095966660382842,0.0017107314197346568,-0.009993202053010464,0.01564783602952957,167.9814553847326,161.15914166937608,167.9814553847326,161.15914166937608,136.83777288989543,189.5780102711654,0.014043059312464095,0.019367020934008557,1.1407343125955107,0.606425702811245,0.584
2023-01-20,GOOGL,transformer,0.052034489348739034,-0.0002464189601596445,-0.012458544224500656,0.012094290927052498,176.9536932067607,161.11943115413558,176.9536932067607,161.11943115413558,135.14354944436027,191.8847371450851,0.014043059312464095,0.019367020934008557,1.1407343125955107,0.606425702811245,0.584
2023-01-23,GOOGL,transformer,0.017896481836795368,-0.002979700453579426,-0.016187263652682304,0.009939230978488922,180.14904929460303,160.64005491883404,180.14904929460303,160.64005491883404,132.97355557121912,193.80143248892057,0.014043059312464095,0.019367020934008557,1.1407343125955107,0.606425702811245,0.584
2023-01-24,GOOGL,transformer,-0.021166459258030738,-0.0008294116705656052,-0.014418907463550568,0.011568993330001831,176.3760036560216,160.50687772639245,176.3760036560216,160.50687772639245,131.06998242998958,196.05653269466103,0.014043059312464095,0.019367020934008557,1.1407343125955107,0.606425702811245,0.584
2023-01-25,GOOGL,transformer,-0.025711511226539138,0.001387429074384272,-0.011757971718907356,0.013147635385394096,171.89891308109483,160.72973038619958,171.89891308109483,160.72973038619958,129.53788882612065,198.65124211525006,0.014043059312464095,0.019367020934008557,1.1407343125955107,0.606425702811245,0.584
2023-01-26,GOOGL,transformer,0.023867434163797288,0.0023079535458236933,-0.011161761358380318,0.016027133911848068,176.0510524229055,161.10111791129023,176.0510524229055,161.10111791129023,128.1000576190254,201.8607143176271,0.014043059312464095,0.019367020934008557,1.1407343125955107,0.606425702811245,0.584
2023-01-27,GOOGL,transformer,0.018792834133235115,-0.0003568054235074669,-0.012914508581161499,0.012622568756341934,179.39083434173395,161.0436476974777,179.39083434173395,161.0436476974777,126.45634819762954,204.42486705137546,0.014043059312464095,0.019367020934008557,1.1407343125955107,0.606425702811245,0.584
2023-01-30,GOOGL,transformer,-0.024758029281279244,-0.0007148858858272433,-0.012334559112787247,0.01116909645497799,175.0039995812695,160.92855629399975,175.0039995812695,160.92855629399975,124.9061416152348,206.72089782595052,0.014043059312464095,0.019367020934008557,1.1407343125955107,0.606425702811245,0.584
2023-01-31,GOOGL,transformer,0.01941008846758024,0.001466300804167986,-0.011628290638327599,0.014703657478094101,178.43402354135497,161.1646943516397,178.43402354135497,161.1646943516397,123.46211209164215,209.78289553027352,0.014043059312464095,0.019367020934008557,1.1407343125955107,0.606425702811245,0.584
2023-02-01,GOOGL,transformer,0.015958626374414413,-0.002105873776599765,-0.015532847493886948,0.01108361966907978,181.30442839608122,160.82565438681794,181.30442839608122,160.82565438681794,121.55921432880086,212.1209750128065,0.014043059312464095,0.019367020934008557,1.1407343125955107,0.606425702811245,0.584
2023-02-02,GOOGL,transformer,0.07025992698080347,-0.0009637418552301824,-0.013713287189602852,0.010053597390651703,194.50103224861837,160.67073575189391,194.50103224861837,160.67073575189391,119.90361899795866,214.26430868188012,0.014043059312464095,0.019367020934008557,1.1407343125955107,0.606425702811245,0.584
2023-02-03,GOOGL,transformer,-0.027857995094822795,-0.0046915882267057896,-0.02171582356095314,0.009094239212572575,189.1574004609803,159.91870449316846,189.1574004609803,159.91870449316846,117.32787914330457,216.22176807921335,0.014043059312464095,0.019367020934008557,1.1407343125955107,0.606425702811245,0.584
2023-02-06,GOOGL,transformer,-0.01810524466116076,-9.273145406041294e-05,-0.014484789222478867,0.014962179586291313,185.7634760720387,159.90387286054292,185.7634760720387,159.90387286054292,115.64065784832029,219.4812528357099,0.014043059312464095,0.019367020934008557,1.1407343125955107,0.606425702811245,0.584
2023-02-07,GOOGL,transformer,0.04503466251964162,0.0017052869079634547,-0.008596951141953468,0.015012666583061218,194.3205068464884,160.17678390224904,194.3205068464884,160.17678390224904,114.65075981774797,222.80109788819766,0.014043059312464095,0.019367020934008557,1.1407343125955107,0.606425702811245,0.584
2023-02-08,GOOGL,transformer,-0.07994203530517709,-0.003721696324646473,-0.020868495106697083,0.01006841380149126,179.39083434173392,159.58175920447297,179.39083434173392,159.58175920447297,112.28296543416418,225.05569326283376,0.014043059312464095,0.019367020934008557,1.1407343125955107,0.606425702811245,0.584
2023-02-09,GOOGL,transformer,-0.044868113180296064,0.0074465228244662285,-0.008974992670118809,0.024526316672563553,171.51980560466026,160.77452166522465,171.51980560466026,160.77452166522465,111.27973336726393,230.64371514575512,0.014043059312464095,0.019367020934008557,1.1407343125955107,0.606425702811245,0.584
2023-02-10,GOOGL,transformer,-0.004641873902489823,0.0017531669000163674,-0.012901481240987778,0.015092693269252777,170.725477307442,161.05664248418677,170.725477307442,161.05664248418677,109.85327913685424,234.15115366356386,0.014043059312464095,0.019367020934008557,1.1407343125955107,0.606425702811245,0.584
2023-02-13,GOOGL,transformer,0.0004228873671524424,-0.000776655157096684,-0.013225188478827477,0.013303825631737709,170.79769022293505,160.93160607955585,170.79769022293505,160.93160607955585,108.41001407782272,237.28706673871133,0.014043059312464095,0.019367020934008557,1.1407343125955107,0.606425702811245,0.584
2023-02-14,GOOGL,transformer,0.0007396027014269233,-0.0010774553520604968,-0.014005487784743309,0.01228092797100544,170.92405938174656,160.75830251554146,170.92405938174656,160.75830251554146,106.90226388644122,240.21913734003172,0.014043059312464095,0.019367020934008557,1.1407343125955107,0.606425702811245,0.584
2023-02-15,GOOGL,transformer,0.02358946773292744,-0.0014282852644100785,-0.01569550484418869,0.012495027855038643,175.0039995812695,160.52885334399613,175.0039995812695,160.52885334399613,105.2374786570042,243.23949936823297,0.014043059312464095,0.019367020934008557,1.1407343125955107,0.606425702811245,0.584
2023-02-16,GOOGL,transformer,-0.014861279188735045,-0.0017378325574100018,-0.014694975689053535,0.01196843571960926,172.42244638851545,160.25012020813116,172.42244638851545,160.25012020813116,103.70232466890762,246.16819455999664,0.014043059312464095,0.019367020934008557,1.1407343125955107,0.606425702811245,0.584
2023-02-17,GOOGL,transformer,-0.01221972077118763,0.0007733484962955117,-0.01382598839700222,0.016220862045884132,170.32831315883288,160.37410064447423,170.32831315883288,160.37410064447423,102.2784063011431,250.19381513134059,0.014043059312464095,0.019367020934008557,1.1407343125955107,0.606425702811245,0.584
2023-02-21,GOOGL,transformer,-0.027507886436870903,0.0021605861838907003,-0.01161971129477024,0.017976345494389534,165.70679675292,160.72097913517177,165.70679675292,160.72097913517177,101.09683981523298,254.7320520963275,0.014043059312464095,0.019367020934008557,1.1407343125955107,0.606425702811245,0.584
2023-02-22,GOOGL,transformer,-0.0015263782704581779,0.002905309898778796,-0.011897886171936989,0.018389560282230377,165.454058435297,161.18860343443004,165.454058435297,161.18860343443004,99.90112611509485,259.45980110914076,0.014043059312464095,0.019367020934008557,1.1407343125955107,0.606425702811245,0.584
2023-02-23,GOOGL,transformer,-0.008327013519291087,0.0009711032616905868,-0.012189198285341263,0.013796618208289146,164.0820405873396,161.3452071424577,164.0820405873396,161.3452071424577,98.69079998624522,263.0642617517235,0.014043059312464095,0.019367020934008557,1.1407343125955107,0.606425702811245,0.584
2023-02-24,GOOGL,transformer,-0.019554030088237,0.0006013876409269869,-0.011804185807704926,0.013563672080636024,160.90474117167187,161.4422611370228,160.90474117167187,161.4422611370228,97.53268480021603,266.65667261476165,0.014043059312464095,0.019367020934008557,1.1407343125955107,0.606425702811245,0.584
2023-02-27,GOOGL,transformer,0.008268264904839926,0.003636542009189725,-0.011743264272809029,0.017889682203531265,162.2406594484854,162.03042033371057,162.2406594484854,162.03042033371057,96.39403138037785,271.47000438176366,0.014043059312464095,0.019367020934008557,1.1407343125955107,0.606425702811245,0.584
2023-02-28,GOOGL,transformer,0.002111875532757209,0.001117770909331739,-0.01230731699615717,0.013181696645915508,162.58365358057077,162.2116386483071,162.58365358057077,162.2116386483071,95.21495054016056,275.07212564523496,0.014043059312464095,0.019367020934008557,1.1407343125955107,0.606425702811245,0.584
2023-03-01,GOOGL,transformer,0.00332561058970634,0.001337231369689107,-0.01344420574605465,0.015063155442476273,163.125243560166,162.42869797970357,163.125243560166,162.42869797970357,93.94342706310266,279.24693124784784,0.014043059312464095,0.019367020934008557,1.1407343125955107,0.606425702811245,0.584
2023-03-02,GOOGL,transformer,0.01798687869457244,0.0006445785402320325,-0.014286433346569538,0.015103400684893131,166.0859042293546,162.5334324991104,166.0859042293546,162.5334324991104,92.61084967942003,283.4965164888363,0.014043059312464095,0.019367020934008557,1.1407343125955107,0.606425702811245,0.584
2023-03-03,GOOGL,transformer,0.017775868134478394,0.0007233725627884269,-0.013672733679413795,0.014482630416750908,169.0646215707178,162.65104175386037,169.0646215707178,162.65104175386037,91.35322521588492,287.6321632150021,0.014043059312464095,0.019367020934008557,1.1407343125955107,0.606425702811245,0.584
2023-03-06,GOOGL,transformer,0.01567990316296556,0.0012770562898367643,-0.0117229288443923,0.013423818163573742,171.7364305779342,162.85889735607725,171.7364305779342,162.85889735607725,90.28854940039432,291.5193048975115,0.014043059312464095,0.019367020934008557,1.1407343125955107,0.606425702811245,0.584
2023-03-07,GOOGL,transformer,-0.01344003147742603,0.001775028882548213,-0.012547964230179787,0.013201434165239334,169.44372904715235,163.14822857137514,169.44372904715235,163.14822857137514,89.16268823383906,295.3932975829195,0.014043059312464095,0.019367020934008557,1.1407343125955107,0.606425702811245,0.584
2023-03-08,GOOGL,transformer,0.004146509459061792,0.0019398931181058288,-0.01343451626598835,0.017705343663692474,170.14778775670297,163.46502982078377,170.14778775670297,163.46502982078377,87.97283845300477,300.66991845608584,0.014043059312464095,0.019367020934008557,1.1407343125955107,0.606425702811245,0.584
2023-03-09,GOOGL,transformer,-0.020690026873960918,0.0022937918547540903,-0.011037745513021946,0.017057141289114952,166.66359378009372,163.84041872135793,166.66359378009372,163.84041872135793,87.00715798367904,305.8424784257677,0.014043059312464095,0.019367020934008557,1.1407343125955107,0.606425702811245,0.584
2023-03-10,GOOGL,transformer,-0.018475545692909455,0.0006522976327687502,-0.011783292517066002,0.012506850063800812,163.61266352323747,163.94733305709525,163.61266352323747,163.94733305709525,85.98794217542513,309.691628823226,0.014043059312464095,0.019367020934008557,1.1407343125955107,0.606425702811245,0.584
2023-03-13,GOOGL,transformer,0.005282320663579542,0.0034500076435506344,-0.010267838835716248,0.017948118969798088,164.4792047359488,164.51393446851634,164.4792047359488,164.51393446851634,85.10955105965282,315.3001925514626,0.014043059312464095,0.019367020934008557,1.1407343125955107,0.606425702811245,0.584
2023-03-14,GOOGL,transformer,0.030908020960493485,3.1071769626578316e-05,-0.01508314535021782,0.017483074218034744,169.64231112145688,164.5190530933104,169.64231112145688,164.5190530933104,83.8354657652371,320.8610714109353,0.014043059312464095,0.019367020934008557,1.1407343125955107,0.606425702811245,0.584
2023-03-15,GOOGL,transformer,0.022517779800422154,-0.00124601018615067,-0.012717260047793388,0.012582900002598763,173.50561257450065,164.31418405799337,173.50561257450065,164.31418405799337,82.77606036320722,324.92394608636056,0.014043059312464095,0.019367020934008557,1.1407343125955107,0.606425702811245,0.584
2023-03-16,GOOGL,transformer,0.042871698656842046,-0.00404835632070899,-0.016529329121112823,0.009925613179802895,181.10584632177668,163.6503249088948,181.10584632177668,163.6503249088948,81.41907245090309,328.1650870523788,0.014043059312464095,0.019367020934008557,1.1407343125955107,0.606425702811245,0.584
2023-03-17,GOOGL,transformer,0.012875319350965473,-0.0033132373355329037,-0.01714210771024227,0.011838879436254501,183.4527178690823,163.10900894915397,183.4527178690823,163.10900894915397,80.03527177544625,332.0732859486327,0.014043059312464095,0.019367020934008557,1.1407343125955107,0.606425702811245,0.584
2023-03-20,GOOGL,transformer,-0.003944015347720442,-0.003173963399603963,-0.017042065039277077,0.01049172505736351,182.7306024873571,162.5921261975824,182.7306024873571,162.5921261975824,78.6828614943095,335.57563722086036,0.014043059312464095,0.019367020934008557,1.1407343125955107,0.606425702811245,0.584
2023-03-21,GOOGL,transformer,0.0359017597009277,0.0005846750573255122,-0.012725414708256721,0.015734542161226273,189.41013877860337,162.68721670260126,189.41013877860337,162.68721670260126,77.6879349839249,340.89753388091134,0.014043059312464095,0.019367020934008557,1.1407343125955107,0.606425702811245,0.584
2023-03-22,GOOGL,transformer,-0.014883326395969086,-0.0010524594690650702,-0.014005118981003761,0.01359725184738636,186.61196061257547,162.51608556854615,186.61196061257547,162.51608556854615,76.60749063714745,345.56445998932145,0.014043059312464095,0.019367020934008557,1.1407343125955107,0.606425702811245,0.584
2023-03-23,GOOGL,transformer,0.021343545671759247,-0.0003085029311478138,-0.014999951235949993,0.01427821908146143,190.63773079557464,162.46595682592178,190.63773079557464,162.46595682592178,75.46695919236805,350.5339165506904,0.014043059312464095,0.019367020934008557,1.1407343125955107,0.606425702811245,0.584
2023-03-24,GOOGL,transformer,-0.0015162629138934837,-0.0016155861085280776,-0.014577632769942284,0.010974355041980743,190.34889290680775,162.20369248428628,190.34889290680775,162.20369248428628,74.3748097703192,354.4020044448139,0.014043059312464095,0.019367020934008557,1.1407343125955107,0.606425702811245,0.584
2023-03-27,GOOGL,transformer,-0.028669624333061607,-0.00038793921703472733,-0.01396600529551506,0.011585373431444168,184.9691477748205,162.1407822000654,184.9691477748205,162.1407822000654,73.34331089190115,358.531747536216,0.014043059312464095,0.019367020934008557,1.1407343125955107,0.606425702811245,0.584
2023-03-28,GOOGL,transformer,-0.014054979218534963,0.001795479329302907,-0.012057235464453697,0.01636187732219696,182.38759458206644,162.43216216342356,182.38759458206644,162.43216216342356,72.46430413609278,364.44623779342635,0.014043059312464095,0.019367020934008557,1.1407343125955107,0.606425702811245,0.584
2023-03-29,GOOGL,transformer,0.003556970587588478,1.1725258445949294e-05,-0.011516615748405457,0.012475293129682541,183.0374970482986,162.43405977884342,183.0374970482986,162.43405977884342,71.63454951297912,369.0212966729299,0.014043059312464095,0.019367020934008557,1.1407343125955107,0.606425702811245,0.584
2023-03-30,GOOGL,transformer,-0.004943652574034168,-0.0016267113387584686,-0.016646379604935646,0.01024654321372509,182.1348562644434,162.17003642656798,182.1348562644434,162.17003642656798,70.45196487500874,372.82192294457764,0.014043059312464095,0.019367020934008557,1.1407343125955107,0.606425702811245,0.584
2023-03-31,GOOGL,transformer,0.027760593435346734,0.0007757754647172987,-0.010686090216040611,0.013118486851453781,187.26186307880766,162.2958888847037,187.26186307880766,162.2958888847037,69.70311846376681,377.74501116451756,0.014043059312464095,0.019367020934008557,1.1407343125955107,0.606425702811245,0.584
2023-04-03,GOOGL,transformer,0.006055064311086697,-0.00029843198717571795,-0.014468267560005188,0.012183228507637978,188.3991855081113,162.24746289914347,188.3991855081113,162.24746289914347,68.70189427266246,382.37529437395966,0.014043059312464095,0.019367020934008557,1.1407343125955107,0.606425702811245,0.584
2023-04-04,GOOGL,transformer,0.0034436671414255896,-0.0014654311817139387,-0.014488240703940392,0.01051013171672821,189.04908797434345,162.00987308278144,189.04908797434345,162.00987308278144,67.71370045517338,386.4152879390856,0.014043059312464095,0.019367020934008557,1.1407343125955107,0.606425702811245,0.584
2023-04-05,GOOGL,transformer,-0.0023901727243327772,1.8871483007387724e-06,-0.011940829455852509,0.011924056336283684,188.59776758241586,162.01018209209136,188.59776758241586,162.01018209209136,66.909949138522,391.0505073162302,0.014043059312464095,0.019367020934008557,1.1407343125955107,0.606425702811245,0.584
2023-04-06,GOOGL,transformer,0.03711259640951901,0.0007691734354011714,-0.012356722727417946,0.011900639161467552,195.72862426558973,162.13484827334628,195.72862426558973,162.13484827334628,66.08824795277673,395.73205141123856,0.014043059312464095,0.019367020934008557,1.1407343125955107,0.606425702811245,0.584
2023-04-10,GOOGL,transformer,-0.01843108789724676,-0.0019484730437397957,-0.016030719503760338,0.012500621378421783,192.1541744745182,161.81924168671648,192.1541744745182,161.81924168671648,65.03725074492434,400.7099979068866,0.014043059312464095,0.019367020934008557,1.1407343125955107,0.606425702811245,0.584
2023-04-11,GOOGL,transformer,-0.01029334328011517,0.0007016936433501542,-0.013340113684535027,0.013365652412176132,190.1864104036471,161.93282330777345,190.1864104036471,161.93282330777345,64.17540681714665,406.1017075783537,0.014043059312464095,0.019367020934008557,1.1407343125955107,0.606425702811245,0.584
2023-04-12,GOOGL,transformer,-0.006762243890279412,9.629817941458896e-05,-0.014365418814122677,0.014101200737059116,188.90466214335737,161.9484208564052,188.90466214335737,161.9484208564052,63.26008994205437,411.8687762169987,0.014043059312464095,0.019367020934008557,1.1407343125955107,0.606425702811245,0.584
2023-04-13,GOOGL,transformer,0.026313593643127083,0.0021948397625237703,-0.013013293966650963,0.016000818461179733,193.94139937005394,162.304264554576,193.94139937005394,162.304264554576,62.44220259831922,418.51201105372786,0.014043059312464095,0.019367020934008557,1.1407343125955107,0.606425702811245,0.584
2023-04-14,GOOGL,transformer,0.013315059602032008,-0.0029431208968162537,-0.016206778585910797,0.011056826449930668,196.5410092349826,161.8272836440445,196.5410092349826,161.8272836440445,61.438372535607954,423.1651002459916,0.014043059312464095,0.019367020934008557,1.1407343125955107,0.606425702811245,0.584
2023-04-17,GOOGL,transformer,-0.026998488415105222,-0.0006073261611163616,-0.016066119074821472,0.015145464800298214,191.30568993398143,161.7290329741361,191.30568993398143,161.7290329741361,60.459183385830734,429.62289437263223,0.014043059312464095,0.019367020934008557,1.1407343125955107,0.606425702811245,0.584
2023-04-18,GOOGL,transformer,-0.01396897530120632,0.0012264713877812028,-0.011282267048954964,0.013985488563776016,188.65192382573431,161.92751648826248,188.65192382573431,161.92751648826248,59.78090112755472,435.67359284487765,0.014043059312464095,0.019367020934008557,1.1407343125955107,0.606425702811245,0.584
2023-04-19,GOOGL,transformer,-0.003066896158507629,0.0005247986409813166,-0.013465816155076027,0.012480281293392181,188.0742342749952,162.01250876053194,188.0742342749952,162.01250876053194,58.98129688346983,441.1449823363192,0.014043059312464095,0.019367020934008557,1.1407343125955107,0.606425702811245,0.584
2023-04-20,GOOGL,transformer,0.010598281317602416,0.0009068079525604844,-0.011282939463853836,0.01422034204006195,190.07809791701015,162.159483704607,190.07809791701015,162.159483704607,58.31955613488739,447.4630269180743,0.014043059312464095,0.019367020934008557,1.1407343125955107,0.606425702811245,0.584
2023-04-21,GOOGL,transformer,0.0011390864447113438,-0.00018388204625807703,-0.015770427882671356,0.01649601384997368,190.29473666348932,162.1296657653715,190.29473666348932,162.1296657653715,57.407047763900394,454.9055878642732,0.014043059312464095,0.019367020934008557,1.1407343125955107,0.606425702811245,0.584
2023-04-24,GOOGL,transformer,0.005298503697400243,0.0014893047045916319,-0.010626581497490406,0.015097360126674175,191.30568993398143,162.37131577584574,191.30568993398143,162.37131577584574,56.80023533104515,461.8255842868735,0.014043059312464095,0.019367020934008557,1.1407343125955107,0.606425702811245,0.584
2023-04-25,GOOGL,transformer,-0.020208511077055274,-0.0007342919707298279,-0.015941284596920013,0.01401060726493597,187.47848805208153,162.25213016401483,187.47848805208153,162.25213016401483,55.901945266687264,468.3415987054089,0.014043059312464095,0.019367020934008557,1.1407343125955107,0.606425702811245,0.584
2023-04-26,GOOGL,transformer,-0.0013490018551372183,0.0006528946687467396,-0.012162504717707634,0.013092773035168648,187.2257497344585,162.3581047692376,187.2257497344585,162.3581047692376,55.22615586079574,474.51379085219656,0.014043059312464095,0.019367020934008557,1.1407343125955107,0.606425702811245,0.584
2023-04-27,GOOGL,transformer,0.03672913879430074,-0.0009463676833547652,-0.013190997764468193,0.010484511032700539,194.23023725882086,162.20452606328973,194.23023725882086,162.20452606328973,54.50245137390261,479.5150005631063,0.014043059312464095,0.019367020934008557,1.1407343125955107,0.606425702811245,0.584
2023-04-28,GOOGL,transformer,-0.0023263399364103357,-0.0021331326570361853,-0.016880257055163383,0.012284565716981888,193.77891686689327,161.8588899454283,193.77891686689327,161.8588899454283,53.59015699133169,485.44196631813816,0.014043059312464095,0.019367020934008557,1.1407343125955107,0.606425702811245,0.584
2023-05-01,GOOGL,transformer,-0.00130511246295864,0.001171161187812686,-0.012022426351904869,0.013016892597079277,193.52617854927024,162.0485606140498,193.52617854927024,162.0485606140498,52.949731397122434,491.8021955948105,0.014043059312464095,0.019367020934008557,1.1407343125955107,0.606425702811245,0.584
2023-05-02,GOOGL,transformer,-0.017692888438307686,-0.0009637069888412952,-0.012977130711078644,0.012145442888140678,190.13225416032867,161.892463989432,190.13225416032867,161.892463989432,52.267033612374526,497.81179624124024,0.014043059312464095,0.019367020934008557,1.1407343125955107,0.606425702811245,0.584
2023-05-03,GOOGL,transformer,0.0008542112781683215,0.0005536667886190116,-0.01373758353292942,0.01425810344517231,190.29473666348937,161.98212754120303,190.29473666348937,161.98212754120303,51.553918826526065,504.9604679396689,0.014043059312464095,0.019367020934008557,1.1407343125955107,0.606425702811245,0.584
2023-05-04,GOOGL,transformer,-0.006853917357069822,0.001346380217000842,-0.011127514764666557,0.01279035210609436,188.99493173102505,162.20036661084018,188.99493173102505,162.20036661084018,50.98343137224164,511.4605501045598,0.014043059312464095,0.019367020934008557,1.1407343125955107,0.606425702811245,0.584
2023-05-05,GOOGL,transformer,0.008370611459258081,0.0015084940241649747,-0.01098158210515976,0.01641041412949562,190.58357455225627,162.44523506133396,190.58357455225627,162.44523506133396,50.426616934303986,519.9230600361614,0.014043059312464095,0.019367020934008557,1.1407343125955107,0.606425702811245,0.584
2023-05-08,GOOGL,transformer,0.020625058348825418,0.0004155716742388904,-0.013349131681025028,0.015870124101638794,194.55518849193697,162.51276075029915,194.55518849193697,162.51276075029915,49.75793860595527,528.240110424766,0.014043059312464095,0.019367020934008557,1.1407343125955107,0.606425702811245,0.584
2023-05-09,GOOGL,transformer,-0.0039047853489514346,-0.0004124034894630313,-0.012872239574790001,0.011148165911436081,193.7969735390679,162.44574943692805,193.7969735390679,162.44574943692805,49.12154819205635,534.1619782989659,0.014043059312464095,0.019367020934008557,1.1407343125955107,0.606425702811245,0.584
2023-05-10,GOOGL,transformer,0.04016972338294418,-5.903368946746923e-05,-0.01372685469686985,0.012978039681911469,201.7402151916346,162.4361637409495,201.7402151916346,162.4361637409495,48.45187057032054,541.1395205915686,0.014043059312464095,0.019367020934008557,1.1407343125955107,0.606425702811245,0.584
2023-05-11,GOOGL,transformer,0.04222771482010128,-0.00453765457496047,-0.01930854469537735,0.008991345763206482,210.44167179707043,161.70075187706985,210.44167179707043,161.70075187706985,47.52531014776298,546.0270342026016,0.014043059312464095,0.019367020934008557,1.1407343125955107,0.606425702811245,0.584
2023-05-12,GOOGL,transformer,0.008031506211207752,-0.002329146256670356,-0.017605721950531006,0.013261416926980019,212.1386408781439,161.3245665763314,212.1386408781439,161.3245665763314,46.69591535674619,553.316370341829,0.014043059312464095,0.019367020934008557,1.1407343125955107,0.606425702811245,0.584
2023-05-15,GOOGL,transformer,-0.008546329957969171,0.00010190429020440206,-0.013374135829508305,0.013599195517599583,210.3333593104335,161.34100941218958,210.3333593104335,161.34100941218958,46.07555543015771,560.8924558693351,0.014043059312464095,0.019367020934008557,1.1407343125955107,0.606425702811245,0.584
2023-05-16,GOOGL,transformer,0.025422943186681184,-0.0014901715330779552,-0.013179561123251915,0.011152483522891998,215.74920401356462,161.10076567347062,215.74920401356462,161.10076567347062,45.47228293494033,567.1827819366421,0.014043059312464095,0.019367020934008557,1.1407343125955107,0.606425702811245,0.584
2023-05-17,GOOGL,transformer,0.011067258459331427,-0.0026571189519017935,-0.016566533595323563,0.00942955445498228,218.15021803098335,160.67326887735243,218.15021803098335,160.67326887735243,44.725169691402236,572.5563613903983,0.014043059312464095,0.019367020934008557,1.1407343125955107,0.606425702811245,0.584
2023-05-18,GOOGL,transformer,0.01633397424519919,-0.0007362280739471316,-0.015162908472120762,0.014479679055511951,221.74273826743485,160.55502322498504,221.74273826743485,160.55502322498504,44.052122801958376,580.9071063177321,0.014043059312464095,0.019367020934008557,1.1407343125955107,0.606425702811245,0.584
2023-05-19,GOOGL,transformer,-0.0005700533050127076,0.00020398764172568917,-0.014452066272497177,0.013354221358895302,221.61636910862333,160.587771166567,221.61636910862333,160.587771166567,43.42005636703061,588.7167213235807,0.014043059312464095,0.019367020934008557,1.1407343125955107,0.606425702811245,0.584
2023-05-22,GOOGL,transformer,0.01848243457471137,0.0002568126074038446,-0.014678244479000568,0.017247624695301056,225.75046555146474,160.62902552567687,225.75046555146474,160.62902552567687,42.787379657164266,598.9587234384156,0.014043059312464095,0.019367020934008557,1.1407343125955107,0.606425702811245,0.584
2023-05-23,GOOGL,transformer,-0.020112995655737757,-0.002958616940304637,-0.01696859486401081,0.009913088753819466,221.25530453115806,160.15448809222218,221.25530453115806,160.15448809222218,42.06746327299523,604.9258135058585,0.014043059312464095,0.019367020934008557,1.1407343125955107,0.606425702811245,0.584
2023-05-24,GOOGL,transformer,-0.013636915830443887,-8.646935020806268e-05,-0.013046838343143463,0.010998928919434547,218.2585442908256,160.14063691678152,218.2585442908256,160.14063691678152,41.52218048572875,611.6160763418387,0.014043059312464095,0.019367020934008557,1.1407343125955107,0.606425702811245,0.584
2023-05-25,GOOGL,transformer,0.021115456578262352,-8.341498323716223e-05,-0.014589278027415276,0.0140138640999794,222.91617404108766,160.12728328581875,222.91617404108766,160.12728328581875,40.92079845915129,620.2474914206757,0.014043059312464095,0.019367020934008557,1.1407343125955107,0.606425702811245,0.584
2023-05-26,GOOGL,transformer,0.009109638032861519,-0.0025245356373488903,-0.016491390764713287,0.012471368536353111,224.9561372542465,159.723548589295,224.9561372542465,159.723548589295,40.25149091575588,628.0312994332004,0.014043059312464095,0.019367020934008557,1.1407343125955107,0.606425702811245,0.584
2023-05-30,GOOGL,transformer,-0.007572151904878239,-0.002152982633560896,-0.015538236126303673,0.012113267555832863,223.25916817317304,159.38003837400072,223.25916817317304,159.38003837400072,39.63088890946048,635.685044580471,0.014043059312464095,0.019367020934008557,1.1407343125955107,0.606425702811245,0.584
2023-05-31,GOOGL,transformer,-0.006489804714951977,-0.0002454064378980547,-0.016110338270664215,0.012309118174016476,221.81495118292793,159.34092773621757,221.81495118292793,159.34092773621757,38.99753749017295,643.5580864512609,0.014043059312464095,0.019367020934008557,1.1407343125955107,0.606425702811245,0.584
2023-06-01,GOOGL,transformer,0.006894049450487767,0.0003219064383301884,-0.014987193048000336,0.01467461884021759,223.34943776084066,159.3922330118742,223.34943776084066,159.3922330118742,38.4174307290819,653.0716681595206,0.014043059312464095,0.019367020934008557,1.1407343125955107,0.606425702811245,0.584
2023-06-02,GOOGL,transformer,0.007649273986143381,-0.000225912852329202,-0.014316321350634098,0.015288078226149082,225.0644497408834,159.35622605081969,225.0644497408834,159.35622605081969,37.87135242693813,663.1325870566634,0.014043059312464095,0.019367020934008557,1.1407343125955107,0.606425702811245,0.584
2023-06-05,GOOGL,transformer,0.010691054164794572,0.00031601026421412826,-0.014935465529561043,0.014355970546603203,227.48353420368207,159.40658641516865,227.48353420368207,159.40658641516865,37.309928198537335,672.7211465825154,0.014043059312464095,0.019367020934008557,1.1407343125955107,0.606425702811245,0.584
2023-06-06,GOOGL,transformer,0.010263752062225948,-0.0006407663458958268,-0.014985300600528717,0.013097580522298813,229.83039197778237,159.3044751599876,229.83039197778237,159.3044751599876,36.75499658456286,681.5901090807034,0.014043059312464095,0.019367020934008557,1.1407343125955107,0.606425702811245,0.584
2023-06-07,GOOGL,transformer,-0.0385140079119105,-0.0013506078394129872,-0.016903966665267944,0.012332955375313759,221.14699204452117,159.08946388901612,221.14699204452117,159.08946388901612,36.13891304427122,690.0481852698607,0.014043059312464095,0.019367020934008557,1.1407343125955107,0.606425702811245,0.584
2023-06-08,GOOGL,transformer,-0.0029431071869402328,-2.633823169162497e-05,-0.01474978681653738,0.013879734091460705,220.497089578289,159.0852726368418,220.497089578289,159.0852726368418,35.60978430468493,699.6926124961174,0.014043059312464095,0.019367020934008557,1.1407343125955107,0.606425702811245,0.584
2023-06-09,GOOGL,transformer,0.0007366204554022549,-0.0004965703119523823,-0.012526425532996655,0.012935386039316654,220.65957208144974,159.00629521676257,220.65957208144974,159.00629521676257,35.166502640285735,708.8022202729694,0.014043059312464095,0.019367020934008557,1.1407343125955107,0.606425702811245,0.584
2023-06-12,GOOGL,transformer,0.011469569074149968,0.00034309187321923673,-0.013367732986807823,0.014087526127696037,223.20501192985458,159.06086674089732,223.20501192985458,159.06086674089732,34.69953430509201,718.8581510110497,0.014043059312464095,0.019367020934008557,1.1407343125955107,0.606425702811245,0.584
2023-06-13,GOOGL,transformer,0.0015355596864558589,-0.0008009292068891227,-0.01701805740594864,0.014872726052999496,223.54801983514528,158.93352108580987,223.54801983514528,158.93352108580987,34.1140117629866,729.6294442259887,0.014043059312464095,0.019367020934008557,1.1407343125955107,0.606425702811245,0.584
2023-06-14,GOOGL,transformer,-0.0012929590658569334,0.0005153585807420313,-0.011832648888230324,0.012278694659471512,223.25916817317307,159.0154451124392,223.25916817317307,159.0154451124392,33.71273147265633,738.6435592116698,0.014043059312464095,0.019367020934008557,1.1407343125955107,0.606425702811245,0.584
2023-06-15,GOOGL,transformer,0.011416736002860521,0.0007149544544517994,-0.01275605708360672,0.013672661036252975,225.8226646937525,159.12918182187593,225.8226646937525,159.12918182187593,33.28542101941288,748.8121158428631,0.014043059312464095,0.019367020934008557,1.1407343125955107,0.606425702811245,0.584
2023-06-16,GOOGL,transformer,-0.012549417283966163,-0.0019669856410473585,-0.014314938336610794,0.011494088917970657,223.00642985555,158.8164856709589,223.00642985555,158.8164856709589,32.81233646332425,757.4687134268696,0.014043059312464095,0.019367020934008557,1.1407343125955107,0.606425702811245,0.584
2023-06-20,GOOGL,transformer,-0.0034870108719211057,-0.00036755920154973865,-0.017279965803027153,0.016540220007300377,222.23015823050633,158.75812654664642,222.23015823050633,158.75812654664642,32.250211678499866,770.1015775939113,0.014043059312464095,0.019367020934008557,1.1407343125955107,0.606425702811245,0.584
2023-06-21,GOOGL,transformer,-0.020932390852499306,0.0004687943437602371,-0.013880308717489243,0.014956429600715637,217.62669849676809,158.8325603158377,217.62669849676809,158.8325603158377,31.805661584275853,781.7061525268339,0.014043059312464095,0.019367020934008557,1.1407343125955107,0.606425702811245,0.584
2023-06-22,GOOGL,transformer,0.021338507014489784,0.0007493512239307165,-0.012195232324302197,0.015210316516458988,222.320427818174,158.95161929907616,222.320427818174,158.95161929907616,31.420138781220903,793.6870650124599,0.014043059312464095,0.019367020934008557,1.1407343125955107,0.606425702811245,0.584
2023-06-23,GOOGL,transformer,-0.006599113076405469,-0.0009134752326644957,-0.013997100293636322,0.013601571321487427,220.85814038254898,158.80648318972152,220.85814038254898,158.80648318972152,30.98341065520975,804.5562321799448,0.014043059312464095,0.019367020934008557,1.1407343125955107,0.606425702811245,0.584
2023-06-26,GOOGL,transformer,-0.03324221757766285,-0.0005113070365041494,-0.014771192334592342,0.01399040687829256,213.6370141117075,158.7253061696584,213.6370141117075,158.7253061696584,30.5291125729558,815.8914237039959,0.014043059312464095,0.019367020934008557,1.1407343125955107,0.606425702811245,0.584
2023-06-27,GOOGL,transformer,-8.44594322829457e-05,0.0009719847002997994,-0.010512690991163254,0.015179619193077087,213.61897121273822,158.87966801941133,213.61897121273822,158.87966801941133,30.209850259057887,828.3707982201479,0.014043059312464095,0.019367020934008557,1.1407343125955107,0.606425702811245,0.584
2023-06-28,GOOGL,transformer,0.015513274574499667,-0.0013657412491738796,-0.015328068286180496,0.014449317008256912,216.95873935836136,158.66282473395154,216.95873935836136,158.66282473395154,29.750323243612545,840.4271239841719,0.014043059312464095,0.019367020934008557,1.1407343125955107,0.606425702811245,0.584
2023-06-29,GOOGL,transformer,-0.00902715789559571,-0.0008143387967720628,-0.016512315720319748,0.01371011883020401,215.00903195966487,158.53366992081737,215.00903195966487,158.53366992081737,29.263110119985715,852.0288463896641,0.014043059312464095,0.019367020934008557,1.1407343125955107,0.606425702811245,0.584
2023-06-30,GOOGL,transformer,0.005025123519365804,-0.000626205001026392,-0.015277978032827377,0.013306159526109695,216.09219814565006,158.43442347044214,216.09219814565006,158.43442347044214,28.819426592655482,863.4418333063755,0.014043059312464095,0.019367020934008557,1.1407343125955107,0.606425702811245,0.584
2023-07-03,GOOGL,transformer,0.0016694876908567673,0.00020537905220407993,-0.014393406920135021,0.014189458452165127,216.4532627231153,158.46696552171449,216.4532627231153,158.46696552171449,28.40758739570872,875.7809103133237,0.014043059312464095,0.019367020934008557,1.1407343125955107,0.606425702811245,0.584
2023-07-05,GOOGL,transformer,0.01531168720296794,0.00046585249947384,-0.014733657240867615,0.015447473153471947,219.79303086873844,158.54080940239461,219.79303086873844,158.54080940239461,27.99210743884435,889.4145612476511,0.014043059312464095,0.019367020934008557,1.1407343125955107,0.606425702811245,0.584
2023-07-06,GOOGL,transformer,-0.013561767314695373,-0.001008681720122695,-0.012306530959904194,0.011028644628822803,216.83237019954984,158.38097601584036,216.83237019954984,158.38097601584036,27.649732850898374,899.2778864130642,0.014043059312464095,0.019367020934008557,1.1407343125955107,0.606425702811245,0.584
2023-07-07,GOOGL,transformer,-0.005258973203898321,0.0006717722280882299,-0.010653815232217312,0.012288150377571583,215.69504777024622,158.4874053020582,215.69504777024622,158.4874053020582,27.356720651928068,910.396477872722,0.014043059312464095,0.019367020934008557,1.1407343125955107,0.606425702811245,0.584
2023-07-10,GOOGL,transformer,-0.02568705132034929,-1.289486863242928e-05,-0.0158644150942564,0.016155047342181206,210.22503305059132,158.4853648395914,210.22503305059132,158.4853648395914,26.926146055280523,925.2234260875503,0.014043059312464095,0.019367020934008557,1.1407343125955107,0.606425702811245,0.584
2023-07-11,GOOGL,transformer,0.005907825327434819,0.0007488440023735166,-0.0140939736738801,0.015975914895534515,211.4706817397372,158.6040879975518,211.4706817397372,158.6040879975518,26.54931165274116,940.1234289339128,0.014043059312464095,0.019367020934008557,1.1407343125955107,0.606425702811245,0.584
2023-07-12,GOOGL,transformer,0.015165291853974907,9.561559272697195e-05,-0.014366802759468555,0.012605353258550167,214.7021373987234,158.61925147623313,214.7021373987234,158.61925147623313,26.170609437174477,952.0490635798858,0.014043059312464095,0.019367020934008557,1.1407343125955107,0.606425702811245,0.584
2023-07-13,GOOGL,transformer,0.04609186949041152,0.000655860232654959,-0.013704970479011536,0.016960937529802322,224.82976809543504,158.72332599731283,224.82976809543504,158.72332599731283,25.814388304723092,968.3344144070081,0.014043059312464095,0.019367020934008557,1.1407343125955107,0.606425702811245,0.584
2023-07-14,GOOGL,transformer,0.007041133719913869,-0.0016861382173374295,-0.01354549266397953,0.011564530432224274,226.4184109166663,158.45592079675308,226.4184109166663,158.45592079675308,25.46707793026603,979.5977007373426,0.014043059312464095,0.019367020934008557,1.1407343125955107,0.606425702811245,0.584
2023-07-17,GOOGL,transformer,-0.006158268304617407,0.0011997815454378724,-0.009935151785612106,0.01402607373893261,225.02835016973964,158.6461561228458,225.02835016973964,158.6461561228458,25.215311243919736,993.4343912067228,0.014043059312464095,0.019367020934008557,1.1407343125955107,0.606425702811245,0.584
2023-07-18,GOOGL,transformer,-0.007165598684989536,-0.0002152322995243594,-0.016896415501832962,0.01505466178059578,223.42165067633385,158.61201033430976,223.42165067633385,158.61201033430976,24.79284261244434,1008.5033480873301,0.014043059312464095,0.019367020934008557,1.1407343125955107,0.606425702811245,0.584
2023-07-19,GOOGL,transformer,-0.014077317385439485,0.0007497491897083819,-0.011490908451378345,0.015154209919273853,220.29850750398458,158.73097962802612,220.29850750398458,158.73097962802612,24.509580976089502,1023.9028282346744,0.014043059312464095,0.019367020934008557,1.1407343125955107,0.606425702811245,0.584
2023-07-20,GOOGL,transformer,-0.02346417711119061,0.0013999444199725986,-0.012563838623464108,0.015365432016551495,215.18955736179493,158.95335340834683,215.18955736179493,158.95335340834683,24.203572344627673,1039.7570365084907,0.014043059312464095,0.019367020934008557,1.1407343125955107,0.606425702811245,0.584
2023-07-21,GOOGL,transformer,0.006855638562327525,0.0013044587103649974,-0.01122780330479145,0.015614496544003487,216.66988769638925,159.16084185217701,216.66988769638925,159.16084185217701,23.93333890634739,1056.1197519797058,0.014043059312464095,0.019367020934008557,1.1407343125955107,0.606425702811245,0.584
2023-07-24,GOOGL,transformer,0.012502768246668256,-0.0016982873203232884,-0.014518657699227333,0.010989347472786903,219.39586672012942,158.89077375232972,219.39586672012942,158.89077375232972,23.58836916796233,1067.7898603326062,0.014043059312464095,0.019367020934008557,1.1407343125955107,0.606425702811245,0.584
2023-07-25,GOOGL,transformer,0.00557973312023204,-0.0005196484853513539,-0.015127703547477722,0.012283174321055412,220.6234587371007,158.8082277575696,220.6234587371007,158.8082277575696,23.234216375384158,1080.9865725857146,0.014043059312464095,0.019367020934008557,1.1407343125955107,0.606425702811245,0.584
2023-07-26,GOOGL,transformer,0.05616240438805053,-2.6225336114293896e-05,-0.015490574762225151,0.015626775100827217,233.3687559709156,158.8040628460483,233.3687559709156,158.8040628460483,22.877078509114668,1098.011521423917,0.014043059312464095,0.019367020934008557,1.1407343125955107,0.606425702811245,0.584
2023-07-27,GOOGL,transformer,0.0010050615524491006,-0.003567489329725504,-0.016843726858496666,0.01124359481036663,233.6034238431587,158.23853948753637,233.6034238431587,158.23853948753637,22.494970628514086,1110.426738919723,0.014043059312464095,0.019367020934008557,1.1407343125955107,0.606425702811245,0.584
2023-07-28,GOOGL,transformer,0.024277915725206205,-0.0010503861121833324,-0.01758754812180996,0.01348794624209404,239.34423355261126,158.0724180406888,239.34423355261126,158.0724180406888,22.102798651999382,1125.5056329011586,0.014043059312464095,0.019367020934008557,1.1407343125955107,0.606425702811245,0.584
2023-07-31,GOOGL,transformer,0.0010554044555838775,-0.001998929074034095,-0.01668171025812626,0.011873574927449226,239.59697187023426,157.7567577892134,239.59697187023426,157.7567577892134,21.73714478733786,1138.9490030519828,0.014043059312464095,0.019367020934008557,1.1407343125955107,0.606425702811245,0.584
2023-08-01,GOOGL,transformer,-0.008854624395006803,-0.001067422330379486,-0.014852219261229038,0.012515812180936337,237.4847957415824,157.5884528566388,237.4847957415824,157.5884528566388,21.41668506878798,1153.293452354232,0.014043059312464095,0.019367020934008557,1.1407343125955107,0.606425702811245,0.584
2023-08-02,GOOGL,transformer,-0.024392376767074102,0.0010084527311846614,-0.01475103572010994,0.014106769114732742,231.76205647750976,157.74745762417336,231.76205647750976,157.74745762417336,21.103085366821706,1169.6780238092713,0.014043059312464095,0.019367020934008557,1.1407343125955107,0.606425702811245,0.584
2023-08-03,GOOGL,transformer,0.0005450458798694493,0.002561620669439435,-0.01109416875988245,0.014043313451111317,231.88841186311598,158.1520651941351,231.88841186311598,158.1520651941351,20.870257572002586,1186.2200713521547,0.014043059312464095,0.019367020934008557,1.1407343125955107,0.606425702811245,0.584
2023-08-04,GOOGL,transformer,-0.002650425164940209,0.00042766763363033533,-0.0124313123524189,0.013036811724305153,231.274622741233,158.2197104589891,231.274622741233,158.2197104589891,20.61241860590332,1201.7858895181998,0.014043059312464095,0.019367020934008557,1.1407343125955107,0.606425702811245,0.584
2023-08-07,GOOGL,transformer,0.026345678567271377,9.329753083875403e-05,-0.014512787573039532,0.014548174105584621,237.44868239723323,158.2344788250028,237.44868239723323,158.2344788250028,20.315435036047,1219.3974814753353,0.014043059312464095,0.019367020934008557,1.1407343125955107,0.606425702811245,0.584
2023-08-08,GOOGL,transformer,-0.0009888935992725578,-0.001960773253813386,-0.01700960472226143,0.012527252547442913,237.21398697857947,157.92452168359716,237.21398697857947,157.92452168359716,19.972800388093496,1234.7692362973,0.014043059312464095,0.019367020934008557,1.1407343125955107,0.606425702811245,0.584
2023-08-09,GOOGL,transformer,-0.01333039160982838,-0.000748981605283916,-0.014127347618341446,0.012376658618450165,234.07281468046622,157.80628455075774,234.07281468046622,157.80628455075774,19.692621689545525,1250.1465042036687,0.014043059312464095,0.019367020934008557,1.1407343125955107,0.606425702811245,0.584
2023-08-10,GOOGL,transformer,0.00023133818179821468,-0.0009684362448751926,-0.015133064240217209,0.012523716315627098,234.1269709237847,157.65353131320603,234.1269709237847,157.65353131320603,19.396855865185273,1265.901411094645,0.014043059312464095,0.019367020934008557,1.1407343125955107,0.606425702811245,0.584
2023-08-11,GOOGL,transformer,-0.0010029307132870505,0.00011585173342609778,-0.012239713221788406,0.010721592232584953,233.89227550513095,157.67179885323608,233.89227550513095,157.67179885323608,19.160890607807843,1279.546893550782,0.014043059312464095,0.019367020934008557,1.1407343125955107,0.606425702811245,0.584
2023-08-14,GOOGL,transformer,0.01356917808016197,-0.0010787654900923371,-0.013884712010622025,0.011631419882178307,237.0876315929733,157.5017989456557,237.0876315929733,157.5017989456557,18.896685691417755,1294.5167206877716,0.014043059312464095,0.019367020934008557,1.1407343125955107,0.606425702811245,0.584
2023-08-15,GOOGL,transformer,-0.01187255375238252,-0.0010341372108086944,-0.014180588535964489,0.012326928786933422,234.2894396537401,157.33900443341264,234.2894396537401,157.33900443341264,18.6306104466182,1310.5729348678453,0.014043059312464095,0.019367020934008557,1.1407343125955107,0.606425702811245,0.584
2023-08-16,GOOGL,transformer,-0.008356608897181818,0.0007935078465379775,-0.012617767788469791,0.0126831429079175,232.3397322550436,157.46390244158303,232.3397322550436,157.46390244158303,18.397010673916874,1327.300901499405,0.014043059312464095,0.019367020934008557,1.1407343125955107,0.606425702811245,0.584
2023-08-17,GOOGL,transformer,0.009434771429759795,0.0002941373677458614,-0.013472700491547585,0.014243768528103828,234.54217797136312,157.51022966431483,234.54217797136312,157.51022966431483,18.15081497377824,1346.3418902410936,0.014043059312464095,0.019367020934008557,1.1407343125955107,0.606425702811245,0.584
2023-08-18,GOOGL,transformer,-0.019116279616370673,-0.0013409389648586512,-0.015279377810657024,0.01288700196892023,230.10118696758022,157.2991609754863,230.10118696758022,157.2991609754863,17.87558975900576,1363.8045470997513,0.014043059312464095,0.019367020934008557,1.1407343125955107,0.606425702811245,0.584
2023-08-21,GOOGL,transformer,0.007114098356524466,0.002058175625279546,-0.011778010986745358,0.016248852014541626,231.74398603212987,157.62324351684947,231.74398603212987,157.62324351684947,17.66628599376674,1386.145876800448,0.014043059312464095,0.019367020934008557,1.1407343125955107,0.606425702811245,0.584
2023-08-22,GOOGL,transformer,0.005515700309373584,0.0005444796988740563,-0.017205433920025826,0.018535243347287178,233.0257480656249,157.70909573447943,233.0257480656249,157.70909573447943,17.364930012622064,1412.0780461395896,0.014043059312464095,0.019367020934008557,1.1407343125955107,0.606425702811245,0.584
2023-08-23,GOOGL,transformer,0.02516861346888594,0.0012633184669539332,-0.013285831548273563,0.016048621386289597,238.9651123029714,157.90845506217343,238.9651123029714,157.90845506217343,17.1357483874916,1434.922829898432,0.014043059312464095,0.019367020934008557,1.1407343125955107,0.606425702811245,0.584
2023-08-24,GOOGL,transformer,-0.019760295050991496,-0.0017239800654351711,-0.016400380060076714,0.014676585793495178,234.28943965374006,157.63645543822858,234.28943965374006,157.63645543822858,16.85700726878144,1456.1378955035148,0.014043059312464095,0.019367020934008557,1.1407343125955107,0.606425702811245,0.584
2023-08-25,GOOGL,transformer,0.0007702850423630398,0.0020976653322577477,-0.009282574988901615,0.015094405971467495,234.46997882907536,157.96747175971416,234.46997882907536,157.96747175971416,16.701255028256544,1478.284237898359,0.014043059312464095,0.019367020934008557,1.1407343125955107,0.606425702811245,0.584
2023-08-28,GOOGL,transformer,0.008662629406785527,0.0004092757299076766,-0.012392551638185978,0.0119194770231843,236.50992826902888,158.03213806645095,236.50992826902888,158.03213806645095,16.495560571769325,1496.010027249017,0.014043059312464095,0.019367020934008557,1.1407343125955107,0.606425702811245,0.584
2023-08-29,GOOGL,transformer,0.02681094994405131,-0.0007704537129029632,-0.017115123569965363,0.013445157557725906,242.93675378906278,157.9104293600746,242.93675378906278,157.9104293600746,16.215639124114166,1516.2599836868517,0.014043059312464095,0.019367020934008557,1.1407343125955107,0.606425702811245,0.584
2023-08-30,GOOGL,transformer,0.009687615046842379,-0.0021272902376949787,-0.013762170448899269,0.011416945606470108,245.30166823533767,157.5748657822113,245.30166823533767,157.5748657822113,15.994005690300623,1533.670223608505,0.014043059312464095,0.019367020934008557,1.1407343125955107,0.606425702811245,0.584
2023-08-31,GOOGL,transformer,0.002131912462532242,-0.0016801160527393222,-0.014635160565376282,0.011655200272798538,245.825187769553,157.31034403319822,245.825187769553,157.31034403319822,15.761635618114328,1551.6500518231899,0.014043059312464095,0.019367020934008557,1.1407343125955107,0.606425702811245,0.584
2023-09-01,GOOGL,transformer,-0.0037523091769601897,-0.0014866730198264122,-0.016151446849107742,0.013822208158671856,244.9045040867285,157.07664596227374,244.9045040867285,157.07664596227374,15.509106971278694,1573.246167668699,0.014043059312464095,0.019367020934008557,1.1407343125955107,0.606425702811245,0.584
2023-09-05,GOOGL,transformer,0.0008105265678669861,-0.0014005749253556132,-0.012861909344792366,0.010290736332535744,245.10308616103305,156.85680515413011,245.10308616103305,156.85680515413011,15.3109078135533,1589.5196832763875,0.014043059312464095,0.019367020934008557,1.1407343125955107,0.606425702811245,0.584
2023-09-06,GOOGL,transformer,-0.009695502107594636,0.00028894987190142274,-0.012805256992578506,0.01484776847064495,242.73817171475815,156.9021310169781,242.73817171475815,156.9021310169781,15.116097568621376,1613.2965148290366,0.014043059312464095,0.019367020934008557,1.1407343125955107,0.606425702811245,0.584
2023-09-07,GOOGL,transformer,0.005932004561937072,0.0007226819288916886,-0.011233711615204811,0.014654586091637611,244.1823749317979,157.01555323464365,244.1823749317979,157.01555323464365,14.94723769688099,1637.1128381697963,0.014043059312464095,0.019367020934008557,1.1407343125955107,0.606425702811245,0.584
2023-09-08,GOOGL,transformer,0.008246331360597183,0.0006254689651541412,-0.014651576988399029,0.014471285976469517,246.20430901919278,157.11378379010355,246.20430901919278,157.11378379010355,14.729833337896126,1660.9763023479875,0.014043059312464095,0.019367020934008557,1.1407343125955107,0.606425702811245,0.584
2023-09-11,GOOGL,transformer,0.0039516573933112455,-0.0005371226579882205,-0.016404656693339348,0.013564297929406166,247.17914894533573,157.02941710625296,247.17914894533573,157.02941710625296,14.490166925140544,1683.659816248421,0.014043059312464095,0.019367020934008557,1.1407343125955107,0.606425702811245,0.584
2023-09-12,GOOGL,transformer,-0.011606696543322147,-0.0015081932069733739,-0.014694904908537865,0.011329447850584984,244.32680076278405,156.79276689073959,244.32680076278405,156.79276689073959,14.278792166494167,1702.8432757183602,0.014043059312464095,0.019367020934008557,1.1407343125955107,0.606425702811245,0.584
2023-09-13,GOOGL,transformer,0.010071839308694987,7.41800686228089e-05,-0.013896806165575981,0.0125802643597126,246.80005524210648,156.80439278874388,246.80005524210648,156.80439278874388,14.081735115917148,1724.4009108104683,0.014043059312464095,0.019367020934008557,1.1407343125955107,0.606425702811245,0.584
2023-09-14,GOOGL,transformer,0.010116161557407547,-0.0004285475006327033,-0.015136513859033585,0.013703260570764542,249.30939551936746,156.73721179903941,249.30939551936746,156.73721179903941,13.870192021301492,1748.1933696092374,0.014043059312464095,0.019367020934008557,1.1407343125955107,0.606425702811245,0.584
2023-09-15,GOOGL,transformer,-0.005081769244856388,-0.0018911287188529968,-0.016080548986792564,0.011027766391634941,248.04567638484167,156.44108065668505,248.04567638484167,156.44108065668505,13.648935668610504,1767.57882035876,0.014043059312464095,0.019367020934008557,1.1407343125955107,0.606425702811245,0.584
2023-09-18,GOOGL,transformer,0.005877980826486689,0.00021505661425180733,-0.01889283023774624,0.017754314467310905,249.507977593672,156.47472386775232,249.507977593672,156.47472386775232,13.393489001754114,1799.2412205880219,0.014043059312464095,0.019367020934008557,1.1407343125955107,0.606425702811245,0.584
2023-09-19,GOOGL,transformer,-0.0012308666005359918,-0.0003621176874730736,-0.012538395822048187,0.012315547093749046,249.20105548631986,156.41807397585293,249.20105548631986,156.41807397585293,13.226604621064213,1821.5368536225974,0.014043059312464095,0.019367020934008557,1.1407343125955107,0.606425702811245,0.584
2023-09-20,GOOGL,transformer,-0.031645791893399625,0.000131050095660612,-0.013201892375946045,0.014563893899321556,241.43836678229374,156.4385664655842,241.43836678229374,156.4385664655842,13.053136272811686,1848.2596940379638,0.014043059312464095,0.019367020934008557,1.1407343125955107,0.606425702811245,0.584
2023-09-21,GOOGL,transformer,-0.02498428806147057,0.0016279690898954868,-0.011498912237584591,0.014773854054510593,235.48093209956738,156.6934600458363,235.48093209956738,156.6934600458363,12.903898918165398,1875.7683008676104,0.014043059312464095,0.019367020934008557,1.1407343125955107,0.606425702811245,0.584
2023-09-22,GOOGL,transformer,-0.0014576890043411157,-0.001307190046645701,-0.01395439077168703,0.012288917787373066,235.1379241942767,156.48876276090985,235.1379241942767,156.48876276090985,12.72508334712642,1898.9616978496713,0.014043059312464095,0.019367020934008557,1.1407343125955107,0.606425702811245,0.584
2023-09-25,GOOGL,transformer,0.006580989533097455,0.0005938250105828047,-0.012127965688705444,0.014374569058418274,236.6904674443641,156.58172019852495,236.6904674443641,156.58172019852495,12.571685758304795,1926.4554840760554,0.014043059312464095,0.019367020934008557,1.1407343125955107,0.606425702811245,0.584
2023-09-26,GOOGL,transformer,-0.01956311010363898,-0.0002814817416947335,-0.011954771354794502,0.013213792815804482,232.1050643828004,156.5376497828626,232.1050643828004,156.5376497828626,12.422288666655248,1952.080215779896,0.014043059312464095,0.019367020934008557,1.1407343125955107,0.606425702811245,0.584
2023-09-27,GOOGL,transformer,0.015206081712641744,0.0016788846114650369,-0.013602331280708313,0.016452521085739136,235.6614437284921,156.80067294161424,235.6614437284921,156.80067294161424,12.254460724382898,1984.4624325227514,0.014043059312464095,0.019367020934008557,1.1407343125955107,0.606425702811245,0.584
2023-09-28,GOOGL,transformer,0.013467993826575939,-0.0016931579448282719,-0.016790468245744705,0.014250118285417557,238.85679981633444,156.53541339560678,238.85679981633444,156.53541339560678,12.050420042930536,2012.94360247385,0.014043059312464095,0.019367020934008557,1.1407343125955107,0.606425702811245,0.584
2023-09-29,GOOGL,transformer,-0.011019581496402666,-0.002622573170810938,-0.016698600724339485,0.013720590621232986,236.23914705243652,156.12542409014455,236.23914705243652,156.12542409014455,11.850865587618797,2040.7527496041837,0.014043059312464095,0.019367020934008557,1.1407343125955107,0.606425702811245,0.584
2023-10-02,GOOGL,transformer,0.024979584849357164,-0.001273461035452783,-0.015240105800330639,0.012962074019014835,242.21462463413218,155.9267266390792,242.21462463413218,155.9267266390792,11.671626467068219,2067.3774366109174,0.014043059312464095,0.019367020934008557,1.1407343125955107,0.606425702811245,0.584
2023-10-03,GOOGL,transformer,-0.013053490322576392,-0.0013875094009563327,-0.015445869415998459,0.012672238051891327,239.07342478960828,155.71053060780213,239.07342478960828,155.71053060780213,11.492732936535283,2093.742474861745,0.014043059312464095,0.019367020934008557,1.1407343125955107,0.606425702811245,0.584
2023-10-04,GOOGL,transformer,0.020996869825048527,-0.0017701068427413702,-0.016713827848434448,0.013074971735477448,244.14628913385937,155.43515195417663,244.14628913385937,155.43515195417663,11.302241816451673,2121.2978526988322,0.014043059312464095,0.019367020934008557,1.1407343125955107,0.606425702811245,0.584
2023-10-05,GOOGL,transformer,-0.0012578016595522995,-0.0025692731142044067,-0.014542825520038605,0.008516579866409302,243.83939457291788,155.03630846955872,243.83939457291788,155.03630846955872,11.139064390619737,2139.4411199772153,0.014043059312464095,0.019367020934008557,1.1407343125955107,0.606425702811245,0.584
2023-10-06,GOOGL,transformer,0.01841236260885932,0.0008621016168035567,-0.01524702925235033,0.016938969492912292,248.3706413911631,155.17002406239334,248.3706413911631,155.17002406239334,10.970515260398638,2175.9898071608736,0.014043059312464095,0.019367020934008557,1.1407343125955107,0.606425702811245,0.584
2023-10-09,GOOGL,transformer,0.006086948778579012,-0.002322570886462927,-0.017051132395863533,0.011368613690137863,249.88707129690127,154.81004940947523,249.88707129690127,154.81004940947523,10.785041591761615,2200.8689478233778,0.014043059312464095,0.019367020934008557,1.1407343125955107,0.606425702811245,0.584
2023-10-10,GOOGL,transformer,-0.0026041725937966036,-0.00126924691721797,-0.015909388661384583,0.014163149520754814,249.2371688306691,154.61368115257952,249.2371688306691,154.61368115257952,10.614816009124826,2232.261852710918,0.014043059312464095,0.019367020934008557,1.1407343125955107,0.606425702811245,0.584
2023-10-11,GOOGL,transformer,0.017874963473841585,-0.0008540100534446537,-0.014721948653459549,0.011822381988167763,253.7323298509758,154.48169398966363,253.7323298509758,154.48169398966363,10.459689971027608,2258.809154355022,0.014043059312464095,0.019367020934008557,1.1407343125955107,0.606425702811245,0.584
2023-10-12,GOOGL,transformer,-0.011305227783086545,-0.0032400640193372965,-0.016954120248556137,0.011347495950758457,250.8799816684241,153.98197603797766,250.8799816684241,153.98197603797766,10.283850114291038,2284.587009031831,0.014043059312464095,0.019367020934008557,1.1407343125955107,0.606425702811245,0.584
2023-10-13,GOOGL,transformer,-0.011652870249758524,0.00014053120685275644,-0.013054470531642437,0.014367927797138691,247.97347724255397,154.00361785861688,247.97347724255397,154.00361785861688,10.150472557384752,2317.6487529034525,0.014043059312464095,0.019367020934008557,1.1407343125955107,0.606425702811245,0.584
2023-10-16,GOOGL,transformer,0.012587921775348562,-0.0017869883449748158,-0.015376375988125801,0.011553948745131493,251.11467708707787,153.72866017974232,251.11467708707787,153.72866017974232,9.995588637746923,2344.5821453123053,0.014043059312464095,0.019367020934008557,1.1407343125955107,0.606425702811245,0.584
2023-10-17,GOOGL,transformer,0.004447285867399575,-0.0009610506822355092,-0.01187199354171753,0.011199777945876122,252.23394284420692,153.58099020354027,252.23394284420692,153.58099020354027,9.877622906968794,2370.988645235411,0.014043059312464095,0.019367020934008557,1.1407343125955107,0.606425702811245,0.584
2023-10-18,GOOGL,transformer,-0.01267659194145642,-0.0023307877127081156,-0.014198686927556992,0.008526379242539406,249.05665720174449,153.22343863501067,249.05665720174449,153.22343863501067,9.738364759263701,2391.2909545562493,0.014043059312464095,0.019367020934008557,1.1407343125955107,0.606425702811245,0.584
2023-10-19,GOOGL,transformer,-0.0015233887009325497,-0.00029870803700760007,-0.014413636177778244,0.015363264828920364,248.67753595210462,153.1776740307402,248.67753595210462,153.1776740307402,9.599006415090711,2428.3125137421325,0.014043059312464095,0.019367020934008557,1.1407343125955107,0.606425702811245,0.584
2023-10-20,GOOGL,transformer,-0.0157310275155525,4.080796497873962e-05,-0.014798888936638832,0.015229858458042145,244.79619160009156,153.18391901972032,244.79619160009156,153.18391901972032,9.457997756381328,2465.578388063187,0.014043059312464095,0.019367020934008557,1.1407343125955107,0.606425702811245,0.584
2023-10-23,GOOGL,transformer,0.006615194107543093,-0.00021534091501962394,-0.015933243557810783,0.01309364102780819,246.42093399246664,153.15093975096087,246.42093399246664,153.15093975096087,9.308495441396586,2498.074166455057,0.014043059312464095,0.019367020934008557,1.1407343125955107,0.606425702811245,0.584
2023-10-24,GOOGL,transformer,0.016781459373888273,-0.00033251059358008206,-0.015374820679426193,0.013480687513947487,250.59113000645192,153.10002093690193,250.59113000645192,153.10002093690193,9.16647349853574,2531.977973123685,0.014043059312464095,0.019367020934008557,1.1407343125955107,0.606425702811245,0.584
2023-10-25,GOOGL,transformer,-0.09992420044064101,-0.0025130482390522957,-0.017012372612953186,0.011654995381832123,226.76141882195705,152.7157564211663,226.76141882195705,152.7157564211663,9.011849096076679,2561.6607579021556,0.014043059312464095,0.019367020934008557,1.1407343125955107,0.606425702811245,0.584
2023-10-26,GOOGL,transformer,-0.02686838651847985,0.01589316315948963,-0.003928111866116524,0.038381315767765045,220.74982789591223,155.1622901438258,220.74982789591223,155.1622901438258,8.976518719305863,2661.8917545826152,0.014043059312464095,0.019367020934008557,1.1407343125955107,0.606425702811245,0.584
2023-10-27,GOOGL,transformer,-0.0008999846115739093,0.003360421396791935,-0.012206491082906723,0.021260283887386322,220.55124582160767,155.68458390064353,220.55124582160767,155.68458390064353,8.867613017713905,2719.090354914224,0.014043059312464095,0.019367020934008557,1.1407343125955107,0.606425702811245,0.584
2023-10-30,GOOGL,transformer,0.018570869356867088,-0.0031049835961312056,-0.01676410809159279,0.01406622864305973,224.68534226444905,155.20193728169076,224.68534226444905,155.20193728169076,8.720194350970651,2757.6080096758315,0.014043059312464095,0.019367020934008557,1.1407343125955107,0.606425702811245,0.584
2023-10-31,GOOGL,transformer,-0.003057838159742487,-0.004436387214809656,-0.01754060573875904,0.010730753652751446,223.99934022707302,154.51492986209118,223.99934022707302,154.51492986209118,8.56857033090188,2787.3586289065397,0.014043059312464095,0.019367020934008557,1.1407343125955107,0.606425702811245,0.584
2023-11-01,GOOGL,transformer,0.018920415356534295,-0.0005105526652187109,-0.01660454459488392,0.014584800228476524,228.2778487276952,154.4360662804094,228.2778487276952,154.4360662804094,8.42746780984708,2828.3096948643633,0.014043059312464095,0.019367020934008557,1.1407343125955107,0.606425702811245,0.584
2023-11-02,GOOGL,transformer,0.008190964412100859,-0.0022350887302309275,-0.015896053984761238,0.012357618659734726,230.15534321089865,154.09127059233663,230.15534321089865,154.09127059233663,8.294563476045049,2863.47758815876,0.014043059312464095,0.019367020934008557,1.1407343125955107,0.606425702811245,0.584
2023-11-03,GOOGL,transformer,0.012549431736053282,-0.000728656945284456,-0.012705326080322266,0.012783434242010117,233.06186140997409,153.97903532477864,233.06186140997409,153.97903532477864,8.189844786186848,2900.3177832452925,0.014043059312464095,0.019367020934008557,1.1407343125955107,0.606425702811245,0.584
2023-11-06,GOOGL,transformer,0.008868335503455163,-0.0014688132796436548,-0.014160550199449062,0.010874035768210888,235.13792419427676,153.75303038183264,235.13792419427676,153.75303038183264,8.074689543203657,2932.028115377647,0.014043059312464095,0.019367020934008557,1.1407343125955107,0.606425702811245,0.584
2023-11-07,GOOGL,transformer,0.005512618028314088,-0.001793696777895093,-0.017437705770134926,0.01483757235109806,236.4377291267411,153.47749368900708,236.4377291267411,153.47749368900708,7.935106106874297,2975.8568013202703,0.014043059312464095,0.019367020934008557,1.1407343125955107,0.606425702811245,0.584
2023-11-08,GOOGL,transformer,0.006620739722448967,-0.002182603580877185,-0.01801620051264763,0.011156504042446613,238.0083152757977,153.1428791877599,238.0083152757977,153.1428791877599,7.793425823933151,3009.243012153564,0.014043059312464095,0.019367020934008557,1.1407343125955107,0.606425702811245,0.584
2023-11-09,GOOGL,transformer,-0.012210093952767625,0.0020091307815164328,-0.008677536621689796,0.013063831254839897,235.1198812953075,153.4508770718876,235.1198812953075,153.4508770718876,7.726090692746413,3048.8130528204556,0.014043059312464095,0.019367020934008557,1.1407343125955107,0.606425702811245,0.584
2023-11-10,GOOGL,transformer,0.017882688075354543,0.004183939658105373,-0.010021578520536423,0.017483871430158615,239.3622764515805,154.0942520868478,239.3622764515805,154.0942520868478,7.649049983706706,3102.586829736727,0.014043059312464095,0.019367020934008557,1.1407343125955107,0.606425702811245,0.584
2023-11-13,GOOGL,transformer,-0.003778151795404371,0.0003369389451108873,-0.013377660885453224,0.014379307627677917,238.4596356677253,154.14618256812068,238.4596356677253,154.14618256812068,7.547405142952585,3147.5222569604134,0.014043059312464095,0.019367020934008557,1.1407343125955107,0.606425702811245,0.584
2023-11-14,GOOGL,transformer,0.011516433243381391,0.0021063443273305893,-0.011582033708691597,0.01715397648513317,241.22171426260934,154.47121118756087,241.22171426260934,154.47121118756087,7.460495262208221,3201.9804260455558,0.014043059312464095,0.019367020934008557,1.1407343125955107,0.606425702811245,0.584
2023-11-15,GOOGL,transformer,0.007456044356685376,-0.0004375726857688278,-0.013685006648302078,0.011870056390762329,243.02699583031975,154.40363032729675,243.02699583031975,154.40363032729675,7.359093953693634,3240.214752090557,0.014043059312464095,0.019367020934008557,1.1407343125955107,0.606425702811245,0.584
2023-11-16,GOOGL,transformer,0.017013834543871627,-0.0016457943711429834,-0.014990387484431267,0.013440420851111412,247.19719184430502,154.14972397256545,247.19719184430502,154.14972397256545,7.249601151561566,3284.0587719899604,0.014043059312464095,0.019367020934008557,1.1407343125955107,0.606425702811245,0.584
2023-11-17,GOOGL,transformer,-0.011901368622865961,-0.000826207164209336,-0.01574900932610035,0.012887842953205109,244.27264451946562,154.02241449670464,244.27264451946562,154.02241449670464,7.136321380359501,3326.6572244434547,0.014043059312464095,0.019367020934008557,1.1407343125955107,0.606425702811245,0.584
2023-11-20,GOOGL,transformer,0.006923009310859361,0.001367043238133192,-0.011229407042264938,0.01283414475619793,245.96961360053908,154.2331058541205,245.96961360053908,154.2331058541205,7.056633129777159,3369.6270016576655,0.014043059312464095,0.019367020934008557,1.1407343125955107,0.606425702811245,0.584
2023-11-21,GOOGL,transformer,0.005270499115569634,-0.0017631805967539549,-0.017522580921649933,0.014041166752576828,247.26941853300337,153.96140645873103,247.26941853300337,153.96140645873103,6.934059934674555,3417.2743641349234,0.014043059312464095,0.019367020934008557,1.1407343125955107,0.606425702811245,0.584
2023-11-22,GOOGL,transformer,0.011036227860400679,-0.0009463741444051266,-0.012626247480511665,0.01023842953145504,250.01345422891814,153.8157704056159,250.01345422891814,153.8157704056159,6.847058999336483,3452.4414674293766,0.014043059312464095,0.019367020934008557,1.1407343125955107,0.606425702811245,0.584
2023-11-24,GOOGL,transformer,-0.013082554493863635,-0.0006219246424734592,-0.017266105860471725,0.01702618971467018,246.76394189775732,153.7201375961497,246.76394189775732,153.7201375961497,6.729851608010149,3511.726719635909,0.014043059312464095,0.019367020934008557,1.1407343125955107,0.606425702811245,0.584
2023-11-27,GOOGL,transformer,-0.00205052267409067,0.0017555669182911515,-0.011229594238102436,0.014451437629759312,246.25846526251127,153.99024615625493,246.25846526251127,153.99024615625493,6.65470102824734,3562.844846300226,0.014043059312464095,0.019367020934008557,1.1407343125955107,0.606425702811245,0.584
2023-11-28,GOOGL,transformer,0.005774609697282341,0.00012840355338994414,-0.013676581904292107,0.014993386343121529,247.68462558058178,154.0100167183208,247.68462558058178,154.0100167183208,6.564307021194539,3616.666322016818,0.014043059312464095,0.019367020934008557,1.1407343125955107,0.606425702811245,0.584
2023-11-29,GOOGL,transformer,-0.01623895073479851,0.00044318969594314694,-0.013931788504123688,0.013143036514520645,243.6949687419318,154.07829541869341,243.6949687419318,154.07829541869341,6.473488575003491,3664.5138328018143,0.014043059312464095,0.019367020934008557,1.1407343125955107,0.606425702811245,0.584
2023-11-30,GOOGL,transformer,-0.018391716632034323,0.0024251125287264585,-0.013676928356289864,0.016705835238099098,239.25396396494358,154.45240596493517,239.25396396494358,154.45240596493517,6.38555374882287,3726.246892303012,0.014043059312464095,0.019367020934008557,1.1407343125955107,0.606425702811245,0.584
2023-12-01,GOOGL,transformer,-0.005068267367880593,0.0004520922957453877,-0.013447731733322144,0.012703973799943924,238.0444286201469,154.52224329382514,238.0444286201469,154.52224329382514,6.300257444425291,3773.886801892984,0.014043059312464095,0.019367020934008557,1.1407343125955107,0.606425702811245,0.584
2023-12-04,GOOGL,transformer,-0.019837484967406196,0.001468854141421616,-0.012922009453177452,0.013642583042383194,233.36875597091557,154.74938631708432,233.36875597091557,154.74938631708432,6.219369068559673,3825.724947224715,0.014043059312464095,0.019367020934008557,1.1407343125955107,0.606425702811245,0.584
2023-12-05,GOOGL,transformer,0.013217752998775697,0.0026946975849568844,-0.009459564462304115,0.015741318464279175,236.47384247109025,155.16694693730727,236.47384247109025,155.16694693730727,6.160813889919637,3886.423600732064,0.014043059312464095,0.019367020934008557,1.1407343125955107,0.606425702811245,0.584
2023-12-06,GOOGL,transformer,-0.007432708708957116,0.0003256691270507872,-0.014178301207721233,0.01296819094568491,234.72271714669833,155.2174816743021,234.72271714669833,155.2174816743021,6.074080353442805,3937.15192964415,0.014043059312464095,0.019367020934008557,1.1407343125955107,0.606425702811245,0.584
2023-12-07,GOOGL,transformer,0.051781475219009256,0.002400025026872754,-0.009076319634914398,0.015230812132358551,247.19719184430497,155.59045401704464,247.19719184430497,155.59045401704464,6.019199642336924,3997.5768238433043,0.014043059312464095,0.019367020934008557,1.1407343125955107,0.606425702811245,0.584
2023-12-08,GOOGL,transformer,-0.01426905054150682,-0.003420074237510562,-0.01750551350414753,0.01153484359383583,243.69496874193177,155.05923496398182,243.69496874193177,155.05923496398182,5.914747405120052,4043.9554568238987,0.014043059312464095,0.019367020934008557,1.1407343125955107,0.606425702811245,0.584
2023-12-11,GOOGL,transformer,-0.01267358706830209,0.0008393324678763747,-0.01069064624607563,0.012371808290481567,240.6259680396956,155.1894397907047,240.6259680396956,155.1894397907047,5.851851713959908,4094.2973176534606,0.014043059312464095,0.019367020934008557,1.1407343125955107,0.606425702811245,0.584
2023-12-12,GOOGL,transformer,-0.005793545573734896,0.0011507023591548204,-0.013241320848464966,0.014590132981538773,239.23592106597428,155.36811301151783,239.23592106597428,155.36811301151783,5.774876281858993,4154.471511953499,0.014043059312464095,0.019367020934008557,1.1407343125955107,0.606425702811245,0.584
2023-12-13,GOOGL,transformer,0.00037725338687553934,0.0002703624195419252,-0.01389632560312748,0.013113867491483688,239.32619065364196,155.41011937065514,239.32619065364196,155.41011937065514,5.695181812248389,4209.311711836678,0.014043059312464095,0.019367020934008557,1.1407343125955107,0.606425702811245,0.584
2023-12-14,GOOGL,transformer,-0.004763570760054372,0.001090531819500029,-0.00820237211883068,0.011624135076999664,238.188854451133,155.57969086840538,238.188854451133,155.57969086840538,5.648658916711452,4258.526680921565,0.014043059312464095,0.019367020934008557,1.1407343125955107,0.606425702811245,0.584
2023-12-15,GOOGL,transformer,0.004989831482653308,0.0006584259099327028,-0.010948071256279945,0.012655399739742279,239.38034689696042,155.68216052630905,239.38034689696042,155.68216052630905,5.587154408676914,4312.762610945108,0.014043059312464095,0.019367020934008557,1.1407343125955107,0.606425702811245,0.584
2023-12-18,GOOGL,transformer,0.023846113815748277,-0.0009423369192518294,-0.01260661706328392,0.01263476349413395,245.1572424043515,155.53552776550794,245.1572424043515,155.53552776550794,5.517161522789405,4367.598795933535,0.014043059312464095,0.019367020934008557,1.1407343125955107,0.606425702811245,0.584
2023-12-19,GOOGL,transformer,0.006239630111719656,-0.0024089571088552475,-0.019543662667274475,0.013959389179944992,246.69171520905894,155.16129984537446,246.69171520905894,155.16129984537446,5.410382785944309,4428.995349165642,0.014043059312464095,0.019367020934008557,1.1407343125955107,0.606425702811245,0.584
2023-12-20,GOOGL,transformer,0.012291528991875592,-0.0007860027253627777,-0.012654073536396027,0.011506561189889908,249.74264546591516,155.03938830447507,249.74264546591516,155.03938830447507,5.342350605654613,4480.252450044322,0.014043059312464095,0.019367020934008557,1.1407343125955107,0.606425702811245,0.584
2023-12-21,GOOGL,transformer,0.014923521848625923,-0.001967816147953272,-0.015454144217073917,0.013792195357382298,253.49763443232203,154.73459941071235,253.49763443232203,154.73459941071235,5.260423941944422,4542.4731343554395,0.014043059312464095,0.019367020934008557,1.1407343125955107,0.606425702811245,0.584
2023-12-22,GOOGL,transformer,0.0075911634822911755,-0.0013398799346759915,-0.01454415824264288,0.013345013372600079,255.42929893204925,154.52741616641472,255.42929893204925,154.52741616641472,5.1844690637443485,4603.498581288866,0.014043059312464095,0.019367020934008557,1.1407343125955107,0.606425702811245,0.584
2023-12-26,GOOGL,transformer,0.00021199800978108086,0.000534676481038332,-0.01189438533037901,0.011804795823991299,255.48345517536768,154.6100532367037,255.48345517536768,154.6100532367037,5.123168149362478,4658.164183040423,0.014043059312464095,0.019367020934008557,1.1407343125955107,0.606425702811245,0.584
2023-12-27,GOOGL,transformer,-0.008159321280398101,0.00023575917293783277,-0.014279389753937721,0.012890486046671867,253.40736484465435,154.64650966490993,253.40736484465435,154.64650966490993,5.050532289216417,4718.598760807418,0.014043059312464095,0.019367020934008557,1.1407343125955107,0.606425702811245,0.584
2023-12-28,GOOGL,transformer,-0.000997857489899843,-0.0014583709416911006,-0.016171634197235107,0.012932991608977318,253.15462652703133,154.42113811570255,253.15462652703133,154.42113811570255,4.969513787303246,4780.020473812438,0.014043059312464095,0.019367020934008557,1.1407343125955107,0.606425702811245,0.584
2023-12-29,GOOGL,transformer,-0.0038582020542593594,0.0010095894103869796,-0.013948269188404083,0.015446063131093979,252.1797866008884,154.57711277839442,252.1797866008884,154.57711277839442,4.900678747001112,4854.4262314076195,0.014043059312464095,0.019367020934008557,1.1407343125955107,0.606425702811245,0.584
2023-01-03,GOOGL,ensemble,,0.0006617629264238564,-0.038897707851801265,0.04022123370464898,160.88669827270266,159.385439261863,160.88669827270266,159.385439261863,153.20332247428007,165.81701909866763,0.014019951390301535,0.01934641476141558,1.253486567086756,0.642570281124498,0.948
2023-01-04,GOOGL,ensemble,,-0.00011050669376666262,-0.03966997747199179,0.03944896408445846,159.00920378949922,159.3678270770857,159.00920378949922,159.3678270770857,147.24472033348871,172.4890661597153,0.014019951390301535,0.01934641476141558,1.253486567086756,0.642570281124498,0.948
2023-01-05,GOOGL,ensemble,,0.0011033893710860898,-0.038456081407139034,0.04066286014931121,155.6152656273523,159.54376889188953,155.6152656273523,159.54376889188953,141.6897609387071,179.64752021312108,0.014019951390301535,0.01934641476141558,1.253486567086756,0.642570281124498,0.948
2023-01-06,GOOGL,ensemble,,0.001793133007813066,-0.03776633777041206,0.04135260378603819,157.6732855126857,159.8301087360705,157.6732855126857,159.8301087360705,136.43844323397573,187.23215431867953,0.014019951390301535,0.01934641476141558,1.253486567086756,0.642570281124498,0.948
2023-01-09,GOOGL,ensemble,,-0.0003957948306228629,-0.03995526560884798,0.03916367594760226,158.90087752965698,159.76686132258018,158.90087752965698,159.76686132258018,131.0944796541494,194.71033444130734,0.014019951390301535,0.01934641476141558,1.253486567086756,0.642570281124498,0.948
2023-01-10,GOOGL,ensemble,,-0.00031971177783101593,-0.03987918255605614,0.03923975900039411,159.6229929113822,159.7157901397726,159.6229929113822,159.7157901397726,125.96940996566146,202.50260461587897,0.014019951390301535,0.01934641476141558,1.253486567086756,0.642570281124498,0.948
2023-01-11,GOOGL,ensemble,,0.0016138053854703454,-0.03794566539275478,0.04117327616369547,165.2193630166433,159.9737484333016,165.2193630166433,159.9737484333016,121.27897059658595,211.01432558268857,0.014019951390301535,0.01934641476141558,1.253486567086756,0.642570281124498,0.948
2023-01-12,GOOGL,ensemble,,-0.0019007670063533786,-0.0414602377845785,0.03765870377187174,164.5153043070927,159.6699644131803,164.5153043070927,159.6699644131803,116.35352621472889,219.11237557731206,0.014019951390301535,0.01934641476141558,1.253486567086756,0.642570281124498,0.948
2023-01-13,GOOGL,ensemble,,-0.002156288002958163,-0.04171575878118328,0.03740318277526696,166.30254297583377,159.32604091679625,166.30254297583377,159.32604091679625,111.59959684796951,227.46307362384107,0.014019951390301535,0.01934641476141558,1.253486567086756,0.642570281124498,0.948
2023-01-17,GOOGL,ensemble,,-0.001754440287308084,-0.041313911065533206,0.03780503049091704,164.80415596906488,159.04675795607093,164.80415596906488,159.04675795607093,107.08292415375398,236.2269373594638,0.014019951390301535,0.01934641476141558,1.253486567086756,0.642570281124498,0.948
2023-01-18,GOOGL,ensemble,,0.0007804581196019904,-0.03877901265862313,0.040339928897827115,164.4972614081234,159.17093574119124,164.4972614081234,159.17093574119124,103.00983959784952,245.9511332474241,0.014019951390301535,0.01934641476141558,1.253486567086756,0.642570281124498,0.948
2023-01-19,GOOGL,ensemble,,-0.0002742154050090932,-0.03983368618323421,0.03928525537321603,167.9814553847326,159.12729460239103,167.9814553847326,159.12729460239103,98.98722758908842,255.80568831152343,0.014019951390301535,0.01934641476141558,1.253486567086756,0.642570281124498,0.948
2023-01-20,GOOGL,ensemble,,-0.0005148352144409898,-0.040074305992666114,0.03904463556378413,176.9536932067607,159.04539135269863,176.9536932067607,159.04539135269863,95.09881620407934,265.99107665283464,0.014019951390301535,0.01934641476141558,1.253486567086756,0.642570281124498,0.948
2023-01-23,GOOGL,ensemble,,-0.003563293632027922,-0.04312276441025305,0.0359961771461972,180.14904929460303,158.4796744288228,180.14904929460303,158.4796744288228,91.08505653412632,275.7401506102783,0.014019951390301535,0.01934641476141558,1.253486567086756,0.642570281124498,0.948
2023-01-24,GOOGL,ensemble,,-0.004459882728438866,-0.044019353506663986,0.03509958804978626,176.3760036560216,157.77444744978666,176.3760036560216,157.77444744978666,87.16251840028383,285.59037445164586,0.014019951390301535,0.01934641476141558,1.253486567086756,0.642570281124498,0.948
2023-01-25,GOOGL,ensemble,,-0.0028040573721813565,-0.042363528150406476,0.03675541340604377,171.89891308109483,157.332658537474,171.89891308109483,157.332658537474,83.5471276386841,296.28266275677436,0.014019951390301535,0.01934641476141558,1.253486567086756,0.642570281124498,0.948
2023-01-26,GOOGL,ensemble,,-0.0003394576451087233,-0.03989892842333385,0.0392200131331164,176.0510524229055,157.27925982752112,176.0510524229055,157.27925982752112,80.27931145330975,308.1337535671288,0.014019951390301535,0.01934641476141558,1.253486567086756,0.642570281124498,0.948
2023-01-27,GOOGL,ensemble,,-0.0004620757118579965,-0.04002154649008312,0.03909739506636713,179.39083434173395,157.206601689649,179.39083434173395,157.206601689649,77.12985273124922,320.419587742777,0.014019951390301535,0.01934641476141558,1.253486567086756,0.642570281124498,0.948
2023-01-30,GOOGL,ensemble,,-0.001878542291408665,-0.04143801306963379,0.03768092848681646,175.0039995812695,156.91155965112492,175.0039995812695,156.91155965112492,73.99905978511234,332.72365383623475,0.014019951390301535,0.01934641476141558,1.253486567086756,0.642570281124498,0.948
2023-01-31,GOOGL,ensemble,,0.000626449655313864,-0.038933021122911256,0.04018592043353899,178.43402354135497,157.00988763913458,178.43402354135497,157.00988763913458,71.17341518027906,346.3667544125993,0.014019951390301535,0.01934641476141558,1.253486567086756,0.642570281124498,0.948
2023-02-01,GOOGL,ensemble,,-0.0005830879238749153,-0.04014255870210004,0.038976382854350206,181.30442839608122,156.91836375555198,181.30442839608122,156.91836375555198,68.37291780439092,360.1334223319987,0.014019951390301535,0.01934641476141558,1.253486567086756,0.642570281124498,0.948
2023-02-02,GOOGL,ensemble,,-0.0012937338177076122,-0.04085320459593274,0.03826573696051751,194.50103224861837,156.71548442596426,194.50103224861837,156.71548442596426,65.6359525572015,374.1812543584393,0.014019951390301535,0.01934641476141558,1.253486567086756,0.642570281124498,0.948
2023-02-03,GOOGL,ensemble,,-0.005116157806772539,-0.04467562858499766,0.03444331297145258,189.1574004609803,155.91575080300834,189.1574004609803,155.91575080300834,62.76816225823421,387.2938202086164,0.014019951390301535,0.01934641476141558,1.253486567086756,0.642570281124498,0.948
2023-02-06,GOOGL,ensemble,,-0.0036445564674350904,-0.04320402724566021,0.03591491431079003,185.7634760720387,155.34854128644392,185.7634760720387,155.34854128644392,60.11407140105185,401.45624339468264,0.014019951390301535,0.01934641476141558,1.253486567086756,0.642570281124498,0.948
2023-02-07,GOOGL,ensemble,,-0.0006848139471935462,-0.04024428472541867,0.03887465683103158,194.3205068464884,155.24219285729475,194.3205068464884,155.24219285729475,57.742857525440236,417.3700345973273,0.014019951390301535,0.01934641476141558,1.253486567086756,0.642570281124498,0.948
2023-02-08,GOOGL,ensemble,,-0.00339832669338745,-0.042957797471612574,0.03616114408483767,179.39083434173392,154.71552457167235,179.39083434173392,154.71552457167235,55.31487529697325,432.73881419737336,0.014019951390301535,0.01934641476141558,1.253486567086756,0.642570281124498,0.948
2023-02-09,GOOGL,ensemble,,0.0006344376687910402,-0.038925033109434085,0.04019390844701616,171.51980560466026,154.81371307235563,171.51980560466026,154.81371307235563,53.203108865349016,450.48656490935804,0.014019951390301535,0.01934641476141558,1.253486567086756,0.642570281124498,0.948
2023-02-10,GOOGL,ensemble,,0.00028921865279515424,-0.03927025212542997,0.039848689431020275,170.725477307442,154.85849456139343,170.725477307442,154.85849456139343,51.15430125317574,468.800330574985,0.014019951390301535,0.01934641476141558,1.253486567086756,0.642570281124498,0.948
2023-02-13,GOOGL,ensemble,,0.000797814291012573,-0.03876165648721255,0.0403572850692377,170.79769022293505,154.98209217885608,170.79769022293505,154.98209217885608,49.209412852826176,488.10679712785895,0.014019951390301535,0.01934641476141558,1.253486567086756,0.642570281124498,0.948
2023-02-14,GOOGL,ensemble,,0.0009270242131442703,-0.03863244656508085,0.040486494991369394,170.92405938174656,155.12583094527426,170.92405938174656,155.12583094527426,47.34458617552641,508.274026036395,0.014019951390301535,0.01934641476141558,1.253486567086756,0.642570281124498,0.948
2023-02-15,GOOGL,ensemble,,-0.00125884987987921,-0.04081832065810433,0.03830062089834591,175.0039995812695,154.93067367424842,175.0039995812695,154.93067367424842,45.45096970879595,528.1188454052102,0.014019951390301535,0.01934641476141558,1.253486567086756,0.642570281124498,0.948
2023-02-16,GOOGL,ensemble,,-0.0019184338560932121,-0.04147790463431834,0.03764103692213191,172.42244638851545,154.6337343448268,172.42244638851545,154.6337343448268,43.60432102353325,548.3766570868385,0.014019951390301535,0.01934641476141558,1.253486567086756,0.642570281124498,0.948
2023-02-17,GOOGL,ensemble,,-0.000918778932896059,-0.040478249711121184,0.03864069184532906,170.32831315883288,154.4917253748105,170.32831315883288,154.4917253748105,41.874539864630556,569.9810263335173,0.014019951390301535,0.01934641476141558,1.253486567086756,0.642570281124498,0.948
2023-02-21,GOOGL,ensemble,,0.00040140415797794014,-0.039158066620247185,0.03996087493620306,165.70679675292,154.55375144367727,165.70679675292,154.55375144367727,40.26650311687245,593.2191831007286,0.014019951390301535,0.01934641476141558,1.253486567086756,0.642570281124498,0.948
2023-02-22,GOOGL,ensemble,,0.0006534097607955108,-0.03890606101742961,0.04021288053902063,165.454058435297,154.6547713735481,165.454058435297,154.6547713735481,38.72997601115632,617.560369820905,0.014019951390301535,0.01934641476141558,1.253486567086756,0.642570281124498,0.948
2023-02-23,GOOGL,ensemble,,0.0011037224810465603,-0.038455748297178564,0.04066319325927168,164.0820405873396,154.82556155665844,164.0820405873396,154.82556155665844,37.268860015775445,643.189904418543,0.014019951390301535,0.01934641476141558,1.253486567086756,0.642570281124498,0.948
2023-02-24,GOOGL,ensemble,,0.0012956172067067903,-0.03826385357151833,0.04085508798493191,160.90474117167187,155.02628622133554,160.90474117167187,155.02628622133554,35.86974821955985,670.0116564095133,0.014019951390301535,0.01934641476141558,1.253486567086756,0.642570281124498,0.948
2023-02-27,GOOGL,ensemble,,0.0023004099092127457,-0.03725906086901238,0.041859880687437866,162.2406594484854,155.3833207317616,162.2406594484854,155.3833207317616,34.557866589486004,698.6535554534253,0.014019951390301535,0.01934641476141558,1.253486567086756,0.642570281124498,0.948
2023-02-28,GOOGL,ensemble,,0.0005128532583210864,-0.039046617519904035,0.04007232403654621,162.58365358057077,155.46303001192254,162.58365358057077,155.46303001192254,33.23450335278909,727.2187414366672,0.014019951390301535,0.01934641476141558,1.253486567086756,0.642570281124498,0.948
2023-03-01,GOOGL,ensemble,,0.00032843410900383445,-0.039231036669221286,0.03988790488722896,163.125243560166,155.51409775940357,163.125243560166,155.51409775940357,31.95592332464899,756.8122615711347,0.014019951390301535,0.01934641476141558,1.253486567086756,0.642570281124498,0.948
2023-03-02,GOOGL,ensemble,,0.0011212931138557822,-0.03843817766436934,0.040680763892080904,166.0859042293546,155.6885724466808,166.0859042293546,155.6885724466808,30.750903611132102,788.2347750493653,0.014019951390301535,0.01934641476141558,1.253486567086756,0.642570281124498,0.948
2023-03-03,GOOGL,ensemble,,5.440014894537439e-05,-0.03950507062927975,0.039613870927170496,169.0646215707178,155.6970421585857,169.0646215707178,155.6970421585857,29.55976981242795,820.0865260710003,0.014019951390301535,0.01934641476141558,1.253486567086756,0.642570281124498,0.948
2023-03-06,GOOGL,ensemble,,-0.00034947866439934936,-0.03990894944262447,0.039209992113825774,171.7364305779342,155.642638871189,171.7364305779342,155.642638871189,28.403300678181477,852.8808432956529,0.014019951390301535,0.01934641476141558,1.253486567086756,0.642570281124498,0.948
2023-03-07,GOOGL,ensemble,,-0.0001974120837071726,-0.0397568828619323,0.03936205869451795,169.44372904715235,155.61191616615216,169.44372904715235,155.61191616615216,27.296226702561516,887.1214588289317,0.014019951390301535,0.01934641476141558,1.253486567086756,0.642570281124498,0.948
2023-03-08,GOOGL,ensemble,,-0.0012715144225879263,-0.04083098520081305,0.0382879563556372,170.14778775670297,155.4141791098208,170.14778775670297,155.4141791098208,26.2041420403296,921.7461510934357,0.014019951390301535,0.01934641476141558,1.253486567086756,0.642570281124498,0.948
2023-03-09,GOOGL,ensemble,,-0.00042447703071013965,-0.039983947808935265,0.03913499374751498,166.66359378009372,155.34822335988278,166.66359378009372,155.34822335988278,25.177067078243574,958.533828665307,0.014019951390301535,0.01934641476141558,1.253486567086756,0.642570281124498,0.948
2023-03-10,GOOGL,ensemble,,-0.00042936375365171004,-0.039988834531876835,0.03913010702457341,163.61266352323747,155.28153678100227,163.61266352323747,155.28153678100227,24.19013025022641,996.7848629026755,0.014019951390301535,0.01934641476141558,1.253486567086756,0.642570281124498,0.948
2023-03-13,GOOGL,ensemble,,0.0017359938199148447,-0.03782347695831028,0.041295464598139965,164.4792047359488,155.5513386886652,164.4792047359488,155.5513386886652,23.292262691918275,1038.8092942224646,0.014019951390301535,0.01934641476141558,1.253486567086756,0.642570281124498,0.948
2023-03-14,GOOGL,ensemble,,-0.0004827127021745577,-0.04004218348039968,0.039076758076050565,169.64231112145688,155.47627020135374,169.64231112145688,155.47627020135374,22.378016005846657,1080.2061536379633,0.014019951390301535,0.01934641476141558,1.253486567086756,0.642570281124498,0.948
2023-03-15,GOOGL,ensemble,,-0.0014682368075600199,-0.04102770758578514,0.038091233970665106,173.50561257450065,155.24816171835553,173.50561257450065,155.24816171835553,21.47847650787464,1122.146242918683,0.014019951390301535,0.01934641476141558,1.253486567086756,0.642570281124498,0.948
2023-03-16,GOOGL,ensemble,,-0.0035983421963373644,-0.04315781297456249,0.035961128581887755,181.10584632177668,154.69052958444735,181.10584632177668,154.69052958444735,20.571230624908875,1163.234245895915,0.014019951390301535,0.01934641476141558,1.253486567086756,0.642570281124498,0.948
2023-03-17,GOOGL,ensemble,,-0.004757970652850167,-0.04431744143107529,0.03480150012537495,183.4527178690823,153.95626477482594,183.4527178690823,153.95626477482594,19.679472485042904,1204.429208223499,0.014019951390301535,0.01934641476141558,1.253486567086756,0.642570281124498,0.948
2023-03-20,GOOGL,ensemble,,-0.004588581280390243,-0.04414805205861536,0.03497088949783488,182.7306024873571,153.2514422446893,182.7306024873571,153.2514422446893,18.829561113881365,1247.2943159977974,0.014019951390301535,0.01934641476141558,1.253486567086756,0.642570281124498,0.948
2023-03-21,GOOGL,ensemble,,-0.0037748980130923792,-0.0433343687913175,0.03578457276513274,189.41013877860337,152.67402421262403,189.41013877860337,152.67402421262403,18.03102104216925,1292.7364243413185,0.014019951390301535,0.01934641476141558,1.253486567086756,0.642570281124498,0.948
2023-03-22,GOOGL,ensemble,,-0.00483696716558746,-0.04439643794381258,0.034722503612637665,186.61196061257547,151.93732809426396,186.61196061257547,151.93732809426396,17.2480178193099,1338.411863337679,0.014019951390301535,0.01934641476141558,1.253486567086756,0.642570281124498,0.948
2023-03-23,GOOGL,ensemble,,-0.003975436254833829,-0.04353490703305895,0.035584034523391296,190.63773079557464,151.33450995814812,190.63773079557464,151.33450995814812,16.513237315566688,1386.8954625077363,0.014019951390301535,0.01934641476141558,1.253486567086756,0.642570281124498,0.948
2023-03-24,GOOGL,ensemble,,-0.0038505879434296867,-0.04341005872165481,0.03570888283479544,190.34889290680775,150.75290360051696,190.34889290680775,150.75290360051696,15.811733042883942,1437.314801758231,0.014019951390301535,0.01934641476141558,1.253486567086756,0.642570281124498,0.948
2023-03-27,GOOGL,ensemble,,-0.0031923894407142727,-0.0427518602189394,0.03636708133751085,184.9691477748205,150.27240899393385,184.9691477748205,150.27240899393385,15.149998029292318,1490.5478443745385,0.014019951390301535,0.01934641476141558,1.253486567086756,0.642570281124498,0.948
2023-03-28,GOOGL,ensemble,,-0.00014138957839852147,-0.039700860356623645,0.0394180811998266,182.38759458206644,150.25116354335933,182.38759458206644,150.25116354335933,14.560313025171963,1550.4757423212554,0.014019951390301535,0.01934641476141558,1.253486567086756,0.642570281124498,0.948
2023-03-29,GOOGL,ensemble,,0.0009042618562180012,-0.03865520892200712,0.040463732634443125,183.0374970482986,150.38709138732398,183.0374970482986,150.38709138732398,14.008220454224238,1614.5003806760717,0.014019951390301535,0.01934641476141558,1.253486567086756,0.642570281124498,0.948
2023-03-30,GOOGL,ensemble,,-0.0004957189963783708,-0.04005518977460349,0.039063751781846755,182.1348562644434,150.31256012412095,182.1348562644434,150.31256012412095,13.458207497801208,1678.816865823987,0.014019951390301535,0.01934641476141558,1.253486567086756,0.642570281124498,0.948
2023-03-31,GOOGL,ensemble,,-0.0006207974650717003,-0.040180268243296825,0.03893867331315342,187.26186307880766,150.21927542627535,187.26186307880766,150.21927542627535,12.928172884719338,1745.477176923218,0.014019951390301535,0.01934641476141558,1.253486567086756,0.642570281124498,0.948
2023-04-03,GOOGL,ensemble,,-0.0011205209089090098,-0.04067999168713413,0.03843894986931611,188.3991855081113,150.0510458572158,188.3991855081113,150.0510458572158,12.412808498159286,1813.8776865995433,0.014019951390301535,0.01934641476141558,1.253486567086756,0.642570281124498,0.948
2023-04-04,GOOGL,ensemble,,-0.0016279086197323134,-0.041187379397957434,0.03793156215849281,189.04908797434345,149.80697518254325,189.04908797434345,149.80697518254325,11.911942919170768,1884.002464218108,0.014019951390301535,0.01934641476141558,1.253486567086756,0.642570281124498,0.948
2023-04-05,GOOGL,ensemble,,-0.002300814744574858,-0.04186028552279998,0.037258656033650264,188.59776758241586,149.46269330149565,188.59776758241586,149.46269330149565,11.423598023632954,1955.5219505030057,0.014019951390301535,0.01934641476141558,1.253486567086756,0.642570281124498,0.948
2023-04-06,GOOGL,ensemble,,-2.580328226993198e-05,-0.03958527406049506,0.03953366749595519,195.72862426558973,149.45883672318797,195.72862426558973,149.45883672318797,10.980225178275239,2034.3793967763982,0.014019951390301535,0.01934641476141558,1.253486567086756,0.642570281124498,0.948
2023-04-10,GOOGL,ensemble,,-0.0034895892021696816,-0.04304905998039481,0.03606988157605544,192.1541744745182,148.93819572033124,192.1541744745182,148.93819572033124,10.517566759494146,2109.0986776388786,0.014019951390301535,0.01934641476141558,1.253486567086756,0.642570281124498,0.948
2023-04-11,GOOGL,ensemble,,-0.00300016309739837,-0.04255963387562349,0.036559307680826755,190.1864104036471,148.4920264666663,190.1864104036471,148.4920264666663,10.079334615070012,2187.632692659048,0.014019951390301535,0.01934641476141558,1.253486567086756,0.642570281124498,0.948
2023-04-12,GOOGL,ensemble,,-0.0002584510170953432,-0.03981792179532047,0.03930101976112978,188.90466214335737,148.4536535103738,188.90466214335737,148.4536535103738,9.68588167924289,2275.320716317158,0.014019951390301535,0.01934641476141558,1.253486567086756,0.642570281124498,0.948
2023-04-13,GOOGL,ensemble,,0.0001002381932527299,-0.039459232584972394,0.03965970897147785,193.94139937005394,148.46853498221694,193.94139937005394,148.46853498221694,9.311126618990084,2367.3725835506534,0.014019951390301535,0.01934641476141558,1.253486567086756,0.642570281124498,0.948
2023-04-14,GOOGL,ensemble,,-0.0015814266619474586,-0.04114089744017258,0.037978044116277664,196.5410092349826,148.23392843795202,196.5410092349826,148.23392843795202,8.935831437062122,2459.00985206724,0.014019951390301535,0.01934641476141558,1.253486567086756,0.642570281124498,0.948
2023-04-17,GOOGL,ensemble,,-0.003113663370839065,-0.042673134149064186,0.03644580740738606,191.30568993398143,147.7730956959841,191.30568993398143,147.7730956959841,8.562533055568043,2550.283621664319,0.014019951390301535,0.01934641476141558,1.253486567086756,0.642570281124498,0.948
2023-04-18,GOOGL,ensemble,,0.00044735665136075374,-0.03911211412686437,0.040006827429585876,188.65192382573431,147.83921776220618,188.65192382573431,147.83921776220618,8.23409902770726,2654.3807932107024,0.014019951390301535,0.01934641476141558,1.253486567086756,0.642570281124498,0.948
2023-04-19,GOOGL,ensemble,,0.0011446434627653225,-0.0384148273154598,0.04070411424099044,188.0742342749952,148.00853784343303,188.0742342749952,148.00853784343303,7.923786005812782,2764.654075524082,0.014019951390301535,0.01934641476141558,1.253486567086756,0.642570281124498,0.948
2023-04-20,GOOGL,ensemble,,0.0005733316778157178,-0.038986139100409406,0.04013280245604084,190.07809791701015,148.09342015730044,190.07809791701015,148.09342015730044,7.620812440798471,2877.8639107392696,0.014019951390301535,0.01934641476141558,1.253486567086756,0.642570281124498,0.948
2023-04-21,GOOGL,ensemble,,-0.0018235112582202476,-0.04138298203644537,0.03773595952000487,190.29473666348932,147.82361620840695,190.29473666348932,147.82361620840695,7.311876920729505,2988.5379288838312,0.014019951390301535,0.01934641476141558,1.253486567086756,0.642570281124498,0.948
2023-04-24,GOOGL,ensemble,,0.0012252706795261826,-0.03833420009869894,0.04078474145775131,191.30568993398143,148.00485115935055,191.30568993398143,148.00485115935055,7.036886412638685,3112.9443737159145,0.014019951390301535,0.01934641476141558,1.253486567086756,0.642570281124498,0.948
2023-04-25,GOOGL,ensemble,,-0.0020863353531734114,-0.04164580613139853,0.037473135425051714,187.47848805208153,147.69638529944072,187.47848805208153,147.69638529944072,6.749848061852491,3231.809372688902,0.014019951390301535,0.01934641476141558,1.253486567086756,0.642570281124498,0.948
2023-04-26,GOOGL,ensemble,,-0.00013652434731358133,-0.0396959951255387,0.03942294643091154,187.2257497344585,147.6762225232234,187.2257497344585,147.6762225232234,6.487154560580775,3361.761538910554,0.014019951390301535,0.01934641476141558,1.253486567086756,0.642570281124498,0.948
2023-04-27,GOOGL,ensemble,,-0.0014956017842084608,-0.041055072562433584,0.03806386899401666,194.23023725882086,147.4555227819348,194.23023725882086,147.4555227819348,6.226217014551691,3492.189743479304,0.014019951390301535,0.01934641476141558,1.253486567086756,0.642570281124498,0.948
2023-04-28,GOOGL,ensemble,,-0.0026202639125679963,-0.04217973469079312,0.036939206865657125,193.77891686689327,147.06965615385377,193.77891686689327,147.06965615385377,5.9690583992544575,3623.6006275151176,0.014019951390301535,0.01934641476141558,1.253486567086756,0.642570281124498,0.948
2023-05-01,GOOGL,ensemble,,-0.001774242856835823,-0.04133371363506094,0.0377852279213893,193.52617854927024,146.80895021318247,193.52617854927024,146.80895021318247,5.727364511384742,3763.138843329141,0.014019951390301535,0.01934641476141558,1.253486567086756,0.642570281124498,0.948
2023-05-02,GOOGL,ensemble,,-0.001526229232526917,-0.04108570001075204,0.038033241545698204,190.13225416032867,146.58505700141384,190.13225416032867,146.58505700141384,5.496820198119985,3909.019789924514,0.014019951390301535,0.01934641476141558,1.253486567086756,0.642570281124498,0.948
2023-05-03,GOOGL,ensemble,,-0.002164673621762866,-0.04172414439998799,0.03739479715646225,190.29473666348937,146.2680913825055,190.29473666348937,146.2680913825055,5.272188939482365,4057.964310888598,0.014019951390301535,0.01934641476141558,1.253486567086756,0.642570281124498,0.948
2023-05-04,GOOGL,ensemble,,0.0004670327831898233,-0.0390924379950353,0.04002650356141495,188.99493173102505,146.33641933076967,188.99493173102505,146.33641933076967,5.070062763202301,4223.684917270219,0.014019951390301535,0.01934641476141558,1.253486567086756,0.642570281124498,0.948
2023-05-05,GOOGL,ensemble,,0.001545512389059677,-0.03801395838916544,0.0411049831672848,190.58357455225627,146.56275894009812,190.58357455225627,146.56275894009812,4.88094690263359,4400.917022175178,0.014019951390301535,0.01934641476141558,1.253486567086756,0.642570281124498,0.948
2023-05-08,GOOGL,ensemble,,-0.0016191349454215288,-0.04117860572364665,0.037940335832803596,194.55518849193697,146.3256460660722,194.55518849193697,146.3256460660722,4.684038348102581,4571.097225394576,0.014019951390301535,0.01934641476141558,1.253486567086756,0.642570281124498,0.948
2023-05-09,GOOGL,ensemble,,-0.0015790081634842433,-0.04113847894170937,0.037980462614740876,193.7969735390679,146.09477899486959,193.7969735390679,146.09477899486959,4.495253911193666,4748.048691178886,0.014019951390301535,0.01934641476141558,1.253486567086756,0.642570281124498,0.948
2023-05-10,GOOGL,ensemble,,-0.0016265692040158069,-0.04118603998224093,0.03793290157420932,201.7402151916346,145.85733888522427,201.7402151916346,145.85733888522427,4.313873022956787,4931.615556013164,0.014019951390301535,0.01934641476141558,1.253486567086756,0.642570281124498,0.948
2023-05-11,GOOGL,ensemble,,-0.0041432008076550805,-0.043702671585880204,0.03541626997057004,210.44167179707043,145.2542728155575,210.44167179707043,145.2542728155575,4.129405468423621,5109.40471516129,0.014019951390301535,0.01934641476141558,1.253486567086756,0.642570281124498,0.948
2023-05-12,GOOGL,ensemble,,-0.0058964699858826365,-0.045455940764107756,0.03366300079234249,212.1386408781439,144.40030552607698,212.1386408781439,144.40030552607698,3.9459017216314867,5284.33035260775,0.014019951390301535,0.01934641476141558,1.253486567086756,0.642570281124498,0.948
2023-05-15,GOOGL,ensemble,,-0.005012558496999554,-0.044572029275224676,0.03454691228122557,210.3333593104335,143.67830160283285,210.3333593104335,143.67830160283285,3.7738868769812925,5470.07767439686,0.014019951390301535,0.01934641476141558,1.253486567086756,0.642570281124498,0.948
2023-05-16,GOOGL,ensemble,,-0.004743246697809782,-0.044302717476034904,0.03481622408041534,215.74920401356462,142.99841368596466,215.74920401356462,142.99841368596466,3.6103429026529725,5663.87926799868,0.014019951390301535,0.01934641476141558,1.253486567086756,0.642570281124498,0.948
2023-05-17,GOOGL,ensemble,,-0.004954456584076962,-0.044513927362302086,0.03460501419414816,218.15021803098335,142.29168642418102,218.15021803098335,142.29168642418102,3.4531568006579896,5863.308617083224,0.014019951390301535,0.01934641476141558,1.253486567086756,0.642570281124498,0.948
2023-05-18,GOOGL,ensemble,,-0.0032266504850837433,-0.042786121263308864,0.03633282029314138,221.74273826743485,141.83330080794065,221.74273826743485,141.83330080794065,3.3085257786841744,6080.256453699569,0.014019951390301535,0.01934641476141558,1.253486567086756,0.642570281124498,0.948
2023-05-19,GOOGL,ensemble,,-0.003463029111350937,-0.04302249988957606,0.03609644166687419,221.61636910862333,141.34297745033413,221.61636910862333,141.34297745033413,3.169203220207261,6303.741314897189,0.014019951390301535,0.01934641476141558,1.253486567086756,0.642570281124498,0.948
2023-05-22,GOOGL,ensemble,,-0.0015838039428894136,-0.04114327472111454,0.03797566683533571,225.75046555146474,141.11929506662693,225.75046555146474,141.11929506662693,3.0414577742464366,6547.733658750502,0.014019951390301535,0.01934641476141558,1.253486567086756,0.642570281124498,0.948
2023-05-23,GOOGL,ensemble,,-0.0038737141017776257,-0.04343318488000275,0.035685756676447494,221.25530453115806,140.5736966916092,221.25530453115806,140.5736966916092,2.9121852564637263,6785.613709733698,0.014019951390301535,0.01934641476141558,1.253486567086756,0.642570281124498,0.948
2023-05-24,GOOGL,ensemble,,-0.001967857718318851,-0.041527328496543975,0.03759161305990627,218.2585442908256,140.29733966242034,218.2585442908256,140.29733966242034,2.793726640787611,7045.550995928311,0.014019951390301535,0.01934641476141558,1.253486567086756,0.642570281124498,0.948
2023-05-25,GOOGL,ensemble,,-0.0011707440928574817,-0.0407302148710826,0.03838872668536764,222.91617404108766,140.13318349195032,222.91617404108766,140.13318349195032,2.682223737413213,7321.27929586041,0.014019951390301535,0.01934641476141558,1.253486567086756,0.642570281124498,0.948
2023-05-26,GOOGL,ensemble,,-0.004277432233000386,-0.04383690301122551,0.035282038545224735,224.9561372542465,139.5350534383243,224.9561372542465,139.5350534383243,2.5671832860668227,7584.199867499949,0.014019951390301535,0.01934641476141558,1.253486567086756,0.642570281124498,0.948
2023-05-30,GOOGL,ensemble,,-0.0033406577241761317,-0.042900128502401255,0.03621881305404899,223.25916817317304,139.06969232314972,223.25916817317304,139.06969232314972,2.4593797197839895,7863.925674947942,0.014019951390301535,0.01934641476141558,1.253486567086756,0.642570281124498,0.948
2023-05-31,GOOGL,ensemble,,0.00010119258724361925,-0.0394582781909815,0.039660663365468744,221.81495118292793,139.0837658571797,221.81495118292793,139.0837658571797,2.3642264678296465,8182.08161876001,0.014019951390301535,0.01934641476141558,1.253486567086756,0.642570281124498,0.948
2023-06-01,GOOGL,ensemble,,-0.00284133434068622,-0.042400805118911346,0.0367181364375389,223.34943776084066,138.6891432698605,223.34943776084066,138.6891432698605,2.2660768771782642,8488.096169481734,0.014019951390301535,0.01934641476141558,1.253486567086756,0.642570281124498,0.948
2023-06-02,GOOGL,ensemble,,-0.0019494958531771152,-0.04150896663140224,0.03760997492504801,225.0644497408834,138.41903273540564,225.0644497408834,138.41903273540564,2.1739398529489016,8813.41247662187,0.014019951390301535,0.01934641476141558,1.253486567086756,0.642570281124498,0.948
2023-06-05,GOOGL,ensemble,,-0.0021833456268951362,-0.04174281640512026,0.037376125151329986,227.48353420368207,138.1171458272586,227.48353420368207,138.1171458272586,2.0850614044118085,9149.057160189333,0.014019951390301535,0.01934641476141558,1.253486567086756,0.642570281124498,0.948
2023-06-06,GOOGL,ensemble,,-0.0023826142464287436,-0.041942085024653866,0.03717685653179638,229.83039197778237,137.788457671968,229.83039197778237,137.788457671968,1.9994181642290914,9495.591971347332,0.014019951390301535,0.01934641476141558,1.253486567086756,0.642570281124498,0.948
2023-06-07,GOOGL,ensemble,,-0.002522978195609083,-0.0420824489738342,0.03703649258261604,221.14699204452117,137.4412585697096,221.14699204452117,137.4412585697096,1.9170235932629258,9853.869103965168,0.014019951390301535,0.01934641476141558,1.253486567086756,0.642570281124498,0.948
2023-06-08,GOOGL,ensemble,,-0.0007196733006828215,-0.040279144078907946,0.0388397974775423,220.497089578289,137.3423813494201,220.497089578289,137.3423813494201,1.8413419515631717,10244.120978570154,0.014019951390301535,0.01934641476141558,1.253486567086756,0.642570281124498,0.948
2023-06-09,GOOGL,ensemble,,-0.002354620335304878,-0.04191409111353,0.03720485044292025,220.65957208144974,137.01937261609794,220.65957208144974,137.01937261609794,1.7657588409143257,10632.430679145087,0.014019951390301535,0.01934641476141558,1.253486567086756,0.642570281124498,0.948
2023-06-12,GOOGL,ensemble,,-0.0017008579072902972,-0.04126032868551542,0.037858612870934824,223.20501192985458,136.7865202132924,223.20501192985458,136.7865202132924,1.6943856173717973,11042.67642514807,0.014019951390301535,0.01934641476141558,1.253486567086756,0.642570281124498,0.948
2023-06-13,GOOGL,ensemble,,-0.003519456141890898,-0.04307892692011602,0.036040014636334224,223.54801983514528,136.3059522196373,223.54801983514528,136.3059522196373,1.6229431830840764,11447.913151953891,0.014019951390301535,0.01934641476141558,1.253486567086756,0.642570281124498,0.948
2023-06-14,GOOGL,ensemble,,-0.0010971909987405467,-0.04065666177696567,0.038462279779484576,223.25916817317307,136.15648057025615,223.25916817317307,136.15648057025615,1.55828306967885,11896.80332283868,0.014019951390301535,0.01934641476141558,1.253486567086756,0.642570281124498,0.948
2023-06-15,GOOGL,ensemble,,-0.0008587484414885433,-0.04041821921971367,0.038700722336736576,225.8226646937525,136.03960659462248,225.8226646937525,136.03960659462248,1.496555897220175,12366.243450575888,0.014019951390301535,0.01934641476141558,1.253486567086756,0.642570281124498,0.948
2023-06-16,GOOGL,ensemble,,-0.002137425190072282,-0.041696895968297405,0.03742204558815284,223.00642985555,135.74914264570435,223.00642985555,135.74914264570435,1.4354372456667621,12837.781508507604,0.014019951390301535,0.01934641476141558,1.253486567086756,0.642570281124498,0.948
2023-06-20,GOOGL,ensemble,,-0.0009235789000752973,-0.04048304967830042,0.03863589187814982,222.23015823050633,135.62382548090602,222.23015823050633,135.62382548090602,1.3784869076933286,13343.486931518522,0.014019951390301535,0.01934641476141558,1.253486567086756,0.642570281124498,0.948
2023-06-21,GOOGL,ensemble,,-0.00221431087743561,-0.04177378165566073,0.037345159900789515,217.62669849676809,135.32384441714206,217.62669849676809,135.32384441714206,1.3220884855439985,13851.223324360079,0.014019951390301535,0.01934641476141558,1.253486567086756,0.642570281124498,0.948
2023-06-22,GOOGL,ensemble,,-0.00030457648934691496,-0.03986404726757204,0.039254894288878205,222.320427818174,135.28263423182992,222.320427818174,135.28263423182992,1.270421360050637,14405.764654314116,0.014019951390301535,0.01934641476141558,1.253486567086756,0.642570281124498,0.948
2023-06-23,GOOGL,ensemble,,-0.0020736012921127598,-0.04163307207033788,0.037485869486112364,220.85814038254898,135.0024026314029,220.85814038254898,135.0024026314029,1.2186157128621218,14956.026353414984,0.014019951390301535,0.01934641476141558,1.253486567086756,0.642570281124498,0.948
2023-06-26,GOOGL,ensemble,,-0.0013083856450112185,-0.04086785642323634,0.0382510851332139,213.6370141117075,134.82588292886197,213.6370141117075,134.82588292886197,1.1698174330637503,15539.19286357278,0.014019951390301535,0.01934641476141558,1.253486567086756,0.642570281124498,0.948
2023-06-27,GOOGL,ensemble,,0.0006722400724685439,-0.03888723070575658,0.040231710850693665,213.61897121273822,134.9165487613612,213.61897121273822,134.9165487613612,1.1251996266343585,16177.10733172137,0.014019951390301535,0.01934641476141558,1.253486567086756,0.642570281124498,0.948
2023-06-28,GOOGL,ensemble,,0.00019563443927386574,-0.039363836338951255,0.03975510521749899,216.95873935836136,134.9429456667146,216.95873935836136,134.9429456667146,1.0817678807722724,16833.184742192712,0.014019951390301535,0.01934641476141558,1.253486567086756,0.642570281124498,0.948
2023-06-29,GOOGL,ensemble,,-0.00025223563244623,-0.03981170641067135,0.03930723514577889,215.00903195966487,134.90891253983426,215.00903195966487,134.90891253983426,1.039546877045805,17508.026895721,0.014019951390301535,0.01934641476141558,1.253486567086756,0.642570281124498,0.948
2023-06-30,GOOGL,ensemble,,-0.0010592715972996885,-0.04061874237552481,0.03850019918092543,216.09219814565006,134.76608302153946,216.09219814565006,134.76608302153946,0.9981678611060671,18195.233327632275,0.014019951390301535,0.01934641476141558,1.253486567086756,0.642570281124498,0.948
2023-07-03,GOOGL,ensemble,,0.0002253767995175688,-0.03933409397870755,0.03978484757774269,216.4532627231153,134.79645959297304,216.4532627231153,134.79645959297304,0.959667975409277,18933.720812191263,0.014019951390301535,0.01934641476141558,1.253486567086756,0.642570281124498,0.948
2023-07-05,GOOGL,ensemble,,-0.0021540167744617277,-0.04171348755268685,0.0374054540037634,219.79303086873844,134.5064182469782,219.79303086873844,134.5064182469782,0.9204603065618203,19655.357673390336,0.014019951390301535,0.01934641476141558,1.253486567086756,0.642570281124498,0.948
2023-07-06,GOOGL,ensemble,,-0.0019285743100761598,-0.041488045088301284,0.03763089646814896,216.83237019954984,134.2472626049887,216.83237019954984,134.2472626049887,0.8830535400722842,20409.099447647997,0.014019951390301535,0.01934641476141558,1.253486567086756,0.642570281124498,0.948
2023-07-07,GOOGL,ensemble,,-0.001039912243349424,-0.040599383021574544,0.0385195585348757,215.69504777024622,134.107729796482,215.69504777024622,134.107729796482,0.8479201342330809,21210.58631003391,0.014019951390301535,0.01934641476141558,1.253486567086756,0.642570281124498,0.948
2023-07-10,GOOGL,ensemble,,-0.0005838309199947347,-0.040143301698219856,0.03897563985823039,210.22503305059132,134.0294564086519,210.22503305059132,134.0294564086519,0.8145559745973031,22053.604350615322,0.014019951390301535,0.01934641476141558,1.253486567086756,0.642570281124498,0.948
2023-07-11,GOOGL,ensemble,,-0.0001504198328451275,-0.03970989061107025,0.03940905094538,211.4706817397372,134.00929723643026,211.4706817397372,134.00929723643026,0.7828438554037982,22940.068599681123,0.014019951390301535,0.01934641476141558,1.253486567086756,0.642570281124498,0.948
2023-07-12,GOOGL,ensemble,,2.5163593993375936e-05,-0.039534307184231746,0.0395846343722185,214.7021373987234,134.01266943440538,214.7021373987234,134.01266943440538,0.7524984603196754,23866.355236535357,0.014019951390301535,0.01934641476141558,1.253486567086756,0.642570281124498,0.948
2023-07-13,GOOGL,ensemble,,-0.0012897718181861086,-0.040849242596411234,0.03826969896003901,224.82976809543504,133.83993508798048,224.82976809543504,133.83993508798048,0.722378838205121,24797.415534573596,0.014019951390301535,0.01934641476141558,1.253486567086756,0.642570281124498,0.948
2023-07-14,GOOGL,ensemble,,-0.0016189929252857101,-0.04117846370351083,0.037940477852939414,226.4184109166663,133.62342449180608,226.4184109166663,133.62342449180608,0.6932365231695858,25756.31689351942,0.014019951390301535,0.01934641476141558,1.253486567086756,0.642570281124498,0.948
2023-07-17,GOOGL,ensemble,,-0.0034194057445395155,-0.042978876522764636,0.03614006503368561,225.02835016973964,133.16729208182292,225.02835016973964,133.16729208182292,0.6640731889413484,26704.17655119615,0.014019951390301535,0.01934641476141558,1.253486567086756,0.642570281124498,0.948
2023-07-18,GOOGL,ensemble,,-0.0033228841303352707,-0.04288235490856039,0.036236586647889854,223.42165067633385,132.72552697389895,223.42165067633385,132.72552697389895,0.6361981127077608,27689.590960153047,0.014019951390301535,0.01934641476141558,1.253486567086756,0.642570281124498,0.948
2023-07-19,GOOGL,ensemble,,-0.0028393742708735727,-0.042398845049098695,0.03672009650735155,220.29850750398458,132.3492040411752,220.29850750398458,132.3492040411752,0.6097878853454727,28725.25386497126,0.014019951390301535,0.01934641476141558,1.253486567086756,0.642570281124498,0.948
2023-07-20,GOOGL,ensemble,,-0.0025620398296268476,-0.04212151060785197,0.036997430948598274,215.18955736179493,132.01055411154914,215.18955736179493,132.01055411154914,0.5846361320089993,29807.918879310826,0.014019951390301535,0.01934641476141558,1.253486567086756,0.642570281124498,0.948
2023-07-21,GOOGL,ensemble,,-0.0005142244045974293,-0.040073695182822555,0.03904524637362769,216.66988769638925,131.94268851352936,216.66988769638925,131.94268851352936,0.5616708274215482,30994.796600166846,0.014019951390301535,0.01934641476141558,1.253486567086756,0.642570281124498,0.948
2023-07-24,GOOGL,ensemble,,-0.002423190503557753,-0.04198266128178288,0.037136280274667366,219.39586672012942,131.6233533049893,219.39586672012942,131.6233533049893,0.5385785212239268,32167.467606913626,0.014019951390301535,0.01934641476141558,1.253486567086756,0.642570281124498,0.948
2023-07-25,GOOGL,ensemble,,-0.002769560064172548,-0.04232903084239767,0.036789910714052576,220.6234587371007,131.259318862483,220.6234587371007,131.259318862483,0.5162567761167219,33372.944599080096,0.014019951390301535,0.01934641476141558,1.253486567086756,0.642570281124498,0.948
2023-07-26,GOOGL,ensemble,,-0.0029219178943111867,-0.042481388672536306,0.03663755288391394,233.3687559709156,130.8763496846204,233.3687559709156,130.8763496846204,0.49478478050673086,34618.32211012824,0.014019951390301535,0.01934641476141558,1.253486567086756,0.642570281124498,0.948
2023-07-27,GOOGL,ensemble,,-0.004510443269239389,-0.04406991404746451,0.03504902750898573,233.6034238431587,130.28736861545607,233.6034238431587,130.28736861545607,0.47345315162009394,35853.17441156382,0.014019951390301535,0.01934641476141558,1.253486567086756,0.642570281124498,0.948
2023-07-28,GOOGL,ensemble,,-0.0031667769423769903,-0.042726247720602115,0.03639269383584813,239.34423355261126,129.87543018346526,239.34423355261126,129.87543018346526,0.45365033741714084,37182.00114514649,0.014019951390301535,0.01934641476141558,1.253486567086756,0.642570281124498,0.948
2023-07-31,GOOGL,ensemble,,-0.0034904673632318276,-0.04304993814145695,0.03606900341499329,239.59697187023426,129.42289447313843,239.59697187023426,129.42289447313843,0.4345351249012608,38547.59869552858,0.014019951390301535,0.01934641476141558,1.253486567086756,0.642570281124498,0.948
2023-08-01,GOOGL,ensemble,,-0.004071766059922905,-0.04363123683814803,0.03548770471830222,237.4847957415824,128.89698613849774,237.4847957415824,128.89698613849774,0.4159834785375855,39940.12717523581,0.014019951390301535,0.01934641476141558,1.253486567086756,0.642570281124498,0.948
2023-08-02,GOOGL,ensemble,,-0.0011403718198693795,-0.040699842598094504,0.03841909895835574,231.76205647750976,128.75007942789614,231.76205647750976,128.75007942789614,0.39939292302975954,41504.44836864191,0.014019951390301535,0.01934641476141558,1.253486567086756,0.642570281124498,0.948
2023-08-03,GOOGL,ensemble,,-0.0006067796778076695,-0.040166250456032795,0.03895269110041745,231.88841186311598,128.67198019309367,231.88841186311598,128.67198019309367,0.3836687121183698,43153.058781879336,0.014019951390301535,0.01934641476141558,1.253486567086756,0.642570281124498,0.948
2023-08-04,GOOGL,ensemble,,-0.00015738477241530795,-0.03971685555064043,0.039402086005809814,231.274622741233,128.6517307762915,231.274622741233,128.6517307762915,0.3687292355936175,44887.32173647568,0.014019951390301535,0.01934641476141558,1.253486567086756,0.642570281124498,0.948
2023-08-07,GOOGL,ensemble,,-0.00043994869127361697,-0.03999941946949874,0.039119522086951505,237.44868239723323,128.595143064464,237.44868239723323,128.595143064464,0.35427136113032776,46678.090961144815,0.014019951390301535,0.01934641476141558,1.253486567086756,0.642570281124498,0.948
2023-08-08,GOOGL,ensemble,,-0.0017171265902048264,-0.04127659736842995,0.037842344188020294,237.21398697857947,128.37451839938598,237.21398697857947,128.37451839938598,0.33994593116400806,48478.347476744806,0.014019951390301535,0.01934641476141558,1.253486567086756,0.642570281124498,0.948
2023-08-09,GOOGL,ensemble,,-0.002202492469672579,-0.0417619632478977,0.037356978308552544,234.07281468046622,128.09208563150852,234.07281468046622,128.09208563150852,0.3260414810406728,50323.6040673701,0.014019951390301535,0.01934641476141558,1.253486567086756,0.642570281124498,0.948
2023-08-10,GOOGL,ensemble,,-0.0022931559103759346,-0.041852626688601055,0.03726631486784919,234.1269709237847,127.79868704119724,234.1269709237847,127.79868704119724,0.31267740029154173,52234.36165909478,0.014019951390301535,0.01934641476141558,1.253486567086756,0.642570281124498,0.948
2023-08-11,GOOGL,ensemble,,-0.0005128351016285827,-0.040072305879853706,0.03904663567659654,233.89227550513095,127.73316419118524,233.89227550513095,127.73316419118524,0.3003954229210849,54314.28040958722,0.014019951390301535,0.01934641476141558,1.253486567086756,0.642570281124498,0.948
2023-08-14,GOOGL,ensemble,,-0.0003691867142782502,-0.03992865749250337,0.039190284063946874,237.0876315929733,127.6860155078624,237.0876315929733,127.6860155078624,0.28863734128942986,56485.13280866752,0.014019951390301535,0.01934641476141558,1.253486567086756,0.642570281124498,0.948
2023-08-15,GOOGL,ensemble,,-0.00230873037497471,-0.041868201153199835,0.03725074040325041,234.2894396537401,127.39156296196003,234.2894396537401,127.39156296196003,0.27680210390125676,58628.926894574106,0.014019951390301535,0.01934641476141558,1.253486567086756,0.642570281124498,0.948
2023-08-16,GOOGL,ensemble,,-0.0008509247013308676,-0.04041039547955599,0.03870854607689426,232.3397322550436,127.28320844160154,232.3397322550436,127.28320844160154,0.26583941647866943,60942.86304788136,0.014019951390301535,0.01934641476141558,1.253486567086756,0.642570281124498,0.948
2023-08-17,GOOGL,ensemble,,-0.0019958958397484237,-0.041555366617973544,0.0375635749384767,234.54217797136312,127.02941776952643,234.54217797136312,127.02941776952643,0.25501874758992005,63275.63416950431,0.014019951390301535,0.01934641476141558,1.253486567086756,0.642570281124498,0.948
2023-08-18,GOOGL,ensemble,,-0.00204488783204871,-0.04160435861027383,0.03751458294617641,230.10118696758022,126.76992226883802,230.10118696758022,126.76992226883802,0.2446265357825683,65694.48052982835,0.014019951390301535,0.01934641476141558,1.253486567086756,0.642570281124498,0.948
2023-08-21,GOOGL,ensemble,,-0.0007114505297884766,-0.0402709213080136,0.03884802024843664,231.74398603212987,126.67976381592105,231.74398603212987,126.67976381592105,0.23497092486198223,68296.8012739609,0.014019951390301535,0.01934641476141558,1.253486567086756,0.642570281124498,0.948
2023-08-22,GOOGL,ensemble,,-0.00097014573347484,-0.040529616511699965,0.03858932504475028,233.0257480656249,126.55692557866776,233.0257480656249,126.55692557866776,0.22563804982778268,70983.84082006184,0.014019951390301535,0.01934641476141558,1.253486567086756,0.642570281124498,0.948
2023-08-23,GOOGL,ensemble,,0.0007828292342173584,-0.03877664154400776,0.04034230001244248,238.9651123029714,126.65603682833378,238.9651123029714,126.65603682833378,0.21705603031811785,73906.0400282336,0.014019951390301535,0.01934641476141558,1.253486567086756,0.642570281124498,0.948
2023-08-24,GOOGL,ensemble,,-0.004023562216489672,-0.0435830329947148,0.03553590856173545,234.28943965374006,126.14745223107076,234.28943965374006,126.14745223107076,0.2077992545775613,76579.58031052862,0.014019951390301535,0.01934641476141558,1.253486567086756,0.642570281124498,0.948
2023-08-25,GOOGL,ensemble,,0.0002102948202796054,-0.039349175957945515,0.03976976559850473,234.46997882907536,126.17398317642885,234.46997882907536,126.17398317642885,0.199781309439482,79686.50358370124,0.014019951390301535,0.01934641476141558,1.253486567086756,0.642570281124498,0.948
2023-08-28,GOOGL,ensemble,,-0.0017179931347126019,-0.041277463912937726,0.03784147764351252,236.50992826902888,125.95740323424893,236.50992826902888,125.95740323424893,0.19170272245172093,82759.73980239539,0.014019951390301535,0.01934641476141558,1.253486567086756,0.642570281124498,0.948
2023-08-29,GOOGL,ensemble,,-0.002221274514844329,-0.04178074529306945,0.03733819626338079,242.93675378906278,125.6779277752584,242.93675378906278,125.6779277752584,0.18385825478124673,85908.25333720175,0.014019951390301535,0.01934641476141558,1.253486567086756,0.642570281124498,0.948
2023-08-30,GOOGL,ensemble,,-0.0012792379802451146,-0.04083870875847024,0.038280232797980006,245.30166823533767,125.51725858574511,245.30166823533767,125.51725858574511,0.1765009744860098,89260.59614548837,0.014019951390301535,0.01934641476141558,1.253486567086756,0.642570281124498,0.948
2023-08-31,GOOGL,ensemble,,-0.0030060595983405223,-0.042565530376565644,0.0365534111798846,245.825187769553,125.14051276970619,245.825187769553,125.14051276970619,0.1691457665535876,92583.74155822411,0.014019951390301535,0.01934641476141558,1.253486567086756,0.642570281124498,0.948
2023-09-01,GOOGL,ensemble,,-0.0034077863614925845,-0.042967257139717704,0.03615168441673254,244.9045040867285,124.71478644120425,244.9045040867285,124.71478644120425,0.1620319616663268,95992.03636814085,0.014019951390301535,0.01934641476141558,1.253486567086756,0.642570281124498,0.948
2023-09-05,GOOGL,ensemble,,-0.001700864817377071,-0.041260335595602195,0.03785860596084805,245.10308616103305,124.50284374277406,245.10308616103305,124.50284374277406,0.1554825138877253,99695.82889064294,0.014019951390301535,0.01934641476141558,1.253486567086756,0.642570281124498,0.948
2023-09-06,GOOGL,ensemble,,-0.002312775167777227,-0.04187224594600235,0.0372466956104479,242.73817171475815,124.21522937932936,242.73817171475815,124.21522937932936,0.14910653172154703,103479.1905600323,0.014019951390301535,0.01934641476141558,1.253486567086756,0.642570281124498,0.948
2023-09-07,GOOGL,ensemble,,-0.00023525122246823902,-0.03979472200069336,0.039324219555756885,244.1823749317979,124.18601103172945,244.1823749317979,124.18601103172945,0.14328939212759773,107629.49794803797,0.014019951390301535,0.01934641476141558,1.253486567086756,0.642570281124498,0.948
2023-09-08,GOOGL,ensemble,,-0.0015172585494852304,-0.04107672932771035,0.038042212228739894,246.20430901919278,123.99773161516175,246.20430901919278,123.99773161516175,0.13752278014128055,111802.84044512607,0.014019951390301535,0.01934641476141558,1.253486567086756,0.642570281124498,0.948
2023-09-11,GOOGL,ensemble,,-0.001270073045342243,-0.04082954382356736,0.03828939773288288,247.17914894533573,123.84034540570137,247.17914894533573,123.84034540570137,0.13202087226625897,116166.71581500424,0.014019951390301535,0.01934641476141558,1.253486567086756,0.642570281124498,0.948
2023-09-12,GOOGL,ensemble,,-0.003366188283138591,-0.04292565906136371,0.036193282495086535,244.32680076278405,123.4241763307242,244.32680076278405,123.4241763307242,0.12647369909446296,120448.18339297456,0.014019951390301535,0.01934641476141558,1.253486567086756,0.642570281124498,0.948
2023-09-13,GOOGL,ensemble,,-0.003028918745770091,-0.04258838952399521,0.03653055203245503,246.80005524210648,123.05090012638163,246.80005524210648,123.05090012638163,0.12120047402562549,124929.57757501362,0.014019951390301535,0.01934641476141558,1.253486567086756,0.642570281124498,0.948
2023-09-14,GOOGL,ensemble,,-0.00142720511935859,-0.040986675897583716,0.03813226565886653,249.30939551936746,122.87540651425918,249.30939551936746,122.87540651425918,0.116333295559695,129785.41915626352,0.014019951390301535,0.01934641476141558,1.253486567086756,0.642570281124498,0.948
2023-09-15,GOOGL,ensemble,,-0.002270079828577691,-0.041829550606802816,0.03728939094964743,248.04567638484167,122.59678589767407,248.04567638484167,122.59678589767407,0.11156749657809809,134716.40373250734,0.014019951390301535,0.01934641476141558,1.253486567086756,0.642570281124498,0.948
2023-09-18,GOOGL,ensemble,,-0.0008786292710313122,-0.04043810004925644,0.03868084150719381,249.507977593672,122.48911608090299,249.507977593672,122.48911608090299,0.10714592154754334,140029.4415464383,0.014019951390301535,0.01934641476141558,1.253486567086756,0.642570281124498,0.948
2023-09-19,GOOGL,ensemble,,-0.0015023831724049017,-0.04106185395063002,0.038057087605820224,249.20105548631986,122.30522866336969,249.20105548631986,122.30522866336969,0.10283541568298532,145461.25825476853,0.014019951390301535,0.01934641476141558,1.253486567086756,0.642570281124498,0.948
2023-09-20,GOOGL,ensemble,,-0.002371513470871921,-0.041930984249097046,0.0371879573073532,241.43836678229374,122.01552382128105,241.43836678229374,122.01552382128105,0.09861257805729845,150972.50621245467,0.014019951390301535,0.01934641476141558,1.253486567086756,0.642570281124498,0.948
2023-09-21,GOOGL,ensemble,,-0.0016064454960505496,-0.041165916274275675,0.03795302528217457,235.48093209956738,121.81966988904325,235.48093209956738,121.81966988904325,0.09463552212275612,156812.4911132823,0.014019951390301535,0.01934641476141558,1.253486567086756,0.642570281124498,0.948
2023-09-22,GOOGL,ensemble,,-0.0016648896448683043,-0.04122436042309343,0.037894581133356815,235.1379241942767,121.617022321831,235.1379241942767,121.617022321831,0.09081355360809147,162868.8618689947,0.014019951390301535,0.01934641476141558,1.253486567086756,0.642570281124498,0.948
2023-09-25,GOOGL,ensemble,,0.001627675023296255,-0.03793179575492887,0.04118714580152138,236.6904674443641,121.815136500483,236.6904674443641,121.815136500483,0.08743334638885342,169717.02552292024,0.014019951390301535,0.01934641476141558,1.253486567086756,0.642570281124498,0.948
2023-09-26,GOOGL,ensemble,,-0.0003291520857622945,-0.039888622863987415,0.03923031869246283,232.1050643828004,121.77504739229519,232.1050643828004,121.77504739229519,0.08401439260151476,176507.4019844598,0.014019951390301535,0.01934641476141558,1.253486567086756,0.642570281124498,0.948
2023-09-27,GOOGL,ensemble,,0.0008734682878595501,-0.03868600249036557,0.040432939066084674,235.6614437284921,121.88146050191766,235.6614437284921,121.88146050191766,0.0808262769285831,183790.3585143023,0.014019951390301535,0.01934641476141558,1.253486567086756,0.642570281124498,0.948
2023-09-28,GOOGL,ensemble,,0.00016447733124121632,-0.039394993446983904,0.03972394810946634,238.85679981633444,121.90150888797612,238.85679981633444,121.90150888797612,0.07770403050838763,191238.18638418426,0.014019951390301535,0.01934641476141558,1.253486567086756,0.642570281124498,0.948
2023-09-29,GOOGL,ensemble,,-0.0018686494934352258,-0.041428120271660346,0.0376908212847899,236.23914705243652,121.67393039358525,236.23914705243652,121.67393039358525,0.07455066851078958,198583.66977997587,0.014019951390301535,0.01934641476141558,1.253486567086756,0.642570281124498,0.948
2023-10-02,GOOGL,ensemble,,-0.002581502156035163,-0.042140972934260286,0.03697796862218996,242.21462463413218,121.3602339581632,242.21462463413218,121.3602339581632,0.07147430650350985,206064.34825159042,0.014019951390301535,0.01934641476141558,1.253486567086756,0.642570281124498,0.948
2023-10-03,GOOGL,ensemble,,-0.0029972663588275507,-0.04255673713705267,0.03656220441939757,239.07342478960828,120.99702959363957,239.07342478960828,120.99702959363957,0.06849640748237613,213737.94201179143,0.014019951390301535,0.01934641476141558,1.253486567086756,0.642570281124498,0.948
2023-10-04,GOOGL,ensemble,,-0.000551724084393219,-0.04011119486261834,0.039007746693831905,244.14628913385937,120.93029103060195,244.14628913385937,120.93029103060195,0.06580330753237935,222240.12495952655,0.014019951390301535,0.01934641476141558,1.253486567086756,0.642570281124498,0.948
2023-10-05,GOOGL,ensemble,,-0.0032429811917059595,-0.042802451969931085,0.03631648958651916,243.83939457291788,120.53875159194911,243.83939457291788,120.53875159194911,0.06304619121011185,230459.45133978684,0.014019951390301535,0.01934641476141558,1.253486567086756,0.642570281124498,0.948
2023-10-06,GOOGL,ensemble,,-0.0032008642030490583,-0.042760334981274184,0.03635860657517606,248.3706413911631,120.15354025038631,248.3706413911631,120.15354025038631,0.06040714040421221,238992.82664429134,0.014019951390301535,0.01934641476141558,1.253486567086756,0.642570281124498,0.948
2023-10-09,GOOGL,ensemble,,-0.00328890552678704,-0.04284837630501216,0.03627056525143808,249.88707129690127,119.75901574034216,249.88707129690127,119.75901574034216,0.057873462157532835,247820.3535163618,0.014019951390301535,0.01934641476141558,1.253486567086756,0.642570281124498,0.948
2023-10-10,GOOGL,ensemble,,-0.0012123498752074462,-0.04077182065343257,0.03834712090301767,249.2371688306691,119.6139138874335,249.2371688306691,119.6139138874335,0.05556131132713221,257508.11227674608,0.014019951390301535,0.01934641476141558,1.253486567086756,0.642570281124498,0.948
2023-10-11,GOOGL,ensemble,,-0.0016376286561525556,-0.04119709943437768,0.037921842122072565,253.7323298509758,119.41819101880728,253.7323298509758,119.41819101880728,0.05331885495798774,267460.8139548575,0.014019951390301535,0.01934641476141558,1.253486567086756,0.642570281124498,0.948
2023-10-12,GOOGL,ensemble,,-0.0015697431426330614,-0.041129213920858186,0.03798972763559206,250.8799816684241,119.23088218419142,250.8799816684241,119.23088218419142,0.051170377811794614,277817.0471734105,0.014019951390301535,0.01934641476141558,1.253486567086756,0.642570281124498,0.948
2023-10-13,GOOGL,ensemble,,-0.0017421144428998116,-0.04130158522112493,0.03781735633532531,247.97347724255397,119.02334916791908,247.97347724255397,119.02334916791908,0.04910000914394316,288524.54193271726,0.014019951390301535,0.01934641476141558,1.253486567086756,0.642570281124498,0.948
2023-10-16,GOOGL,ensemble,,-0.0028348230252482768,-0.0423942938034734,0.03672464775297685,251.11467708707787,118.68641683456251,251.11467708707787,118.68641683456251,0.04706195509789977,299317.47441695654,0.014019951390301535,0.01934641476141558,1.253486567086756,0.642570281124498,0.948
2023-10-17,GOOGL,ensemble,,-0.001834092851305598,-0.04139356362953072,0.037725377926919525,252.23394284420692,118.46893442832813,252.23394284420692,118.46893442832813,0.045153661079081926,310825.0380850163,0.014019951390301535,0.01934641476141558,1.253486567086756,0.642570281124498,0.948
2023-10-18,GOOGL,ensemble,,-0.0032665948020925454,-0.042826065580317665,0.03629287597613258,249.05665720174449,118.08257580500825,249.05665720174449,118.08257580500825,0.0432607301265191,322312.97687225393,0.014019951390301535,0.01934641476141558,1.253486567086756,0.642570281124498,0.948
2023-10-19,GOOGL,ensemble,,-0.000967500519634305,-0.04052697129785943,0.03859197025859082,248.67753595210462,117.96838609976407,248.67753595210462,117.96838609976407,0.041542555132212736,334994.80411574297,0.014019951390301535,0.01934641476141558,1.253486567086756,0.642570281124498,0.948
2023-10-20,GOOGL,ensemble,,-0.002023476195154137,-0.04158294697337926,0.03753599458307098,244.79619160009156,117.72992122407544,244.79619160009156,117.72992122407544,0.03985051703760533,347808.1435768479,0.014019951390301535,0.01934641476141558,1.253486567086756,0.642570281124498,0.948
2023-10-23,GOOGL,ensemble,,-0.0015476075761381913,-0.041107078354363315,0.03801186320208693,246.42093399246664,117.54786242018027,246.42093399246664,117.54786242018027,0.0382455916018988,361283.46773612656,0.014019951390301535,0.01934641476141558,1.253486567086756,0.642570281124498,0.948
2023-10-24,GOOGL,ensemble,,-0.00037108525786246814,-0.03993055603608759,0.039188385520362655,250.59113000645192,117.50425023376307,250.59113000645192,117.50425023376307,0.03674851237899749,375722.6600250076,0.014019951390301535,0.01934641476141558,1.253486567086756,0.642570281124498,0.948
2023-10-25,GOOGL,ensemble,,-0.0021387756732158263,-0.04169824645144095,0.0374206951050093,226.76141882195705,117.25320356381708,226.76141882195705,117.25320356381708,0.03524767250689135,390048.83920463145,0.014019951390301535,0.01934641476141558,1.253486567086756,0.642570281124498,0.948
2023-10-26,GOOGL,ensemble,,0.007124855462046793,-0.032434615316178333,0.04668432624027191,220.74982789591223,118.09159886769307,220.74982789591223,118.09159886769307,0.03412276932451744,408689.73999446625,0.014019951390301535,0.01934641476141558,1.253486567086756,0.642570281124498,0.948
2023-10-27,GOOGL,ensemble,,0.005170518193053055,-0.034388952585172064,0.04472998897127818,220.55124582160767,118.7037748978972,220.55124582160767,118.7037748978972,0.032969270511214004,427385.43972994504,0.014019951390301535,0.01934641476141558,1.253486567086756,0.642570281124498,0.948
2023-10-30,GOOGL,ensemble,,0.002292362224627413,-0.03726710855359771,0.041851833002852536,224.68534226444905,118.97619907554339,224.68534226444905,118.97619907554339,0.03176321383221431,445651.87960001157,0.014019951390301535,0.01934641476141558,1.253486567086756,0.642570281124498,0.948
2023-10-31,GOOGL,ensemble,,-0.0006735211540242978,-0.04023299193224942,0.038885949624200826,223.99934022707302,118.89609306821407,223.99934022707302,118.89609306821407,0.030510650839831812,463322.8252355238,0.014019951390301535,0.01934641476141558,1.253486567086756,0.642570281124498,0.948
2023-11-01,GOOGL,ensemble,,-0.0009848591966123807,-0.040544329974837506,0.03857461158161274,228.2778487276952,118.779054800082,228.2778487276952,118.779054800082,0.02929835879240207,481544.51104816445,0.014019951390301535,0.01934641476141558,1.253486567086756,0.642570281124498,0.948
2023-11-02,GOOGL,ensemble,,-0.0013147995302991028,-0.040874270308524224,0.03824467124792602,230.15534321089865,118.6229867761866,230.15534321089865,118.6229867761866,0.028124954148127847,500317.7220340491,0.014019951390301535,0.01934641476141558,1.253486567086756,0.642570281124498,0.948
2023-11-03,GOOGL,ensemble,,-0.0004946266676636443,-0.04005409744588877,0.03906484411056148,233.06186140997409,118.56432719202245,233.06186140997409,118.56432719202245,0.027020697131924388,520249.333829673,0.014019951390301535,0.01934641476141558,1.253486567086756,0.642570281124498,0.948
2023-11-06,GOOGL,ensemble,,-0.0009063114989407072,-0.04046578227716583,0.038653159279284414,235.13792419427676,118.4569196586175,235.13792419427676,118.4569196586175,0.025949110991570826,540752.3140028311,0.014019951390301535,0.01934641476141558,1.253486567086756,0.642570281124498,0.948
2023-11-07,GOOGL,ensemble,,-0.00164951361480287,-0.04120898439302799,0.037909957163422256,236.4377291267411,118.26168442273071,236.4377291267411,118.26168442273071,0.024901508055593765,561645.7433532785,0.014019951390301535,0.01934641476141558,1.253486567086756,0.642570281124498,0.948
2023-11-08,GOOGL,ensemble,,-0.0010669475091898376,-0.04062641828741496,0.03849252326903529,238.0083152757977,118.13557270235981,238.0083152757977,118.13557270235981,0.023910123528004312,583686.3837766823,0.014019951390301535,0.01934641476141558,1.253486567086756,0.642570281124498,0.948
2023-11-09,GOOGL,ensemble,,-0.001070524313798706,-0.04062999509202383,0.03848894646442642,235.1198812953075,118.00917336830895,235.1198812953075,118.00917336830895,0.022958126110836103,606589.7944736263,0.014019951390301535,0.01934641476141558,1.253486567086756,0.642570281124498,0.948
2023-11-10,GOOGL,ensemble,,0.0001686201100235859,-0.039390850668201534,0.03972809088824871,239.3622764515805,118.02907376586256,239.3622764515805,118.02907376586256,0.022071365773630173,631173.5484294964,0.014019951390301535,0.01934641476141558,1.253486567086756,0.642570281124498,0.948
2023-11-13,GOOGL,ensemble,,-0.0018500132873544217,-0.041409484065579545,0.0377094574908707,238.4596356677253,117.81092026675768,238.4596356677253,117.81092026675768,0.021176066769735078,655429.2204035225,0.014019951390301535,0.01934641476141558,1.253486567086756,0.642570281124498,0.948
2023-11-14,GOOGL,ensemble,,-0.0019078946991794906,-0.041467365477404615,0.03765157607904563,241.22171426260934,117.58636371971481,241.22171426260934,117.58636371971481,0.020315908569851028,680577.631331923,0.014019951390301535,0.01934641476141558,1.253486567086756,0.642570281124498,0.948
2023-11-15,GOOGL,ensemble,,-0.0004894670146220015,-0.04004893779284712,0.039070003763603124,243.02699583031975,117.52882315655728,243.02699583031975,117.52882315655728,0.01951835519210123,707694.0724060239,0.014019951390301535,0.01934641476141558,1.253486567086756,0.642570281124498,0.948
2023-11-16,GOOGL,ensemble,,-0.003101926638108999,-0.042661397416334124,0.03645754414011612,247.19719184430502,117.16482221324003,247.19719184430502,117.16482221324003,0.01870318662914799,733970.9449761052,0.014019951390301535,0.01934641476141558,1.253486567086756,0.642570281124498,0.948
2023-11-17,GOOGL,ensemble,,-0.0014737907197147015,-0.04103326149793982,0.03808568005851042,244.27264451946562,116.99227296755589,244.27264451946562,116.99227296755589,0.017951266253570814,762463.8697224244,0.014019951390301535,0.01934641476141558,1.253486567086756,0.642570281124498,0.948
2023-11-20,GOOGL,ensemble,,-0.0025200902490098063,-0.04207956102723493,0.037039380529215314,245.96961360053908,116.69781306983867,245.96961360053908,116.69781306983867,0.01721155730990415,791234.5948757678,0.014019951390301535,0.01934641476141558,1.253486567086756,0.642570281124498,0.948
2023-11-21,GOOGL,ensemble,,-0.0023279605795011146,-0.04188743135772624,0.037231510198724005,247.26941853300337,116.42646113215221,247.26941853300337,116.42646113215221,0.016505500078219947,821248.7223966906,0.014019951390301535,0.01934641476141558,1.253486567086756,0.642570281124498,0.948
2023-11-22,GOOGL,ensemble,,-0.003017366617467865,-0.042576837395692985,0.03654210416075726,250.01345422891814,116.07568928470708,250.01345422891814,116.07568928470708,0.01581749848153721,851813.9362331398,0.014019951390301535,0.01934641476141558,1.253486567086756,0.642570281124498,0.948
2023-11-24,GOOGL,ensemble,,-0.0035908589018353336,-0.043150329680060454,0.03596861187638979,246.76394189775732,115.65962532311244,246.76394189775732,115.65962532311244,0.015149484369503833,883010.1806508503,0.014019951390301535,0.01934641476141558,1.253486567086756,0.642570281124498,0.948
2023-11-27,GOOGL,ensemble,,0.00020783014708670961,-0.03935164063113841,0.03976730092531183,246.25846526251127,115.68366537809288,246.25846526251127,115.68366537809288,0.014564904822658745,918832.6733512897,0.014019951390301535,0.01934641476141558,1.253486567086756,0.642570281124498,0.948
2023-11-28,GOOGL,ensemble,,-0.0009067314856190551,-0.040466202263844175,0.03865273929260607,247.68462558058178,115.57881889730879,247.68462558058178,115.57881889730879,0.013987284311991727,955043.3865310326,0.014019951390301535,0.01934641476141558,1.253486567086756,0.642570281124498,0.948
2023-11-29,GOOGL,ensemble,,0.00027604587216477865,-0.03928342490606034,0.0398355166503899,243.6949687419318,115.6107283572098,243.6949687419318,115.6107283572098,0.013448468434980453,993855.9603202903,0.014019951390301535,0.01934641476141558,1.253486567086756,0.642570281124498,0.948
2023-11-30,GOOGL,ensemble,,-0.00045821891026116184,-0.040017689688486284,0.03910125186796396,239.25396396494358,115.55776547047228,239.25396396494358,115.55776547047228,0.012920917876068755,1033486.7297052755,0.014019951390301535,0.01934641476141558,1.253486567086756,0.642570281124498,0.948
2023-12-01,GOOGL,ensemble,,0.0003675620381447222,-0.0391919087400804,0.03992703281636985,238.0444286201469,115.6002479252626,238.0444286201469,115.6002479252626,0.01242431736623697,1075585.637943962,0.014019951390301535,0.01934641476141558,1.253486567086756,0.642570281124498,0.948
2023-12-04,GOOGL,ensemble,,-0.00031138349371226707,-0.039870854271937387,0.03924808728451286,233.36875597091557,115.5642575198895,233.36875597091557,115.5642575198895,0.01193869464601328,1118639.6848321352,0.014019951390301535,0.01934641476141558,1.253486567086756,0.642570281124498,0.948
2023-12-05,GOOGL,ensemble,,0.0009954685744438551,-0.03856400220378127,0.040554939352668976,236.47384247109025,115.67935538522867,236.47384247109025,115.67935538522867,0.011487055281220925,1164938.5273019942,0.014019951390301535,0.01934641476141558,1.253486567086756,0.642570281124498,0.948
2023-12-06,GOOGL,ensemble,,2.028758433162358e-05,-0.0395391831938935,0.03957975836255675,234.72271714669833,115.68170226371265,234.72271714669833,115.68170226371265,0.011041728443003777,1211971.142716297,0.014019951390301535,0.01934641476141558,1.253486567086756,0.642570281124498,0.948
2023-12-07,GOOGL,ensemble,,-0.00047125955996699207,-0.040030730338192114,0.03908821121825813,247.19719184430497,115.62719899920855,247.19719184430497,115.62719899920855,0.010608450071758339,1260282.9874267047,0.014019951390301535,0.01934641476141558,1.253486567086756,0.642570281124498,0.948
2023-12-08,GOOGL,ensemble,,-0.0027163446798059224,-0.042275815458031045,0.0368431260984192,243.69496874193177,115.31354186566982,243.69496874193177,115.31354186566982,0.01016931695086169,1307581.7187976348,0.014019951390301535,0.01934641476141558,1.253486567086756,0.642570281124498,0.948
2023-12-11,GOOGL,ensemble,,-0.0003285929262627622,-0.039888063704487886,0.03923087785196236,240.6259680396956,115.2756568762211,240.6259680396956,115.2756568762211,0.009771666072665866,1359898.8104409322,0.014019951390301535,0.01934641476141558,1.253486567086756,0.642570281124498,0.948
2023-12-12,GOOGL,ensemble,,0.0004739848596951327,-0.03908548591852999,0.040033455637920254,239.23592106597428,115.33030874332745,239.23592106597428,115.33030874332745,0.009397103420573207,1415444.687531166,0.014019951390301535,0.01934641476141558,1.253486567086756,0.642570281124498,0.948
2023-12-13,GOOGL,ensemble,,-0.001068578338866575,-0.0406280491170917,0.03849089243935855,239.32619065364196,115.20713509565604,239.32619065364196,115.20713509565604,0.009022969077438027,1470988.5252889986,0.014019951390301535,0.01934641476141558,1.253486567086756,0.642570281124498,0.948
2023-12-14,GOOGL,ensemble,,-0.0005814367504204656,-0.04014090752864559,0.038978034027804656,238.188854451133,115.14016890358992,238.188854451133,115.14016890358992,0.008667951933660208,1529456.8540078583,0.014019951390301535,0.01934641476141558,1.253486567086756,0.642570281124498,0.948
2023-12-15,GOOGL,ensemble,,0.0002479481776724502,-0.03931152260055267,0.039807418955897574,239.38034689696042,115.16872123824986,239.38034689696042,115.16872123824986,0.008333812343725542,1591568.636848416,0.014019951390301535,0.01934641476141558,1.253486567086756,0.642570281124498,0.948
2023-12-18,GOOGL,ensemble,,-0.0011290007379078778,-0.040688471516133,0.038430470040317244,245.1572424043515,115.03876903885603,245.1572424043515,115.03876903885603,0.008001528166730892,1653923.8638189002,0.014019951390301535,0.01934641476141558,1.253486567086756,0.642570281124498,0.948
2023-12-19,GOOGL,ensemble,,-0.0029758019913232866,-0.04253527276954841,0.036583668786901835,246.69171520905894,114.69694529301134,246.69171520905894,114.69694529301134,0.0076683178170146105,1715550.8644097485,0.014019951390301535,0.01934641476141558,1.253486567086756,0.642570281124498,0.948
2023-12-20,GOOGL,ensemble,,-0.002544069055396896,-0.04210353983362202,0.037015401722828224,249.74264546591516,114.40551920497185,249.74264546591516,114.40551920497185,0.007352156942043582,1780242.5774824615,0.014019951390301535,0.01934641476141558,1.253486567086756,0.642570281124498,0.948
2023-12-21,GOOGL,ensemble,,-0.004164040153330238,-0.04372351093155536,0.035395430624894884,253.49763443232203,113.9301205057963,253.49763443232203,113.9301205057963,0.007037621238016777,1844383.481217745,0.014019951390301535,0.01934641476141558,1.253486567086756,0.642570281124498,0.948
2023-12-22,GOOGL,ensemble,,-0.0037644800594754594,-0.04332395083770058,0.03579499071874966,255.42929893204925,113.5020390964826,255.42929893204925,113.5020390964826,0.006739234008711561,1911598.9832682032,0.014019951390301535,0.01934641476141558,1.253486567086756,0.642570281124498,0.948
2023-12-26,GOOGL,ensemble,,-0.004023471888054742,-0.043582942666279864,0.03553599889017038,255.48345517536768,113.04628430606,255.48345517536768,113.04628430606,0.006451826875660733,1980750.9782410045,0.014019951390301535,0.01934641476141558,1.253486567086756,0.642570281124498,0.948
2023-12-27,GOOGL,ensemble,,-0.0035008972882437407,-0.04306036806646886,0.036058573489981385,253.40736484465435,112.65121283172233,253.40736484465435,112.65121283172233,0.0061799053707368564,2053477.3578490794,0.014019951390301535,0.01934641476141558,1.253486567086756,0.642570281124498,0.948
2023-12-28,GOOGL,ensemble,,-0.0012084241920436458,-0.04076789497026877,0.03835104658618148,253.15462652703133,112.51516459941683,253.15462652703133,112.51516459941683,0.005933030121484885,2133759.9853050346,0.014019951390301535,0.01934641476141558,1.253486567086756,0.642570281124498,0.948
2023-12-29,GOOGL,ensemble,,-0.0025552651736440207,-0.042114735951869146,0.0370042056045811,252.1797866008884,112.22802553227491,252.1797866008884,112.22802553227491,0.005688350594954957,2214197.1569128884,0.014019951390301535,0.01934641476141558,1.253486567086756,0.642570281124498,0.948
2023-01-03,META,lstm,0.03591051461166234,0.0009546939982101321,-0.009781759232282639,0.011347409337759018,552.6436341226546,533.6592385763652,552.6436341226546,533.6592385763652,527.9602918841192,539.2343455537775,0.016142046277183325,0.024364704288175516,69947946435.659,0.5301204819277109,0.464
2023-01-04,META,lstm,0.020864704192962772,0.0008458787342533469,-0.013589421287178993,0.014708692207932472,564.295513881264,534.110856643946,564.295513881264,534.110856643946,520.8341312590518,547.2243733926392,0.016142046277183325,0.024364704288175516,69947946435.659,0.5301204819277109,0.464
2023-01-05,META,lstm,-0.0033817050543929095,0.00046159367775544524,-0.013501894660294056,0.014964488334953785,562.3904558774494,534.3574543330718,562.3904558774494,534.3574543330718,513.8491391601511,555.4748724772113,0.016142046277183325,0.024364704288175516,69947946435.659,0.5301204819277109,0.464
2023-01-06,META,lstm,0.023973764525269475,0.0005081112612970173,-0.012596393004059792,0.014596203342080116,576.0359860535636,534.6290090210274,576.0359860535636,534.6290090210274,507.4170877299493,563.6421716013734,0.016142046277183325,0.024364704288175516,69947946435.659,0.5301204819277109,0.464
2023-01-09,META,lstm,-0.0042391141373319206,0.0005043029668740928,-0.011552555486559868,0.013939522206783295,573.5992721646156,534.8986622623241,573.5992721646156,534.8986622623241,501.5888679303167,571.55409131325,0.016142046277183325,0.024364704288175516,69947946435.659,0.5301204819277109,0.464
2023-01-10,META,lstm,0.026824775231143117,0.00031370430951938033,-0.011115467175841331,0.012328049167990685,589.1941734518883,535.0664914515144,589.1941734518883,535.0664914515144,496.044344815567,578.6438326590848,0.016142046277183325,0.024364704288175516,69947946435.659,0.5301204819277109,0.464
2023-01-11,META,lstm,-0.0007522649796538671,-0.00022233888739719987,-0.011258249171078205,0.01333093922585249,588.7511099804452,534.9475326198992,588.7511099804452,534.9475326198992,490.4910672648521,586.4093626193907,0.016142046277183325,0.024364704288175516,69947946435.659,0.5301204819277109,0.464
2023-01-12,META,lstm,0.02834022930367732,0.0006902157329022884,-0.009828150272369385,0.01029316708445549,605.6751340800525,535.316892602978,605.6751340800525,535.316892602978,485.6940696695488,592.4765259665276,0.016142046277183325,0.024364704288175516,69947946435.659,0.5301204819277109,0.464
2023-01-13,META,lstm,0.00197295552517356,-0.0002784031385090202,-0.011499767191708088,0.009722103364765644,606.8712837693589,535.1678851700132,606.8712837693589,535.1678851700132,480.1406925364989,598.2647602877087,0.016142046277183325,0.024364704288175516,69947946435.659,0.5301204819277109,0.464
2023-01-17,META,lstm,-0.011896998212347465,-0.00011831884330604225,-0.012316840700805187,0.011166469193994999,599.6941152255434,535.104566664007,599.6941152255434,535.104566664007,474.2631443944422,604.9826981577415,0.016142046277183325,0.024364704288175516,69947946435.659,0.5301204819277109,0.464
2023-01-18,META,lstm,-0.017438375391800463,0.00040936990990303457,-0.012217501178383827,0.01154632493853569,589.3270789729223,535.3236833740132,589.3270789729223,535.3236833740132,468.5040747046715,612.0085133432681,0.016142046277183325,0.024364704288175516,69947946435.659,0.5301204819277109,0.464
2023-01-19,META,lstm,0.023257649315209312,0.000682460842654109,-0.009159495122730732,0.011633540503680706,603.1940732827637,535.6891550630804,603.1940732827637,535.6891550630804,464.23241248112384,619.1699093294986,0.016142046277183325,0.024364704288175516,69947946435.659,0.5301204819277109,0.464
2023-01-20,META,lstm,0.02337505780610806,0.0005686604417860508,-0.01114346832036972,0.014010140672326088,617.4598517577016,535.9938908008763,617.4598517577016,535.9938908008763,459.08795788889125,627.9056395339467,0.016142046277183325,0.024364704288175516,69947946435.659,0.5301204819277109,0.464
2023-01-23,META,lstm,0.027598759629795844,0.0001561571261845529,-0.01236302126199007,0.012956644408404827,634.7383131140646,536.0775938415893,634.7383131140646,536.0775938415893,453.447189382411,636.0940943332192,0.016142046277183325,0.024364704288175516,69947946435.659,0.5301204819277109,0.464
2023-01-24,META,lstm,-0.0009078236798909378,-0.0015460316790267825,-0.013507970608770847,0.010490412823855877,634.1623441215875,535.2494433858053,634.1623441215875,535.2494433858053,447.36323187573294,642.8020954541441,0.016142046277183325,0.024364704288175516,69947946435.659,0.5301204819277109,0.464
2023-01-25,META,lstm,-0.011523450963140952,0.0006143299397081137,-0.01122288778424263,0.011301646009087563,626.8965493630844,535.5783669546088,626.8965493630844,535.5783669546088,442.3705976935489,650.1080370581486,0.016142046277183325,0.024364704288175516,69947946435.659,0.5301204819277109,0.464
2023-01-26,META,lstm,0.04017162710326776,0.0004479999770410359,-0.011219593696296215,0.011946878395974636,652.5926758609102,535.8183637551963,652.5926758609102,535.8183637551963,437.4351058206736,657.9214003942546,0.016142046277183325,0.024364704288175516,69947946435.659,0.5301204819277109,0.464
2023-01-27,META,lstm,0.02969722192452839,0.0005693529383279383,-0.014158480800688267,0.012882550247013569,672.2635041978801,536.1234923681508,672.2635041978801,536.1234923681508,431.28533289830676,666.4519550506745,0.016142046277183325,0.024364704288175516,69947946435.659,0.5301204819277109,0.464
2023-01-30,META,lstm,-0.031327915944442,-0.0003666681004688144,-0.009799467399716377,0.013376284390687943,651.5293640906435,535.9269343932426,651.5293640906435,535.9269343932426,427.07960312235184,675.4264768958286,0.016142046277183325,0.024364704288175516,69947946435.659,0.5301204819277109,0.464
2023-01-31,META,lstm,0.012904301419143427,0.0009021014557220042,-0.010478798300027847,0.013523012399673462,659.9913761404472,536.4106264217999,659.9913761404472,536.4106264217999,422.6276922361083,684.6223360808415,0.016142046277183325,0.024364704288175516,69947946435.659,0.5301204819277109,0.464
2023-02-01,META,lstm,0.027476944230057445,0.00034576893085613847,-0.011915566399693489,0.011723974719643593,678.377360971429,536.596131243011,678.377360971429,536.596131243011,417.6217207142582,692.6960991940385,0.016142046277183325,0.024364704288175516,69947946435.659,0.5301204819277109,0.464
2023-02-02,META,lstm,0.20930746959795124,-0.00026632583467289805,-0.011301004327833652,0.011640732176601887,836.3198890576713,536.4532284208507,836.3198890576713,536.4532284208507,412.9287455359151,700.8066952384405,0.016142046277183325,0.024364704288175516,69947946435.659,0.5301204819277109,0.464
2023-02-03,META,lstm,-0.011937287901599735,-0.003106533084064722,-0.01596628502011299,0.01110034342855215,826.3958486744988,534.789307952725,826.3958486744988,534.789307952725,406.38815360308485,708.6292129801983,0.016142046277183325,0.024364704288175516,69947946435.659,0.5301204819277109,0.464
2023-02-06,META,lstm,-0.0025228882933936362,-0.0030996508430689573,-0.017542792484164238,0.01037843618541956,824.3135720423064,533.1342142091129,824.3135720423064,533.1342142091129,399.3211311019642,716.0219743232899,0.016142046277183325,0.024364704288175516,69947946435.659,0.5301204819277109,0.464
2023-02-07,META,lstm,0.02944502952217399,-0.0035146940499544144,-0.015608257614076138,0.007975735701620579,848.9463867698654,531.2637084439733,848.9463867698654,531.2637084439733,393.1368148546069,721.7556245404915,0.016142046277183325,0.024364704288175516,69947946435.659,0.5301204819277109,0.464
2023-02-08,META,lstm,-0.04368113534395117,-0.0028595677576959133,-0.0163770392537117,0.010845357552170753,812.6616922836971,529.7466956999981,812.6616922836971,529.7466956999981,386.7508432968334,729.625959194774,0.016142046277183325,0.024364704288175516,69947946435.659,0.5301204819277109,0.464
2023-02-09,META,lstm,-0.030499082626260023,-0.000783874886110425,-0.01402225997298956,0.011241802014410496,788.2504092918597,529.3316059698741,788.2504092918597,529.3316059698741,381.36556216585774,737.8745360552301,0.016142046277183325,0.024364704288175516,69947946435.659,0.5301204819277109,0.464
2023-02-10,META,lstm,-0.02141703900622114,0.0019972126465290785,-0.008575603365898132,0.01504645124077797,771.5479169279738,530.3898769444769,771.5479169279738,530.3898769444769,378.1090963472213,749.0608637956313,0.016142046277183325,0.024364704288175516,69947946435.659,0.5301204819277109,0.464
2023-02-13,META,lstm,0.029868157140662082,0.0037982624489814043,-0.0078425956889987,0.017016027122735977,794.9402350578855,532.4082852479402,794.9402350578855,532.4082852479402,375.15534440259233,761.9159525152076,0.016142046277183325,0.024364704288175516,69947946435.659,0.5301204819277109,0.464
2023-02-14,META,lstm,0.00027863839791025943,0.0034962650388479233,-0.00938418135046959,0.018125617876648903,795.1617667936071,534.272975482671,795.1617667936071,534.272975482671,371.65128609582297,775.852063747747,0.016142046277183325,0.024364704288175516,69947946435.659,0.5301204819277109,0.464
2023-02-15,META,lstm,-0.013010457576924258,0.003985162824392319,-0.009231023490428925,0.015677135437726974,784.8833567556735,536.4064095231868,784.8833567556735,536.4064095231868,368.23635605248563,788.1110806956732,0.016142046277183325,0.024364704288175516,69947946435.659,0.5301204819277109,0.464
2023-02-16,META,lstm,-0.027003935689256846,0.004231640603393316,-0.0073689864948391914,0.016467060893774033,763.9720318210564,538.6811117390929,763.9720318210564,538.6811117390929,365.5327936956872,801.1963653112152,0.016142046277183325,0.024364704288175516,69947946435.659,0.5301204819277109,0.464
2023-02-17,META,lstm,0.0025483764056330824,0.003907832782715559,-0.009064347483217716,0.01497675571590662,765.9214029322148,540.7902794478558,765.9214029322148,540.7902794478558,362.23445665101843,813.2860273768516,0.016142046277183325,0.024364704288175516,69947946435.659,0.5301204819277109,0.464
2023-02-21,META,lstm,-0.004638244842378905,0.003614252433180809,-0.009373901411890984,0.01596958190202713,762.3770979666537,542.7483424730526,762.3770979666537,542.7483424730526,358.85477517091147,826.3781302102318,0.016142046277183325,0.024364704288175516,69947946435.659,0.5301204819277109,0.464
2023-02-22,META,lstm,-0.0055944593604772865,0.002067557070404291,-0.012522561475634575,0.01640791818499565,758.1239184875814,543.8716750595815,758.1239184875814,543.8716750595815,354.38900830117075,840.0491260440966,0.016142046277183325,0.024364704288175516,69947946435.659,0.5301204819277109,0.464
2023-02-23,META,lstm,0.005361932650784018,0.0011943673016503453,-0.00943664088845253,0.011319499462842941,762.1998455372787,544.5216414833877,762.1998455372787,544.5216414833877,351.06049406066353,849.6120536767211,0.016142046277183325,0.024364704288175516,69947946435.659,0.5301204819277109,0.464
2023-02-24,META,lstm,-0.009637045245436642,0.003072318620979786,-0.007544363848865032,0.015551992692053318,754.8897714724292,546.1971510089215,754.8897714724292,546.1971510089215,348.4219350101293,862.92846364669,0.016142046277183325,0.024364704288175516,69947946435.659,0.5301204819277109,0.464
2023-02-27,META,lstm,-0.00500107606529418,0.0038040184881538153,-0.0057890452444553375,0.014242807403206825,751.1239347711464,548.278839545912,751.1239347711464,548.278839545912,346.4107416481206,875.3069068744023,0.016142046277183325,0.024364704288175516,69947946435.659,0.5301204819277109,0.464
2023-02-28,META,lstm,0.031354224367618304,0.0019289288902655244,-0.010994203388690948,0.01736794225871563,775.0479425871887,549.3374743473147,775.0479425871887,549.3374743473147,342.6230882454694,890.6419278419808,0.016142046277183325,0.024364704288175516,69947946435.659,0.5301204819277109,0.464
2023-03-01,META,lstm,-0.008726684556869901,0.0018120723543688655,-0.010300648398697376,0.0139614911749959,768.3137699128218,550.3338458158819,768.3137699128218,550.3338458158819,339.1119666780439,903.1638406942388,0.016142046277183325,0.024364704288175516,69947946435.659,0.5301204819277109,0.464
2023-03-02,META,lstm,0.006380252251997666,0.00034604541724547744,-0.013492753729224205,0.011871550232172012,773.2314769970643,550.5242968602511,773.2314769970643,550.5242968602511,334.56715270488183,913.949664801994,0.016142046277183325,0.024364704288175516,69947946435.659,0.5301204819277109,0.464
2023-03-03,META,lstm,0.0596096245336819,0.0011984419543296099,-0.010123683139681816,0.013757575303316116,820.7249877703988,551.1844449923509,820.7249877703988,551.1844449923509,331.1971953093522,926.6102405314417,0.016142046277183325,0.024364704288175516,69947946435.659,0.5301204819277109,0.464
2023-03-06,META,lstm,-0.0018911587929371873,-0.0022541244979947805,-0.01465020515024662,0.012050319463014603,819.1743332223425,549.9434171359064,819.1743332223425,549.9434171359064,326.38045734394177,937.8437469286087,0.016142046277183325,0.024364704288175516,69947946435.659,0.5301204819277109,0.464
2023-03-07,META,lstm,-0.0021114726011019157,0.0007481099455617368,-0.009933189488947392,0.011678065173327923,817.4464938469056,550.3549925454117,817.4464938469056,550.3549925454117,323.1545129608262,948.8601526649483,0.016142046277183325,0.024364704288175516,69947946435.659,0.5301204819277109,0.464
2023-03-08,META,lstm,0.0024900235837657255,-0.002174139255657792,-0.014954972080886364,0.010504546575248241,819.4844911727514,549.1597564282642,819.4844911727514,549.1597564282642,318.3577035682719,958.8800366437346,0.016142046277183325,0.024364704288175516,69947946435.659,0.5301204819277109,0.464
2023-03-09,META,lstm,-0.01789170481436637,0.00017174430831801146,-0.012537905015051365,0.012498297728598118,804.9529016557454,549.2540914131644,804.9529016557454,549.2540914131644,314.39108254852084,970.9395824880452,0.016142046277183325,0.024364704288175516,69947946435.659,0.5301204819277109,0.464
2023-03-10,META,lstm,-0.012071065469458915,0.00060147640760988,-0.011216800659894943,0.012794585898518562,795.294672314641,549.5845497441965,795.294672314641,549.5845497441965,310.8843281959085,983.4421278234803,0.016142046277183325,0.024364704288175516,69947946435.659,0.5301204819277109,0.464
2023-03-13,META,lstm,0.007713472579429548,0.00017607495828997344,-0.012597275897860527,0.011649828404188156,801.4528759965308,549.6813162613555,801.4528759965308,549.6813162613555,306.9925890434555,994.9660196108501,0.016142046277183325,0.024364704288175516,69947946435.659,0.5301204819277109,0.464
2023-03-14,META,lstm,0.07001690989233432,0.0011030806927010417,-0.01230975054204464,0.015388606116175652,859.5793016665491,550.2879663308245,859.5793016665491,550.2879663308245,303.2367586452957,1010.3955336128296,0.016142046277183325,0.024364704288175516,69947946435.659,0.5301204819277109,0.464
2023-03-15,META,lstm,0.01904233809390161,0.0006241805385798216,-0.013973165303468704,0.015160851180553436,876.1045416010599,550.6315761845261,876.1045416010599,550.6315761845261,299.02903904215157,1025.8306518643778,0.016142046277183325,0.024364704288175516,69947946435.659,0.5301204819277109,0.464
2023-03-16,META,lstm,0.035664815024003524,-0.001213854644447565,-0.014369354583323002,0.011053566820919514,907.9145248724344,549.9635866640906,907.9145248724344,549.9635866640906,294.7629083199331,1037.232591056021,0.016142046277183325,0.024364704288175516,69947946435.659,0.5301204819277109,0.464
2023-03-17,META,lstm,-0.046545537513251405,-0.0034447454381734133,-0.01728476956486702,0.00935183372348547,866.6235646893306,548.0723551767569,866.6235646893306,548.0723551767569,289.7117874059409,1046.9781365779077,0.016142046277183325,0.024364704288175516,69947946435.659,0.5301204819277109,0.464
2023-03-20,META,lstm,0.011184077527291001,-0.0010003686184063554,-0.013649454340338707,0.010984184220433235,876.3703526431281,547.5243552131103,876.3703526431281,547.5243552131103,285.78424616341556,1058.5417385907735,0.016142046277183325,0.024364704288175516,69947946435.659,0.5301204819277109,0.464
2023-03-21,META,lstm,0.021752519509038233,-0.002128749853000045,-0.015235058963298798,0.008079562336206436,895.642464416996,546.3600365072572,895.642464416996,546.3600365072572,281.4632991837115,1067.1289587651863,0.016142046277183325,0.024364704288175516,69947946435.659,0.5301204819277109,0.464
2023-03-22,META,lstm,-0.011692578401442307,-0.0011810802388936281,-0.013964113779366016,0.009867739863693714,885.2310812560339,545.715107446143,885.2310812560339,545.715107446143,277.5602250372983,1077.71118999638,0.016142046277183325,0.024364704288175516,69947946435.659,0.5301204819277109,0.464
2023-03-23,META,lstm,0.022124693010403998,-0.0003004377940669656,-0.013789298012852669,0.012813864275813103,905.034815114038,545.5511705842983,905.034815114038,545.5511705842983,273.7591365739848,1091.6096761285473,0.016142046277183325,0.024364704288175516,69947946435.659,0.5301204819277109,0.464
2023-03-24,META,lstm,0.008433088832337723,0.0004302095912862569,-0.01176192332059145,0.013253326527774334,912.6993264356431,545.7859460948251,912.6993264356431,545.7859460948251,270.55807077280906,1106.1734369006897,0.016142046277183325,0.024364704288175516,69947946435.659,0.5301204819277109,0.464
2023-03-27,META,lstm,-0.01550721176350316,-0.0009189859265461564,-0.014931307174265385,0.012498977594077587,898.6550796964268,545.2846050370914,898.6550796964268,545.2846050370914,266.54829277940985,1120.086238739455,0.016142046277183325,0.024364704288175516,69947946435.659,0.5301204819277109,0.464
2023-03-28,META,lstm,-0.010705909753592929,0.0005356192705221474,-0.011948085390031338,0.013657880015671253,889.08547657001,545.5767284758117,889.08547657001,545.5767284758117,263.3824986176071,1135.4892457988226,0.016142046277183325,0.024364704288175516,69947946435.659,0.5301204819277109,0.464
2023-03-29,META,lstm,0.02300430700602069,0.0020424348767846823,-0.008720329962670803,0.01178628671914339,909.7753373709,546.6921920271052,909.7753373709,546.6921920271052,261.0956985653141,1148.9515607551207,0.016142046277183325,0.024364704288175516,69947946435.659,0.5301204819277109,0.464
2023-03-30,META,lstm,0.012052665177371982,0.0014885595301166177,-0.00974363461136818,0.014232270419597626,920.8069012286912,547.5065661916353,920.8069012286912,547.5065661916353,258.56403509054513,1165.4207273343527,0.016142046277183325,0.024364704288175516,69947946435.659,0.5301204819277109,0.464
2023-03-31,META,lstm,0.019534691963576864,-0.0002996401162818074,-0.013003058731555939,0.011727888137102127,938.971421925946,547.342548037391,938.971421925946,547.342548037391,255.223674886705,1179.1691388916704,0.016142046277183325,0.024364704288175516,69947946435.659,0.5301204819277109,0.464
2023-04-03,META,lstm,0.005317557325963907,-0.00029637053376063704,-0.012340795248746872,0.01174178160727024,943.977755224876,547.180340723088,943.977755224876,547.180340723088,252.0933649456047,1193.0963268045052,0.016142046277183325,0.024364704288175516,69947946435.659,0.5301204819277109,0.464
2023-04-04,META,lstm,0.0077140748764286445,-0.0014844274846836925,-0.014688098803162575,0.012384286150336266,951.2878292897256,546.3686965290075,951.2878292897256,546.3686965290075,248.41766050772574,1207.9638636270454,0.016142046277183325,0.024364704288175516,69947946435.659,0.5301204819277109,0.464
2023-04-05,META,lstm,-0.015204448303831867,-0.0016449795803055167,-0.011601576581597328,0.009196188300848007,936.9334246001001,545.4706534224823,936.9334246001001,545.4706534224823,245.55228401090568,1219.123759460446,0.016142046277183325,0.024364704288175516,69947946435.659,0.5301204819277109,0.464
2023-04-06,META,lstm,0.021610880592202845,-0.0011284347856417298,-0.013493675738573074,0.01128707081079483,957.4017536652686,544.8554828105401,957.4017536652686,544.8554828105401,242.26113249349086,1232.9620202603385,0.016142046277183325,0.024364704288175516,69947946435.659,0.5301204819277109,0.464
2023-04-10,META,lstm,-0.006266730892416054,0.00014089826436247677,-0.013879905454814434,0.012845530174672604,951.4207348107594,544.9322558795263,951.4207348107594,544.9322558795263,238.92179270206302,1248.90220533744,0.016142046277183325,0.024364704288175516,69947946435.659,0.5301204819277109,0.464
2023-04-11,META,lstm,-0.004199697650341029,0.00018003210425376892,-0.009545525535941124,0.010563699528574944,947.4334339757496,545.0303469700121,947.4334339757496,545.0303469700121,236.65201505064468,1262.1650975908722,0.016142046277183325,0.024364704288175516,69947946435.659,0.5301204819277109,0.464
2023-04-12,META,lstm,0.0007011518078276807,0.00032444202224723995,-0.010066434741020203,0.011919720098376274,948.0979615809197,545.2072026061859,948.0979615809197,545.2072026061859,234.28171686713733,1277.299749589925,0.016142046277183325,0.024364704288175516,69947946435.659,0.5301204819277109,0.464
2023-04-13,META,lstm,0.029241203965330045,0.0006002291920594871,-0.01003960520029068,0.012969819828867912,976.2308019676933,545.5345761918305,976.2308019676933,545.5345761918305,231.94138757432552,1293.9739419801697,0.016142046277183325,0.024364704288175516,69947946435.659,0.5301204819277109,0.464
2023-04-14,META,lstm,0.005160247552959403,0.0003804680018220097,-0.009270256385207176,0.012511435896158218,981.2814145729698,545.7421608551268,981.2814145729698,545.7421608551268,229.80117276095115,1310.2651395107196,0.016142046277183325,0.024364704288175516,69947946435.659,0.5301204819277109,0.464
2023-04-17,META,lstm,-0.011945207761067828,-0.0006319689564406872,-0.013342514634132385,0.011675214394927025,969.6295348143605,545.3973884469452,969.6295348143605,545.3973884469452,226.75540473961698,1325.6524540316293,0.016142046277183325,0.024364704288175516,69947946435.659,0.5301204819277109,0.464
2023-04-18,META,lstm,-0.004441913294077955,0.002050169510766864,-0.011002430692315102,0.01588529534637928,965.3320760289415,546.5167113953418,965.3320760289415,546.5167113953418,224.27422409014036,1346.8790553492172,0.016142046277183325,0.024364704288175516,69947946435.659,0.5301204819277109,0.464
2023-04-19,META,lstm,-0.010101806238043251,-0.00031607787241227925,-0.013002511113882065,0.011044127866625786,955.6295673814906,546.3439990929062,955.6295673814906,546.3439990929062,221.3769704764328,1361.8365499702822,0.016142046277183325,0.024364704288175516,69947946435.659,0.5301204819277109,0.464
2023-04-20,META,lstm,-0.012267754654970901,0.0013310370268300176,-0.009958679787814617,0.012834827415645123,943.9777552248756,547.0716885381473,943.9777552248756,547.0716885381473,219.18328581851895,1379.4280989560948,0.016142046277183325,0.024364704288175516,69947946435.659,0.5301204819277109,0.464
2023-04-21,META,lstm,-0.0008451870713149859,0.0004997514770366251,-0.015448199585080147,0.013943217694759369,943.180254496677,547.3451393407167,943.180254496677,547.3451393407167,215.8233199847047,1398.796411288647,0.016142046277183325,0.024364704288175516,69947946435.659,0.5301204819277109,0.464
2023-04-24,META,lstm,-0.00046986519017201456,0.0009145582444034517,-0.011602425016462803,0.012893539853394032,942.7371910252339,547.8459225391258,942.7371910252339,547.8459225391258,213.33371034009622,1416.9485979847557,0.016142046277183325,0.024364704288175516,69947946435.659,0.5301204819277109,0.464
2023-04-25,META,lstm,-0.02493344312772302,0.002013642806559801,-0.01181224174797535,0.013833213597536087,919.5221253246971,548.9502209762699,919.5221253246971,548.9502209762699,210.82858150299876,1436.6857951189313,0.016142046277183325,0.024364704288175516,69947946435.659,0.5301204819277109,0.464
2023-04-26,META,lstm,0.008873980086025707,0.0019503734074532986,-0.010775471106171608,0.012765716761350632,927.7182587304382,550.0219312968533,927.7182587304382,550.0219312968533,208.5689986915706,1455.1436773083665,0.016142046277183325,0.024364704288175516,69947946435.659,0.5301204819277109,0.464
2023-04-27,META,lstm,0.13037457149370174,0.0019585387781262398,-0.010579199530184269,0.014723529107868671,1056.9076981310832,551.1002580802848,1056.9076981310832,551.1002580802848,206.37413567049538,1476.7270910172222,0.016142046277183325,0.024364704288175516,69947946435.659,0.5301204819277109,0.464
2023-04-28,META,lstm,0.007350558270212974,-0.0007491435972042382,-0.011402442120015621,0.010543412528932095,1064.7051825757167,550.6875541106559,1064.7051825757167,550.6875541106559,204.03432814721123,1492.3791228104021,0.016142046277183325,0.024364704288175516,69947946435.659,0.5301204819277109,0.464
2023-05-01,META,lstm,0.011830480697052236,-0.002190709812566638,-0.013424796052277088,0.010196718387305737,1077.3759595942574,549.4824708083,1077.3759595942574,549.4824708083,201.31350819120286,1507.6743663960485,0.016142046277183325,0.024364704288175516,69947946435.659,0.5301204819277109,0.464
2023-05-02,META,lstm,-0.016334624612514725,-0.0014486676082015038,-0.01338850799947977,0.011731562204658985,1059.9203810125084,548.6870300886645,1059.9203810125084,548.6870300886645,198.6361821965228,1525.4658990560454,0.016142046277183325,0.024364704288175516,69947946435.659,0.5301204819277109,0.464
2023-05-03,META,lstm,-0.009280544884491673,0.0002510549093130976,-0.011157140135765076,0.011046502739191055,1050.12924615037,548.8247805814002,1050.12924615037,548.8247805814002,196.4322925800947,1542.4102909673427,0.016142046277183325,0.024364704288175516,69947946435.659,0.5301204819277109,0.464
2023-05-04,META,lstm,-0.014918965410988097,0.00161790254060179,-0.009501935914158821,0.0156283900141716,1034.5786917714383,549.7134485218544,1034.5786917714383,549.7134485218544,194.57464563956233,1566.7049858375185,0.016142046277183325,0.024364704288175516,69947946435.659,0.5301204819277109,0.464
2023-05-05,META,lstm,-0.0031739485719596556,0.001982472836971283,-0.008180970326066017,0.01365743950009346,1031.3001978479451,550.8043422407578,1031.3001978479451,550.8043422407578,192.98932977958566,1588.2489798149836,0.016142046277183325,0.024364704288175516,69947946435.659,0.5301204819277109,0.464
2023-05-08,META,lstm,0.0021028030061731517,0.0018570827087387443,-0.010797390714287758,0.014427583664655685,1033.471100694825,551.8281941251897,1033.471100694825,551.8281941251897,190.91675436049547,1611.3297450485416,0.016142046277183325,0.024364704288175516,69947946435.659,0.5301204819277109,0.464
2023-05-09,META,lstm,0.00042855668775808743,0.002474537817761302,-0.011541884392499924,0.014964338392019272,1033.9140965642737,553.1954289735338,1033.9140965642737,553.1954289735338,188.7258884881861,1635.6235633048327,0.016142046277183325,0.024364704288175516,69947946435.659,0.5301204819277109,0.464
2023-05-10,META,lstm,-0.0012434058329609233,0.0022991839796304703,-0.010224476456642151,0.013656603172421455,1032.6293206602797,554.4687809454044,1032.6293206602797,554.4687809454044,186.80609946997544,1658.1139020514947,0.016142046277183325,0.024364704288175516,69947946435.659,0.5301204819277109,0.464
2023-05-11,META,lstm,0.011559799778249315,0.0022596088238060474,-0.008800315670669079,0.013555926270782948,1044.6355700736503,555.7230533571347,1044.6355700736503,555.7230533571347,185.16935972699378,1680.744290865214,0.016142046277183325,0.024364704288175516,69947946435.659,0.5301204819277109,0.464
2023-05-12,META,lstm,-0.008432740627920578,0.0012931158998981118,-0.012701623141765594,0.01498732715845108,1035.863467675432,556.4421020981342,1035.863467675432,556.4421020981342,182.83228473659065,1706.1239342248628,0.016142046277183325,0.024364704288175516,69947946435.659,0.5301204819277109,0.464
2023-05-15,META,lstm,0.021368799514441376,0.0007109001744538546,-0.013960756361484528,0.016174202784895897,1058.236820943418,556.8378451798371,1058.236820943418,556.8378451798371,180.29754504746063,1733.943453741229,0.016142046277183325,0.024364704288175516,69947946435.659,0.5301204819277109,0.464
2023-05-16,META,lstm,-0.00016744802194753702,-0.0007593596819788218,-0.01234423741698265,0.00999109260737896,1058.0596361160374,556.4151689766837,1058.0596361160374,556.4151689766837,178.0855890590789,1751.3541839901663,0.016142046277183325,0.024364704288175516,69947946435.659,0.5301204819277109,0.464
2023-05-17,META,lstm,0.015250334293417262,-0.0006314909551292658,-0.012548606842756271,0.01018526777625084,1074.3190650084803,556.0639192189985,1074.3190650084803,556.0639192189985,175.86482868292381,1769.2833855047113,0.016142046277183325,0.024364704288175516,69947946435.659,0.5301204819277109,0.464
2023-05-18,META,lstm,0.017820394363457167,-0.0006177781615406275,-0.01149606704711914,0.009663756936788559,1093.6354560886946,555.7205143139756,1093.6354560886946,555.7205143139756,173.8546473473037,1786.464100829166,0.016142046277183325,0.024364704288175516,69947946435.659,0.5301204819277109,0.464
2023-05-19,META,lstm,-0.004913842454018332,-0.0005884881829842925,-0.01638452149927616,0.01402895525097847,1088.274685533009,555.3935851335754,1088.274685533009,555.3935851335754,171.0293306776429,1811.7029986274142,0.016142046277183325,0.024364704288175516,69947946435.659,0.5301204819277109,0.464
2023-05-22,META,lstm,0.010851219513477135,-0.0009733470506034791,-0.013254731893539429,0.01047431118786335,1100.1480970273399,554.8532610359092,1100.1480970273399,554.8532610359092,168.77734265769976,1830.7791422211742,0.016142046277183325,0.024364704288175516,69947946435.659,0.5301204819277109,0.464
2023-05-23,META,lstm,-0.006383093583651838,0.0006411236245185137,-0.010422528721392155,0.012186462990939617,1093.148113310905,555.2091139431345,1093.148113310905,555.2091139431345,167.02739051502397,1853.2263858061497,0.016142046277183325,0.024364704288175516,69947946435.659,0.5301204819277109,0.464
2023-05-24,META,lstm,0.00996076855340692,0.0002997629053425044,-0.012556152418255806,0.01234918087720871,1104.0911185560033,555.3755719444581,1104.0911185560033,555.3755719444581,164.9432834778126,1876.2541697155307,0.016142046277183325,0.024364704288175516,69947946435.659,0.5301204819277109,0.464
2023-05-25,META,lstm,0.013867509197356978,-0.00047506659757345915,-0.010949518531560898,0.010440997779369354,1119.508767413901,555.1118075298346,1119.508767413901,555.1118075298346,163.1470892885385,1895.9467006000868,0.016142046277183325,0.024364704288175516,69947946435.659,0.5301204819277109,0.464
2023-05-26,META,lstm,0.03633374581585476,-0.0014680346939712763,-0.013657616451382637,0.010819287970662117,1160.9327007200334,554.2974974145499,1160.9327007200334,554.2974974145499,160.9340372879446,1916.5709720314326,0.016142046277183325,0.024364704288175516,69947946435.659,0.5301204819277109,0.464
2023-05-30,META,lstm,0.00183003128312893,-0.0013067844556644559,-0.012371521443128586,0.009736726060509682,1163.059189056578,553.5736193785067,1163.059189056578,553.5736193785067,158.95530409730114,1935.323355701217,0.016142046277183325,0.024364704288175516,69947946435.659,0.5301204819277109,0.464
2023-05-31,META,lstm,0.008345440468624917,-0.0022340919822454453,-0.013625122606754303,0.01012750156223774,1172.80604461237,552.3382656517899,1172.80604461237,552.3382656517899,156.80420994690363,1955.022864293496,0.016142046277183325,0.024364704288175516,69947946435.659,0.5301204819277109,0.464
2023-06-01,META,lstm,0.029369480416664775,-0.0022897080052644014,-0.015396934933960438,0.009418397210538387,1207.7615486842092,551.0750184246382,1207.7615486842092,551.0750184246382,154.4083992013318,1973.5229199603739,0.016142046277183325,0.024364704288175516,69947946435.659,0.5301204819277109,0.464
2023-06-02,META,lstm,0.0,-0.003882891032844782,-0.017985448241233826,0.009774422273039818,1207.7615486842092,548.9393961886287,1207.7615486842092,548.9393961886287,151.65612355772325,1992.9075895638475,0.016142046277183325,0.024364704288175516,69947946435.659,0.5301204819277109,0.464
2023-06-05,META,lstm,-0.004485193927573282,-0.0023772763088345528,-0.015047349035739899,0.010485507547855377,1202.356634026166,547.6359559321544,1202.356634026166,547.6359559321544,149.3911820270787,2013.9142780256775,0.016142046277183325,0.024364704288175516,69947946435.659,0.5301204819277109,0.464
2023-06-06,META,lstm,-0.0009954454247351834,-0.0004663469735532999,-0.013089271262288094,0.012979133054614067,1201.1603491328708,547.3806329722961,1201.1603491328708,547.3806329722961,147.44849835572168,2040.2233879604512,0.016142046277183325,0.024364704288175516,69947946435.659,0.5301204819277109,0.464
2023-06-07,META,lstm,-0.02812868350620049,-0.0027191948611289263,-0.015043072402477264,0.009047821164131165,1167.844058221781,545.8942055306046,1167.844058221781,545.8942055306046,145.24702051517164,2058.7667209864157,0.016142046277183325,0.024364704288175516,69947946435.659,0.5301204819277109,0.464
2023-06-08,META,lstm,0.0037107865002894234,0.0007274359231814742,-0.01280013658106327,0.013994384557008743,1172.185728711552,546.2914273617545,1172.185728711552,546.2914273617545,143.39968781518326,2087.7805148111233,0.016142046277183325,0.024364704288175516,69947946435.659,0.5301204819277109,0.464
2023-06-09,META,lstm,0.0013975627286306705,0.0006929857190698385,-0.012060325592756271,0.013257680460810661,1173.8250770762902,546.6701176820208,1173.8250770762902,546.6701176820208,141.6806317207482,2115.6439433746186,0.016142046277183325,0.024364704288175516,69947946435.659,0.5301204819277109,0.464
2023-06-12,META,lstm,0.022762085658527685,-0.0005219867452979088,-0.014354132115840912,0.012272350490093231,1200.8501911824617,546.3848440776095,1200.8501911824617,546.3848440776095,139.66145747838914,2141.7677807195787,0.016142046277183325,0.024364704288175516,69947946435.659,0.5301204819277109,0.464
2023-06-13,META,lstm,0.0009957024023804417,-0.00065888516837731,-0.013097275979816914,0.0119661008939147,1202.0464760757568,546.0249453368469,1202.0464760757568,546.0249453368469,137.84420036303075,2167.550365152255,0.016142046277183325,0.024364704288175516,69947946435.659,0.5301204819277109,0.464
2023-06-14,META,lstm,0.007454084596941602,0.00015206052921712399,-0.009085568599402905,0.009362435899674892,1211.0401102096966,546.1080017665013,1211.0401102096966,546.1080017665013,136.59748106448407,2187.939313671851,0.016142046277183325,0.024364704288175516,69947946435.659,0.5301204819277109,0.464
2023-06-15,META,lstm,0.030550956965085935,-0.0010159967932850122,-0.011928297579288483,0.010244278237223625,1248.6095129978644,545.5534376465605,1248.6095129978644,545.5534376465605,134.97778326148963,2210.4683952664413,0.016142046277183325,0.024364704288175516,69947946435.659,0.5301204819277109,0.464
2023-06-16,META,lstm,-0.0029493353009219397,-0.0007450439734384418,-0.011264579370617867,0.010411761701107025,1244.9323701132635,545.1471312484433,1244.9323701132635,545.1471312484433,133.46584559240526,2233.6033758533054,0.016142046277183325,0.024364704288175516,69947946435.659,0.5301204819277109,0.464
2023-06-20,META,lstm,0.011780818865798584,-0.0022528863046318293,-0.015683218836784363,0.01089482568204403,1259.6854237639966,543.9203466650962,1259.6854237639966,543.9203466650962,131.38900153334814,2258.071116080756,0.016142046277183325,0.024364704288175516,69947946435.659,0.5301204819277109,0.464
2023-06-21,META,lstm,-0.009505776537402014,-0.0017061785329133272,-0.013426907360553741,0.009206404909491539,1247.767868167308,542.9930971241134,1247.767868167308,542.9930971241134,129.63664080960805,2278.9559524698493,0.016142046277183325,0.024364704288175516,69947946435.659,0.5301204819277109,0.464
2023-06-22,META,lstm,0.011438344447272182,-0.0015067834174260497,-0.012479260563850403,0.011481460183858871,1262.122205254939,542.1755271156894,1262.122205254939,542.1755271156894,128.028926078708,2305.272617184639,0.016142046277183325,0.024364704288175516,69947946435.659,0.5301204819277109,0.464
2023-06-23,META,lstm,0.013423977308982855,0.00036694668233394623,-0.011893212795257568,0.012339437380433083,1279.1791348755803,542.3745301502798,1279.1791348755803,542.3745301502798,126.51527079916161,2333.894619026305,0.016142046277183325,0.024364704288175516,69947946435.659,0.5301204819277109,0.464
2023-06-26,META,lstm,-0.036181695397846075,-0.00027292760205455124,-0.01429007388651371,0.01150711439549923,1233.7235538260973,542.2265323776442,1233.7235538260973,542.2265323776442,124.72021287019146,2360.9060722951654,0.016142046277183325,0.024364704288175516,69947946435.659,0.5301204819277109,0.464
2023-06-27,META,lstm,0.03034603606729244,-0.0014237903524190187,-0.016390571370720863,0.013579899445176125,1271.7360200857079,541.4550725998208,1271.7360200857079,541.4550725998208,122.69263786014771,2393.1854922120037,0.016142046277183325,0.024364704288175516,69947946435.659,0.5301204819277109,0.464
2023-06-28,META,lstm,-0.006150137354673777,-0.0007412125123664737,-0.011666372418403625,0.012281825765967369,1263.9386708450631,541.0538839873902,1263.9386708450631,541.0538839873902,121.26957662123407,2422.7595034995943,0.016142046277183325,0.024364704288175516,69947946435.659,0.5301204819277109,0.464
2023-06-29,META,lstm,-0.013267227231714421,4.855704537476413e-05,-0.011804566718637943,0.013369009830057621,1247.2804577875238,541.0801349375816,1247.2804577875238,541.0801349375816,119.84646100694393,2455.3667665812764,0.016142046277183325,0.024364704288175516,69947946435.659,0.5301204819277109,0.464
2023-06-30,META,lstm,0.019173555701361058,0.0018016013782471418,-0.009336274117231369,0.01415911503136158,1271.4259973392877,542.0558533405873,1271.4259973392877,542.0558533405873,118.7327469054702,2490.379842960391,0.016142046277183325,0.024364704288175516,69947946435.659,0.5301204819277109,0.464
2023-07-03,META,lstm,-0.003350865169076572,0.0015185232041403651,-0.011033635586500168,0.01404297724366188,1267.172750258221,542.879604792364,1267.172750258221,542.879604792364,117.42989524198148,2525.598885443969,0.016142046277183325,0.024364704288175516,69947946435.659,0.5301204819277109,0.464
2023-07-05,META,lstm,0.02877576286735829,0.0012898268178105354,-0.008321704342961311,0.011064114049077034,1304.1663192579006,543.5802880858362,1304.1663192579006,543.5802880858362,116.45673122508714,2553.697598935017,0.016142046277183325,0.024364704288175516,69947946435.659,0.5301204819277109,0.464
2023-07-06,META,lstm,-0.008117941239653424,0.00017252583347726613,-0.012953904457390308,0.011692647822201252,1293.6220305759043,543.6740534253132,1293.6220305759043,543.6740534253132,114.9578898489791,2583.7324222106463,0.016142046277183325,0.024364704288175516,69947946435.659,0.5301204819277109,0.464
2023-07-07,META,lstm,-0.005012684679371449,-0.0009244217653758824,-0.013118647038936615,0.01445537805557251,1287.1537365456,543.1717033824814,1287.1537365456,543.1717033824814,113.45964679597743,2621.3524494882627,0.016142046277183325,0.024364704288175516,69947946435.659,0.5301204819277109,0.464
2023-07-10,META,lstm,0.012213029331074024,-0.0009384296135976911,-0.015495270490646362,0.011769779026508331,1302.970169568594,542.6622092509085,1302.970169568594,542.6622092509085,111.7151079925146,2652.387350454064,0.016142046277183325,0.024364704288175516,69947946435.659,0.5301204819277109,0.464
2023-07-11,META,lstm,0.014146329993301298,-0.00019290862837806344,-0.011553699150681496,0.011433511972427368,1321.5334068289508,542.5575402218434,1321.5334068289508,542.5575402218434,110.43181577301637,2682.8875941893175,0.016142046277183325,0.024364704288175516,69947946435.659,0.5301204819277109,0.464
2023-07-12,META,lstm,0.03637478746508443,-0.0006161655765026808,-0.013311019167304039,0.010808374732732773,1370.4888783336596,542.223349518174,1370.4888783336596,542.223349518174,108.97159645684869,2712.042532672401,0.016142046277183325,0.024364704288175516,69947946435.659,0.5301204819277109,0.464
2023-07-13,META,lstm,0.013071265430717145,-0.001180397579446435,-0.012986106798052788,0.013058053329586983,1388.5204935098802,541.5836912737035,1388.5204935098802,541.5836912737035,107.56562959606306,2747.6886939335855,0.016142046277183325,0.024364704288175516,69947946435.659,0.5301204819277109,0.464
2023-07-14,META,lstm,-0.014591788611360337,-0.0018120519816875458,-0.014368822798132896,0.010602612048387527,1368.4066017014673,540.6031911097461,1368.4066017014673,540.6031911097461,106.03109039625365,2776.976251163507,0.016142046277183325,0.024364704288175516,69947946435.659,0.5301204819277109,0.464
2023-07-17,META,lstm,0.0056498238314060195,-0.0022874092683196068,-0.013032590039074421,0.007429028861224651,1376.15973923776,539.3680075056959,1376.15973923776,539.3680075056959,104.65819600012982,2797.6832196482105,0.016142046277183325,0.024364704288175516,69947946435.659,0.5301204819277109,0.464
2023-07-18,META,lstm,0.0045931078389241774,-0.0015045180916786194,-0.012658851221203804,0.009078390896320343,1382.4951277470304,538.5571173524478,1382.4951277470304,538.5571173524478,103.34169181968299,2823.1973885865527,0.016142046277183325,0.024364704288175516,69947946435.659,0.5301204819277109,0.464
2023-07-19,META,lstm,0.012610497297499955,-0.001749213901348412,-0.014209162443876266,0.009107260033488274,1400.0394677474558,537.615898425667,1400.0394677474558,537.615898425667,101.88367308986643,2849.026358873931,0.016142046277183325,0.024364704288175516,69947946435.659,0.5301204819277109,0.464
2023-07-20,META,lstm,-0.043626534886930926,-0.0024700844660401344,-0.014895517379045486,0.009703882038593292,1340.273761314694,536.2895805171511,1340.273761314694,536.2895805171511,100.37731167919135,2876.8074470000142,0.016142046277183325,0.024364704288175516,69947946435.659,0.5301204819277109,0.464
2023-07-21,META,lstm,-0.02768359121492621,-0.002289573661983013,-0.013456648215651512,0.009875863790512085,1303.6790440821055,535.0631020051702,1303.6790440821055,535.0631020051702,99.0356162944509,2905.359097524152,0.016142046277183325,0.024364704288175516,69947946435.659,0.5301204819277109,0.464
2023-07-24,META,lstm,-0.009046520590533243,-0.001226863358169794,-0.011226775124669075,0.008104054257273674,1291.9384705068142,534.4070466100827,1291.9384705068142,534.4070466100827,97.9299817262623,2928.999968724571,0.016142046277183325,0.024364704288175516,69947946435.659,0.5301204819277109,0.464
2023-07-25,META,lstm,0.009759891609726528,0.001198720303364098,-0.011044902727007866,0.012712610885500908,1304.6093827293437,535.048059243286,1304.6093827293437,535.048059243286,96.85430678576795,2966.472948108452,0.016142046277183325,0.024364704288175516,69947946435.659,0.5301204819277109,0.464
2023-07-26,META,lstm,0.013827301258038794,0.00045274884905666113,-0.012890318408608437,0.012592334300279617,1322.7739034265985,535.2903697168551,1322.7739034265985,535.2903697168551,95.61383482516979,3004.0639375054925,0.016142046277183325,0.024364704288175516,69947946435.659,0.5301204819277109,0.464
2023-07-27,META,lstm,0.04306880524177901,-0.0004697405965998769,-0.012922385707497597,0.011252937838435173,1380.9888201073154,535.0389839790188,1380.9888201073154,535.0389839790188,94.38622415852609,3038.059540779289,0.016142046277183325,0.024364704288175516,69947946435.659,0.5301204819277109,0.464
2023-07-28,META,lstm,0.0432278086068163,-0.0018627201206982136,-0.015634309500455856,0.011366731487214565,1441.9950231377245,534.0432891535011,1441.9950231377245,534.0432891535011,92.92203852132037,3072.7893457317946,0.016142046277183325,0.024364704288175516,69947946435.659,0.5301204819277109,0.464
2023-07-31,META,lstm,-0.02136463294944255,-0.00242107012309134,-0.014010205864906311,0.008011622354388237,1411.5140950766904,532.7518867992036,1411.5140950766904,532.7518867992036,91.6292607578716,3097.506144262921,0.016142046277183325,0.024364704288175516,69947946435.659,0.5301204819277109,0.464
2023-08-01,META,lstm,0.01281764400013612,-0.0011967591708526015,-0.01429019682109356,0.011920781806111336,1429.7228274782972,532.1147012637421,1429.7228274782972,532.1147012637421,90.32917095887828,3134.651738096179,0.016142046277183325,0.024364704288175516,69947946435.659,0.5301204819277109,0.464
2023-08-02,META,lstm,-0.026374308367910923,-0.0013354351976886392,-0.013161781243979931,0.011038231663405895,1392.5077943448905,531.4045686552512,1392.5077943448905,531.4045686552512,89.1480691263442,3169.444298915645,0.016142046277183325,0.024364704288175516,69947946435.659,0.5301204819277109,0.464
2023-08-03,META,lstm,-0.00356970934346578,-0.0009747463627718389,-0.011088032275438309,0.009046263992786407,1387.5458079543014,530.8868225000346,1387.5458079543014,530.8868225000346,88.16505122633596,3198.2460666113507,0.016142046277183325,0.024364704288175516,69947946435.659,0.5301204819277109,0.464
2023-08-04,META,lstm,-0.007885639664241122,-0.0006285965209826827,-0.0124552883207798,0.011689316481351852,1376.647149617544,530.5532069723083,1376.647149617544,530.5532069723083,87.07374096227772,3235.8505661948348,0.016142046277183325,0.024364704288175516,69947946435.659,0.5301204819277109,0.464
2023-08-07,META,lstm,0.018588386107101135,-0.0005887814331799746,-0.01065867394208908,0.01067412830889225,1402.4761140344092,530.2409255473775,1402.4761140344092,530.2409255473775,86.15058019912232,3270.5755770451956,0.016142046277183325,0.024364704288175516,69947946435.659,0.5301204819277109,0.464
2023-08-08,META,lstm,-0.012460373656440768,0.0005624940386041999,-0.009503507986664772,0.01108258031308651,1385.1091616673477,530.5392750671767,1385.1091616673477,530.5392750671767,85.33572646414876,3307.0233985722584,0.016142046277183325,0.024364704288175516,69947946435.659,0.5301204819277109,0.464
2023-08-09,META,lstm,-0.02405237943202157,0.0005146907060407102,-0.011516109108924866,0.01306140050292015,1352.1914521153712,530.8124311294239,1352.1914521153712,530.8124311294239,84.35862793637378,3350.5012178403585,0.016142046277183325,0.024364704288175516,69947946435.659,0.5301204819277109,0.464
2023-08-10,META,lstm,0.0017349993555362978,0.0006313997437246144,-0.012192701920866966,0.012878159061074257,1354.5395397896316,531.1476767697164,1354.5395397896316,531.1476767697164,83.33631127103624,3393.9283628939056,0.016142046277183325,0.024364704288175516,69947946435.659,0.5301204819277109,0.464
2023-08-11,META,lstm,-0.01350073373484674,0.0020443724934011698,-0.008938495069742203,0.013309955596923828,1336.3751542963657,532.2346523641304,1336.3751542963657,532.2346523641304,82.5947284845233,3439.4032211937033,0.016142046277183325,0.024364704288175516,69947946435.659,0.5301204819277109,0.464
2023-08-14,META,lstm,0.014971530373486095,0.0011250893585383892,-0.009804232977330685,0.012243249453604221,1356.5332578091309,532.8337853576228,1356.5332578091309,532.8337853576228,81.78890733176108,3481.771482037702,0.016142046277183325,0.024364704288175516,69947946435.659,0.5301204819277109,0.464
2023-08-15,META,lstm,-0.013944351089344414,5.03534174640663e-05,-0.014846524223685265,0.014257663860917091,1337.748556415047,532.8605902646373,1337.748556415047,532.8605902646373,80.58359801134543,3531.7691349206093,0.016142046277183325,0.024364704288175516,69947946435.659,0.5301204819277109,0.464
2023-08-16,META,lstm,-0.02569577641644834,0.00027785790734924376,-0.010518908500671387,0.011288974434137344,1303.811949603139,533.0086598890501,1303.811949603139,533.0086598890501,79.74038943718833,3571.8649450435955,0.016142046277183325,0.024364704288175516,69947946435.659,0.5301204819277109,0.464
2023-08-17,META,lstm,-0.03176079771890425,0.0017478945665061474,-0.010741444304585457,0.013872310519218445,1263.052543902177,533.9411032794043,1263.052543902177,533.9411032794043,78.88844680347319,3621.7601283994286,0.016142046277183325,0.024364704288175516,69947946435.659,0.5301204819277109,0.464
2023-08-18,META,lstm,-0.0064750071377676945,0.003745825495570898,-0.009900959208607674,0.016537940129637718,1254.9006898027822,535.944892212245,1254.9006898027822,535.944892212245,78.11122904215969,3682.154688951194,0.016142046277183325,0.024364704288175516,69947946435.659,0.5301204819277109,0.464
2023-08-21,META,lstm,0.023206114965628237,0.002697673626244068,-0.008190689608454704,0.014703279361128807,1284.362585399896,537.3926307711965,1284.362585399896,537.3926307711965,77.47405596399263,3736.694298175618,0.016142046277183325,0.024364704288175516,69947946435.659,0.5301204819277109,0.464
2023-08-22,META,lstm,-0.007965367804614697,0.0008477863157168031,-0.012834589928388596,0.01439470425248146,1274.17280157665,537.8484332795432,1274.17280157665,537.8484332795432,76.48606089403202,3790.8719929749946,0.016142046277183325,0.024364704288175516,69947946435.659,0.5301204819277109,0.464
2023-08-23,META,lstm,0.022825080597562775,0.001760751591064036,-0.0131461713463068,0.01537986472249031,1303.590350265423,538.7962679368751,1303.590350265423,538.7962679368751,75.48714127228584,3849.6257981859017,0.016142046277183325,0.024364704288175516,69947946435.659,0.5301204819277109,0.464
2023-08-24,META,lstm,-0.02578497165721214,0.0012667441042140126,-0.011175038293004036,0.01367785781621933,1270.4069648753673,539.4792204263671,1270.4069648753673,539.4792204263671,74.64826707569163,3902.6419684445696,0.016142046277183325,0.024364704288175516,69947946435.659,0.5301204819277109,0.464
2023-08-25,META,lstm,-0.004368726913415148,0.0014117994578555226,-0.011410240083932877,0.012361638247966766,1264.8690094923013,540.2413693122458,1264.8690094923013,540.2413693122458,73.80135363377997,3951.1846546243833,0.016142046277183325,0.024364704288175516,69947946435.659,0.5301204819277109,0.464
2023-08-28,META,lstm,0.016535077590556387,0.0005820704391226172,-0.01276505459100008,0.0128989452496171,1285.9575868562936,540.5559076537347,1285.9575868562936,540.5559076537347,72.86526257703837,4002.4808607186324,0.016142046277183325,0.024364704288175516,69947946435.659,0.5301204819277109,0.464
2023-08-29,META,lstm,0.02628278943709912,0.0010345387272536755,-0.0106441555544734,0.013161963783204556,1320.2042164146217,541.1154339715883,1320.2042164146217,541.1154339715883,72.09378760037451,4055.509411207613,0.016142046277183325,0.024364704288175516,69947946435.659,0.5301204819277109,0.464
2023-08-30,META,lstm,-0.009745593491954538,0.001084902323782444,-0.008684070780873299,0.010578254237771034,1307.400533875047,541.7028254841904,1307.400533875047,541.7028254841904,71.47042951733734,4098.637410937128,0.016142046277183325,0.024364704288175516,69947946435.659,0.5301204819277109,0.464
2023-08-31,META,lstm,0.0026735105086068667,0.0011615052353590727,-0.012985451146960258,0.013644609600305557,1310.9005595342614,542.3323769956742,1310.9005595342614,542.3323769956742,70.54835484538597,4154.945128473344,0.016142046277183325,0.024364704288175516,69947946435.659,0.5301204819277109,0.464
2023-09-01,META,lstm,0.0016546180964975832,0.0005637406720779836,-0.011070732958614826,0.01181799080222845,1313.071394779147,542.6381764969966,1313.071394779147,542.6381764969966,69.77163910660065,4204.339724446479,0.016142046277183325,0.024364704288175516,69947946435.659,0.5301204819277109,0.464
2023-09-05,META,lstm,0.01263989812609692,0.00041046456317417324,-0.010548110119998455,0.009577331133186817,1329.7738195410384,542.8609602866142,1329.7738195410384,542.8609602866142,69.03954745295276,4244.799301124238,0.016142046277183325,0.024364704288175516,69947946435.659,0.5301204819277109,0.464
2023-09-06,META,lstm,-0.003270310786143319,0.000375829404219985,-0.010521279647946358,0.010052207857370377,1325.4321490512673,543.0650037474343,1325.4321490512673,543.0650037474343,68.31697272921082,4287.683948490163,0.016142046277183325,0.024364704288175516,69947946435.659,0.5301204819277109,0.464
2023-09-07,META,lstm,-0.0016726886595684958,-0.0017754195723682642,-0.014380025677382946,0.010545273311436176,1323.216966898041,542.1016964554781,1323.216966898041,542.1016964554781,67.34160443939278,4333.13787340492,0.016142046277183325,0.024364704288175516,69947946435.659,0.5301204819277109,0.464
2023-09-08,META,lstm,-0.002614989898980362,-0.000633525603916496,-0.011228520423173904,0.01045030914247036,1319.7612881471673,541.7583838030786,1319.7612881471673,541.7583838030786,66.5896857205999,4378.6578343827205,0.016142046277183325,0.024364704288175516,69947946435.659,0.5301204819277109,0.464
2023-09-11,META,lstm,0.03194584220772136,0.00010224434663541615,-0.010837038978934288,0.012357039377093315,1362.602835276333,541.81379570137,1362.602835276333,541.81379570137,65.87194570773967,4433.10052508706,0.016142046277183325,0.024364704288175516,69947946435.659,0.5301204819277109,0.464
2023-09-12,META,lstm,-0.019369614746032802,-0.0003838270204141736,-0.013082334771752357,0.011407189071178436,1336.4637129090588,541.6058829453606,1336.4637129090588,541.6058829453606,65.01579812084285,4483.959109530788,0.016142046277183325,0.024364704288175516,69947946435.659,0.5301204819277109,0.464
2023-09-13,META,lstm,0.011207903088787347,-0.0003512079128995538,-0.012715905904769897,0.012721465900540352,1351.526924510201,541.4157083504557,1351.526924510201,541.4157083504557,64.19429686603138,4541.365982814922,0.016142046277183325,0.024364704288175516,69947946435.659,0.5301204819277109,0.464
2023-09-14,META,lstm,0.021596882322633744,0.0004742399323731661,-0.008410999551415443,0.010468259453773499,1381.0331670156559,541.6725201008112,1381.0331670156559,541.6725201008112,63.65662441847443,4589.15568548466,0.016142046277183325,0.024364704288175516,69947946435.659,0.5301204819277109,0.464
2023-09-15,META,lstm,-0.03729008655285397,-0.00022798847930971533,-0.011794403195381165,0.012872312217950821,1330.4826940545497,541.5490253929058,1330.4826940545497,541.5490253929058,62.910242368408426,4648.610704808819,0.016142046277183325,0.024364704288175516,69947946435.659,0.5301204819277109,0.464
2023-09-18,META,lstm,0.00743124638264567,-0.0009558860911056399,-0.015396779403090477,0.012201474979519844,1340.4066668357277,541.0316279100325,1340.4066668357277,541.0316279100325,61.949044586965385,4705.677852347625,0.016142046277183325,0.024364704288175516,69947946435.659,0.5301204819277109,0.464
2023-09-19,META,lstm,0.00829476975830111,0.0010046405950561166,-0.008487323299050331,0.01063915342092514,1351.571271418542,541.5754581482005,1351.571271418542,541.5754581482005,61.42548829603902,4756.009473472851,0.016142046277183325,0.024364704288175516,69947946435.659,0.5301204819277109,0.464
2023-09-20,META,lstm,-0.01785936845890651,-0.000309684342937544,-0.012468917295336723,0.011379921808838844,1327.647331204494,541.4077614036942,1327.647331204494,541.4077614036942,60.66433388941369,4810.441651197654,0.016142046277183325,0.024364704288175516,69947946435.659,0.5301204819277109,0.464
2023-09-21,META,lstm,-0.013235000981876523,0.0015071836533024907,-0.011269035749137402,0.013683629222214222,1310.1916850207506,542.2243965838147,1310.1916850207506,542.2243965838147,59.984541956122875,4876.718631154141,0.016142046277183325,0.024364704288175516,69947946435.659,0.5301204819277109,0.464
2023-09-22,META,lstm,0.011264138196221391,0.0018941792659461498,-0.009555023163557053,0.011993112042546272,1325.0332972841768,543.2524669177325,1325.0332972841768,543.2524669177325,59.414118723966496,4935.557662537863,0.016142046277183325,0.024364704288175516,69947946435.659,0.5301204819277109,0.464
2023-09-25,META,lstm,0.005834225274589501,0.0005787629634141922,-0.013472785241901875,0.014764091931283474,1332.7864348204691,543.566945074222,1332.7864348204691,543.566945074222,58.61901315127166,5008.967290690374,0.016142046277183325,0.024364704288175516,69947946435.659,0.5301204819277109,0.464
2023-09-26,META,lstm,-0.006235519914435023,0.00043805662426166236,-0.014339298009872437,0.01361238956451416,1324.5016752000404,543.805078567067,1324.5016752000404,543.805078567067,57.78445504435611,5077.617651919636,0.016142046277183325,0.024364704288175516,69947946435.659,0.5301204819277109,0.464
2023-09-27,META,lstm,-0.004089166945330044,-0.0005431217141449451,-0.012618421576917171,0.009938654489815235,1319.0966253380084,543.5097933263128,1319.0966253380084,543.5097933263128,57.059887191346924,5128.333855394801,0.016142046277183325,0.024364704288175516,69947946435.659,0.5301204819277109,0.464
2023-09-28,META,lstm,0.020675496039848987,-5.252853952697478e-05,-0.012944294139742851,0.010770374909043312,1346.653496732305,543.481252707421,1346.653496732305,543.481252707421,56.32604601893328,5183.866604382773,0.016142046277183325,0.024364704288175516,69947946435.659,0.5301204819277109,0.464
2023-09-29,META,lstm,-0.012413884382263951,4.7489767894148827e-05,-0.01174674741923809,0.012186150997877121,1330.0396305831066,543.5070383370007,1330.0396305831066,543.5070383370007,55.668268198926704,5247.42431029307,0.016142046277183325,0.024364704288175516,69947946435.659,0.5301204819277109,0.464
2023-10-02,META,lstm,0.021779078980688184,0.000612338655628264,-0.012785231694579124,0.013185396790504456,1359.3244089548346,543.8399349466617,1359.3244089548346,543.8399349466617,54.961067651316284,5317.072125843401,0.016142046277183325,0.024364704288175516,69947946435.659,0.5301204819277109,0.464
2023-10-03,META,lstm,-0.019350362844680006,-0.0007818985031917691,-0.011658979579806328,0.01075599156320095,1333.2738452002534,543.4148719882451,1333.2738452002534,543.4148719882451,54.32399986455811,5374.571319737774,0.016142046277183325,0.024364704288175516,69947946435.659,0.5301204819277109,0.464
2023-10-04,META,lstm,0.015300648739436849,0.0007481484208256006,-0.012071290984749794,0.012297321110963821,1353.8306652761207,543.8215614611996,1353.8306652761207,543.8215614611996,53.67218178027435,5441.072013960326,0.016142046277183325,0.024364704288175516,69947946435.659,0.5301204819277109,0.464
2023-10-05,META,lstm,-0.0025885232719963904,0.0005722626810893416,-0.01179811917245388,0.011676784604787827,1350.330774820895,544.1328683118877,1350.330774820895,544.1328683118877,53.0426702502221,5504.978571669001,0.016142046277183325,0.024364704288175516,69947946435.659,0.5301204819277109,0.464
2023-10-06,META,lstm,0.03431372118635882,-6.983643106650561e-05,-0.012009222991764545,0.011222460307180882,1397.4697807354796,544.0948570159933,1397.4697807354796,544.0948570159933,52.40947974787454,5567.105902730183,0.016142046277183325,0.024364704288175516,69947946435.659,0.5301204819277109,0.464
2023-10-09,META,lstm,0.009246007828335439,0.0002011104515986517,-0.011095639318227768,0.012522339820861816,1410.4507157044293,544.2042777951959,1410.4507157044293,544.2042777951959,51.831177308523145,5637.257104150978,0.016142046277183325,0.024364704288175516,69947946435.659,0.5301204819277109,0.464
2023-10-10,META,lstm,0.010871744337400274,-0.0011175627587363124,-0.012102567590773106,0.00930542591959238,1425.8684321643213,543.5964389283896,1425.8684321643213,543.5964389283896,51.20766649903513,5689.9590841619565,0.016142046277183325,0.024364704288175516,69947946435.659,0.5301204819277109,0.464
2023-10-11,META,lstm,0.018410183340541803,-0.0011979184346273541,-0.013548790477216244,0.010050338692963123,1452.3620593903458,542.9456350004724,1452.3620593903458,542.9456350004724,50.51854355236632,5747.433137434954,0.016142046277183325,0.024364704288175516,69947946435.659,0.5301204819277109,0.464
2023-10-12,META,lstm,-0.011227467245863655,-0.0007292091613635421,-0.010706275701522827,0.011003820225596428,1436.1469098042496,542.5498467412012,1436.1469098042496,542.5498467412012,49.98056427459482,5811.025780467524,0.016142046277183325,0.024364704288175516,69947946435.659,0.5301204819277109,0.464
2023-10-13,META,lstm,-0.029649197328815307,-0.0008178295101970434,-0.01432306133210659,0.011753212660551071,1394.1913544139811,542.106324338673,1394.1913544139811,542.106324338673,49.26979301974854,5879.727105142353,0.016142046277183325,0.024364704288175516,69947946435.659,0.5301204819277109,0.464
2023-10-16,META,lstm,0.020320249669883956,-0.0011942335404455662,-0.013212250545620918,0.011906204745173454,1422.8114699765501,541.4593077515016,1422.8114699765501,541.4593077515016,48.62310924864494,5950.150448495025,0.016142046277183325,0.024364704288175516,69947946435.659,0.5301204819277109,0.464
2023-10-17,META,lstm,0.008835231093714502,-0.001306135905906558,-0.01195051521062851,0.008303122594952583,1435.4380352907388,540.7525506005863,1435.4380352907388,540.7525506005863,48.045496637435626,5999.761232866954,0.016142046277183325,0.024364704288175516,69947946435.659,0.5301204819277109,0.464
2023-10-18,META,lstm,-0.02193637976624525,0.0010503755183890462,-0.010353623889386654,0.011833724565804005,1404.2925796245345,541.3208540051672,1404.2925796245345,541.3208540051672,47.55061749727205,6071.182397998478,0.016142046277183325,0.024364704288175516,69947946435.659,0.5301204819277109,0.464
2023-10-19,META,lstm,-0.013211166361230393,0.00037787220207974315,-0.010049432516098022,0.012006642296910286,1385.862247885212,541.5254156090945,1385.862247885212,541.5254156090945,47.07515428934233,6144.516213055707,0.016142046277183325,0.024364704288175516,69947946435.659,0.5301204819277109,0.464
2023-10-20,META,lstm,-0.01338804059982554,0.00037514313589781523,-0.009826283901929855,0.010730983689427376,1367.431916145889,541.7286343085899,1367.431916145889,541.7286343085899,46.614846747187144,6210.808159327386,0.016142046277183325,0.024364704288175516,69947946435.659,0.5301204819277109,0.464
2023-10-23,META,lstm,0.017216934569599638,-0.00026097585214301944,-0.013145798817276955,0.01194111816585064,1391.178739134551,541.5872706901563,1391.178739134551,541.5872706901563,46.00606640924335,6285.4168593900695,0.016142046277183325,0.024364704288175516,69947946435.659,0.5301204819277109,0.464
2023-10-24,META,lstm,-0.004660446313058197,3.5151624615537e-05,-0.012904336676001549,0.012117793783545494,1384.710309900258,541.6063165491181,1384.710309900258,541.6063165491181,45.41620257646207,6362.045733001737,0.016142046277183325,0.024364704288175516,69947946435.659,0.5301204819277109,0.464
2023-10-25,META,lstm,-0.04254984191292604,9.250668517779559e-05,-0.012545883655548096,0.013666542246937752,1327.0270153036772,541.6564186043867,1327.0270153036772,541.6564186043867,44.8499759097184,6449.589570901945,0.016142046277183325,0.024364704288175516,69947946435.659,0.5301204819277109,0.464
2023-10-26,META,lstm,-0.038039534180183444,0.0006566567462868989,-0.010233179666101933,0.012583133764564991,1277.495574806491,542.0122019317886,1277.495574806491,542.0122019317886,44.39335786682243,6531.25846082985,0.016142046277183325,0.024364704288175516,69947946435.659,0.5301204819277109,0.464
2023-10-27,META,lstm,0.02864763021606084,-0.00014938402455300093,-0.010580874979496002,0.009981583803892136,1314.6220493272046,541.9312419812198,1314.6220493272046,541.9312419812198,43.926113008149855,6596.777308621676,0.016142046277183325,0.024364704288175516,69947946435.659,0.5301204819277109,0.464
2023-10-30,META,lstm,0.01978740391410603,0.0005235968856140971,-0.012219272553920746,0.014395592734217644,1340.894077215513,542.2150440072561,1340.894077215513,542.2150440072561,43.392633738745765,6692.428365102354,0.016142046277183325,0.024364704288175516,69947946435.659,0.5301204819277109,0.464
2023-10-31,META,lstm,-0.004603239182708277,0.0007632316555827856,-0.011648481711745262,0.011694438755512238,1334.7358059316289,542.6290444417581,1334.7358059316289,542.6290444417581,42.89010866114829,6771.152041468546,0.016142046277183325,0.024364704288175516,69947946435.659,0.5301204819277109,0.464
2023-11-01,META,lstm,0.0345154863681725,7.922259101178497e-05,-0.010078560560941696,0.011220304295420647,1381.6091360081343,542.6720609129717,1381.6091360081343,542.6720609129717,42.46000900866362,6847.554449851572,0.016142046277183325,0.024364704288175516,69947946435.659,0.5301204819277109,0.464
2023-11-02,META,lstm,-0.0031475198916943933,-0.00044969943701289594,-0.013654145412147045,0.013870085589587688,1377.2673303143745,542.4280767289767,1377.2673303143745,542.4280767289767,41.88419320169844,6943.192048711724,0.016142046277183325,0.024364704288175516,69947946435.659,0.5301204819277109,0.464
2023-11-03,META,lstm,0.011927207372656673,-2.764126293186564e-05,-0.010689492337405682,0.010079926811158657,1393.7926378508798,542.4130750369438,1393.7926378508798,542.4130750369438,41.438856394668896,7013.532709887895,0.016142046277183325,0.024364704288175516,69947946435.659,0.5301204819277109,0.464
2023-11-06,META,lstm,0.0038070531421771636,-0.0006682989187538624,-0.012926994822919369,0.010413051582872868,1399.10899389623,542.0507166012526,1399.10899389623,542.0507166012526,40.90662452184253,7086.946232924986,0.016142046277183325,0.024364704288175516,69947946435.659,0.5301204819277109,0.464
2023-11-07,META,lstm,0.009517640011165878,0.00029818416805937886,-0.010646099224686623,0.012076321989297867,1412.4887806322704,542.2123895382806,1412.4887806322704,542.2123895382806,40.47343730856036,7173.049599081475,0.016142046277183325,0.024364704288175516,69947946435.659,0.5301204819277109,0.464
2023-11-08,META,lstm,0.0030065523615561145,-0.0007449270924553275,-0.014386855065822601,0.011054333299398422,1416.7418925093482,541.8086360560281,1416.7418925093482,541.8086360560281,39.89532137222531,7252.782852782966,0.016142046277183325,0.024364704288175516,69947946435.659,0.5301204819277109,0.464
2023-11-09,META,lstm,0.002404976811792944,-0.00048352114390581846,-0.011490210890769958,0.011916209012269974,1420.153224351881,541.5467291914796,1420.153224351881,541.5467291914796,39.43954037450707,7339.725208190461,0.016142046277183325,0.024364704288175516,69947946435.659,0.5301204819277109,0.464
2023-11-10,META,lstm,0.02532015237520873,-0.00025657436344772577,-0.012793771922588348,0.01272658072412014,1456.5708243590832,541.4078016648601,1456.5708243590832,541.4078016648601,38.93817311235501,7433.732153811617,0.016142046277183325,0.024364704288175516,69947946435.659,0.5301204819277109,0.464
2023-11-13,META,lstm,0.0012767143602677854,-0.0010956168407574296,-0.01312667690217495,0.01081806793808937,1458.4316368575485,540.8149617846092,1458.4316368575485,540.8149617846092,38.430384281642446,7514.587184282217,0.016142046277183325,0.024364704288175516,69947946435.659,0.5301204819277109,0.464
2023-11-14,META,lstm,0.021398247312860063,-0.0009813952492550015,-0.012175788171589375,0.010181869380176067,1489.975809086855,540.2844690123823,1489.975809086855,540.2844690123823,37.965301759405634,7591.4905609325815,0.016142046277183325,0.024364704288175516,69947946435.659,0.5301204819277109,0.464
2023-11-15,META,lstm,-0.01076213240164347,-0.00025399046717211604,-0.01071599218994379,0.009559436701238155,1474.0264705428267,540.147250052904,1474.0264705428267,540.147250052904,37.56063717815892,7664.4090179575305,0.016142046277183325,0.024364704288175516,69947946435.659,0.5301204819277109,0.464
2023-11-16,META,lstm,0.004438486818346435,-0.0023522800765931606,-0.014354015700519085,0.007960504852235317,1480.5834583898131,538.8781763101218,1480.5834583898131,538.8781763101218,37.02534286298185,7725.66502589114,0.016142046277183325,0.024364704288175516,69947946435.659,0.5301204819277109,0.464
2023-11-17,META,lstm,0.0025402523695708702,-0.001559486729092896,-0.014363134279847145,0.010958479717373848,1484.3492950910957,538.0384725020958,1484.3492950910957,538.0384725020958,36.4973440397378,7810.792220972037,0.016142046277183325,0.024364704288175516,69947946435.659,0.5301204819277109,0.464
2023-11-20,META,lstm,0.01460742882739106,-0.0028762314468622208,-0.014785800129175186,0.008255690336227417,1506.1909586729512,536.4931671405874,1506.1909586729512,536.4931671405874,35.96167077926687,7875.5422356403105,0.016142046277183325,0.024364704288175516,69947946435.659,0.5301204819277109,0.464
2023-11-21,META,lstm,-0.008833768001193305,-0.0016283184522762895,-0.011090179905295372,0.00855562649667263,1492.9442126619333,535.6203097195308,1492.9442126619333,535.6203097195308,35.56505361757741,7943.211786209426,0.016142046277183325,0.024364704288175516,69947946435.659,0.5301204819277109,0.464
2023-11-22,META,lstm,0.013294753395576887,-0.0009893254609778523,-0.014233576133847237,0.012163041159510612,1512.9250637453233,535.0906663664115,1512.9250637453233,535.0906663664115,35.06242202881104,8040.415334486034,0.016142046277183325,0.024364704288175516,69947946435.659,0.5301204819277109,0.464
2023-11-24,META,lstm,-0.009592197487534393,-0.0009408608893863857,-0.012614544481039047,0.011228732764720917,1498.4821680449993,534.5874445843274,1498.4821680449993,534.5874445843274,34.62290287068402,8131.207549612054,0.016142046277183325,0.024364704288175516,69947946435.659,0.5301204819277109,0.464
2023-11-27,META,lstm,-0.010491525231755651,-0.0013357955031096935,-0.01652856171131134,0.011237014085054398,1482.8429874513802,533.8738207978237,1482.8429874513802,533.8738207978237,34.05533973988169,8223.093810081667,0.016142046277183325,0.024364704288175516,69947946435.659,0.5301204819277109,0.464
2023-11-28,META,lstm,0.012735934923442344,-0.00016477692406624556,-0.013569407165050507,0.012892456725239754,1501.8491529791913,533.7858665603218,1501.8491529791913,533.7858665603218,33.596350634261164,8329.796109346025,0.016142046277183325,0.024364704288175516,69947946435.659,0.5301204819277109,0.464
2023-11-29,META,lstm,-0.020233345687058833,0.0004099322250112891,-0.009256258606910706,0.012233642861247063,1471.767076685248,534.0046978127896,1471.767076685248,534.0046978127896,33.28680841412507,8432.326203430099,0.016142046277183325,0.024364704288175516,69947946435.659,0.5301204819277109,0.464
2023-11-30,META,lstm,-0.015318471266103757,0.0005065638688392937,-0.010359120555222034,0.011544489301741123,1449.3936558152675,534.2752456755225,1449.3936558152675,534.2752456755225,32.943766447281334,8530.236830460555,0.016142046277183325,0.024364704288175516,69947946435.659,0.5301204819277109,0.464
2023-12-01,META,lstm,-0.007147557364117611,5.3760362789034843e-05,-0.011428404599428177,0.011371959000825882,1439.0709664709873,534.3039701237026,1439.0709664709873,534.3039701237026,32.5694156399518,8627.795613905622,0.016142046277183325,0.024364704288175516,69947946435.659,0.5301204819277109,0.464
2023-12-04,META,lstm,-0.014887745784404428,0.0011260221945121884,-0.009263923391699791,0.011392541229724884,1417.80513667762,534.9059420863499,1417.80513667762,534.9059420863499,32.269088610331465,8726.650149441783,0.016142046277183325,0.024364704288175516,69947946435.659,0.5301204819277109,0.464
2023-12-05,META,lstm,-0.005420515772025088,0.001740995910950005,-0.009695771150290966,0.014354581944644451,1410.1406929580096,535.8380061612806,1410.1406929580096,535.8380061612806,31.957726784721203,8852.820583210383,0.016142046277183325,0.024364704288175516,69947946435.659,0.5301204819277109,0.464
2023-12-06,META,lstm,-0.0026425796687167304,0.0016738595440983772,-0.010568558238446712,0.015133474953472614,1406.419203165068,536.7356677876893,1406.419203165068,536.7356677876893,31.6217587685075,8987.813145990856,0.016142046277183325,0.024364704288175516,69947946435.659,0.5301204819277109,0.464
2023-12-07,META,lstm,0.028385186291011916,-0.00024158753512892872,-0.013218378648161888,0.013575628399848938,1446.9126626199732,536.606004459665,1446.9126626199732,536.606004459665,31.206521435282944,9110.660189490787,0.016142046277183325,0.024364704288175516,69947946435.659,0.5301204819277109,0.464
2023-12-08,META,lstm,0.018685906914352568,-0.000270739255938679,-0.01281934417784214,0.011247038841247559,1474.2037229722016,536.4607321765725,1474.2037229722016,536.4607321765725,30.809027975657703,9213.707016661503,0.016142046277183325,0.024364704288175516,69947946435.659,0.5301204819277109,0.464
2023-12-11,META,lstm,-0.02270511114796101,-0.00018001656280830503,-0.013551775366067886,0.015199961140751839,1441.1088961948387,536.364166011413,1441.1088961948387,536.364166011413,30.394328042089533,9354.824241056858,0.016142046277183325,0.024364704288175516,69947946435.659,0.5301204819277109,0.464
2023-12-12,META,lstm,0.027113116300370613,0.00014096518862061203,-0.011662233620882034,0.011893874034285545,1480.716363910847,536.439806547768,1480.716363910847,536.439806547768,30.04192178626429,9466.753938361899,0.016142046277183325,0.024364704288175516,69947946435.659,0.5301204819277109,0.464
2023-12-13,META,lstm,0.0015546194840991609,-0.00035917721106670797,-0.012452561408281326,0.011384323239326477,1483.0201046767663,536.2471613654892,1483.0201046767663,536.2471613654892,29.670142346281438,9575.141994551439,0.016142046277183325,0.024364704288175516,69947946435.659,0.5301204819277109,0.464
2023-12-14,META,lstm,-0.004701171383982481,-0.0008021285175345838,-0.012986695393919945,0.011278567835688591,1476.0645354706667,535.8171974897969,1476.0645354706667,535.8171974897969,29.287316312809363,9683.747145174235,0.016142046277183325,0.024364704288175516,69947946435.659,0.5301204819277109,0.464
2023-12-15,META,lstm,0.005238826900846308,-0.00017409626161679626,-0.011059528216719627,0.011647474020719528,1483.817673006959,535.7239089469381,1483.817673006959,535.7239089469381,28.965196639918613,9797.197388431077,0.016142046277183325,0.024364704288175516,69947946435.659,0.5301204819277109,0.464
2023-12-18,META,lstm,0.028550609117673747,-0.00010399261373095214,-0.011141115799546242,0.012489447370171547,1526.7921256571587,535.6681882468462,1526.7921256571587,535.6681882468462,28.644282207427068,9920.326199775312,0.016142046277183325,0.024364704288175516,69947946435.659,0.5301204819277109,0.464
2023-12-19,META,lstm,0.01651880893894555,-0.00045193443656899035,-0.011473456397652626,0.011855050921440125,1552.2223735109221,535.4261716412955,1552.2223735109221,535.4261716412955,28.31751076307503,10038.631824820532,0.016142046277183325,0.024364704288175516,69947946435.659,0.5301204819277109,0.464
2023-12-20,META,lstm,-0.0030872661784920007,-0.0011242077453061938,-0.012594988569617271,0.00984722375869751,1547.4376395497081,534.8245948757917,1547.4376395497081,534.8245948757917,27.96308818306691,10137.973329832308,0.016142046277183325,0.024364704288175516,69947946435.659,0.5301204819277109,0.464
2023-12-21,META,lstm,0.013677218460053837,-0.0020216237753629684,-0.016952257603406906,0.012495157308876514,1568.7476810474272,533.7444715854808,1568.7476810474272,533.7444715854808,27.493045339608994,10265.4441494205,0.016142046277183325,0.024364704288175516,69947946435.659,0.5301204819277109,0.464
2023-12-22,META,lstm,-0.0019788033781617184,-0.0006474523106589913,-0.013082858175039291,0.01229153573513031,1565.6465071553034,533.3990071641521,1565.6465071553034,533.3990071641521,27.135700984089194,10392.400672276453,0.016142046277183325,0.024364704288175516,69947946435.659,0.5301204819277109,0.464
2023-12-26,META,lstm,0.004066459308231649,-0.002444442128762603,-0.0149297546595335,0.010262710973620415,1572.026107368926,532.0967317012594,1572.026107368926,532.0967317012594,26.733581178099733,10499.603870634763,0.016142046277183325,0.024364704288175516,69947946435.659,0.5301204819277109,0.464
2023-12-27,META,lstm,0.008419212061327733,-0.0022507160902023315,-0.015316041186451912,0.00921771302819252,1585.3172002882845,530.9004888605933,1585.3172002882845,530.9004888605933,26.327247767290753,10596.833318986,0.016142046277183325,0.024364704288175516,69947946435.659,0.5301204819277109,0.464
2023-12-28,META,lstm,0.0013684865813126668,-0.0005955201922915876,-0.012340138666331768,0.012873374857008457,1587.488170737159,530.5844272397178,1587.488170737159,530.5844272397178,26.00436220464165,10734.132453690347,0.016142046277183325,0.024364704288175516,69947946435.659,0.5301204819277109,0.464
2023-12-29,META,lstm,-0.012242574081261275,-0.0030513587407767773,-0.015536889433860779,0.010502036660909653,1568.1717120549501,528.9679002188844,1568.1717120549501,528.9679002188844,25.603458128030088,10847.457124286913,0.016142046277183325,0.024364704288175516,69947946435.659,0.5301204819277109,0.464
2023-01-03,META,gru,0.03591051461166234,0.001328116632066667,-0.03078785538673401,0.03117813542485237,552.6436341226546,533.8585515585146,552.6436341226546,533.8585515585146,516.9855890262988,550.0344906611281,0.01763825425779928,0.026200908733044596,192874566125.35144,0.5582329317269076,0.872
2023-01-04,META,gru,0.020864704192962772,-0.0013130131410434842,-0.030660729855298996,0.029479648917913437,564.295513881264,533.1580561870531,564.295513881264,533.1580561870531,501.37496379155385,566.4906602972806,0.01763825425779928,0.026200908733044596,192874566125.35144,0.5582329317269076,0.872
2023-01-05,META,gru,-0.0033817050543929095,-0.0037226697895675898,-0.03387066349387169,0.026815682649612427,562.3904558774494,531.1769722442405,562.3904558774494,531.1769722442405,484.6774230750909,581.8869738633116,0.01763825425779928,0.026200908733044596,192874566125.35144,0.5582329317269076,0.872
2023-01-06,META,gru,0.023973764525269475,-0.001135843456722796,-0.03087402880191803,0.026601295918226242,576.0359860535636,530.5739958364508,576.0359860535636,530.5739958364508,469.9421133265475,597.573615084763,0.01763825425779928,0.026200908733044596,192874566125.35144,0.5582329317269076,0.872
2023-01-09,META,gru,-0.0042391141373319206,-0.0012285022530704737,-0.028580470010638237,0.03267515450716019,573.5992721646156,529.9225907900927,573.5992721646156,529.9225907900927,456.7010758256336,617.4219076830828,0.01763825425779928,0.026200908733044596,192874566125.35144,0.5582329317269076,0.872
2023-01-10,META,gru,0.026824775231143117,-0.0008806900586932898,-0.028234368190169334,0.03450777381658554,589.1941734518883,529.456099404193,589.1941734518883,529.456099404193,443.98675452317184,639.0996624858296,0.01763825425779928,0.026200908733044596,192874566125.35144,0.5582329317269076,0.872
2023-01-11,META,gru,-0.0007522649796538671,-0.0024818526580929756,-0.03436248004436493,0.027451347559690475,588.7511099804452,528.1436950812158,588.7511099804452,528.1436950812158,428.9894206626049,656.8867995175328,0.01763825425779928,0.026200908733044596,192874566125.35144,0.5582329317269076,0.872
2023-01-12,META,gru,0.02834022930367732,-0.0027652326971292496,-0.02795376442372799,0.021260986104607582,605.6751340800525,526.6852666238711,605.6751340800525,526.6852666238711,417.1636102813659,671.00242090323,0.01763825425779928,0.026200908733044596,192874566125.35144,0.5582329317269076,0.872
2023-01-13,META,gru,0.00197295552517356,-0.00010010720870923251,-0.025590408593416214,0.029237713664770126,606.8712837693589,526.6325579645404,606.8712837693589,526.6325579645404,406.6236574311101,690.910582844291,0.01763825425779928,0.026200908733044596,192874566125.35144,0.5582329317269076,0.872
2023-01-17,META,gru,-0.011896998212347465,-0.004973447881639004,-0.034755151718854904,0.026852115988731384,599.6941152255434,524.019895190391,599.6941152255434,524.019895190391,392.73416156044203,709.7142936381557,0.01763825425779928,0.026200908733044596,192874566125.35144,0.5582329317269076,0.872
2023-01-18,META,gru,-0.017438375391800463,-0.003394970903173089,-0.02892109751701355,0.022621605545282364,589.3270789729223,522.2438663617513,589.3270789729223,522.2438663617513,381.5385378936271,725.9521039543365,0.01763825425779928,0.026200908733044596,192874566125.35144,0.5582329317269076,0.872
2023-01-19,META,gru,0.023257649315209312,0.0026887396816164255,-0.02652154676616192,0.030417220667004585,603.1940732827637,523.649925355303,603.1940732827637,523.649925355303,371.5525541740438,748.3727748437477,0.01763825425779928,0.026200908733044596,192874566125.35144,0.5582329317269076,0.872
2023-01-20,META,gru,0.02337505780610806,-0.0025515942834317684,-0.033537864685058594,0.02724640630185604,617.4598517577016,522.3154888845179,617.4598517577016,522.3154888845179,359.2981216222295,769.0436023131975,0.01763825425779928,0.026200908733044596,192874566125.35144,0.5582329317269076,0.872
2023-01-23,META,gru,0.027598759629795844,-0.004841257818043232,-0.03729139640927315,0.03024054691195488,634.7383131140646,519.7929215457028,634.7383131140646,519.7929215457028,346.14614219708943,792.6551417747347,0.01763825425779928,0.026200908733044596,192874566125.35144,0.5582329317269076,0.872
2023-01-24,META,gru,-0.0009078236798909378,-0.0018002087017521262,-0.027436595410108566,0.024826109409332275,634.1623441215875,518.85803750966,634.1623441215875,518.85803750966,336.7781786352641,812.5799780717754,0.01763825425779928,0.026200908733044596,192874566125.35144,0.5582329317269076,0.872
2023-01-25,META,gru,-0.011523450963140952,-0.0012637743493542075,-0.036692775785923004,0.03001047670841217,626.8965493630844,518.2027391003892,626.8965493630844,518.2027391003892,324.6448255100977,837.3355232535241,0.01763825425779928,0.026200908733044596,192874566125.35144,0.5582329317269076,0.872
2023-01-26,META,gru,0.04017162710326776,-0.0005278287571854889,-0.031034883111715317,0.028643906116485596,652.5926758609102,517.929293920375,652.5926758609102,517.929293920375,314.72425475317544,861.6669016111383,0.01763825425779928,0.026200908733044596,192874566125.35144,0.5582329317269076,0.872
2023-01-27,META,gru,0.02969722192452839,0.0010490365093573928,-0.029531147330999374,0.031544506549835205,672.2635041978801,518.4729320821498,672.2635041978801,518.4729320821498,305.56598501902954,889.2809749465385,0.01763825425779928,0.026200908733044596,192874566125.35144,0.5582329317269076,0.872
2023-01-30,META,gru,-0.031327915944442,-0.0017133617075160146,-0.03368210047483444,0.028318874537944794,651.5293640906435,517.5853556760088,651.5293640906435,517.5853556760088,295.44528250668424,914.8244297694744,0.01763825425779928,0.026200908733044596,192874566125.35144,0.5582329317269076,0.872
2023-01-31,META,gru,0.012904301419143427,-0.003510885639116168,-0.034485965967178345,0.027792980894446373,659.9913761404472,515.7713467895672,659.9913761404472,515.7713467895672,285.43024429736084,940.6068024305822,0.01763825425779928,0.026200908733044596,192874566125.35144,0.5582329317269076,0.872
2023-02-01,META,gru,0.027476944230057445,0.00011896980868186802,-0.0288151353597641,0.026105407625436783,678.377360971429,515.8327085559171,678.377360971429,515.8327085559171,277.322901387356,965.4849910242173,0.01763825425779928,0.026200908733044596,192874566125.35144,0.5582329317269076,0.872
2023-02-02,META,gru,0.20930746959795124,-0.004580925218760967,-0.039349496364593506,0.0263732448220253,836.3198890576713,513.4751340775674,836.3198890576713,513.4751340775674,266.62229606477973,991.2867085818654,0.01763825425779928,0.026200908733044596,192874566125.35144,0.5582329317269076,0.872
2023-02-03,META,gru,-0.011937287901599735,-0.00240177009254694,-0.03421810269355774,0.02877647429704666,826.3958486744988,512.2433543996268,826.3958486744988,512.2433543996268,257.6533055171666,1020.2268028404608,0.01763825425779928,0.026200908733044596,192874566125.35144,0.5582329317269076,0.872
2023-02-06,META,gru,-0.0025228882933936362,-0.0004832143022213131,-0.0337664932012558,0.033962421119213104,824.3135720423064,511.9958918654728,824.3135720423064,511.9958918654728,249.09850275141943,1055.4713327340903,0.01763825425779928,0.026200908733044596,192874566125.35144,0.5582329317269076,0.872
2023-02-07,META,gru,0.02944502952217399,-0.003942892886698246,-0.03846385329961777,0.03506597876548767,848.9463867698654,509.98110700624164,848.9463867698654,509.98110700624164,239.69914558469273,1093.1390386627263,0.01763825425779928,0.026200908733044596,192874566125.35144,0.5582329317269076,0.872
2023-02-08,META,gru,-0.04368113534395117,-0.004688877612352371,-0.03848988562822342,0.03243307024240494,812.6616922836971,507.5954706026772,812.6616922836971,507.5954706026772,230.6484441130318,1129.1740461494662,0.01763825425779928,0.026200908733044596,192874566125.35144,0.5582329317269076,0.872
2023-02-09,META,gru,-0.030499082626260023,-0.007812634110450745,-0.041416287422180176,0.027760004624724388,788.2504092918597,503.645250552833,788.2504092918597,503.645250552833,221.29094948024598,1160.9590416477984,0.01763825425779928,0.026200908733044596,192874566125.35144,0.5582329317269076,0.872
2023-02-10,META,gru,-0.02141703900622114,-0.0037865890190005302,-0.03474067151546478,0.03051191382110119,771.5479169279738,501.74176799368524,771.5479169279738,501.74176799368524,213.7351552016206,1196.9280334098569,0.01763825425779928,0.026200908733044596,192874566125.35144,0.5582329317269076,0.872
2023-02-13,META,gru,0.029868157140662082,-0.0037194443866610527,-0.03756275773048401,0.030190587043762207,794.9402350578855,499.8790341669732,794.9402350578855,499.8790341669732,205.85559299603185,1233.6150426278712,0.01763825425779928,0.026200908733044596,192874566125.35144,0.5582329317269076,0.872
2023-02-14,META,gru,0.00027863839791025943,-0.0045259143225848675,-0.03787103295326233,0.025923440232872963,795.1617667936071,497.6217266668776,795.1617667936071,497.6217266668776,198.20540218504772,1266.01273744996,0.01763825425779928,0.026200908733044596,192874566125.35144,0.5582329317269076,0.872
2023-02-15,META,gru,-0.013010457576924258,-0.005166647955775261,-0.04285753145813942,0.02944869175553322,784.8833567556735,495.05733342999224,784.8833567556735,495.05733342999224,189.89026275584064,1303.8495579770208,0.01763825425779928,0.026200908733044596,192874566125.35144,0.5582329317269076,0.872
2023-02-16,META,gru,-0.027003935689256846,-0.007227122783660889,-0.038420986384153366,0.0230787992477417,763.9720318210564,491.49238816845354,763.9720318210564,491.49238816845354,182.73287172331334,1334.2907153096558,0.01763825425779928,0.026200908733044596,192874566125.35144,0.5582329317269076,0.872
2023-02-17,META,gru,0.0025483764056330824,-0.0025849787052720785,-0.03975192829966545,0.034302305430173874,765.9214029322148,490.22352390582853,765.9214029322148,490.22352390582853,175.6113698894018,1380.8540543392617,0.01763825425779928,0.026200908733044596,192874566125.35144,0.5582329317269076,0.872
2023-02-21,META,gru,-0.004638244842378905,-0.002279482316225767,-0.03504663333296776,0.02795538678765297,762.3770979666537,489.1073352239159,762.3770979666537,489.1073352239159,169.56338045340323,1420.000931500847,0.01763825425779928,0.026200908733044596,192874566125.35144,0.5582329317269076,0.872
2023-02-22,META,gru,-0.0055944593604772865,-0.00459559028968215,-0.03522350266575813,0.024772528558969498,758.1239184875814,486.8647645462323,758.1239184875814,486.8647645462323,163.69472561374712,1455.617214439523,0.01763825425779928,0.026200908733044596,192874566125.35144,0.5582329317269076,0.872
2023-02-23,META,gru,0.005361932650784018,-0.0034552428405731916,-0.03178200125694275,0.026592837646603584,762.1998455372787,485.1854408098314,762.1998455372787,485.1854408098314,158.57398691972676,1494.8454067750247,0.01763825425779928,0.026200908733044596,192874566125.35144,0.5582329317269076,0.872
2023-02-24,META,gru,-0.009637045245436642,-0.005490573588758707,-0.03550882264971733,0.02649722620844841,754.8897714724292,482.5287976972581,754.8897714724292,482.5287976972581,153.04201221615858,1534.9841221011488,0.01763825425779928,0.026200908733044596,192874566125.35144,0.5582329317269076,0.872
2023-02-27,META,gru,-0.00500107606529418,-0.0036718209739774466,-0.0379512682557106,0.03170879930257797,751.1239347711464,480.7602864156244,751.1239347711464,480.7602864156244,147.34270509366073,1584.436562114849,0.01763825425779928,0.026200908733044596,192874566125.35144,0.5582329317269076,0.872
2023-02-28,META,gru,0.031354224367618304,-0.002386895939707756,-0.030667744576931,0.026603683829307556,775.0479425871887,479.61412188295986,775.0479425871887,479.61412188295986,142.8926209975861,1627.1541293438315,0.01763825425779928,0.026200908733044596,192874566125.35144,0.5582329317269076,0.872
2023-03-01,META,gru,-0.008726684556869901,-0.0033167963847517967,-0.033249206840991974,0.024265412241220474,768.3137699128218,478.02598694286695,768.3137699128218,478.02598694286695,138.21967426085263,1667.1206790112365,0.01763825425779928,0.026200908733044596,192874566125.35144,0.5582329317269076,0.872
2023-03-02,META,gru,0.006380252251997666,-0.004983240272849798,-0.03478803485631943,0.023572217673063278,773.2314769970643,475.6497921538701,773.2314769970643,475.6497921538701,133.4939601988508,1706.885223414947,0.01763825425779928,0.026200908733044596,192874566125.35144,0.5582329317269076,0.872
2023-03-03,META,gru,0.0596096245336819,-0.003858036594465375,-0.03205646201968193,0.024223048239946365,820.7249877703988,473.81826492833255,820.7249877703988,473.81826492833255,129.28248168539008,1748.7360818489997,0.01763825425779928,0.026200908733044596,192874566125.35144,0.5582329317269076,0.872
2023-03-06,META,gru,-0.0018911587929371873,-0.005053041968494654,-0.031017445027828217,0.01855435222387314,819.1743332223425,471.4300844269389,819.1743332223425,471.4300844269389,125.33401882164009,1781.4856084672795,0.01763825425779928,0.026200908733044596,192874566125.35144,0.5582329317269076,0.872
2023-03-07,META,gru,-0.0021114726011019157,-0.0009809754556044936,-0.029207486659288406,0.02614353969693184,817.4464938469056,470.96784892321625,817.4464938469056,470.96784892321625,121.72627283377231,1828.6741410821578,0.01763825425779928,0.026200908733044596,192874566125.35144,0.5582329317269076,0.872
2023-03-08,META,gru,0.0024900235837657255,-0.00428866408765316,-0.03176213800907135,0.02111634612083435,819.4844911727514,468.9523447050558,819.4844911727514,468.9523447050558,117.92074511934398,1867.6995961679752,0.01763825425779928,0.026200908733044596,192874566125.35144,0.5582329317269076,0.872
2023-03-09,META,gru,-0.01789170481436637,-0.004404754843562841,-0.03131939843297005,0.026422634720802307,804.9529016557454,466.8912674058474,804.9529016557454,466.8912674058474,114.28477460212927,1917.7068121921493,0.01763825425779928,0.026200908733044596,192874566125.35144,0.5582329317269076,0.872
2023-03-10,META,gru,-0.012071065469458915,-0.006311411969363689,-0.03763871267437935,0.0251304991543293,795.294672314641,463.9538169468584,795.294672314641,463.9538169468584,110.06318602881653,1966.5103762606566,0.01763825425779928,0.026200908733044596,192874566125.35144,0.5582329317269076,0.872
2023-03-13,META,gru,0.007713472579429548,-0.0006865885807201266,-0.032574404031038284,0.03036939725279808,801.4528759965308,463.63538341163166,801.4528759965308,463.63538341163166,106.53570534803775,2027.1482564042349,0.01763825425779928,0.026200908733044596,192874566125.35144,0.5582329317269076,0.872
2023-03-14,META,gru,0.07001690989233432,0.0005387224955484271,-0.029805049300193787,0.0316072441637516,859.5793016665491,463.885202205527,859.5793016665491,463.885202205527,103.40725862918394,2092.2440460237867,0.01763825425779928,0.026200908733044596,192874566125.35144,0.5582329317269076,0.872
2023-03-15,META,gru,0.01904233809390161,-0.007071969099342823,-0.04152805730700493,0.02195603772997856,876.1045416010599,460.6162043234256,876.1045416010599,460.6162043234256,99.20089879556811,2138.689345353355,0.01763825425779928,0.026200908733044596,192874566125.35144,0.5582329317269076,0.872
2023-03-16,META,gru,0.035664815024003524,-0.0023599329870194197,-0.032475546002388,0.026731932535767555,907.9145248724344,459.53047422278354,907.9145248724344,459.53047422278354,96.03104604755511,2196.6316940886595,0.01763825425779928,0.026200908733044596,192874566125.35144,0.5582329317269076,0.872
2023-03-17,META,gru,-0.046545537513251405,-0.003521861508488655,-0.03182760626077652,0.029542118310928345,866.6235646893306,457.91492096525366,866.6235646893306,457.91492096525366,93.02273782340079,2262.492874383056,0.01763825425779928,0.026200908733044596,192874566125.35144,0.5582329317269076,0.872
2023-03-20,META,gru,0.011184077527291001,-0.004964189603924751,-0.03215709701180458,0.024136554449796677,876.3703526431281,455.6473746858905,876.3703526431281,455.6473746858905,90.07898338546835,2317.7659276967515,0.01763825425779928,0.026200908733044596,192874566125.35144,0.5582329317269076,0.872
2023-03-21,META,gru,0.021752519509038233,-0.002116461517289281,-0.031649865210056305,0.0289740189909935,895.642464416996,454.6840284413477,895.642464416996,454.6840284413477,87.27263797071757,2385.9032518072013,0.01763825425779928,0.026200908733044596,192874566125.35144,0.5582329317269076,0.872
2023-03-22,META,gru,-0.011692578401442307,-0.004324436187744141,-0.03516707941889763,0.022677913308143616,885.2310812560339,452.7220312757267,885.2310812560339,452.7220312757267,84.2568523714382,2440.6288564224396,0.01763825425779928,0.026200908733044596,192874566125.35144,0.5582329317269076,0.872
2023-03-23,META,gru,0.022124693010403998,-0.003551669418811798,-0.028011273592710495,0.02413693070411682,905.034815114038,451.1169759946651,905.034815114038,451.1169759946651,81.9294606817505,2500.254963305293,0.01763825425779928,0.026200908733044596,192874566125.35144,0.5582329317269076,0.872
2023-03-24,META,gru,0.008433088832337723,-0.0032040560618042946,-0.031265441328287125,0.02737361565232277,912.6993264356431,449.67388811973655,912.6993264356431,449.67388811973655,79.40752884044872,2569.641249438528,0.01763825425779928,0.026200908733044596,192874566125.35144,0.5582329317269076,0.872
2023-03-27,META,gru,-0.01550721176350316,-0.0046286932192742825,-0.032271917909383774,0.024933185428380966,898.6550796964268,447.59729902236467,898.6550796964268,447.59729902236467,76.88580310890288,2634.516006057396,0.01763825425779928,0.026200908733044596,192874566125.35144,0.5582329317269076,0.872
2023-03-28,META,gru,-0.010705909753592929,-0.004159430507570505,-0.0343606173992157,0.02488899417221546,889.08547657001,445.73940863658083,889.08547657001,445.73940863658083,74.28883145109234,2700.909288678846,0.01763825425779928,0.026200908733044596,192874566125.35144,0.5582329317269076,0.872
2023-03-29,META,gru,0.02300430700602069,-0.0045617250725626945,-0.03368670493364334,0.024739257991313934,909.7753373709,443.71069210196146,909.7753373709,443.71069210196146,71.82796644155003,2768.561067865577,0.01763825425779928,0.026200908733044596,192874566125.35144,0.5582329317269076,0.872
2023-03-30,META,gru,0.012052665177371982,-0.0023142043501138687,-0.03479614853858948,0.0271424800157547,920.8069012286912,442.68504253349874,920.8069012286912,442.68504253349874,69.37161176684869,2844.735864188135,0.01763825425779928,0.026200908733044596,192874566125.35144,0.5582329317269076,0.872
2023-03-31,META,gru,0.019534691963576864,-0.003687892574816942,-0.029132582247257233,0.021784093230962753,938.971421925946,441.05546432804283,938.971421925946,441.05546432804283,67.37979100117195,2907.38571476617,0.01763825425779928,0.026200908733044596,192874566125.35144,0.5582329317269076,0.872
2023-04-03,META,gru,0.005317557325963907,-0.0029984386637806892,-0.03399188071489334,0.025699907913804054,943.977755224876,439.7349701546831,943.977755224876,439.7349701546831,65.1279164521817,2983.0738146006543,0.01763825425779928,0.026200908733044596,192874566125.35144,0.5582329317269076,0.872
2023-04-04,META,gru,0.0077140748764286445,-0.007986139506101608,-0.04119504988193512,0.019490886479616165,951.2878292897256,436.23716031322414,951.2878292897256,436.23716031322414,62.49947966516611,3041.78682183137,0.01763825425779928,0.026200908733044596,192874566125.35144,0.5582329317269076,0.872
2023-04-05,META,gru,-0.015204448303831867,-0.0066312761045992374,-0.04163346067070961,0.024233806878328323,936.9334246001001,433.3539290453849,936.9334246001001,433.3539290453849,59.950832350178786,3116.401288989099,0.01763825425779928,0.026200908733044596,192874566125.35144,0.5582329317269076,0.872
2023-04-06,META,gru,0.021610880592202845,-0.005834754090756178,-0.03807380050420761,0.024170082062482834,957.4017536652686,430.83277514247254,957.4017536652686,430.83277514247254,57.71118284945353,3192.642451018629,0.01763825425779928,0.026200908733044596,192874566125.35144,0.5582329317269076,0.872
2023-04-10,META,gru,-0.006266730892416054,-0.006671159993857145,-0.03727386146783829,0.022542305290699005,951.4207348107594,427.9681862321362,951.4207348107594,427.9681862321362,55.59966253045015,3265.429270737408,0.01763825425779928,0.026200908733044596,192874566125.35144,0.5582329317269076,0.872
2023-04-11,META,gru,-0.004199697650341029,-0.006616394035518169,-0.04101239889860153,0.026922933757305145,947.4334339757496,425.1459334705129,947.4334339757496,425.1459334705129,53.365514117911644,3354.538509848543,0.01763825425779928,0.026200908733044596,192874566125.35144,0.5582329317269076,0.872
2023-04-12,META,gru,0.0007011518078276807,-0.003741826629266143,-0.03422742336988449,0.027075784280896187,948.0979615809197,423.5580869415499,948.0979615809197,423.5580869415499,51.56985464393133,3446.606080017627,0.01763825425779928,0.026200908733044596,192874566125.35144,0.5582329317269076,0.872
2023-04-13,META,gru,0.029241203965330045,-0.0014333773870021105,-0.033535152673721313,0.030012063682079315,976.2308019676933,422.95139961110766,976.2308019676933,422.95139961110766,49.86912873893474,3551.6135316592467,0.01763825425779928,0.026200908733044596,192874566125.35144,0.5582329317269076,0.872
2023-04-14,META,gru,0.005160247552959403,-0.005457231309264898,-0.03444515913724899,0.02093196101486683,981.2814145729698,420.64953699005713,981.2814145729698,420.64953699005713,48.18062701989704,3626.739447266598,0.01763825425779928,0.026200908733044596,192874566125.35144,0.5582329317269076,0.872
2023-04-17,META,gru,-0.011945207761067828,-0.0031957391183823347,-0.03670307993888855,0.024964589625597,969.6295348143605,419.3073971669138,969.6295348143605,419.3073971669138,46.44430883315175,3718.4190926559963,0.01763825425779928,0.026200908733044596,192874566125.35144,0.5582329317269076,0.872
2023-04-18,META,gru,-0.004441913294077955,-0.00569109758362174,-0.03692222014069557,0.02382345125079155,965.3320760289415,416.92784520285363,965.3320760289415,416.92784520285363,44.76075268875126,3808.068253684168,0.01763825425779928,0.026200908733044596,192874566125.35144,0.5582329317269076,0.872
2023-04-19,META,gru,-0.010101806238043251,-0.003391670063138008,-0.03363042697310448,0.025918714702129364,955.6295673814906,415.5161686067728,955.6295673814906,415.5161686067728,43.28045999274706,3908.0586627996604,0.01763825425779928,0.026200908733044596,192874566125.35144,0.5582329317269076,0.872
2023-04-20,META,gru,-0.012267754654970901,-0.0030289406422525644,-0.03393219783902168,0.027806568890810013,943.9777552248756,414.259506572076,943.9777552248756,414.259506572076,41.836494670048694,4018.253456933482,0.01763825425779928,0.026200908733044596,192874566125.35144,0.5582329317269076,0.872
2023-04-21,META,gru,-0.0008451870713149859,-0.006270048674196005,-0.035574689507484436,0.02632008120417595,943.180254496677,411.6702019367491,943.180254496677,411.6702019367491,40.37433586138419,4125.418276577595,0.01763825425779928,0.026200908733044596,192874566125.35144,0.5582329317269076,0.872
2023-04-24,META,gru,-0.00046986519017201456,-0.005928258877247572,-0.03495462238788605,0.026778414845466614,942.7371910252339,409.2369450975299,942.7371910252339,409.2369450975299,38.98744702951397,4237.382708363163,0.01763825425779928,0.026200908733044596,192874566125.35144,0.5582329317269076,0.872
2023-04-25,META,gru,-0.02493344312772302,-0.0031192731112241745,-0.034947916865348816,0.03039546310901642,919.5221253246971,407.96241661686355,919.5221253246971,407.96241661686355,37.648449847067255,4368.157207465772,0.01763825425779928,0.026200908733044596,192874566125.35144,0.5582329317269076,0.872
2023-04-26,META,gru,0.008873980086025707,-0.002522094175219536,-0.03456474840641022,0.025362342596054077,927.7182587304382,406.9348032317686,927.7182587304382,406.9348032317686,36.369372741921836,4480.360929756276,0.01763825425779928,0.026200908733044596,192874566125.35144,0.5582329317269076,0.872
2023-04-27,META,gru,0.13037457149370174,-0.007252480834722519,-0.0331161692738533,0.022843902930617332,1056.9076981310832,403.99419927193367,1056.9076981310832,403.99419927193367,35.18468337124706,4583.887793862738,0.01763825425779928,0.026200908733044596,192874566125.35144,0.5582329317269076,0.872
2023-04-28,META,gru,0.007350558270212974,-0.004061263054609299,-0.03998616710305214,0.031299564987421036,1064.7051825757167,402.3567880616177,1064.7051825757167,402.3567880616177,33.805539974435405,4729.630434510235,0.01763825425779928,0.026200908733044596,192874566125.35144,0.5582329317269076,0.872
2023-05-01,META,gru,0.011830480697052236,-0.0029028949793428183,-0.02643369510769844,0.023127853870391846,1077.3759595942574,401.1904792224746,1077.3759595942574,401.1904792224746,32.92364121943511,4840.291141866182,0.01763825425779928,0.026200908733044596,192874566125.35144,0.5582329317269076,0.872
2023-05-02,META,gru,-0.016334624612514725,-0.00819738581776619,-0.04162374511361122,0.02697378769516945,1059.9203810125084,397.91521255322124,1059.9203810125084,397.91521255322124,31.581364179956694,4972.629004592548,0.01763825425779928,0.026200908733044596,192874566125.35144,0.5582329317269076,0.872
2023-05-03,META,gru,-0.009280544884491673,-0.005828984547406435,-0.03661976754665375,0.025629974901676178,1050.12924615037,395.6025098750138,1050.12924615037,395.6025098750138,30.44578056095688,5101.724817865877,0.01763825425779928,0.026200908733044596,192874566125.35144,0.5582329317269076,0.872
2023-05-04,META,gru,-0.014918965410988097,-0.005471558775752783,-0.027776405215263367,0.02090352028608322,1034.5786917714383,393.44385476968955,1034.5786917714383,393.44385476968955,29.611743504137998,5209.4912473558925,0.01763825425779928,0.026200908733044596,192874566125.35144,0.5582329317269076,0.872
2023-05-05,META,gru,-0.0031739485719596556,-0.006359409540891647,-0.03719889372587204,0.02806188352406025,1031.3001978479451,390.9497150283862,1031.3001978479451,390.9497150283862,28.530454879660816,5357.74977647613,0.01763825425779928,0.026200908733044596,192874566125.35144,0.5582329317269076,0.872
2023-05-08,META,gru,0.0021028030061731517,-0.004497251007705927,-0.03672543913125992,0.026053467765450478,1033.471100694825,389.1954623295614,1033.471100694825,389.1954623295614,27.501667778727747,5499.171855861226,0.01763825425779928,0.026200908733044596,192874566125.35144,0.5582329317269076,0.872
2023-05-09,META,gru,0.00042855668775808743,-0.006003763526678085,-0.033813148736953735,0.023363998159766197,1033.9140965642737,386.8658175121825,1033.9140965642737,386.8658175121825,26.587295406181028,5629.167235290736,0.01763825425779928,0.026200908733044596,192874566125.35144,0.5582329317269076,0.872
2023-05-10,META,gru,-0.0012434058329609233,-0.007421612739562988,-0.041236795485019684,0.02571117877960205,1032.6293206602797,384.0052794312614,1032.6293206602797,384.0052794312614,25.51321863248648,5775.776684585762,0.01763825425779928,0.026200908733044596,192874566125.35144,0.5582329317269076,0.872
2023-05-11,META,gru,0.011559799778249315,-0.006542881019413471,-0.039171621203422546,0.023885533213615417,1044.6355700736503,381.50098016978603,1044.6355700736503,381.50098016978603,24.533144690327266,5915.394657501761,0.01763825425779928,0.026200908733044596,192874566125.35144,0.5582329317269076,0.872
2023-05-12,META,gru,-0.008432740627920578,-0.007521600928157568,-0.0384671725332737,0.026137780398130417,1035.863467675432,378.6422496017952,1035.863467675432,378.6422496017952,23.60734442841814,6072.048171787327,0.01763825425779928,0.026200908733044596,192874566125.35144,0.5582329317269076,0.872
2023-05-15,META,gru,0.021368799514441376,-0.007890402339398861,-0.04046020656824112,0.02580144815146923,1058.236820943418,375.66636792106857,1058.236820943418,375.66636792106857,22.671250766526093,6230.754708307478,0.01763825425779928,0.026200908733044596,192874566125.35144,0.5582329317269076,0.872
2023-05-16,META,gru,-0.00016744802194753702,-0.008184620179235935,-0.03813888132572174,0.027857698500156403,1058.0596361160374,372.6042237521525,1058.0596361160374,372.6042237521525,21.8228755670152,6406.769684271517,0.01763825425779928,0.026200908733044596,192874566125.35144,0.5582329317269076,0.872
2023-05-17,META,gru,0.015250334293417262,-0.00719046127051115,-0.03325654938817024,0.01711961254477501,1074.3190650084803,369.93464224901874,1074.3190650084803,369.93464224901874,21.10905676745752,6517.395304361047,0.01763825425779928,0.026200908733044596,192874566125.35144,0.5582329317269076,0.872
2023-05-18,META,gru,0.017820394363457167,-0.0074613140895962715,-0.03895961865782738,0.024447012692689896,1093.6354560886946,367.1847206307095,1093.6354560886946,367.1847206307095,20.30247017546096,6678.689923774253,0.01763825425779928,0.026200908733044596,192874566125.35144,0.5582329317269076,0.872
2023-05-19,META,gru,-0.004913842454018332,-0.0037182136438786983,-0.037065841257572174,0.02711053192615509,1088.274685533009,365.8219941431879,1088.274685533009,365.8219941431879,19.563717608421527,6862.229122188063,0.01763825425779928,0.026200908733044596,192874566125.35144,0.5582329317269076,0.872
2023-05-22,META,gru,0.010851219513477135,-0.007278319448232651,-0.03903147950768471,0.022439908236265182,1100.1480970273399,363.16908292350644,1100.1480970273399,363.16908292350644,18.814826460982733,7017.958038538988,0.01763825425779928,0.026200908733044596,192874566125.35144,0.5582329317269076,0.872
2023-05-23,META,gru,-0.006383093583651838,-0.010747377760708332,-0.041549865156412125,0.021946754306554794,1093.148113310905,359.2868582238901,1093.148113310905,359.2868582238901,18.049090713992847,7173.682167426352,0.01763825425779928,0.026200908733044596,192874566125.35144,0.5582329317269076,0.872
2023-05-24,META,gru,0.00996076855340692,-0.010043347254395485,-0.0387854129076004,0.018470341339707375,1104.0911185560033,355.6964772272823,1104.0911185560033,355.6964772272823,17.362450907688345,7307.4135823812685,0.01763825425779928,0.026200908733044596,192874566125.35144,0.5582329317269076,0.872
2023-05-25,META,gru,0.013867509197356978,-0.009250062517821789,-0.03849814459681511,0.024459052830934525,1119.508767413901,352.4214277006097,1119.508767413901,352.4214277006097,16.706731624061266,7488.349555662612,0.01763825425779928,0.026200908733044596,192874566125.35144,0.5582329317269076,0.872
2023-05-26,META,gru,0.03633374581585476,-0.012007752433419228,-0.046169787645339966,0.017442509531974792,1160.9327007200334,348.21494339833316,1160.9327007200334,348.21494339833316,15.952920891766363,7620.111031596988,0.01763825425779928,0.026200908733044596,192874566125.35144,0.5582329317269076,0.872
2023-05-30,META,gru,0.00183003128312893,-0.008245556615293026,-0.042584359645843506,0.02630174346268177,1163.059189056578,345.35551639107257,1163.059189056578,345.35551639107257,15.287837092116582,7823.192074655131,0.01763825425779928,0.026200908733044596,192874566125.35144,0.5582329317269076,0.872
2023-05-31,META,gru,0.008345440468624917,-0.0072115580551326275,-0.035713307559490204,0.02251250669360161,1172.80604461237,342.8739166859412,1172.80604461237,342.8739166859412,14.751492143770651,8001.308808008077,0.01763825425779928,0.026200908733044596,192874566125.35144,0.5582329317269076,0.872
2023-06-01,META,gru,0.029369480416664775,-0.010463745333254337,-0.04202432185411453,0.02637380361557007,1207.7615486842092,339.3048816214655,1207.7615486842092,339.3048816214655,14.144415872074006,8215.141354779325,0.01763825425779928,0.026200908733044596,192874566125.35144,0.5582329317269076,0.872
2023-06-02,META,gru,0.0,-0.010706689208745956,-0.04084915295243263,0.020954005420207977,1207.7615486842092,335.69143328776653,1207.7615486842092,335.69143328776653,13.57827051083467,8389.097193901633,0.01763825425779928,0.026200908733044596,192874566125.35144,0.5582329317269076,0.872
2023-06-05,META,gru,-0.004485193927573282,-0.007259411737322807,-0.03659406304359436,0.022321557626128197,1202.356634026166,333.2633291963406,1202.356634026166,333.2633291963406,13.090367941112365,8578.460236239487,0.01763825425779928,0.026200908733044596,192874566125.35144,0.5582329317269076,0.872
2023-06-06,META,gru,-0.0009954454247351834,-0.007818099111318588,-0.04716215282678604,0.026864826679229736,1201.1603491328708,330.66799274265554,1201.1603491328708,330.66799274265554,12.487330067325983,8812.042713563516,0.01763825425779928,0.026200908733044596,192874566125.35144,0.5582329317269076,0.872
2023-06-07,META,gru,-0.02812868350620049,-0.010222595185041428,-0.04230392724275589,0.02175050415098667,1167.844058221781,327.30492752339285,1167.844058221781,327.30492752339285,11.970084973166294,9005.8085134114,0.01763825425779928,0.026200908733044596,192874566125.35144,0.5582329317269076,0.872
2023-06-08,META,gru,0.0037107865002894234,-0.013137226924300194,-0.04407017305493355,0.023328181356191635,1172.185728711552,323.03316256220023,1172.185728711552,323.03316256220023,11.454016640213695,9218.36690610049,0.01763825425779928,0.026200908733044596,192874566125.35144,0.5582329317269076,0.872
2023-06-09,META,gru,0.0013975627286306705,-0.011121825315058231,-0.04641882702708244,0.025951649993658066,1173.8250770762902,319.4603581939499,1173.8250770762902,319.4603581939499,10.934486011123038,9460.73040483671,0.01763825425779928,0.026200908733044596,192874566125.35144,0.5582329317269076,0.872
2023-06-12,META,gru,0.022762085658527685,-0.008348673582077026,-0.041753996163606644,0.0265948586165905,1200.8501911824617,316.8043985518779,1200.8501911824617,316.8043985518779,10.487327536747467,9715.712894784781,0.01763825425779928,0.026200908733044596,192874566125.35144,0.5582329317269076,0.872
2023-06-13,META,gru,0.0009957024023804417,-0.007154992315918207,-0.04105948656797409,0.02848607301712036,1202.0464760757568,314.5457635244939,1202.0464760757568,314.5457635244939,10.065443852958163,9996.455567124622,0.01763825425779928,0.026200908733044596,192874566125.35144,0.5582329317269076,0.872
2023-06-14,META,gru,0.007454084596941602,-0.009563258849084377,-0.038954928517341614,0.024159826338291168,1211.0401102096966,311.552020848737,1211.0401102096966,311.552020848737,9.680884293740245,10240.908867691547,0.01763825425779928,0.026200908733044596,192874566125.35144,0.5582329317269076,0.872
2023-06-15,META,gru,0.030550956965085935,-0.0123634934425354,-0.046564556658267975,0.02263813465833664,1248.6095129978644,307.72386330496306,1248.6095129978644,307.72386330496306,9.240432521897286,10475.387685202126,0.01763825425779928,0.026200908733044596,192874566125.35144,0.5582329317269076,0.872
2023-06-16,META,gru,-0.0029493353009219397,-0.009192966856062412,-0.04304300993680954,0.025577396154403687,1244.9323701132635,304.90792448425776,1244.9323701132635,304.90792448425776,8.851134812696907,10746.776466758522,0.01763825425779928,0.026200908733044596,192874566125.35144,0.5582329317269076,0.872
2023-06-20,META,gru,0.011780818865798584,-0.006403228733688593,-0.04475358501076698,0.03370274230837822,1259.6854237639966,302.96176934782767,1259.6854237639966,302.96176934782767,8.463747940631198,11115.144599459722,0.01763825425779928,0.026200908733044596,192874566125.35144,0.5582329317269076,0.872
2023-06-21,META,gru,-0.009505776537402014,-0.006287757772952318,-0.03859483078122139,0.0312792994081974,1247.767868167308,301.06279757178226,1247.767868167308,301.06279757178226,8.14331417561117,11468.313718353607,0.01763825425779928,0.026200908733044596,192874566125.35144,0.5582329317269076,0.872
2023-06-22,META,gru,0.011438344447272182,-0.006758236791938543,-0.04060718044638634,0.023657385259866714,1262.122205254939,299.03500593750834,1262.122205254939,299.03500593750834,7.819261331776119,11742.859303581341,0.01763825425779928,0.026200908733044596,192874566125.35144,0.5582329317269076,0.872
2023-06-23,META,gru,0.013423977308982855,-0.007388027384877205,-0.041390933096408844,0.026019372045993805,1279.1791348755803,296.83386428067763,1279.1791348755803,296.83386428067763,7.502221561788096,12052.411284155502,0.01763825425779928,0.026200908733044596,192874566125.35144,0.5582329317269076,0.872
2023-06-26,META,gru,-0.036181695397846075,-0.009339744225144386,-0.04297928139567375,0.025368940085172653,1233.7235538260973,294.07442590648395,1233.7235538260973,294.07442590648395,7.1866122573811335,12362.07890825912,0.01763825425779928,0.026200908733044596,192874566125.35144,0.5582329317269076,0.872
2023-06-27,META,gru,0.03034603606729244,-0.006719307508319616,-0.028876084834337234,0.019247066229581833,1271.7360200857079,292.1050798615936,1271.7360200857079,292.1050798615936,6.982058384372406,12602.317348727956,0.01763825425779928,0.026200908733044596,192874566125.35144,0.5582329317269076,0.872
2023-06-28,META,gru,-0.006150137354673777,-0.007545778062194586,-0.04265786334872246,0.025328513234853745,1263.9386708450631,289.9092098926295,1263.9386708450631,289.9092098926295,6.690482024752143,12925.592635722654,0.01763825425779928,0.026200908733044596,192874566125.35144,0.5582329317269076,0.872
2023-06-29,META,gru,-0.013267227231714421,-0.006733544636517763,-0.03756546229124069,0.026937169954180717,1247.2804577875238,287.9636446778155,1247.2804577875238,287.9636446778155,6.443813106151076,13278.502920112553,0.01763825425779928,0.026200908733044596,192874566125.35144,0.5582329317269076,0.872
2023-06-30,META,gru,0.019173555701361058,-0.0032096165232360363,-0.029450275003910065,0.024664271622896194,1271.4259973392877,287.04087528239444,1271.4259973392877,287.04087528239444,6.2568081990532125,13610.080526752632,0.01763825425779928,0.026200908733044596,192874566125.35144,0.5582329317269076,0.872
2023-07-03,META,gru,-0.003350865169076572,-0.012294056825339794,-0.0399143286049366,0.01585625484585762,1267.172750258221,283.5335878808217,1267.172750258221,283.5335878808217,6.0119902816600606,13827.605379074112,0.01763825425779928,0.026200908733044596,192874566125.35144,0.5582329317269076,0.872
2023-07-05,META,gru,0.02877576286735829,-0.008492950350046158,-0.04611240327358246,0.028351306915283203,1304.1663192579006,281.13574290365324,1304.1663192579006,281.13574290365324,5.741057516877436,14225.245496862359,0.01763825425779928,0.026200908733044596,192874566125.35144,0.5582329317269076,0.872
2023-07-06,META,gru,-0.008117941239653424,-0.009503698907792568,-0.040610041469335556,0.020339418202638626,1293.6220305759043,278.47657519422035,1293.6220305759043,278.47657519422035,5.512583342283681,14517.54055526921,0.01763825425779928,0.026200908733044596,192874566125.35144,0.5582329317269076,0.872
2023-07-07,META,gru,-0.005012684679371449,-0.006305277813225985,-0.041103556752204895,0.035222746431827545,1287.1537365456,276.72623045243597,1287.1537365456,276.72623045243597,5.290590128662081,15038.000273840978,0.01763825425779928,0.026200908733044596,192874566125.35144,0.5582329317269076,0.872
2023-07-10,META,gru,0.012213029331074024,-0.007735016290098429,-0.03925548493862152,0.02591581456363201,1302.970169568594,274.59401277479407,1302.970169568594,274.59401277479407,5.0869291549036895,15432.815974170577,0.01763825425779928,0.026200908733044596,192874566125.35144,0.5582329317269076,0.872
2023-07-11,META,gru,0.014146329993301298,-0.006931822281330824,-0.03727499768137932,0.026289481669664383,1321.5334068289508,272.6971502017346,1321.5334068289508,272.6971502017346,4.900804279113808,15843.917644333282,0.01763825425779928,0.026200908733044596,192874566125.35144,0.5582329317269076,0.872
2023-07-12,META,gru,0.03637478746508443,-0.007795389741659164,-0.035245977342128754,0.02370087429881096,1370.4888783336596,270.5796419131317,1370.4888783336596,270.5796419131317,4.731079200155922,16223.917458211663,0.01763825425779928,0.026200908733044596,192874566125.35144,0.5582329317269076,0.872
2023-07-13,META,gru,0.013071265430717145,-0.00927605852484703,-0.04519684985280037,0.023907441645860672,1388.5204935098802,268.0813322657005,1388.5204935098802,268.0813322657005,4.522009475729772,16616.464094642983,0.01763825425779928,0.026200908733044596,192874566125.35144,0.5582329317269076,0.872
2023-07-14,META,gru,-0.014591788611360337,-0.011912197805941105,-0.04299898445606232,0.019941171631217003,1368.4066017014673,264.9068376344958,1368.4066017014673,264.9068376344958,4.331688883985827,16951.14233214111,0.01763825425779928,0.026200908733044596,192874566125.35144,0.5582329317269076,0.872
2023-07-17,META,gru,0.0056498238314060195,-0.005083417519927025,-0.035346727818250656,0.022382140159606934,1376.15973923776,263.56362552047585,1376.15973923776,263.56362552047585,4.181252352869338,17334.82306878875,0.01763825425779928,0.026200908733044596,192874566125.35144,0.5582329317269076,0.872
2023-07-18,META,gru,0.0045931078389241774,-0.008436433970928192,-0.040009863674640656,0.021413730457425117,1382.4951277470304,261.34943365461544,1382.4951277470304,261.34943365461544,4.017263488927604,17710.028246448004,0.01763825425779928,0.026200908733044596,192874566125.35144,0.5582329317269076,0.872
2023-07-19,META,gru,0.012610497297499955,-0.008341427892446518,-0.03591487556695938,0.01964017190039158,1400.0394677474558,259.17847141202157,1400.0394677474558,259.17847141202157,3.8755440541562636,18061.293905744576,0.01763825425779928,0.026200908733044596,192874566125.35144,0.5582329317269076,0.872
2023-07-20,META,gru,-0.043626534886930926,-0.006838515400886536,-0.036249082535505295,0.020748568698763847,1340.273761314694,257.4121195678747,1340.273761314694,257.4121195678747,3.7375748913262803,18439.955032740058,0.01763825425779928,0.026200908733044596,192874566125.35144,0.5582329317269076,0.872
2023-07-21,META,gru,-0.02768359121492621,-0.007221387233585119,-0.0460042729973793,0.03284782916307449,1303.6790440821055,255.5599483703414,1303.6790440821055,255.5599483703414,3.569525644898972,19055.72531591889,0.01763825425779928,0.026200908733044596,192874566125.35144,0.5582329317269076,0.872
2023-07-24,META,gru,-0.009046520590533243,-0.0038889064453542233,-0.03770889714360237,0.028862688690423965,1291.9384705068142,254.56803453207527,1291.9384705068142,254.56803453207527,3.4374289396605064,19613.73955391335,0.01763825425779928,0.026200908733044596,192874566125.35144,0.5582329317269076,0.872
2023-07-25,META,gru,0.009759891609726528,-0.007498964201658964,-0.03878655284643173,0.023746632039546967,1304.6093827293437,252.66618073128467,1304.6093827293437,252.66618073128467,3.306655476162451,20085.073497277448,0.01763825425779928,0.026200908733044596,192874566125.35144,0.5582329317269076,0.872
2023-07-26,META,gru,0.013827301258038794,-0.0032126200385391712,-0.03538195416331291,0.029084566980600357,1322.7739034265985,251.85576781668001,1322.7739034265985,251.85576781668001,3.1917051002077526,20677.817962763616,0.01763825425779928,0.026200908733044596,192874566125.35144,0.5582329317269076,0.872
2023-07-27,META,gru,0.04306880524177901,-0.005243947729468346,-0.035989560186862946,0.032657258212566376,1380.9888201073154,250.53849969721693,1380.9888201073154,250.53849969721693,3.0788795777629074,21364.24563299314,0.01763825425779928,0.026200908733044596,192874566125.35144,0.5582329317269076,0.872
2023-07-28,META,gru,0.0432278086068163,-0.006403201725333929,-0.041556358337402344,0.027554839849472046,1441.9950231377245,248.9393717346231,1441.9950231377245,248.9393717346231,2.953554624552004,21961.12010499063,0.01763825425779928,0.026200908733044596,192874566125.35144,0.5582329317269076,0.872
2023-07-31,META,gru,-0.02136463294944255,-0.010259974747896194,-0.04339464753866196,0.023267490789294243,1411.5140950766904,246.39831467443855,1411.5140950766904,246.39831467443855,2.828127258241098,22478.09054718229,0.01763825425779928,0.026200908733044596,192874566125.35144,0.5582329317269076,0.872
2023-08-01,META,gru,0.01281764400013612,-0.008460203185677528,-0.04341978579759598,0.028493089601397514,1429.7228274782972,244.32252702313303,1429.7228274782972,244.32252702313303,2.7079582612383404,23127.772287420612,0.01763825425779928,0.026200908733044596,192874566125.35144,0.5582329317269076,0.872
2023-08-02,META,gru,-0.026374308367910923,-0.006492422893643379,-0.03995828330516815,0.02683657966554165,1392.5077943448905,242.7414193230262,1392.5077943448905,242.7414193230262,2.601886172373625,23756.844557223714,0.01763825425779928,0.026200908733044596,192874566125.35144,0.5582329317269076,0.872
2023-08-03,META,gru,-0.00356970934346578,-0.006791476625949144,-0.03955654054880142,0.027105458080768585,1387.5458079543014,241.0984325120651,1387.5458079543014,241.0984325120651,2.500973618047181,24409.592168205276,0.01763825425779928,0.026200908733044596,192874566125.35144,0.5582329317269076,0.872
2023-08-04,META,gru,-0.007885639664241122,-0.007372593507170677,-0.04414481297135353,0.027554553002119064,1376.647149617544,239.32744455271063,1376.647149617544,239.32744455271063,2.3929699776457993,25091.53882745509,0.01763825425779928,0.026200908733044596,192874566125.35144,0.5582329317269076,0.872
2023-08-07,META,gru,0.018588386107101135,-0.00785002950578928,-0.03581782057881355,0.01786314696073532,1402.4761140344092,237.45607267902838,1402.4761140344092,237.45607267902838,2.308775802930843,25543.77894046781,0.01763825425779928,0.026200908733044596,192874566125.35144,0.5582329317269076,0.872
2023-08-08,META,gru,-0.012460373656440768,-0.010944012552499771,-0.044791050255298615,0.01881498098373413,1385.1091616673477,234.87151896190124,1385.1091616673477,234.87151896190124,2.207645100896355,26028.935491288754,0.01763825425779928,0.026200908733044596,192874566125.35144,0.5582329317269076,0.872
2023-08-09,META,gru,-0.02405237943202157,-0.006744254846125841,-0.03286443650722504,0.02367674745619297,1352.1914521153712,233.2928168505489,1352.1914521153712,233.2928168505489,2.1362713286049693,26652.57002036875,0.01763825425779928,0.026200908733044596,192874566125.35144,0.5582329317269076,0.872
2023-08-10,META,gru,0.0017349993555362978,-0.0056272163055837154,-0.04758262634277344,0.03157298266887665,1354.5395397896316,231.98371294739962,1354.5395397896316,231.98371294739962,2.0370023942226263,27507.496950857192,0.01763825425779928,0.026200908733044596,192874566125.35144,0.5582329317269076,0.872
2023-08-11,META,gru,-0.01350073373484674,-0.00930612999945879,-0.03625664860010147,0.020544735714793205,1336.3751542963657,229.83485267892502,1336.3751542963657,229.83485267892502,1.9644704043928085,28078.475520730888,0.01763825425779928,0.026200908733044596,192874566125.35144,0.5582329317269076,0.872
2023-08-14,META,gru,0.014971530373486095,-0.007142390124499798,-0.04023655876517296,0.02623220905661583,1356.5332578091309,228.19912414598954,1356.5332578091309,228.19912414598954,1.8869959536639551,28824.780645195962,0.01763825425779928,0.026200908733044596,192874566125.35144,0.5582329317269076,0.872
2023-08-15,META,gru,-0.013944351089344414,-0.005920827388763428,-0.040909525007009506,0.02860582247376442,1337.748556415047,226.85198182787985,1337.748556415047,226.85198182787985,1.8113575995504299,29661.243465117786,0.01763825425779928,0.026200908733044596,192874566125.35144,0.5582329317269076,0.872
2023-08-16,META,gru,-0.02569577641644834,-0.010473836213350296,-0.03680472820997238,0.01871313713490963,1303.811949603139,224.48836794322685,1303.811949603139,224.48836794322685,1.7459029726997626,30221.523827874662,0.01763825425779928,0.026200908733044596,192874566125.35144,0.5582329317269076,0.872
2023-08-17,META,gru,-0.03176079771890425,-0.006464130710810423,-0.03793386369943619,0.02676486410200596,1263.052543902177,223.04193055011808,1263.052543902177,223.04193055011808,1.6809145302808377,31041.322320077485,0.01763825425779928,0.026200908733044596,192874566125.35144,0.5582329317269076,0.872
2023-08-18,META,gru,-0.0064750071377676945,-0.0061680651269853115,-0.03809567540884018,0.02115785889327526,1254.9006898027822,221.67043377000437,1254.9006898027822,221.67043377000437,1.6180833812749085,31705.08777824244,0.01763825425779928,0.026200908733044596,192874566125.35144,0.5582329317269076,0.872
2023-08-21,META,gru,0.023206114965628237,-0.0061531816609203815,-0.03894786536693573,0.02889782004058361,1284.362585399896,220.3106471187582,1284.362585399896,220.3106471187582,1.556274009149369,32634.662104992593,0.01763825425779928,0.026200908733044596,192874566125.35144,0.5582329317269076,0.872
2023-08-22,META,gru,-0.007965367804614697,-0.005921321455389261,-0.04361215978860855,0.025428080931305885,1274.17280157665,219.00996829355185,1274.17280157665,219.00996829355185,1.48986026559617,33475.13826454429,0.01763825425779928,0.026200908733044596,192874566125.35144,0.5582329317269076,0.872
2023-08-23,META,gru,0.022825080597562775,-0.006268823519349098,-0.0396290048956871,0.028288478031754494,1303.590350265423,217.64133352627167,1303.590350265423,217.64133352627167,1.4319731416351793,34435.61913976875,0.01763825425779928,0.026200908733044596,192874566125.35144,0.5582329317269076,0.872
2023-08-24,META,gru,-0.02578497165721214,-0.007631916552782059,-0.043880850076675415,0.026237674057483673,1270.4069648753673,215.98663465978848,1270.4069648753673,215.98663465978848,1.3704956226918108,35351.08537974084,0.01763825425779928,0.026200908733044596,192874566125.35144,0.5582329317269076,0.872
2023-08-25,META,gru,-0.004368726913415148,-0.00482407258823514,-0.03284337371587753,0.026604104787111282,1264.8690094923013,214.94720351206817,1264.8690094923013,214.94720351206817,1.3262150601603069,36304.193324119675,0.01763825425779928,0.026200908733044596,192874566125.35144,0.5582329317269076,0.872
2023-08-28,META,gru,0.016535077590556387,-0.007204608526080847,-0.03862202912569046,0.024637706577777863,1285.9575868562936,213.40415690387107,1285.9575868562936,213.40415690387107,1.2759704404394954,37209.75457143493,0.01763825425779928,0.026200908733044596,192874566125.35144,0.5582329317269076,0.872
2023-08-29,META,gru,0.02628278943709912,-0.006186005659401417,-0.03837728127837181,0.029313404113054276,1320.2042164146217,212.08810734654867,1320.2042164146217,212.08810734654867,1.2279298630140958,38316.6423573759,0.01763825425779928,0.026200908733044596,192874566125.35144,0.5582329317269076,0.872
2023-08-30,META,gru,-0.009745593491954538,-0.005906599573791027,-0.03533843904733658,0.024470921605825424,1307.400533875047,210.83908287441525,1307.400533875047,210.83908287441525,1.1852945235565833,39265.85146711663,0.01763825425779928,0.026200908733044596,192874566125.35144,0.5582329317269076,0.872
2023-08-31,META,gru,0.0026735105086068667,-0.004639235325157642,-0.03956765681505203,0.026191281154751778,1310.9005595342614,209.86321850559227,1310.9005595342614,209.86321850559227,1.1393109585580254,40307.86111412198,0.01763825425779928,0.026200908733044596,192874566125.35144,0.5582329317269076,0.872
2023-09-01,META,gru,0.0016546180964975832,-0.010191339068114758,-0.038600578904151917,0.016587557271122932,1313.071394779147,207.73529265944114,1313.071394779147,207.73529265944114,1.0961709004790714,40982.04627921005,0.01763825425779928,0.026200908733044596,192874566125.35144,0.5582329317269076,0.872
2023-09-05,META,gru,0.01263989812609692,-0.007327010855078697,-0.03964747115969658,0.02391969785094261,1329.7738195410384,206.21877149321529,1329.7738195410384,206.21877149321529,1.0535607373490663,41974.142477055,0.01763825425779928,0.026200908733044596,192874566125.35144,0.5582329317269076,0.872
2023-09-06,META,gru,-0.003270310786143319,-0.007200824096798897,-0.042786408215761185,0.02475259080529213,1325.4321490512673,204.73915825838137,1325.4321490512673,204.73915825838137,1.0094333940846667,43026.0769514152,0.01763825425779928,0.026200908733044596,192874566125.35144,0.5582329317269076,0.872
2023-09-07,META,gru,-0.0016726886595684958,-0.008393404074013233,-0.039571478962898254,0.02724808268249035,1323.216966898041,203.02788700673779,1323.216966898041,203.02788700673779,0.9702686407442732,44214.57335592881,0.01763825425779928,0.026200908733044596,192874566125.35144,0.5582329317269076,0.872
2023-09-08,META,gru,-0.002614989898980362,-0.009089854545891285,-0.04026813060045242,0.02411908656358719,1319.7612881471673,201.19076059944948,1319.7612881471673,201.19076059944948,0.9319739138499499,45293.95165143313,0.01763825425779928,0.026200908733044596,192874566125.35144,0.5582329317269076,0.872
2023-09-11,META,gru,0.03194584220772136,-0.007729778066277504,-0.04148169979453087,0.02504071220755577,1362.602835276333,199.64159849667394,1362.602835276333,199.64159849667394,0.8941049410233111,46442.465345460165,0.01763825425779928,0.026200908733044596,192874566125.35144,0.5582329317269076,0.872
2023-09-12,META,gru,-0.019369614746032802,-0.012297132983803749,-0.04854269325733185,0.0206010565161705,1336.4637129090588,197.20161617251802,1336.4637129090588,197.20161617251802,0.8517392908513224,47409.15487804707,0.01763825425779928,0.026200908733044596,192874566125.35144,0.5582329317269076,0.872
2023-09-13,META,gru,0.011207903088787347,-0.007938677445054054,-0.039153262972831726,0.023108115419745445,1351.526924510201,195.64228947584328,1351.526924510201,195.64228947584328,0.8190353498616956,48517.44722999566,0.01763825425779928,0.026200908733044596,192874566125.35144,0.5582329317269076,0.872
2023-09-14,META,gru,0.021596882322633744,-0.008451326750218868,-0.03615601360797882,0.01886231265962124,1381.0331670156559,193.99582285494068,1381.0331670156559,193.99582285494068,0.7899512552118858,49441.28248920043,0.01763825425779928,0.026200908733044596,192874566125.35144,0.5582329317269076,0.872
2023-09-15,META,gru,-0.03729008655285397,-0.009634727612137794,-0.046908438205718994,0.02128617651760578,1330.4826940545497,192.13569778824137,1330.4826940545497,192.13569778824137,0.7537515469866355,50504.97690157951,0.01763825425779928,0.026200908733044596,192874566125.35144,0.5582329317269076,0.872
2023-09-18,META,gru,0.00743124638264567,-0.007367415819317102,-0.03888506814837456,0.019566074013710022,1340.4066668357277,190.72535036717224,1340.4066668357277,190.72535036717224,0.7250044072729928,51502.88965557671,0.01763825425779928,0.026200908733044596,192874566125.35144,0.5582329317269076,0.872
2023-09-19,META,gru,0.00829476975830111,-0.010239938274025917,-0.045901186764240265,0.022795913740992546,1351.571271418542,188.78230048272732,1351.571271418542,188.78230048272732,0.6924780696316888,52690.4277933656,0.01763825425779928,0.026200908733044596,192874566125.35144,0.5582329317269076,0.872
2023-09-20,META,gru,-0.01785936845890651,-0.009977178648114204,-0.044589564204216,0.02573741413652897,1327.647331204494,186.90815082514996,1327.647331204494,186.90815082514996,0.6622790758274502,54064.14255387085,0.01763825425779928,0.026200908733044596,192874566125.35144,0.5582329317269076,0.872
2023-09-21,META,gru,-0.013235000981876523,-0.009623195976018906,-0.044817592948675156,0.023702021688222885,1310.1916850207506,185.11812475396022,1310.1916850207506,185.11812475396022,0.6332526225492074,55360.87898619954,0.01763825425779928,0.026200908733044596,192874566125.35144,0.5582329317269076,0.872
2023-09-22,META,gru,0.011264138196221391,-0.010999955236911774,-0.03907310962677002,0.015622271224856377,1325.0332972841768,183.09299583728134,1325.0332972841768,183.09299583728134,0.6089866431384163,56232.531848598075,0.01763825425779928,0.026200908733044596,192874566125.35144,0.5582329317269076,0.872
2023-09-25,META,gru,0.005834225274589501,-0.0065623982809484005,-0.03961756080389023,0.027074135839939117,1332.7864348204691,181.89540386628974,1332.7864348204691,181.89540386628974,0.585331753219424,57775.77773451725,0.01763825425779928,0.026200908733044596,192874566125.35144,0.5582329317269076,0.872
2023-09-26,META,gru,-0.006235519914435023,-0.007873089984059334,-0.037402503192424774,0.02482060343027115,1324.5016752000404,180.46894680173935,1324.5016752000404,180.46894680173935,0.5638432337032595,59227.75383816639,0.01763825425779928,0.026200908733044596,192874566125.35144,0.5582329317269076,0.872
2023-09-27,META,gru,-0.004089166945330044,-0.005592539440840483,-0.037296079099178314,0.02970919758081436,1319.0966253380084,179.4624879823795,1319.0966253380084,179.4624879823795,0.54320139931664,61013.76340678551,0.01763825425779928,0.026200908733044596,192874566125.35144,0.5582329317269076,0.872
2023-09-28,META,gru,0.020675496039848987,-0.010355748236179352,-0.042574986815452576,0.020909378305077553,1346.653496732305,177.61361065536494,1346.653496732305,177.61361065536494,0.5205599996863719,62302.953046182476,0.01763825425779928,0.026200908733044596,192874566125.35144,0.5582329317269076,0.872
2023-09-29,META,gru,-0.012413884382263951,-0.011289600282907486,-0.04448772221803665,0.02028709650039673,1330.0396305831066,175.61969937284564,1330.0396305831066,175.61969937284564,0.4979090585808247,63579.80363710216,0.01763825425779928,0.026200908733044596,192874566125.35144,0.5582329317269076,0.872
2023-10-02,META,gru,0.021779078980688184,-0.00871828943490982,-0.04365573823451996,0.023649536073207855,1359.3244089548346,174.09524956670583,1359.3244089548346,174.09524956670583,0.4766400950371815,65101.356338092824,0.01763825425779928,0.026200908733044596,192874566125.35144,0.5582329317269076,0.872
2023-10-03,META,gru,-0.019350362844680006,-0.012091284617781639,-0.04869626462459564,0.018760085105895996,1333.2738452002534,172.00288550362876,1333.2738452002534,172.00288550362876,0.4539855639526396,66334.18794286493,0.01763825425779928,0.026200908733044596,192874566125.35144,0.5582329317269076,0.872
2023-10-04,META,gru,0.015300648739436849,-0.0070228432305157185,-0.03991873934864998,0.030317191034555435,1353.8306652761207,170.7991678671707,1353.8306652761207,170.7991678671707,0.43621998483366764,68376.04633835689,0.01763825425779928,0.026200908733044596,192874566125.35144,0.5582329317269076,0.872
2023-10-05,META,gru,-0.0025885232719963904,-0.011514485813677311,-0.04251258075237274,0.01712060533463955,1350.330774820895,168.84378334033673,1350.330774820895,168.84378334033673,0.41806382602344305,69556.76812108206,0.01763825425779928,0.026200908733044596,192874566125.35144,0.5582329317269076,0.872
2023-10-06,META,gru,0.03431372118635882,-0.01302416529506445,-0.040038399398326874,0.015888718888163567,1397.4697807354796,166.65899686486188,1397.4697807354796,166.65899686486188,0.4016558855716497,70670.76489388384,0.01763825425779928,0.026200908733044596,192874566125.35144,0.5582329317269076,0.872
2023-10-09,META,gru,0.009246007828335439,-0.011823090724647045,-0.04291466623544693,0.01601981744170189,1410.4507157044293,164.70017042722293,1410.4507157044293,164.70017042722293,0.38478358693737663,71812.01333905077,0.01763825425779928,0.026200908733044596,192874566125.35144,0.5582329317269076,0.872
2023-10-10,META,gru,0.010871744337400274,-0.010496036149561405,-0.03867017477750778,0.01696743443608284,1425.8684321643213,162.98051545262834,1425.8684321643213,162.98051545262834,0.3701879611776901,73040.87883029724,0.01763825425779928,0.026200908733044596,192874566125.35144,0.5582329317269076,0.872
2023-10-11,META,gru,0.018410183340541803,-0.011908178217709064,-0.047423385083675385,0.02424110472202301,1452.3620593903458,161.0512267464802,1452.3620593903458,161.0512267464802,0.35304217088085554,74833.10660553187,0.01763825425779928,0.026200908733044596,192874566125.35144,0.5582329317269076,0.872
2023-10-12,META,gru,-0.011227467245863655,-0.01034991629421711,-0.03812636435031891,0.018628425896167755,1436.1469098042496,159.3929589941443,1436.1469098042496,159.3929589941443,0.3398353188599233,76240.19354272063,0.01763825425779928,0.026200908733044596,192874566125.35144,0.5582329317269076,0.872
2023-10-13,META,gru,-0.029649197328815307,-0.011866101995110512,-0.045716024935245514,0.019911743700504303,1394.1913544139811,157.51276002926377,1394.1913544139811,157.51276002926377,0.32464916787660986,77773.48465512191,0.01763825425779928,0.026200908733044596,192874566125.35144,0.5582329317269076,0.872
2023-10-16,META,gru,0.020320249669883956,-0.00987918395549059,-0.04030127823352814,0.023991413414478302,1422.8114699765501,155.96432541419614,1422.8114699765501,155.96432541419614,0.3118255263647029,79661.94166043584,0.01763825425779928,0.026200908733044596,192874566125.35144,0.5582329317269076,0.872
2023-10-17,META,gru,0.008835231093714502,-0.009566282853484154,-0.04191848263144493,0.02328147366642952,1435.4380352907388,154.47944367348245,1435.4380352907388,154.47944367348245,0.29902445131131505,81538.34392558943,0.01763825425779928,0.026200908733044596,192874566125.35144,0.5582329317269076,0.872
2023-10-18,META,gru,-0.02193637976624525,-0.010262828320264816,-0.042507655918598175,0.022424258291721344,1404.2925796245345,152.9021567636214,1404.2925796245345,152.9021567636214,0.28657999346608437,83387.4330450234,0.01763825425779928,0.026200908733044596,192874566125.35144,0.5582329317269076,0.872
2023-10-19,META,gru,-0.013211166361230393,-0.012176276184618473,-0.04957815632224083,0.020208675414323807,1385.862247885212,151.05166986400292,1385.862247885212,151.05166986400292,0.2727183401811937,85089.7235497962,0.01763825425779928,0.026200908733044596,192874566125.35144,0.5582329317269076,0.872
2023-10-20,META,gru,-0.01338804059982554,-0.008138020522892475,-0.05087605491280556,0.03177590295672417,1367.431916145889,149.82739910201016,1367.431916145889,149.82739910201016,0.2591905500422427,87836.94458662765,0.01763825425779928,0.026200908733044596,192874566125.35144,0.5582329317269076,0.872
2023-10-23,META,gru,0.017216934569599638,-0.011809051036834717,-0.041364796459674835,0.018219389021396637,1391.178739134551,148.0684836256681,1391.178739134551,148.0684836256681,0.24868789856272022,89451.94662096554,0.01763825425779928,0.026200908733044596,192874566125.35144,0.5582329317269076,0.872
2023-10-24,META,gru,-0.004660446313058197,-0.00874369777739048,-0.0380106084048748,0.02110918238759041,1384.710309900258,146.77946509148776,1384.710309900258,146.77946509148776,0.2394125241264472,91360.27645534824,0.01763825425779928,0.026200908733044596,192874566125.35144,0.5582329317269076,0.872
2023-10-25,META,gru,-0.04254984191292604,-0.009993382729589939,-0.042484309524297714,0.026897888630628586,1327.0270153036772,145.31994814640268,1327.0270153036772,145.31994814640268,0.22945427862037515,93851.02492097988,0.01763825425779928,0.026200908733044596,192874566125.35144,0.5582329317269076,0.872
2023-10-26,META,gru,-0.038039534180183444,-0.009873460046947002,-0.039581820368766785,0.020145848393440247,1277.495574806491,143.89219825436075,1277.495574806491,143.89219825436075,0.2205494555723627,95760.90253276429,0.01763825425779928,0.026200908733044596,192874566125.35144,0.5582329317269076,0.872
2023-10-27,META,gru,0.02864763021606084,-0.007128521800041199,-0.037208329886198044,0.024376027286052704,1314.6220493272046,142.87011108816046,1314.6220493272046,142.87011108816046,0.21249397628813055,98123.86099486754,0.01763825425779928,0.026200908733044596,192874566125.35144,0.5582329317269076,0.872
2023-10-30,META,gru,0.01978740391410603,-0.005603328347206116,-0.037030525505542755,0.028090527281165123,1340.894077215513,142.0718047086062,1340.894077215513,142.0718047086062,0.20476912112765785,100919.28765259364,0.01763825425779928,0.026200908733044596,192874566125.35144,0.5582329317269076,0.872
2023-10-31,META,gru,-0.004603239182708277,-0.005839264951646328,-0.03810882940888405,0.027777742594480515,1334.7358059316289,141.24462837877047,1334.7358059316289,141.24462837877047,0.19711242662446168,103761.89420238328,0.01763825425779928,0.026200908733044596,192874566125.35144,0.5582329317269076,0.872
2023-11-01,META,gru,0.0345154863681725,-0.0043282643891870975,-0.03954729437828064,0.028300711885094643,1381.6091360081343,140.63460794822362,1381.6091360081343,140.63460794822362,0.18946929300930107,106740.37946650134,0.01763825425779928,0.026200908733044596,192874566125.35144,0.5582329317269076,0.872
2023-11-02,META,gru,-0.0031475198916943933,-0.009879144839942455,-0.04543862119317055,0.02286713197827339,1377.2673303143745,139.25209458877873,1377.2673303143745,139.25209458877873,0.1810527387723573,109209.34166488082,0.01763825425779928,0.026200908733044596,192874566125.35144,0.5582329317269076,0.872
2023-11-03,META,gru,0.011927207372656673,-0.008551177568733692,-0.03757761791348457,0.025965433567762375,1393.7926378508798,138.06640445590503,1393.7926378508798,138.06640445590503,0.17437545685248113,112082.14113146963,0.01763825425779928,0.026200908733044596,192874566125.35144,0.5582329317269076,0.872
2023-11-06,META,gru,0.0038070531421771636,-0.007663490250706673,-0.039628539234399796,0.024098742753267288,1399.10899389623,137.01237480348135,1399.10899389623,137.01237480348135,0.16760034509218824,114815.98289602819,0.01763825425779928,0.026200908733044596,192874566125.35144,0.5582329317269076,0.872
2023-11-07,META,gru,0.009517640011165878,-0.007853342220187187,-0.04177907854318619,0.02493925392627716,1412.4887806322704,135.940585474335,1412.4887806322704,135.940585474335,0.16074241547475906,117715.41013744453,0.01763825425779928,0.026200908733044596,192874566125.35144,0.5582329317269076,0.872
2023-11-08,META,gru,0.0030065523615561145,-0.006408315151929855,-0.037924814969301224,0.027254212647676468,1416.7418925093482,135.07222015405276,1416.7418925093482,135.07222015405276,0.15476043528308692,120967.77130298539,0.01763825425779928,0.026200908733044596,192874566125.35144,0.5582329317269076,0.872
2023-11-09,META,gru,0.002404976811792944,-0.008395261131227016,-0.039241645485162735,0.02816542610526085,1420.153224351881,133.94299647362763,1420.153224351881,133.94299647362763,0.14880499795514823,124423.30816130807,0.01763825425779928,0.026200908733044596,192874566125.35144,0.5582329317269076,0.872
2023-11-10,META,gru,0.02532015237520873,-0.009710695594549179,-0.03902069851756096,0.01998383179306984,1456.5708243590832,132.64861139696956,1456.5708243590832,132.64861139696956,0.14311034648603077,126934.7770257248,0.01763825425779928,0.026200908733044596,192874566125.35144,0.5582329317269076,0.872
2023-11-13,META,gru,0.0012767143602677854,-0.010708220303058624,-0.04715977609157562,0.022418661043047905,1458.4316368575485,131.23575623302622,1458.4316368575485,131.23575623302622,0.13651796372662042,129812.61928139314,0.01763825425779928,0.026200908733044596,192874566125.35144,0.5582329317269076,0.872
2023-11-14,META,gru,0.021398247312860063,-0.009220019914209843,-0.043825119733810425,0.020405448973178864,1489.975809086855,130.03132365219872,1489.975809086855,130.03132365219872,0.13066425263799433,132488.71952085718,0.01763825425779928,0.026200908733044596,192874566125.35144,0.5582329317269076,0.872
2023-11-15,META,gru,-0.01076213240164347,-0.014035020023584366,-0.05150648206472397,0.022078340873122215,1474.0264705428267,128.219077554774,1474.0264705428267,128.219077554774,0.12410458194540912,135446.37740042346,0.01763825425779928,0.026200908733044596,192874566125.35144,0.5582329317269076,0.872
2023-11-16,META,gru,0.004438486818346435,-0.010154335759580135,-0.03967508301138878,0.020131032913923264,1480.5834583898131,126.92368948642842,1480.5834583898131,126.92368948642842,0.11927711862818977,138200.6900821099,0.01763825425779928,0.026200908733044596,192874566125.35144,0.5582329317269076,0.872
2023-11-17,META,gru,0.0025402523695708702,-0.011409793980419636,-0.04503939300775528,0.022031180560588837,1484.3492950910957,125.48374412923815,1484.3492950910957,125.48374412923815,0.11402413009927961,141279.20529585256,0.01763825425779928,0.026200908733044596,192874566125.35144,0.5582329317269076,0.872
2023-11-20,META,gru,0.01460742882739106,-0.012895984575152397,-0.04582226276397705,0.023031167685985565,1506.1909586729512,123.87589450296747,1506.1909586729512,123.87589450296747,0.10891718304014948,144570.782296736,0.01763825425779928,0.026200908733044596,192874566125.35144,0.5582329317269076,0.872
2023-11-21,META,gru,-0.008833768001193305,-0.012170243076980114,-0.047429218888282776,0.022150956094264984,1492.9442126619333,122.37743412611444,1492.9442126619333,122.37743412611444,0.10387191609087927,147808.8951892387,0.01763825425779928,0.026200908733044596,192874566125.35144,0.5582329317269076,0.872
2023-11-22,META,gru,0.013294753395576887,-0.014638069085776806,-0.044476572424173355,0.01350960973650217,1512.9250637453233,120.59911457013779,1512.9250637453233,120.59911457013779,0.09935328278583036,149819.2887736703,0.01763825425779928,0.026200908733044596,192874566125.35144,0.5582329317269076,0.872
2023-11-24,META,gru,-0.009592197487534393,-0.012432762421667576,-0.04369133710861206,0.01544950157403946,1498.4821680449993,119.10901549446687,1498.4821680449993,119.10901549446687,0.09510587063281416,152151.8924702042,0.01763825425779928,0.026200908733044596,192874566125.35144,0.5582329317269076,0.872
2023-11-27,META,gru,-0.010491525231755651,-0.016617797315120697,-0.05370806157588959,0.02252809889614582,1482.8429874513802,117.1460387135055,1482.8429874513802,117.1460387135055,0.09013266348581736,155618.48410215022,0.01763825425779928,0.026200908733044596,192874566125.35144,0.5582329317269076,0.872
2023-11-28,META,gru,0.012735934923442344,-0.011841075494885445,-0.043228741735219955,0.018669698387384415,1501.8491529791913,115.76708203562215,1501.8491529791913,115.76708203562215,0.08631936006255866,158551.12709140472,0.01763825425779928,0.026200908733044596,192874566125.35144,0.5582329317269076,0.872
2023-11-29,META,gru,-0.020233345687058833,-0.007571522146463394,-0.04251958429813385,0.025327980518341064,1471.767076685248,114.89386156420866,1471.767076685248,114.89386156420866,0.08272603174734765,162618.194181383,0.01763825425779928,0.026200908733044596,192874566125.35144,0.5582329317269076,0.872
2023-11-30,META,gru,-0.015318471266103757,-0.007760253734886646,-0.04238508641719818,0.021961422637104988,1449.3936558152675,114.00570379750974,1449.3936558152675,114.00570379750974,0.07929295302630714,166229.03346735289,0.01763825425779928,0.026200908733044596,192874566125.35144,0.5582329317269076,0.872
2023-12-01,META,gru,-0.007147557364117611,-0.009408088400959969,-0.04165332764387131,0.026909835636615753,1439.0709664709873,112.93816016736916,1439.0709664709873,112.93816016736916,0.07605797736426788,170762.96437536096,0.01763825425779928,0.026200908733044596,192874566125.35144,0.5582329317269076,0.872
2023-12-04,META,gru,-0.014887745784404428,-0.005133273079991341,-0.041581518948078156,0.030623815953731537,1417.80513667762,112.35990565264294,1417.80513667762,112.35990565264294,0.07296022211580357,176073.27100809175,0.01763825425779928,0.026200908733044596,192874566125.35144,0.5582329317269076,0.872
2023-12-05,META,gru,-0.005420515772025088,-0.008190042339265347,-0.03567412123084068,0.022866908460855484,1410.1406929580096,111.44343111425492,1410.1406929580096,111.44343111425492,0.07040330736451979,180145.919166194,0.01763825425779928,0.026200908733044596,192874566125.35144,0.5582329317269076,0.872
2023-12-06,META,gru,-0.0026425796687167304,-0.009560023434460163,-0.04367151856422424,0.02161986194550991,1406.419203165068,110.3831080466468,1406.419203165068,110.3831080466468,0.0673948583876957,184083.0505818394,0.01763825425779928,0.026200908733044596,192874566125.35144,0.5582329317269076,0.872
2023-12-07,META,gru,0.028385186291011916,-0.007229945156723261,-0.03780537471175194,0.025409895926713943,1446.9126626199732,109.58792171646986,1446.9126626199732,109.58792171646986,0.0648945320933096,188820.51946521795,0.01763825425779928,0.026200908733044596,192874566125.35144,0.5582329317269076,0.872
2023-12-08,META,gru,0.018685906914352568,-0.006621663458645344,-0.034848012030124664,0.02147679030895233,1474.2037229722016,108.86466511537598,1474.2037229722016,108.86466511537598,0.06267203612414701,192919.64007966212,0.01763825425779928,0.026200908733044596,192874566125.35144,0.5582329317269076,0.872
2023-12-11,META,gru,-0.02270511114796101,-0.010233731009066105,-0.05633406341075897,0.024709552526474,1441.1088961948387,107.75625449673232,1441.1088961948387,107.75625449673232,0.05923907077410973,197745.98416282324,0.01763825425779928,0.026200908733044596,192874566125.35144,0.5582329317269076,0.872
2023-12-12,META,gru,0.027113116300370613,-0.009023670107126236,-0.03874455392360687,0.021813010796904564,1480.716363910847,106.78827191419556,1480.716363910847,106.78827191419556,0.056987774963699486,202106.80628685918,0.01763825425779928,0.026200908733044596,192874566125.35144,0.5582329317269076,0.872
2023-12-13,META,gru,0.0015546194840991609,-0.006609960924834013,-0.04258016124367714,0.029674846678972244,1483.0201046767663,106.08473358680274,1483.0201046767663,106.08473358680274,0.054612162285059176,208194.16998096005,0.01763825425779928,0.026200908733044596,192874566125.35144,0.5582329317269076,0.872
2023-12-14,META,gru,-0.004701171383982481,-0.008854350075125694,-0.04245659336447716,0.022764507681131363,1476.0645354706667,105.14956605015341,1476.0645354706667,105.14956605015341,0.052342048202685405,212987.97230362578,0.01763825425779928,0.026200908733044596,192874566125.35144,0.5582329317269076,0.872
2023-12-15,META,gru,0.005238826900846308,-0.005633943248540163,-0.03955497965216637,0.025689024478197098,1483.817673006959,104.55882575703069,1483.817673006959,104.55882575703069,0.050312072063498005,218530.31085493744,0.01763825425779928,0.026200908733044596,192874566125.35144,0.5582329317269076,0.872
2023-12-18,META,gru,0.028550609117673747,-0.004931991454213858,-0.03879633918404579,0.03172103688120842,1526.7921256571587,104.04441442461349,1526.7921256571587,104.04441442461349,0.048397526994310186,225573.44284692607,0.01763825425779928,0.026200908733044596,192874566125.35144,0.5582329317269076,0.872
2023-12-19,META,gru,0.01651880893894555,-0.009362837299704552,-0.0382082462310791,0.019250817596912384,1552.2223735109221,103.07481135394468,1552.2223735109221,103.07481135394468,0.04658322436879154,229957.9844780378,0.01763825425779928,0.026200908733044596,192874566125.35144,0.5582329317269076,0.872
2023-12-20,META,gru,-0.0030872661784920007,-0.01088812854140997,-0.043343063443899155,0.019595880061388016,1547.4376395497081,101.95860483455509,1547.4376395497081,101.95860483455509,0.044607295886005385,234508.64595814364,0.01763825425779928,0.026200908733044596,192874566125.35144,0.5582329317269076,0.872
2023-12-21,META,gru,0.013677218460053837,-0.012365804053843021,-0.04794999957084656,0.021778380498290062,1568.7476810474272,100.70556995103105,1568.7476810474272,100.70556995103105,0.0425188467768672,239671.8792212301,0.01763825425779928,0.026200908733044596,192874566125.35144,0.5582329317269076,0.872
2023-12-22,META,gru,-0.0019788033781617184,-0.006833398714661598,-0.044154874980449677,0.029616663232445717,1565.6465071553034,100.01975205998434,1565.6465071553034,100.01975205998434,0.04068227774399468,246876.31429802318,0.01763825425779928,0.026200908733044596,192874566125.35144,0.5582329317269076,0.872
2023-12-26,META,gru,0.004066459308231649,-0.013208997435867786,-0.04203116148710251,0.018278634175658226,1572.026107368926,98.7072787345374,1572.026107368926,98.7072787345374,0.03900779085292342,251430.36362624363,0.01763825425779928,0.026200908733044596,192874566125.35144,0.5582329317269076,0.872
2023-12-27,META,gru,0.008419212061327733,-0.012137260288000107,-0.05038750544190407,0.02671482041478157,1585.3172002882845,97.51648197132045,1585.3172002882845,97.51648197132045,0.03709098380271947,258237.79391584502,0.01763825425779928,0.026200908733044596,192874566125.35144,0.5582329317269076,0.872
2023-12-28,META,gru,0.0013684865813126668,-0.009645421989262104,-0.039340827614068985,0.024477612227201462,1587.488170737159,96.58041833364234,1587.488170737159,96.58041833364234,0.0356601241724997,264636.8431392567,0.01763825425779928,0.026200908733044596,192874566125.35144,0.5582329317269076,0.872
2023-12-29,META,gru,-0.012242574081261275,-0.011024348437786102,-0.04021953418850899,0.015306598506867886,1568.1717120549501,95.5215301778764,1568.1717120549501,95.5215301778764,0.034254350756609,268718.6999260973,0.01763825425779928,0.026200908733044596,192874566125.35144,0.5582329317269076,0.872
2023-01-03,META,transformer,0.03591051461166234,0.003536994569003582,-0.019589800387620926,0.02659904956817627,552.6436341226546,535.0391123504232,552.6436341226546,535.0391123504232,522.8073585304082,547.5215963090159,0.01603066474183223,0.02424642100150513,19283058885.948215,0.6385542168674698,0.768
2023-01-04,META,transformer,0.020864704192962772,0.002078407444059849,-0.02022792026400566,0.027143608778715134,564.295513881264,536.1522931818379,564.295513881264,536.1522931818379,512.3382892065993,562.5868782692245,0.01603066474183223,0.02424642100150513,19283058885.948215,0.6385542168674698,0.768
2023-01-05,META,transformer,-0.0033817050543929095,0.0051178098656237125,-0.015904147177934647,0.028512872755527496,562.3904558774494,538.9032300298632,562.3904558774494,538.9032300298632,504.2544298282672,578.8587321843137,0.01603066474183223,0.02424642100150513,19283058885.948215,0.6385542168674698,0.768
2023-01-06,META,transformer,0.023973764525269475,0.004626640118658543,-0.020331885665655136,0.026886750012636185,576.0359860535636,541.4023186213662,576.0359860535636,541.4023186213662,494.1055121048945,594.6334905107009,0.01603066474183223,0.02424642100150513,19283058885.948215,0.6385542168674698,0.768
2023-01-09,META,transformer,-0.0042391141373319206,0.004061137791723013,-0.01783638447523117,0.025454655289649963,573.5992721646156,543.6055269427919,573.5992721646156,543.6055269427919,485.3705859975943,609.963970250933,0.01603066474183223,0.02424642100150513,19283058885.948215,0.6385542168674698,0.768
2023-01-10,META,transformer,0.026824775231143117,0.005477230530232191,-0.01571597158908844,0.02900199592113495,589.1941734518883,546.5911228649411,589.1941734518883,546.5911228649411,477.80214832401094,627.9131933034911,0.01603066474183223,0.02424642100150513,19283058885.948215,0.6385542168674698,0.768
2023-01-11,META,transformer,-0.0007522649796538671,0.00192881072871387,-0.021923568099737167,0.022891297936439514,588.7511099804452,547.6464338087736,588.7511099804452,547.6464338087736,467.44100671444045,642.452731517753,0.01603066474183223,0.02424642100150513,19283058885.948215,0.6385542168674698,0.768
2023-01-12,META,transformer,0.02834022930367732,0.005917804781347513,-0.0139290951192379,0.028333745896816254,605.6751340800525,550.8968858853166,605.6751340800525,550.8968858853166,460.9751245401139,660.9161648447484,0.01603066474183223,0.02424642100150513,19283058885.948215,0.6385542168674698,0.768
2023-01-13,META,transformer,0.00197295552517356,0.0016674166545271873,-0.021326180547475815,0.02595316246151924,606.8712837693589,551.81622858264,606.8712837693589,551.81622858264,451.24836415639186,678.2935807681439,0.01603066474183223,0.02424642100150513,19283058885.948215,0.6385542168674698,0.768
2023-01-17,META,transformer,-0.011896998212347465,0.002583974041044712,-0.0162205770611763,0.023432128131389618,599.6941152255434,553.2439528755331,599.6941152255434,553.2439528755331,443.98789646802567,694.3751214143979,0.01603066474183223,0.02424642100150513,19283058885.948215,0.6385542168674698,0.768
2023-01-18,META,transformer,-0.017438375391800463,0.0029243030585348606,-0.020973317325115204,0.02804648131132126,589.3270789729223,554.864191202356,589.3270789729223,554.864191202356,434.77295726541115,714.1255494168265,0.01603066474183223,0.02424642100150513,19283058885.948215,0.6385542168674698,0.768
2023-01-19,META,transformer,0.023257649315209312,0.004696050193160772,-0.01518166158348322,0.02538314461708069,603.1940732827637,557.4759913310324,603.1940732827637,557.4759913310324,428.2222412417595,732.4843456985798,0.01603066474183223,0.02424642100150513,19283058885.948215,0.6385542168674698,0.768
2023-01-20,META,transformer,0.02337505780610806,0.003621478099375963,-0.021547172218561172,0.025710787624120712,617.4598517577016,559.4985228785989,617.4598517577016,559.4985228785989,419.09395313683814,751.5612634592084,0.01603066474183223,0.02424642100150513,19283058885.948215,0.6385542168674698,0.768
2023-01-23,META,transformer,0.027598759629795844,0.0008784422534517944,-0.0190281979739666,0.02218475565314293,634.7383131140646,559.9902162692856,634.7383131140646,559.9902162692856,411.1947445882424,768.4208004642145,0.01603066474183223,0.02424642100150513,19283058885.948215,0.6385542168674698,0.768
2023-01-24,META,transformer,-0.0009078236798909378,0.0034454308915883303,-0.01622772216796875,0.02316100150346756,634.1623441215875,561.9229370188341,634.1623441215875,561.9229370188341,404.57583704549177,786.4258996244141,0.01603066474183223,0.02424642100150513,19283058885.948215,0.6385542168674698,0.768
2023-01-25,META,transformer,-0.011523450963140952,0.0028607696294784546,-0.019472258165478706,0.027015743777155876,626.8965493630844,563.5327550032288,626.8965493630844,563.5327550032288,396.774040814262,807.9613263221955,0.01603066474183223,0.02424642100150513,19283058885.948215,0.6385542168674698,0.768
2023-01-26,META,transformer,0.04017162710326776,0.004958384670317173,-0.015147609636187553,0.02677747793495655,652.5926758609102,566.3338902196282,652.5926758609102,566.3338902196282,390.8091448163698,829.8887397322048,0.01603066474183223,0.02424642100150513,19283058885.948215,0.6385542168674698,0.768
2023-01-27,META,transformer,0.02969722192452839,0.0007005546940490603,-0.020803241059184074,0.0234700795263052,672.2635041978801,566.730794800293,672.2635041978801,566.730794800293,382.7630339028102,849.5966740929537,0.01603066474183223,0.02424642100150513,19283058885.948215,0.6385542168674698,0.768
2023-01-30,META,transformer,-0.031327915944442,0.0044217342510819435,-0.019120531156659126,0.02768530510365963,651.5293640906435,569.2422544567588,651.5293640906435,569.2422544567588,375.51392344739577,873.4466528254744,0.01603066474183223,0.02424642100150513,19283058885.948215,0.6385542168674698,0.768
2023-01-31,META,transformer,0.012904301419143427,0.004990641959011555,-0.01996314525604248,0.02717696502804756,659.9913761404472,572.0902273477672,659.9913761404472,572.0902273477672,368.09181631205377,897.5097800818589,0.01603066474183223,0.02424642100150513,19283058885.948215,0.6385542168674698,0.768
2023-02-01,META,transformer,0.027476944230057445,0.0042352983728051186,-0.019692646339535713,0.028059104457497597,678.377360971429,574.5183656580195,678.377360971429,574.5183656580195,360.9140195752539,923.0497218222931,0.01603066474183223,0.02424642100150513,19283058885.948215,0.6385542168674698,0.768
2023-02-02,META,transformer,0.20930746959795124,0.0006091704126447439,-0.023069947957992554,0.024864651262760162,836.3198890576713,574.8684759367742,836.3198890576713,574.8684759367742,352.68306151547426,946.2887962909367,0.01603066474183223,0.02424642100150513,19283058885.948215,0.6385542168674698,0.768
2023-02-03,META,transformer,-0.011937287901599735,-0.0024565306957811117,-0.02651146426796913,0.023127727210521698,826.3958486744988,573.4580326859401,826.3958486744988,573.4580326859401,343.4557788868279,968.4293113856965,0.01603066474183223,0.02424642100150513,19283058885.948215,0.6385542168674698,0.768
2023-02-06,META,transformer,-0.0025228882933936362,0.00482450146228075,-0.01641201600432396,0.03161066025495529,824.3135720423064,576.2313913800209,824.3135720423064,576.2313913800209,337.8649754621255,999.5309791038522,0.01603066474183223,0.02424642100150513,19283058885.948215,0.6385542168674698,0.768
2023-02-07,META,transformer,0.02944502952217399,0.002199451671913266,-0.017762990668416023,0.021872030571103096,848.9463867698654,577.5002038016027,848.9463867698654,577.5002038016027,331.91647767906346,1021.633573244719,0.01603066474183223,0.02424642100150513,19283058885.948215,0.6385542168674698,0.768
2023-02-08,META,transformer,-0.04368113534395117,0.0032431299332529306,-0.019015446305274963,0.024294942617416382,812.6616922836971,579.376186152142,812.6616922836971,579.376186152142,325.6645709297961,1046.7581161080482,0.01603066474183223,0.02424642100150513,19283058885.948215,0.6385542168674698,0.768
2023-02-09,META,transformer,-0.030499082626260023,0.0040919966995716095,-0.02120460569858551,0.025140590965747833,788.2504092918597,581.751815493612,788.2504092918597,581.751815493612,318.831681614404,1073.4078340756732,0.01603066474183223,0.02424642100150513,19283058885.948215,0.6385542168674698,0.768
2023-02-10,META,transformer,-0.02141703900622114,0.006154731381684542,-0.01747012324631214,0.030535874888300896,771.5479169279738,585.3433940692944,771.5479169279738,585.3433940692944,313.31001823166673,1106.6909180727146,0.01603066474183223,0.02424642100150513,19283058885.948215,0.6385542168674698,0.768
2023-02-13,META,transformer,0.029868157140662082,0.006770411040633917,-0.015264028683304787,0.029433490708470345,794.9402350578855,589.3198540490463,794.9402350578855,589.3198540490463,308.56396573025944,1139.7488680313952,0.01603066474183223,0.02424642100150513,19283058885.948215,0.6385542168674698,0.768
2023-02-14,META,transformer,0.00027863839791025943,0.006000044289976358,-0.01427935529500246,0.0314115472137928,795.1617667936071,592.8664060147548,795.1617667936071,592.8664060147548,304.18918938426566,1176.1183248880645,0.01603066474183223,0.02424642100150513,19283058885.948215,0.6385542168674698,0.768
2023-02-15,META,transformer,-0.013010457576924258,0.007147348951548338,-0.014664880931377411,0.029717177152633667,784.8833567556735,597.1190024546306,784.8833567556735,597.1190024546306,299.7608341789442,1211.5937805764759,0.01603066474183223,0.02424642100150513,19283058885.948215,0.6385542168674698,0.768
2023-02-16,META,transformer,-0.027003935689256846,0.004481889307498932,-0.02257855422794819,0.028949914500117302,763.9720318210564,599.8012163727792,763.9720318210564,599.8012163727792,293.0685010879892,1247.1819849532048,0.01603066474183223,0.02424642100150513,19283058885.948215,0.6385542168674698,0.768
2023-02-17,META,transformer,0.0025483764056330824,0.00621733907610178,-0.01359347254037857,0.026565242558717728,765.9214029322148,603.5419800652744,765.9214029322148,603.5419800652744,289.11162941574935,1280.757710750137,0.01603066474183223,0.02424642100150513,19283058885.948215,0.6385542168674698,0.768
2023-02-21,META,transformer,-0.004638244842378905,0.0031820482108742,-0.021158406510949135,0.024296103045344353,762.3770979666537,605.4655047832067,762.3770979666537,605.4655047832067,283.0587503306686,1312.256295620443,0.01603066474183223,0.02424642100150513,19283058885.948215,0.6385542168674698,0.768
2023-02-22,META,transformer,-0.0055944593604772865,0.003180753905326128,-0.017554227262735367,0.024178463965654373,758.1239184875814,607.394438119385,758.1239184875814,607.394438119385,278.13323380693276,1344.371393675531,0.01603066474183223,0.02424642100150513,19283058885.948215,0.6385542168674698,0.768
2023-02-23,META,transformer,0.005361932650784018,0.004516229499131441,-0.015770401805639267,0.027339622378349304,762.1998455372787,610.1438065735828,762.1998455372787,610.1438065735828,273.78136762483257,1381.6330073886202,0.01603066474183223,0.02424642100150513,19283058885.948215,0.6385542168674698,0.768
2023-02-24,META,transformer,-0.009637045245436642,0.0018810306210070848,-0.01947278156876564,0.02169208973646164,754.8897714724292,611.2925801580706,754.8897714724292,611.2925801580706,268.5016507814677,1411.9308730465657,0.01603066474183223,0.02424642100150513,19283058885.948215,0.6385542168674698,0.768
2023-02-27,META,transformer,-0.00500107606529418,0.004946048837155104,-0.01657046377658844,0.026903647929430008,751.1239347711464,614.3235350300248,751.1239347711464,614.3235350300248,264.0891069394582,1450.4324875476584,0.01603066474183223,0.02424642100150513,19283058885.948215,0.6385542168674698,0.768
2023-02-28,META,transformer,0.031354224367618304,0.004736199043691158,-0.014661315828561783,0.023107673972845078,775.0479425871887,617.2399688959339,775.0479425871887,617.2399688959339,260.2454533612548,1484.338817411102,0.01603066474183223,0.02424642100150513,19283058885.948215,0.6385542168674698,0.768
2023-03-01,META,transformer,-0.008726684556869901,0.0024408858735114336,-0.01928393915295601,0.027040835469961166,768.3137699128218,618.7484476092479,768.3137699128218,618.7484476092479,255.27497966251957,1525.0242355743221,0.01603066474183223,0.02424642100150513,19283058885.948215,0.6385542168674698,0.768
2023-03-02,META,transformer,0.006380252251997666,0.00317623233422637,-0.0180102176964283,0.022272035479545593,773.2314769970643,620.7168957500298,773.2314769970643,620.7168957500298,250.71856937461487,1559.37060791099,0.01603066474183223,0.02424642100150513,19283058885.948215,0.6385542168674698,0.768
2023-03-03,META,transformer,0.0596096245336819,0.005383456125855446,-0.015000971034169197,0.02863582782447338,820.7249877703988,624.067473313847,820.7249877703988,624.067473313847,246.98562013229116,1604.6699406882524,0.01603066474183223,0.02424642100150513,19283058885.948215,0.6385542168674698,0.768
2023-03-06,META,transformer,-0.0018911587929371873,-0.0013778171269223094,-0.021782996132969856,0.019908921793103218,819.1743332223425,623.2082152203975,819.1743332223425,623.2082152203975,241.66371311318,1636.9373842182367,0.01603066474183223,0.02424642100150513,19283058885.948215,0.6385542168674698,0.768
2023-03-07,META,transformer,-0.0021114726011019157,0.00194687326438725,-0.026786834001541138,0.026202715933322906,817.4464938469056,624.4226699540325,817.4464938469056,624.4226699540325,235.27623607682023,1680.3964048211615,0.01603066474183223,0.02424642100150513,19283058885.948215,0.6385542168674698,0.768
2023-03-08,META,transformer,0.0024900235837657255,0.0035776186268776655,-0.017356334254145622,0.024222826585173607,819.4844911727514,626.6606178438574,819.4844911727514,626.6606178438574,231.22792981704384,1721.5973873148484,0.01603066474183223,0.02424642100150513,19283058885.948215,0.6385542168674698,0.768
2023-03-09,META,transformer,-0.01789170481436637,0.005475401412695646,-0.01884913444519043,0.028017450124025345,804.9529016557454,630.1012492425393,804.9529016557454,630.1012492425393,226.9103065304685,1770.5142587271116,0.01603066474183223,0.02424642100150513,19283058885.948215,0.6385542168674698,0.768
2023-03-10,META,transformer,-0.012071065469458915,0.004309614654630423,-0.019327322021126747,0.03019391931593418,795.294672314641,632.8226266462823,795.294672314641,632.8226266462823,222.5668498812409,1824.7883648247096,0.01603066474183223,0.02424642100150513,19283058885.948215,0.6385542168674698,0.768
2023-03-13,META,transformer,0.007713472579429548,0.005440539680421352,-0.014865592122077942,0.02465040609240532,801.4528759965308,636.2749112044847,801.4528759965308,636.2749112044847,219.28272772475498,1870.3290664229703,0.01603066474183223,0.02424642100150513,19283058885.948215,0.6385542168674698,0.768
2023-03-14,META,transformer,0.07001690989233432,0.0021174009889364243,-0.017252733930945396,0.021604275330901146,859.5793016665491,637.6235979229638,859.5793016665491,637.6235979229638,215.53195260359226,1911.1758941239216,0.01603066474183223,0.02424642100150513,19283058885.948215,0.6385542168674698,0.768
2023-03-15,META,transformer,0.01904233809390161,0.0008125698077492416,-0.017679985612630844,0.020444341003894806,876.1045416010599,638.1419145869725,876.1045416010599,638.1419145869725,211.7548413407467,1950.650845307167,0.01603066474183223,0.02424642100150513,19283058885.948215,0.6385542168674698,0.768
2023-03-16,META,transformer,0.035664815024003524,0.001973529113456607,-0.017772790044546127,0.023534752428531647,907.9145248724344,639.402587133423,907.9145248724344,639.402587133423,208.0246114367382,1997.1033397034703,0.01603066474183223,0.02424642100150513,19283058885.948215,0.6385542168674698,0.768
2023-03-17,META,transformer,-0.046545537513251405,0.0018477290868759155,-0.02141975425183773,0.026793165132403374,866.6235646893306,640.5851065379283,866.6235646893306,640.5851065379283,203.61616331283966,2051.335240308166,0.01603066474183223,0.02424642100150513,19283058885.948215,0.6385542168674698,0.768
2023-03-20,META,transformer,0.011184077527291001,0.0029902050737291574,-0.019072093069553375,0.023906193673610687,876.3703526431281,642.5034389312573,876.3703526431281,642.5034389312573,199.76957011876098,2100.9657386020403,0.01603066474183223,0.02424642100150513,19283058885.948215,0.6385542168674698,0.768
2023-03-21,META,transformer,0.021752519509038233,0.002318443264812231,-0.019515007734298706,0.02376958355307579,895.642464416996,643.9947691328152,895.642464416996,643.9947691328152,195.90886480100647,2151.502975372026,0.01603066474183223,0.02424642100150513,19283058885.948215,0.6385542168674698,0.768
2023-03-22,META,transformer,-0.011692578401442307,0.000732183747459203,-0.024943914264440536,0.02649221569299698,885.2310812560339,644.4664449891137,885.2310812560339,644.4664449891137,191.082576539742,2209.262847398792,0.01603066474183223,0.02424642100150513,19283058885.948215,0.6385542168674698,0.768
2023-03-23,META,transformer,0.022124693010403998,0.0016231865156441927,-0.018484920263290405,0.02259383723139763,905.034815114038,645.513358165396,905.034815114038,645.513358165396,187.5828730805148,2259.746691284712,0.01603066474183223,0.02424642100150513,19283058885.948215,0.6385542168674698,0.768
2023-03-24,META,transformer,0.008433088832337723,0.0015171986306086183,-0.01928565837442875,0.025262439623475075,912.6993264356431,646.4934854574274,912.6993264356431,646.4934854574274,183.99987054258585,2317.5605497814686,0.01603066474183223,0.02424642100150513,19283058885.948215,0.6385542168674698,0.768
2023-03-27,META,transformer,-0.01550721176350316,0.004444813821464777,-0.01620219275355339,0.025935232639312744,898.6550796964268,649.3734406368873,898.6550796964268,649.3734406368873,181.04269498416835,2378.453161587281,0.01603066474183223,0.02424642100150513,19283058885.948215,0.6385542168674698,0.768
2023-03-28,META,transformer,-0.010705909753592929,0.004254971630871296,-0.01902291737496853,0.026870256289839745,889.08547657001,652.142367090256,889.08547657001,652.142367090256,177.63128677563006,2443.229273344587,0.01603066474183223,0.02424642100150513,19283058885.948215,0.6385542168674698,0.768
2023-03-29,META,transformer,0.02300430700602069,0.002759656636044383,-0.01978217251598835,0.026488440111279488,909.7753373709,653.9445688803369,909.7753373709,653.9445688803369,174.1518780261815,2508.8113026251303,0.01603066474183223,0.02424642100150513,19283058885.948215,0.6385542168674698,0.768
2023-03-30,META,transformer,0.012052665177371982,0.002494856482371688,-0.022284500300884247,0.025292761623859406,920.8069012286912,655.5780645087318,920.8069012286912,655.5780645087318,170.31391152889336,2573.075343366357,0.01603066474183223,0.02424642100150513,19283058885.948215,0.6385542168674698,0.768
2023-03-31,META,transformer,0.019534691963576864,0.0035755226854234934,-0.02167251892387867,0.029939277097582817,938.971421925946,657.9262674649665,938.971421925946,657.9262674649665,166.6624879685385,2651.276073033291,0.01603066474183223,0.02424642100150513,19283058885.948215,0.6385542168674698,0.768
2023-04-03,META,transformer,0.005317557325963907,0.0024195704609155655,-0.019363120198249817,0.025519832968711853,943.977755224876,659.5200622496501,943.977755224876,659.5200622496501,163.46642797240625,2719.806971388761,0.01603066474183223,0.02424642100150513,19283058885.948215,0.6385542168674698,0.768
2023-04-04,META,transformer,0.0077140748764286445,0.0003409826895222068,-0.02097121998667717,0.020567387342453003,951.2878292897256,659.7449966962348,951.2878292897256,659.7449966962348,160.07403417123612,2776.3254440171813,0.01603066474183223,0.02424642100150513,19283058885.948215,0.6385542168674698,0.768
2023-04-05,META,transformer,-0.015204448303831867,0.002679121447727084,-0.018979251384735107,0.023878492414951324,936.9334246001001,661.5148852648331,936.9334246001001,661.5148852648331,157.064600927833,2843.417760330004,0.01603066474183223,0.02424642100150513,19283058885.948215,0.6385542168674698,0.768
2023-04-06,META,transformer,0.021610880592202845,0.004940142389386892,-0.014400659129023552,0.027828281745314598,957.4017536652686,664.7909130490086,957.4017536652686,664.7909130490086,154.8189720968183,2923.656461292972,0.01603066474183223,0.02424642100150513,19283058885.948215,0.6385542168674698,0.768
2023-04-10,META,transformer,-0.006266730892416054,0.0030954303219914436,-0.015272224321961403,0.02135097049176693,951.4207348107594,666.8519483573298,951.4207348107594,666.8519483573298,152.47250332596818,2986.750654375344,0.01603066474183223,0.02424642100150513,19283058885.948215,0.6385542168674698,0.768
2023-04-11,META,transformer,-0.004199697650341029,0.0021104910410940647,-0.0184849351644516,0.02114110067486763,947.4334339757496,668.2608373029972,947.4334339757496,668.2608373029972,149.67994862532575,3050.565925429254,0.01603066474183223,0.02424642100150513,19283058885.948215,0.6385542168674698,0.768
2023-04-12,META,transformer,0.0007011518078276807,0.0028891456313431263,-0.01853087916970253,0.02371431514620781,948.0979615809197,670.1943355403902,948.0979615809197,670.1943355403902,146.93178627855417,3123.772746550984,0.01603066474183223,0.02424642100150513,19283058885.948215,0.6385542168674698,0.768
2023-04-13,META,transformer,0.029241203965330045,0.0015495514962822199,-0.015652211382985115,0.01746232621371746,976.2308019676933,671.233668658715,976.2308019676933,671.233668658715,144.6498845312324,3178.8001149213483,0.01603066474183223,0.02424642100150513,19283058885.948215,0.6385542168674698,0.768
2023-04-14,META,transformer,0.005160247552959403,0.001315934699960053,-0.019190039485692978,0.020448222756385803,981.2814145729698,672.1175396303952,981.2814145729698,672.1175396303952,141.90051162701357,3244.4700928623415,0.01603066474183223,0.02424642100150513,19283058885.948215,0.6385542168674698,0.768
2023-04-17,META,transformer,-0.011945207761067828,0.002155271591618657,-0.018009044229984283,0.022157829254865646,969.6295348143605,673.5676795522714,969.6295348143605,673.5676795522714,139.36789456467986,3317.162924022564,0.01603066474183223,0.02424642100150513,19283058885.948215,0.6385542168674698,0.768
2023-04-18,META,transformer,-0.004441913294077955,0.004166002850979567,-0.018248390406370163,0.02878637984395027,965.3320760289415,676.3796288217951,965.3320760289415,676.3796288217951,136.8477165315111,3414.0397590430484,0.01603066474183223,0.02424642100150513,19283058885.948215,0.6385542168674698,0.768
2023-04-19,META,transformer,-0.010101806238043251,0.0025023180060088634,-0.017203833907842636,0.02280271425843239,955.6295673814906,678.0742449796783,955.6295673814906,678.0742449796783,134.5135455967432,3492.783673005819,0.01603066474183223,0.02424642100150513,19283058885.948215,0.6385542168674698,0.768
2023-04-20,META,transformer,-0.012267754654970901,0.0034038424491882324,-0.02409825474023819,0.02776641771197319,943.9777552248756,680.3862232667682,943.9777552248756,680.3862232667682,131.3107501182809,3591.124555284366,0.01603066474183223,0.02424642100150513,19283058885.948215,0.6385542168674698,0.768
2023-04-21,META,transformer,-0.0008451870713149859,0.0034768893383443356,-0.019013673067092896,0.024824220687150955,943.180254496677,682.7559661710957,943.180254496677,682.7559661710957,128.83763629804847,3681.3871875480318,0.01603066474183223,0.02424642100150513,19283058885.948215,0.6385542168674698,0.768
2023-04-24,META,transformer,-0.00046986519017201456,0.004169556312263012,-0.01713661104440689,0.026275642216205597,942.7371910252339,685.6087155920123,942.7371910252339,685.6087155920123,126.64860729496833,3779.3998697839183,0.01603066474183223,0.02424642100150513,19283058885.948215,0.6385542168674698,0.768
2023-04-25,META,transformer,-0.02493344312772302,0.0030207710806280375,-0.016390282660722733,0.024846922606229782,919.5221253246971,687.6828830801455,919.5221253246971,687.6828830801455,124.58972014403433,3874.4826424345106,0.01603066474183223,0.02424642100150513,19283058885.948215,0.6385542168674698,0.768
2023-04-26,META,transformer,0.008873980086025707,0.004303010180592537,-0.016347311437129974,0.025369543582201004,927.7182587304382,690.6483620502609,927.7182587304382,690.6483620502609,122.56956880665261,3974.0341103043943,0.01603066474183223,0.02424642100150513,19283058885.948215,0.6385542168674698,0.768
2023-04-27,META,transformer,0.13037457149370174,0.0012323863338679075,-0.01964755170047283,0.023390157148241997,1056.9076981310832,691.500001160951,1056.9076981310832,691.500001160951,120.18488095185866,4068.0832240207665,0.01603066474183223,0.02424642100150513,19283058885.948215,0.6385542168674698,0.768
2023-04-28,META,transformer,0.007350558270212974,2.3042950488161296e-05,-0.02110457606613636,0.019282491877675056,1064.7051825757167,691.5159107731565,1064.7051825757167,691.5159107731565,117.67500708484884,4147.287253628151,0.01603066474183223,0.02424642100150513,19283058885.948215,0.6385542168674698,0.768
2023-05-01,META,transformer,0.011830480697052236,0.003055123146623373,-0.02116207219660282,0.0255157221108675,1077.3759595942574,693.6317730093958,1077.3759595942574,693.6317730093958,115.21092682630189,4254.469653872663,0.01603066474183223,0.02424642100150513,19283058885.948215,0.6385542168674698,0.768
2023-05-02,META,transformer,-0.016334624612514725,0.0025979646015912294,-0.016468994319438934,0.025814726948738098,1059.9203810125084,695.4361763800875,1059.9203810125084,695.4361763800875,113.3290581301841,4365.727535216074,0.01603066474183223,0.02424642100150513,19283058885.948215,0.6385542168674698,0.768
2023-05-03,META,transformer,-0.009280544884491673,0.003946106415241957,-0.014264657162129879,0.02324022352695465,1050.12924615037,698.185884925078,1050.12924615037,698.185884925078,111.72393619272971,4468.376107677188,0.01603066474183223,0.02424642100150513,19283058885.948215,0.6385542168674698,0.768
2023-05-04,META,transformer,-0.014918965410988097,0.005351905710995197,-0.012066260911524296,0.023385997861623764,1034.5786917714383,701.9324943279613,1034.5786917714383,701.9324943279613,110.38394546431724,4574.105095950406,0.01603066474183223,0.02424642100150513,19283058885.948215,0.6385542168674698,0.768
2023-05-05,META,transformer,-0.0031739485719596556,0.004153371788561344,-0.01678948476910591,0.024852637201547623,1031.3001978479451,704.8539050285772,1031.3001978479451,704.8539050285772,108.54612939861228,4689.207913820697,0.01603066474183223,0.02424642100150513,19283058885.948215,0.6385542168674698,0.768
2023-05-08,META,transformer,0.0021028030061731517,0.004847961477935314,-0.01777338609099388,0.03022405132651329,1033.471100694825,708.2792736108729,1033.471100694825,708.2792736108729,106.63393832184022,4833.0982506537875,0.01603066474183223,0.02424642100150513,19283058885.948215,0.6385542168674698,0.768
2023-05-09,META,transformer,0.00042855668775808743,0.004500552546232939,-0.01872464269399643,0.024958278983831406,1033.9140965642737,711.4740672112996,1033.9140965642737,711.4740672112996,104.65583654260125,4955.242094917175,0.01603066474183223,0.02424642100150513,19283058885.948215,0.6385542168674698,0.768
2023-05-10,META,transformer,-0.0012434058329609233,0.002527201548218727,-0.019934911280870438,0.02488182857632637,1032.6293206602797,713.2744207413125,1032.6293206602797,713.2744207413125,102.59018760725026,5080.084115765447,0.01603066474183223,0.02424642100150513,19283058885.948215,0.6385542168674698,0.768
2023-05-11,META,transformer,0.011559799778249315,0.002350572030991316,-0.018878284841775894,0.02302107959985733,1044.6355700736503,714.9529769856684,1044.6355700736503,714.9529769856684,100.6716284301779,5198.389778926171,0.01603066474183223,0.02424642100150513,19283058885.948215,0.6385542168674698,0.768
2023-05-12,META,transformer,-0.008432740627920578,0.0029203591402620077,-0.018228627741336823,0.021200459450483322,1035.863467675432,717.0439861659003,1035.863467675432,717.0439861659003,98.85314791744518,5309.774620994601,0.01603066474183223,0.02424642100150513,19283058885.948215,0.6385542168674698,0.768
2023-05-15,META,transformer,0.021368799514441376,0.0019672526977956295,-0.017402926459908485,0.020562639459967613,1058.236820943418,718.4560022724431,1058.236820943418,718.4560022724431,97.14769529018803,5420.088143976924,0.01603066474183223,0.02424642100150513,19283058885.948215,0.6385542168674698,0.768
2023-05-16,META,transformer,-0.00016744802194753702,0.0024755774065852165,-0.017918720841407776,0.021418198943138123,1058.0596361160374,720.2367669951776,1058.0596361160374,720.2367669951776,95.4224353505165,5537.428940872334,0.01603066474183223,0.02424642100150513,19283058885.948215,0.6385542168674698,0.768
2023-05-17,META,transformer,0.015250334293417262,0.0037797570694237947,-0.01851467601954937,0.024357778951525688,1074.3190650084803,722.9642470940374,1074.3190650084803,722.9642470940374,93.67197349435857,5673.964727243948,0.01603066474183223,0.02424642100150513,19283058885.948215,0.6385542168674698,0.768
2023-05-18,META,transformer,0.017820394363457167,0.003220179583877325,-0.01932130753993988,0.024722781032323837,1093.6354560886946,725.2960428662772,1093.6354560886946,725.2960428662772,91.87948227278343,5815.9895713662445,0.01603066474183223,0.02424642100150513,19283058885.948215,0.6385542168674698,0.768
2023-05-19,META,transformer,-0.004913842454018332,0.0017481492832303047,-0.021294577047228813,0.025431571528315544,1088.274685533009,726.5650460216456,1088.274685533009,726.5650460216456,89.943630546838,5965.79591381003,0.01603066474183223,0.02424642100150513,19283058885.948215,0.6385542168674698,0.768
2023-05-22,META,transformer,0.010851219513477135,0.006294733379036188,-0.01747981831431389,0.025601796805858612,1100.1480970273399,731.1530392921396,1100.1480970273399,731.1530392921396,88.38509588823949,6120.502794845188,0.01603066474183223,0.02424642100150513,19283058885.948215,0.6385542168674698,0.768
2023-05-23,META,transformer,-0.006383093583651838,0.0007081564981490374,-0.019304560497403145,0.023292800411581993,1093.148113310905,731.6710325649822,1093.148113310905,731.6710325649822,86.69522221711513,6264.740069552428,0.01603066474183223,0.02424642100150513,19283058885.948215,0.6385542168674698,0.768
2023-05-24,META,transformer,0.00996076855340692,0.001262735459022224,-0.016379348933696747,0.01958543062210083,1104.0911185560033,732.595498373154,1104.0911185560033,732.595498373154,85.28677500168074,6388.647168787453,0.01603066474183223,0.02424642100150513,19283058885.948215,0.6385542168674698,0.768
2023-05-25,META,transformer,0.013867509197356978,0.0027245082892477512,-0.017475491389632225,0.021414803341031075,1119.508767413901,734.5941828480715,1119.508767413901,734.5941828480715,83.80929481981902,6526.934447870477,0.01603066474183223,0.02424642100150513,19283058885.948215,0.6385542168674698,0.768
2023-05-26,META,transformer,0.03633374581585476,-0.0013511055149137974,-0.025929879397153854,0.021101683378219604,1160.9327007200334,733.602359924061,1160.9327007200334,733.602359924061,81.66406525621751,6666.127498499591,0.01603066474183223,0.02424642100150513,19283058885.948215,0.6385542168674698,0.768
2023-05-30,META,transformer,0.00183003128312893,0.0023080920800566673,-0.020520757883787155,0.023573726415634155,1163.059189056578,735.2975336817057,1163.059189056578,735.2975336817057,80.00533305001852,6825.139829562118,0.01603066474183223,0.02424642100150513,19283058885.948215,0.6385542168674698,0.768
2023-05-31,META,transformer,0.008345440468624917,0.0032345671206712723,-0.017212698236107826,0.022850288078188896,1172.80604461237,737.6797145003668,1172.80604461237,737.6797145003668,78.6400095717042,6982.891811346697,0.01603066474183223,0.02424642100150513,19283058885.948215,0.6385542168674698,0.768
2023-06-01,META,transformer,0.029369480416664775,0.0026368878316134214,-0.018632054328918457,0.023634038865566254,1207.7615486842092,739.6274593462898,1207.7615486842092,739.6274593462898,77.18834971560192,7149.891364718216,0.01603066474183223,0.02424642100150513,19283058885.948215,0.6385542168674698,0.768
2023-06-02,META,transformer,0.0,0.0010704247979447246,-0.015562498942017555,0.01951671577990055,1207.7615486842092,740.4195827945147,1207.7615486842092,740.4195827945147,75.99640615868402,7290.80424797172,0.01603066474183223,0.02424642100150513,19283058885.948215,0.6385542168674698,0.768
2023-06-05,META,transformer,-0.004485193927573282,0.0003304692800156772,-0.02098926529288292,0.024317298084497452,1202.356634026166,740.6643413412353,1202.356634026166,740.6643413412353,74.41791902190704,7470.270361820339,0.01603066474183223,0.02424642100150513,19283058885.948215,0.6385542168674698,0.768
2023-06-06,META,transformer,-0.0009954454247351834,0.003904270473867655,-0.019680365920066833,0.029710479080677032,1201.1603491328708,743.561711245886,1201.1603491328708,743.561711245886,72.9676643255445,7695.5457380400085,0.01603066474183223,0.02424642100150513,19283058885.948215,0.6385542168674698,0.768
2023-06-07,META,transformer,-0.02812868350620049,0.003060193033888936,-0.02005363442003727,0.024046124890446663,1167.844058221781,745.8406318482233,1167.844058221781,745.8406318482233,71.518972348688,7882.836314353358,0.01603066474183223,0.02424642100150513,19283058885.948215,0.6385542168674698,0.768
2023-06-08,META,transformer,0.0037107865002894234,0.0021913202945142984,-0.02481602132320404,0.026363883167505264,1172.185728711552,747.4767744963565,1172.185728711552,747.4767744963565,69.76599784986605,8093.421904899208,0.01603066474183223,0.02424642100150513,19283058885.948215,0.6385542168674698,0.768
2023-06-09,META,transformer,0.0013975627286306705,0.0032568671740591526,-0.018793145194649696,0.02591113932430744,1173.8250770762902,749.9151649818926,1173.8250770762902,749.9151649818926,68.4671203149758,8305.872338873105,0.01603066474183223,0.02424642100150513,19283058885.948215,0.6385542168674698,0.768
2023-06-12,META,transformer,0.022762085658527685,0.0023952610790729523,-0.019129851832985878,0.023176757618784904,1200.8501911824617,751.7135614946324,1200.8501911824617,751.7135614946324,67.1698040491228,8500.623403198115,0.01603066474183223,0.02424642100150513,19283058885.948215,0.6385542168674698,0.768
2023-06-13,META,transformer,0.0009957024023804417,-0.0007254264783114195,-0.024852009490132332,0.022345295175909996,1202.0464760757568,751.1684563240758,1202.0464760757568,751.1684563240758,65.52107223118202,8692.710596903748,0.01603066474183223,0.02424642100150513,19283058885.948215,0.6385542168674698,0.768
2023-06-14,META,transformer,0.007454084596941602,0.001812911476008594,-0.018787186592817307,0.024548418819904327,1211.0401102096966,752.5315294635245,1211.0401102096966,752.5315294635245,64.30160787616177,8908.743202276357,0.01603066474183223,0.02424642100150513,19283058885.948215,0.6385542168674698,0.768
2023-06-15,META,transformer,0.030550956965085935,0.0016993108438327909,-0.018959324806928635,0.02483147382736206,1248.6095129978644,753.8114041853921,1248.6095129978644,753.8114041853921,63.09397813458342,9132.72960384011,0.01603066474183223,0.02424642100150513,19283058885.948215,0.6385542168674698,0.768
2023-06-16,META,transformer,-0.0029493353009219397,-0.0009328669984824955,-0.023302754387259483,0.01829383336007595,1244.9323701132635,753.1085089251131,1244.9323701132635,753.1085089251131,61.6407142891136,9301.339711644161,0.01603066474183223,0.02424642100150513,19283058885.948215,0.6385542168674698,0.768
2023-06-20,META,transformer,0.011780818865798584,0.003884278004989028,-0.018755286931991577,0.026359297335147858,1259.6854237639966,756.0394759569351,1259.6854237639966,756.0394759569351,60.49539922464575,9549.776588550505,0.01603066474183223,0.02424642100150513,19283058885.948215,0.6385542168674698,0.768
2023-06-21,META,transformer,-0.009505776537402014,0.0007666288292966783,-0.01928146928548813,0.020814523100852966,1247.767868167308,756.619262489913,1247.767868167308,756.619262489913,59.340131184168506,9750.634088674591,0.01603066474183223,0.02424642100150513,19283058885.948215,0.6385542168674698,0.768
2023-06-22,META,transformer,0.011438344447272182,0.0012947539798915386,-0.021643195301294327,0.021748460829257965,1262.122205254939,757.5995131041675,1262.122205254939,757.5995131041675,58.06962075724211,9965.018578931731,0.01603066474183223,0.02424642100150513,19283058885.948215,0.6385542168674698,0.768
2023-06-23,META,transformer,0.013423977308982855,0.0017756393644958735,-0.01964777149260044,0.023771395906805992,1279.1791348755803,758.9458978132106,1279.1791348755803,758.9458978132106,56.939816535353486,10204.739021130397,0.01603066474183223,0.02424642100150513,19283058885.948215,0.6385542168674698,0.768
2023-06-26,META,transformer,-0.036181695397846075,0.002305461559444666,-0.020234927535057068,0.019991770386695862,1233.7235538260973,760.6976438089062,1233.7235538260973,760.6976438089062,55.799222535592,10410.803119909158,0.01603066474183223,0.02424642100150513,19283058885.948215,0.6385542168674698,0.768
2023-06-27,META,transformer,0.03034603606729244,0.0032707492355257273,-0.01678064838051796,0.02398926392197609,1271.7360200857079,763.1897727350828,1271.7360200857079,763.1897727350828,54.87068646951425,10663.570715132573,0.01603066474183223,0.02424642100150513,19283058885.948215,0.6385542168674698,0.768
2023-06-28,META,transformer,-0.006150137354673777,0.003053216263651848,-0.018575629219412804,0.025723451748490334,1263.9386708450631,765.5234830312878,1263.9386708450631,765.5234830312878,53.860836162295314,10941.432701009828,0.01603066474183223,0.02424642100150513,19283058885.948215,0.6385542168674698,0.768
2023-06-29,META,transformer,-0.013267227231714421,0.0027320669032633305,-0.018234457820653915,0.0227704755961895,1247.2804577875238,767.6178428983322,1247.2804577875238,767.6178428983322,52.88761352849028,11193.432623233623,0.01603066474183223,0.02424642100150513,19283058885.948215,0.6385542168674698,0.768
2023-06-30,META,transformer,0.019173555701361058,0.003806284163147211,-0.020816195756196976,0.028616059571504593,1271.4259973392877,770.5451575129044,1271.4259973392877,770.5451575129044,51.798073995314745,11518.372247556512,0.01603066474183223,0.02424642100150513,19283058885.948215,0.6385542168674698,0.768
2023-07-03,META,transformer,-0.003350865169076572,0.0013804835034534335,-0.01948992908000946,0.021301548928022385,1267.172750258221,771.6095864724242,1267.172750258221,771.6095864724242,50.79830716157804,11766.363172453042,0.01603066474183223,0.02424642100150513,19283058885.948215,0.6385542168674698,0.768
2023-07-05,META,transformer,0.02877576286735829,0.0017369361594319344,-0.01704266667366028,0.021925531327724457,1304.1663192579006,772.9509750078674,1304.1663192579006,772.9509750078674,49.939903427004296,12027.196177177626,0.01603066474183223,0.02424642100150513,19283058885.948215,0.6385542168674698,0.768
2023-07-06,META,transformer,-0.008117941239653424,0.0008440823876298964,-0.01891692914068699,0.024883655831217766,1293.6220305759043,773.6037155706588,1293.6220305759043,773.6037155706588,49.00407436940524,12330.231451875872,0.01603066474183223,0.02424642100150513,19283058885.948215,0.6385542168674698,0.768
2023-07-07,META,transformer,-0.005012684679371449,0.0014638543361797929,-0.02064266800880432,0.02608799934387207,1287.1537365456,774.7370163591386,1287.1537365456,774.7370163591386,48.00287008163501,12656.13577092056,0.01603066474183223,0.02424642100150513,19283058885.948215,0.6385542168674698,0.768
2023-07-10,META,transformer,0.012213029331074024,0.0022380813024938107,-0.01923479326069355,0.024940630421042442,1302.970169568594,776.4728445468987,1302.970169568594,776.4728445468987,47.088369526761525,12975.756982306046,0.01603066474183223,0.02424642100150513,19283058885.948215,0.6385542168674698,0.768
2023-07-11,META,transformer,0.014146329993301298,0.000986610190011561,-0.02091994322836399,0.02162155695259571,1321.5334068289508,777.2392643334531,1321.5334068289508,777.2392643334531,46.11351501854999,13259.368404213687,0.01603066474183223,0.02424642100150513,19283058885.948215,0.6385542168674698,0.768
2023-07-12,META,transformer,0.03637478746508443,0.0017933598719537258,-0.02298080176115036,0.024838987737894058,1370.4888783336596,778.6343577271447,1370.4888783336596,778.6343577271447,45.06587463268827,13592.842323809235,0.01603066474183223,0.02424642100150513,19283058885.948215,0.6385542168674698,0.768
2023-07-13,META,transformer,0.013071265430717145,0.00379028613679111,-0.018651101738214493,0.025622814893722534,1388.5204935098802,781.5912459378891,1388.5204935098802,781.5912459378891,44.23313503761015,13945.629443223179,0.01603066474183223,0.02424642100150513,19283058885.948215,0.6385542168674698,0.768
2023-07-14,META,transformer,-0.014591788611360337,0.0012289416044950485,-0.02021089568734169,0.023168064653873444,1368.4066017014673,782.5523247845641,1368.4066017014673,782.5523247845641,43.348117252997376,14272.495095335926,0.01603066474183223,0.02424642100150513,19283058885.948215,0.6385542168674698,0.768
2023-07-17,META,transformer,0.0056498238314060195,0.003621147945523262,-0.017312444746494293,0.023584529757499695,1376.15973923776,785.391156900157,1376.15973923776,785.391156900157,42.60411377211074,14613.10626832441,0.01603066474183223,0.02424642100150513,19283058885.948215,0.6385542168674698,0.768
2023-07-18,META,transformer,0.0045931078389241774,0.0024442593567073345,-0.0183987095952034,0.024723362177610397,1382.4951277470304,787.3132034494776,1382.4951277470304,787.3132034494776,41.82741956813814,14978.895211403258,0.01603066474183223,0.02424642100150513,19283058885.948215,0.6385542168674698,0.768
2023-07-19,META,transformer,0.012610497297499955,0.002541349269449711,-0.015839003026485443,0.020009171217679977,1400.0394677474558,789.3165394412928,1400.0394677474558,789.3165394412928,41.170133953983594,15281.629812202498,0.01603066474183223,0.02424642100150513,19283058885.948215,0.6385542168674698,0.768
2023-07-20,META,transformer,-0.043626534886930926,0.0027885246090590954,-0.014964193105697632,0.019284386187791824,1340.273761314694,791.5205941092273,1340.273761314694,791.5205941092273,40.55864374370525,15579.1864666433,0.01603066474183223,0.02424642100150513,19283058885.948215,0.6385542168674698,0.768
2023-07-21,META,transformer,-0.02768359121492621,0.0014940038090571761,-0.02193242684006691,0.024322669953107834,1303.6790440821055,792.7040146828574,1303.6790440821055,792.7040146828574,39.6787788472698,15962.759912546144,0.01603066474183223,0.02424642100150513,19283058885.948215,0.6385542168674698,0.768
2023-07-24,META,transformer,-0.009046520590533243,0.0036976425908505917,-0.018315251916646957,0.02690766751766205,1291.9384705068142,795.6405301638847,1291.9384705068142,795.6405301638847,38.95866688465488,16398.11130079937,0.01603066474183223,0.02424642100150513,19283058885.948215,0.6385542168674698,0.768
2023-07-25,META,transformer,0.009759891609726528,0.0027891776990145445,-0.01867416873574257,0.025324996560811996,1304.6093827293437,797.8628127668791,1304.6093827293437,797.8628127668791,38.23789786729654,16818.695888708615,0.01603066474183223,0.02424642100150513,19283058885.948215,0.6385542168674698,0.768
2023-07-26,META,transformer,0.013827301258038794,0.003731843549758196,-0.01979156583547592,0.027381595224142075,1322.7739034265985,800.8458310932579,1322.7739034265985,800.8458310932579,37.488550015155674,17285.58136667062,0.01603066474183223,0.02424642100150513,19283058885.948215,0.6385542168674698,0.768
2023-07-27,META,transformer,0.04306880524177901,0.0008442956022918224,-0.021481100469827652,0.019822385162115097,1380.9888201073154,801.5222237335262,1380.9888201073154,801.5222237335262,36.69184199709691,17631.64090602447,0.01603066474183223,0.02424642100150513,19283058885.948215,0.6385542168674698,0.768
2023-07-28,META,transformer,0.0432278086068163,-0.0008862949907779694,-0.024270644411444664,0.02036372758448124,1441.9950231377245,800.8121521214451,1441.9950231377245,800.8121521214451,35.81202770009459,17994.366497411775,0.01603066474183223,0.02424642100150513,19283058885.948215,0.6385542168674698,0.768
2023-07-31,META,transformer,-0.02136463294944255,0.0004651074414141476,-0.023125406354665756,0.02163190394639969,1411.5140950766904,801.1847490802886,1411.5140950766904,801.1847490802886,34.99336294905593,18387.858552536083,0.01603066474183223,0.02424642100150513,19283058885.948215,0.6385542168674698,0.768
2023-08-01,META,transformer,0.01281764400013612,0.002562336390838027,-0.018983356654644012,0.02410954236984253,1429.7228274782972,803.2402865627537,1429.7228274782972,803.2402865627537,34.33533684289982,18836.56825613408,0.01603066474183223,0.02424642100150513,19283058885.948215,0.6385542168674698,0.768
2023-08-02,META,transformer,-0.026374308367910923,0.005085451528429985,-0.017475951462984085,0.02812444418668747,1392.5077943448905,807.3355767248405,1392.5077943448905,807.3355767248405,33.740506330571336,19373.856568201852,0.01603066474183223,0.02424642100150513,19283058885.948215,0.6385542168674698,0.768
2023-08-03,META,transformer,-0.00356970934346578,0.005421225912868977,-0.014011770486831665,0.025765594094991684,1387.5458079543014,811.7242073890285,1387.5458079543014,811.7242073890285,33.27103928327921,19879.52191818382,0.01603066474183223,0.02424642100150513,19283058885.948215,0.6385542168674698,0.768
2023-08-04,META,transformer,-0.007885639664241122,0.004512036684900522,-0.017173422500491142,0.028286969289183617,1376.647149617544,815.3949901705463,1376.647149617544,815.3949901705463,32.704540549297356,20449.881603268735,0.01603066474183223,0.02424642100150513,19283058885.948215,0.6385542168674698,0.768
2023-08-07,META,transformer,0.018588386107101135,0.005026706960052252,-0.016736812889575958,0.028250429779291153,1402.4761140344092,819.5040381102616,1402.4761140344092,819.5040381102616,32.16172663062591,21035.83746055081,0.01603066474183223,0.02424642100150513,19283058885.948215,0.6385542168674698,0.768
2023-08-08,META,transformer,-0.012460373656440768,0.0030411062762141228,-0.020620431751012802,0.026756737381219864,1385.1091616673477,821.9999836437373,1385.1091616673477,821.9999836437373,31.505328752854098,21606.2866193625,0.01603066474183223,0.02424642100150513,19283058885.948215,0.6385542168674698,0.768
2023-08-09,META,transformer,-0.02405237943202157,0.0009479918517172337,-0.020161282271146774,0.02242962270975113,1352.1914521153712,822.779592354726,1352.1914521153712,822.779592354726,30.876501604049018,22096.38254608189,0.01603066474183223,0.02424642100150513,19283058885.948215,0.6385542168674698,0.768
2023-08-10,META,transformer,0.0017349993555362978,0.00545834843069315,-0.015700826421380043,0.023165838792920113,1354.5395397896316,827.2828757867069,1354.5395397896316,827.2828757867069,30.395500967070117,22614.240171065037,0.01603066474183223,0.02424642100150513,19283058885.948215,0.6385542168674698,0.768
2023-08-11,META,transformer,-0.01350073373484674,0.0014434000477194786,-0.016896262764930725,0.02163216844201088,1336.3751542963657,828.4778519503216,1336.3751542963657,828.4778519503216,29.886244737530323,23108.765464322314,0.01603066474183223,0.02424642100150513,19283058885.948215,0.6385542168674698,0.768
2023-08-14,META,transformer,0.014971530373486095,0.00337980967015028,-0.01799802854657173,0.030259165912866592,1356.5332578091309,831.2827000246849,1356.5332578091309,831.2827000246849,29.35316236825199,23818.70520227901,0.01603066474183223,0.02424642100150513,19283058885.948215,0.6385542168674698,0.768
2023-08-15,META,transformer,-0.013944351089344414,0.003489412134513259,-0.01996910572052002,0.02740056812763214,1337.748556415047,834.1884111188407,1337.748556415047,834.1884111188407,28.772819836032323,24480.37596958537,0.01603066474183223,0.02424642100150513,19283058885.948215,0.6385542168674698,0.768
2023-08-16,META,transformer,-0.02569577641644834,0.0043093073181807995,-0.014734549447894096,0.021940449252724648,1303.811949603139,837.7909329638956,1303.811949603139,837.7909329638956,28.351974100649073,25023.422716068733,0.01603066474183223,0.02424642100150513,19283058885.948215,0.6385542168674698,0.768
2023-08-17,META,transformer,-0.03176079771890425,0.0038980834651738405,-0.019329119473695755,0.027035348117351532,1263.052543902177,841.0630544334762,1263.052543902177,841.0630544334762,27.809217466784673,25709.166341329958,0.01603066474183223,0.02424642100150513,19283058885.948215,0.6385542168674698,0.768
2023-08-18,META,transformer,-0.0064750071377676945,0.0049658287316560745,-0.014167683199048042,0.021205557510256767,1254.9006898027822,845.2500176523013,1254.9006898027822,845.2500176523013,27.418003817984086,26260.166277275945,0.01603066474183223,0.02424642100150513,19283058885.948215,0.6385542168674698,0.768
2023-08-21,META,transformer,0.023206114965628237,0.006162822246551514,-0.018817977979779243,0.03170884773135185,1284.362585399896,850.4752147488155,1284.362585399896,850.4752147488155,26.906877163113784,27106.18760015397,0.01603066474183223,0.02424642100150513,19283058885.948215,0.6385542168674698,0.768
2023-08-22,META,transformer,-0.007965367804614697,0.0017089392058551311,-0.02078922837972641,0.02571655437350273,1274.17280157665,851.9298802166995,1274.17280157665,851.9298802166995,26.353278139679297,27812.306248103196,0.01603066474183223,0.02424642100150513,19283058885.948215,0.6385542168674698,0.768
2023-08-23,META,transformer,0.022825080597562775,0.00744294049218297,-0.01412681769579649,0.030513621866703033,1303.590350265423,858.2944157467065,1303.590350265423,858.2944157467065,25.983608154864868,28674.040655236895,0.01603066474183223,0.02424642100150513,19283058885.948215,0.6385542168674698,0.768
2023-08-24,META,transformer,-0.02578497165721214,0.002987174317240715,-0.01785184256732464,0.024059606716036797,1270.4069648753673,860.8621548349532,1270.4069648753673,860.8621548349532,25.52386822364224,29372.292496401467,0.01603066474183223,0.02424642100150513,19283058885.948215,0.6385542168674698,0.768
2023-08-25,META,transformer,-0.004368726913415148,0.004403878003358841,-0.019538933411240578,0.024714449420571327,1264.8690094923013,864.6616601188584,1264.8690094923013,864.6616601188584,25.029999826773754,30107.257381144223,0.01603066474183223,0.02424642100150513,19283058885.948215,0.6385542168674698,0.768
2023-08-28,META,transformer,0.016535077590556387,0.002885599387809634,-0.019476819783449173,0.024340443313121796,1285.9575868562936,867.1603182159994,1285.9575868562936,867.1603182159994,24.54721215246932,30849.073998823096,0.01603066474183223,0.02424642100150513,19283058885.948215,0.6385542168674698,0.768
2023-08-29,META,transformer,0.02628278943709912,0.0032384279184043407,-0.0181588027626276,0.025666622444987297,1320.2042164146217,869.9731129321975,1320.2042164146217,869.9731129321975,24.1054865357227,31651.113853909817,0.01603066474183223,0.02424642100150513,19283058885.948215,0.6385542168674698,0.768
2023-08-30,META,transformer,-0.009745593491954538,0.00023383955704048276,-0.023437220603227615,0.021744392812252045,1307.400533875047,870.176589748324,1307.400533875047,870.176589748324,23.54709042389123,32346.88606641546,0.01603066474183223,0.02424642100150513,19283058885.948215,0.6385542168674698,0.768
2023-08-31,META,transformer,0.0026735105086068667,0.006060173735022545,-0.015007399022579193,0.024553149938583374,1310.9005595342614,875.4660459355551,1310.9005595342614,875.4660459355551,23.19634897840282,33150.9340437467,0.01603066474183223,0.02424642100150513,19283058885.948215,0.6385542168674698,0.768
2023-09-01,META,transformer,0.0016546180964975832,0.006081994157284498,-0.018056616187095642,0.02608325704932213,1313.071394779147,880.8068575339457,1313.071394779147,880.8068575339457,22.781260379278564,34026.99503142807,0.01603066474183223,0.02424642100150513,19283058885.948215,0.6385542168674698,0.768
2023-09-05,META,transformer,0.01263989812609692,0.002227808814495802,-0.01904895529150963,0.023214001208543777,1329.7738195410384,882.7713092639112,1329.7738195410384,882.7713092639112,22.351407958548812,34826.13743004017,0.01603066474183223,0.02424642100150513,19283058885.948215,0.6385542168674698,0.768
2023-09-06,META,transformer,-0.003270310786143319,0.0017800107598304749,-0.019802402704954147,0.024401966482400894,1325.4321490512673,884.344039473375,1325.4321490512673,884.344039473375,21.913150412514227,35686.41934091748,0.01603066474183223,0.02424642100150513,19283058885.948215,0.6385542168674698,0.768
2023-09-07,META,transformer,-0.0016726886595684958,0.002480160677805543,-0.019095705822110176,0.021239036694169044,1323.216966898041,886.5400856691526,1323.216966898041,886.5400856691526,21.498673674546833,36452.46887108248,0.01603066474183223,0.02424642100150513,19283058885.948215,0.6385542168674698,0.768
2023-09-08,META,transformer,-0.002614989898980362,0.002785890595987439,-0.01753956638276577,0.024399807676672935,1319.7612881471673,889.0132982790194,1319.7612881471673,889.0132982790194,21.12488450641598,37352.842168434145,0.01603066474183223,0.02424642100150513,19283058885.948215,0.6385542168674698,0.768
2023-09-11,META,transformer,0.03194584220772136,0.0015373736387118697,-0.02113986760377884,0.02174735814332962,1362.602835276333,890.3810586544702,1362.602835276333,890.3810586544702,20.68299392588172,38174.06423238564,0.01603066474183223,0.02424642100150513,19283058885.948215,0.6385542168674698,0.768
2023-09-12,META,transformer,-0.019369614746032802,0.003500996856018901,-0.019397493451833725,0.0324341244995594,1336.4637129090588,893.5037472752299,1336.4637129090588,893.5037472752299,20.28566167824828,39432.50655972951,0.01603066474183223,0.02424642100150513,19283058885.948215,0.6385542168674698,0.768
2023-09-13,META,transformer,0.011207903088787347,0.004526094067841768,-0.016831496730446815,0.022806888446211815,1351.526924510201,897.5570290114621,1351.526924510201,897.5570290114621,19.94708157327339,40342.17130260611,0.01603066474183223,0.02424642100150513,19283058885.948215,0.6385542168674698,0.768
2023-09-14,META,transformer,0.021596882322633744,0.0034188907593488693,-0.01663743518292904,0.02111654169857502,1381.0331670156559,900.6309497247044,1381.0331670156559,900.6309497247044,19.617958370222592,41203.11702696648,0.01603066474183223,0.02424642100150513,19283058885.948215,0.6385542168674698,0.768
2023-09-15,META,transformer,-0.03729008655285397,0.0010627963347360492,-0.019546009600162506,0.02157004550099373,1330.4826940545497,901.5886328196284,1330.4826940545497,901.5886328196284,19.238228248551657,42101.52350026555,0.01603066474183223,0.02424642100150513,19283058885.948215,0.6385542168674698,0.768
2023-09-18,META,transformer,0.00743124638264567,0.0025517416652292013,-0.01809009350836277,0.02321070246398449,1340.4066668357277,903.8922032293106,1340.4066668357277,903.8922032293106,18.89333553065367,43090.16004206758,0.01603066474183223,0.02424642100150513,19283058885.948215,0.6385542168674698,0.768
2023-09-19,META,transformer,0.00829476975830111,0.0007792616379447281,-0.01773240976035595,0.018909456208348274,1351.571271418542,904.5967958288118,1351.571271418542,904.5967958288118,18.561264405467696,43912.722807906255,0.01603066474183223,0.02424642100150513,19283058885.948215,0.6385542168674698,0.768
2023-09-20,META,transformer,-0.01785936845890651,0.004845065996050835,-0.01924918219447136,0.026179049164056778,1327.647331204494,908.990264048528,1327.647331204494,908.990264048528,18.20739237619487,45077.49821535121,0.01603066474183223,0.02424642100150513,19283058885.948215,0.6385542168674698,0.768
2023-09-21,META,transformer,-0.013235000981876523,0.004693232476711273,-0.01212389674037695,0.0210028775036335,1310.1916850207506,913.266369666991,1310.1916850207506,913.266369666991,17.98798076651887,46034.26701444718,0.01603066474183223,0.02424642100150513,19283058885.948215,0.6385542168674698,0.768
2023-09-22,META,transformer,0.011264138196221391,0.004479693248867989,-0.022320162504911423,0.0271223783493042,1325.0332972841768,917.3667342663103,1325.0332972841768,917.3667342663103,17.590933663267723,47299.91455744156,0.01603066474183223,0.02424642100150513,19283058885.948215,0.6385542168674698,0.768
2023-09-25,META,transformer,0.005834225274589501,0.0007076805341057479,-0.01884685456752777,0.01970500499010086,1332.7864348204691,918.0162152093711,1332.7864348204691,918.0162152093711,17.26250424518781,48241.2037244256,0.01603066474183223,0.02424642100150513,19283058885.948215,0.6385542168674698,0.768
2023-09-26,META,transformer,-0.006235519914435023,0.0031618496868759394,-0.01933944597840309,0.02349070832133293,1324.5016752000404,920.9233841648208,1324.5016752000404,920.9233841648208,16.931864201770004,49387.83840886932,0.01603066474183223,0.02424642100150513,19283058885.948215,0.6385542168674698,0.768
2023-09-27,META,transformer,-0.004089166945330044,0.0009796048980206251,-0.022487232461571693,0.02749468944966793,1319.0966253380084,921.82601688584,1319.0966253380084,921.82601688584,16.555362399879577,50764.58064181272,0.01603066474183223,0.02424642100150513,19283058885.948215,0.6385542168674698,0.768
2023-09-28,META,transformer,0.020675496039848987,0.00431325938552618,-0.017216188833117485,0.02539628930389881,1346.653496732305,925.8106364284721,1346.653496732305,925.8106364284721,16.27278118856724,52070.32434040045,0.01603066474183223,0.02424642100150513,19283058885.948215,0.6385542168674698,0.768
2023-09-29,META,transformer,-0.012413884382263951,0.002608811017125845,-0.017240121960639954,0.023769374936819077,1330.0396305831066,928.2290696746146,1330.0396305831066,928.2290696746146,15.994641163476313,53322.83275606731,0.01603066474183223,0.02424642100150513,19283058885.948215,0.6385542168674698,0.768
2023-10-02,META,transformer,0.021779078980688184,0.004651931114494801,-0.015178531408309937,0.02566714584827423,1359.3244089548346,932.5571717663148,1359.3244089548346,932.5571717663148,15.753698825016432,54709.1958453028,0.01603066474183223,0.02424642100150513,19283058885.948215,0.6385542168674698,0.768
2023-10-03,META,transformer,-0.019350362844680006,3.5760273021878675e-05,-0.023203983902931213,0.021714650094509125,1333.2738452002534,932.5905226096884,1333.2738452002534,932.5905226096884,15.392359055232964,55910.18044209416,0.01603066474183223,0.02424642100150513,19283058885.948215,0.6385542168674698,0.768
2023-10-04,META,transformer,0.015300648739436849,0.004198312293738127,-0.019600752741098404,0.026271194219589233,1353.8306652761207,936.5140561356251,1353.8306652761207,936.5140561356251,15.093594983042305,57398.47115523026,0.01603066474183223,0.02424642100150513,19283058885.948215,0.6385542168674698,0.768
2023-10-05,META,transformer,-0.0025885232719963904,0.0007722047157585621,-0.02184702455997467,0.025125667452812195,1350.330774820895,937.23749095148,1350.330774820895,937.23749095148,14.767421169921768,58858.91962097957,0.01603066474183223,0.02424642100150513,19283058885.948215,0.6385542168674698,0.768
2023-10-06,META,transformer,0.03431372118635882,0.0013406351208686829,-0.017190029844641685,0.021183917298913002,1397.4697807354796,938.4948712848045,1397.4697807354796,938.4948712848045,14.515738331741538,60119.08139096671,0.01603066474183223,0.02424642100150513,19283058885.948215,0.6385542168674698,0.768
2023-10-09,META,transformer,0.009246007828335439,0.002388832625001669,-0.021379774436354637,0.024479428306221962,1410.4507157044293,940.7394656921945,1410.4507157044293,940.7394656921945,14.208689038605035,61608.92033417599,0.01603066474183223,0.02424642100150513,19283058885.948215,0.6385542168674698,0.768
2023-10-10,META,transformer,0.010871744337400274,0.0018699317006394267,-0.020903248339891434,0.027105171233415604,1425.8684321643213,942.5002525057913,1425.8684321643213,942.5002525057913,13.914764277765086,63301.676795593936,0.01603066474183223,0.02424642100150513,19283058885.948215,0.6385542168674698,0.768
2023-10-11,META,transformer,0.018410183340541803,0.003208903130143881,-0.01682407408952713,0.02296561375260353,1452.3620593903458,945.5294498777282,1452.3620593903458,945.5294498777282,13.682619533288621,64772.26255574014,0.01603066474183223,0.02424642100150513,19283058885.948215,0.6385542168674698,0.768
2023-10-12,META,transformer,-0.011227467245863655,0.0021520263981074095,-0.019236022606492043,0.023567097261548042,1436.1469098042496,947.5664515135408,1436.1469098042496,947.5664515135408,13.421935427208151,66316.88565869571,0.01603066474183223,0.02424642100150513,19283058885.948215,0.6385542168674698,0.768
2023-10-13,META,transformer,-0.029649197328815307,0.003007817780598998,-0.017079876735806465,0.023732369765639305,1394.1913544139811,950.4208054973359,1394.1913544139811,950.4208054973359,13.19463667313725,67909.56930006479,0.01603066474183223,0.02424642100150513,19283058885.948215,0.6385542168674698,0.768
2023-10-16,META,transformer,0.020320249669883956,0.004491680767387152,-0.017011720687150955,0.024915315210819244,1422.8114699765501,954.699428517842,1422.8114699765501,954.699428517842,12.972071963633928,69622.80970311767,0.01603066474183223,0.02424642100150513,19283058885.948215,0.6385542168674698,0.768
2023-10-17,META,transformer,0.008835231093714502,0.001890667132101953,-0.02188444323837757,0.024088555946946144,1435.4380352907388,956.5061470374964,1435.4380352907388,956.5061470374964,12.691268919840676,71320.2863177015,0.01603066474183223,0.02424642100150513,19283058885.948215,0.6385542168674698,0.768
2023-10-18,META,transformer,-0.02193637976624525,0.0017019533552229404,-0.01940172165632248,0.023411545902490616,1404.2925796245345,958.1354419497177,1404.2925796245345,958.1354419497177,12.447410125245666,73009.7013116232,0.01603066474183223,0.02424642100150513,19283058885.948215,0.6385542168674698,0.768
2023-10-19,META,transformer,-0.013211166361230393,0.005261162295937538,-0.018430929630994797,0.027473323047161102,1385.862247885212,963.1896170054928,1385.862247885212,963.1896170054928,12.220093680523624,75043.32843892147,0.01603066474183223,0.02424642100150513,19283058885.948215,0.6385542168674698,0.768
2023-10-20,META,transformer,-0.01338804059982554,0.0014962587738409638,-0.018535392358899117,0.018288450315594673,1367.431916145889,964.6318854699634,1367.431916145889,964.6318854699634,11.995675718466106,76428.38044860942,0.01603066474183223,0.02424642100150513,19283058885.948215,0.6385542168674698,0.768
2023-10-23,META,transformer,0.017216934569599638,0.002110143890604377,-0.01750575564801693,0.021029232069849968,1391.178739134551,966.6695628784831,1391.178739134551,966.6695628784831,11.787509773649894,78052.63003758715,0.01603066474183223,0.02424642100150513,19283058885.948215,0.6385542168674698,0.768
2023-10-24,META,transformer,-0.004660446313058197,0.0033649103716015816,-0.022521264851093292,0.02635464072227478,1384.710309900258,969.9277453112331,1384.710309900258,969.9277453112331,11.52500727090207,80137.02760101606,0.01603066474183223,0.02424642100150513,19283058885.948215,0.6385542168674698,0.768
2023-10-25,META,transformer,-0.04254984191292604,0.005505161825567484,-0.016852064058184624,0.027679743245244026,1327.0270153036772,975.2820799076135,1327.0270153036772,975.2820799076135,11.332414287150495,82386.18520908739,0.01603066474183223,0.02424642100150513,19283058885.948215,0.6385542168674698,0.768
2023-10-26,META,transformer,-0.038039534180183444,0.006110704969614744,-0.01274596992880106,0.023991718888282776,1277.495574806491,981.2599583235092,1277.495574806491,981.2599583235092,11.188888206911368,84386.67497466282,0.01603066474183223,0.02424642100150513,19283058885.948215,0.6385542168674698,0.768
2023-10-27,META,transformer,0.02864763021606084,0.0026119849644601345,-0.019221456721425056,0.02456982620060444,1314.6220493272046,983.8263964602796,1314.6220493272046,983.8263964602796,10.975875245765007,86485.72687936657,0.01603066474183223,0.02424642100150513,19283058885.948215,0.6385542168674698,0.768
2023-10-30,META,transformer,0.01978740391410603,0.001621687551960349,-0.016890084370970726,0.02306620590388775,1340.894077215513,985.4231806213475,1340.894077215513,985.4231806213475,10.792048548330088,88503.80772791986,0.01603066474183223,0.02424642100150513,19283058885.948215,0.6385542168674698,0.768
2023-10-31,META,transformer,-0.004603239182708277,0.0010730564827099442,-0.025365207344293594,0.02377740666270256,1334.7358059316289,986.4811298263497,1334.7358059316289,986.4811298263497,10.52174842509751,90633.42131695402,0.01603066474183223,0.02424642100150513,19283058885.948215,0.6385542168674698,0.768
2023-11-01,META,transformer,0.0345154863681725,0.004172905348241329,-0.015828188508749008,0.024715933948755264,1381.6091360081343,990.6062224605566,1381.6091360081343,990.6062224605566,10.356519528743489,92901.42636250742,0.01603066474183223,0.02424642100150513,19283058885.948215,0.6385542168674698,0.768
2023-11-02,META,transformer,-0.0031475198916943933,0.00039238340104930103,-0.020291652530431747,0.02161199226975441,1377.2673303143745,990.9949729760582,1377.2673303143745,990.9949729760582,10.148486230678824,94931.06687099274,0.01603066474183223,0.02424642100150513,19283058885.948215,0.6385542168674698,0.768
2023-11-03,META,transformer,0.011927207372656673,0.0032163665164262056,-0.017371656373143196,0.02304813824594021,1393.7926378508798,994.187475015694,1393.7926378508798,994.187475015694,9.973712759614479,97144.45943577784,0.01603066474183223,0.02424642100150513,19283058885.948215,0.6385542168674698,0.768
2023-11-06,META,transformer,0.0038070531421771636,0.005639544688165188,-0.019983498379588127,0.02950684167444706,1399.10899389623,999.8101292379075,1399.10899389623,999.8101292379075,9.77638119915615,100053.59078515098,0.01603066474183223,0.02424642100150513,19283058885.948215,0.6385542168674698,0.768
2023-11-07,META,transformer,0.009517640011165878,0.005152206867933273,-0.01633479632437229,0.026639534160494804,1412.4887806322704,1004.9746061940375,1412.4887806322704,1004.9746061940375,9.617983369871373,102754.7942282365,0.01603066474183223,0.02424642100150513,19283058885.948215,0.6385542168674698,0.768
2023-11-08,META,transformer,0.0030065523615561145,0.003554470604285598,-0.020656457170844078,0.027988849207758904,1416.7418925093482,1008.5531011585198,1416.7418925093482,1008.5531011585198,9.421347816641566,105671.40775039894,0.01603066474183223,0.02424642100150513,19283058885.948215,0.6385542168674698,0.768
2023-11-09,META,transformer,0.002404976811792944,0.0031354993116110563,-0.016060756519436836,0.02643018402159214,1420.153224351881,1011.7204112649069,1420.153224351881,1011.7204112649069,9.271242750694753,108501.55356678071,0.01603066474183223,0.02424642100150513,19283058885.948215,0.6385542168674698,0.768
2023-11-10,META,transformer,0.02532015237520873,0.0009358037495985627,-0.020759081467986107,0.021101007238030434,1456.5708243590832,1012.6676544916825,1456.5708243590832,1012.6676544916825,9.080764462014782,110815.37421688235,0.01603066474183223,0.02424642100150513,19283058885.948215,0.6385542168674698,0.768
2023-11-13,META,transformer,0.0012767143602677854,0.0035221916623413563,-0.01992102712392807,0.02393781766295433,1458.4316368575485,1016.2407070455323,1458.4316368575485,1016.2407070455323,8.901656442564223,113500.06121994037,0.01603066474183223,0.02424642100150513,19283058885.948215,0.6385542168674698,0.768
2023-11-14,META,transformer,0.021398247312860063,0.0025781651493161917,-0.01820862852036953,0.02221437729895115,1489.975809086855,1018.8641092251396,1489.975809086855,1018.8641092251396,8.741036060241452,116049.60901569588,0.01603066474183223,0.02424642100150513,19283058885.948215,0.6385542168674698,0.768
2023-11-15,META,transformer,-0.01076213240164347,0.0026912286411970854,-0.019823746755719185,0.023828288540244102,1474.0264705428267,1021.6097902789144,1474.0264705428267,1021.6097902789144,8.569462417327738,118848.08610020837,0.01603066474183223,0.02424642100150513,19283058885.948215,0.6385542168674698,0.768
2023-11-16,META,transformer,0.004438486818346435,-0.00012175994925200939,-0.01907087117433548,0.02005913108587265,1480.5834583898131,1021.4853865160052,1480.5834583898131,1021.4853865160052,8.407583540843607,121256.1438673843,0.01603066474183223,0.02424642100150513,19283058885.948215,0.6385542168674698,0.768
2023-11-17,META,transformer,0.0025402523695708702,0.0009403268923051655,-0.017694314941763878,0.021378977224230766,1484.3492950910957,1022.4463996746108,1484.3492950910957,1022.4463996746108,8.260125735156821,123876.39057041114,0.01603066474183223,0.02424642100150513,19283058885.948215,0.6385542168674698,0.768
2023-11-20,META,transformer,0.01460742882739106,0.0010114178294315934,-0.02115299180150032,0.021099135279655457,1506.1909586729512,1023.481082364139,1506.1909586729512,1023.481082364139,8.087234475171648,126517.84688956458,0.01603066474183223,0.02424642100150513,19283058885.948215,0.6385542168674698,0.768
2023-11-21,META,transformer,-0.008833768001193305,0.002125853206962347,-0.01791403815150261,0.02401793748140335,1492.9442126619333,1025.659177261691,1492.9442126619333,1025.659177261691,7.943649227917972,129593.32893215524,0.01603066474183223,0.02424642100150513,19283058885.948215,0.6385542168674698,0.768
2023-11-22,META,transformer,0.013294753395576887,0.002370411530137062,-0.01933782920241356,0.025971684604883194,1512.9250637453233,1028.0932906331736,1512.9250637453233,1028.0932906331736,7.791512098455245,133003.1723247545,0.01603066474183223,0.02424642100150513,19283058885.948215,0.6385542168674698,0.768
2023-11-24,META,transformer,-0.009592197487534393,0.00480671739205718,-0.01900823973119259,0.027841323986649513,1498.4821680449993,1033.0469733793577,1498.4821680449993,1033.0469733793577,7.644807667706459,136758.19429121382,0.01603066474183223,0.02424642100150513,19283058885.948215,0.6385542168674698,0.768
2023-11-27,META,transformer,-0.010491525231755651,0.0034203501418232918,-0.014551887288689613,0.02271834947168827,1482.8429874513802,1036.5863929185584,1482.8429874513802,1036.5863929185584,7.534366976948389,139900.6822054174,0.01603066474183223,0.02424642100150513,19283058885.948215,0.6385542168674698,0.768
2023-11-28,META,transformer,0.012735934923442344,0.0015209111152216792,-0.016628433018922806,0.02119375392794609,1501.8491529791913,1038.16414396674,1501.8491529791913,1038.16414396674,7.410118211226695,142897.33841830946,0.01603066474183223,0.02424642100150513,19283058885.948215,0.6385542168674698,0.768
2023-11-29,META,transformer,-0.020233345687058833,0.002888438990339637,-0.017928680405020714,0.025344474241137505,1471.767076685248,1041.1671514923455,1471.767076685248,1041.1671514923455,7.278448417483595,146565.28197973315,0.01603066474183223,0.02424642100150513,19283058885.948215,0.6385542168674698,0.768
2023-11-30,META,transformer,-0.015318471266103757,0.004131712485104799,-0.019542114809155464,0.028060561046004295,1449.3936558152675,1045.4778519492604,1449.3936558152675,1045.4778519492604,7.137593143656272,150736.23666137375,0.01603066474183223,0.02424642100150513,19283058885.948215,0.6385542168674698,0.768
2023-12-01,META,transformer,-0.007147557364117611,0.0036008015740662813,-0.02055966667830944,0.02824544720351696,1439.0709664709873,1049.2491760831315,1439.0709664709873,1049.2491760831315,6.99234497194757,155054.5491778232,0.01603066474183223,0.02424642100150513,19283058885.948215,0.6385542168674698,0.768
2023-12-04,META,transformer,-0.014887745784404428,0.0035287735518068075,-0.020853720605373383,0.027181264013051987,1417.80513667762,1052.9583057823104,1417.80513667762,1052.9583057823104,6.848038283352037,159326.92768173735,0.01603066474183223,0.02424642100150513,19283058885.948215,0.6385542168674698,0.768
2023-12-05,META,transformer,-0.005420515772025088,0.0043078092858195305,-0.018925538286566734,0.023661131039261818,1410.1406929580096,1057.5039743945044,1410.1406929580096,1057.5039743945044,6.719654219074669,163141.7409084139,0.01603066474183223,0.02424642100150513,19283058885.948215,0.6385542168674698,0.768
2023-12-06,META,transformer,-0.0026425796687167304,0.005577624309808016,-0.014797501266002655,0.026871029287576675,1406.419203165068,1063.4187851681888,1406.419203165068,1063.4187851681888,6.6209522325132975,167584.95019634123,0.01603066474183223,0.02424642100150513,19283058885.948215,0.6385542168674698,0.768
2023-12-07,META,transformer,0.028385186291011916,0.0038765701465308666,-0.01549115963280201,0.02439245395362377,1446.9126626199732,1067.5491856897474,1446.9126626199732,1067.5491856897474,6.519176282501314,171723.02753395424,0.01603066474183223,0.02424642100150513,19283058885.948215,0.6385542168674698,0.768
2023-12-08,META,transformer,0.018685906914352568,0.001640765811316669,-0.018866218626499176,0.023389656096696854,1474.2037229722016,1069.3022167090628,1474.2037229722016,1069.3022167090628,6.397336828420495,175786.90603477502,0.01603066474183223,0.02424642100150513,19283058885.948215,0.6385542168674698,0.768
2023-12-11,META,transformer,-0.02270511114796101,0.001146982773207128,-0.02192620187997818,0.023028727620840073,1441.1088961948387,1070.5293776921792,1441.1088961948387,1070.5293776921792,6.25859415583533,179882.01659153434,0.01603066474183223,0.02424642100150513,19283058885.948215,0.6385542168674698,0.768
2023-12-12,META,transformer,0.027113116300370613,0.00453268364071846,-0.015400134027004242,0.020735129714012146,1480.716363910847,1075.3927357194552,1480.716363910847,1075.3927357194552,6.162949355601314,183650.83781026874,0.01603066474183223,0.02424642100150513,19283058885.948215,0.6385542168674698,0.768
2023-12-13,META,transformer,0.0015546194840991609,0.003382170805707574,-0.017585281282663345,0.022419646382331848,1483.0201046767663,1079.03608888951,1483.0201046767663,1079.03608888951,6.055519551520966,187814.7333512794,0.01603066474183223,0.02424642100150513,19283058885.948215,0.6385542168674698,0.768
2023-12-14,META,transformer,-0.004701171383982481,0.0037682109978049994,-0.02004014514386654,0.028514226898550987,1476.0645354706667,1083.109836635874,1476.0645354706667,1083.109836635874,5.935374060836795,193247.21884480678,0.01603066474183223,0.02424642100150513,19283058885.948215,0.6385542168674698,0.768
2023-12-15,META,transformer,0.005238826900846308,0.002607683651149273,-0.017130047082901,0.023938190191984177,1483.817673006959,1085.9378809016014,1483.817673006959,1085.9378809016014,5.834566690143513,197929.02368454286,0.01603066474183223,0.02424642100150513,19283058885.948215,0.6385542168674698,0.768
2023-12-18,META,transformer,0.028550609117673747,0.004075661301612854,-0.017455391585826874,0.02560698240995407,1526.7921256571587,1090.3728414888417,1526.7921256571587,1090.3728414888417,5.733605677008262,203062.84265692858,0.01603066474183223,0.02424642100150513,19283058885.948215,0.6385542168674698,0.768
2023-12-19,META,transformer,0.01651880893894555,0.0009202717919833958,-0.020784206688404083,0.022099994122982025,1552.2223735109221,1091.3766968906937,1552.2223735109221,1091.3766968906937,5.615667230823453,207600.48894839035,0.01603066474183223,0.02424642100150513,19283058885.948215,0.6385542168674698,0.768
2023-12-20,META,transformer,-0.0030872661784920007,0.0004362151667010039,-0.021847466006875038,0.021894806995987892,1547.4376395497081,1091.852871091541,1547.4376395497081,1091.852871091541,5.494309528237785,212195.97725751202,0.01603066474183223,0.02424642100150513,19283058885.948215,0.6385542168674698,0.768
2023-12-21,META,transformer,0.013677218460053837,0.0031272575724869967,-0.019823608919978142,0.023506442084908485,1568.7476810474272,1095.2726687904033,1568.7476810474272,1095.2726687904033,5.386464992485013,217243.03223664244,0.01603066474183223,0.02424642100150513,19283058885.948215,0.6385542168674698,0.768
2023-12-22,META,transformer,-0.0019788033781617184,0.00018714206817094237,-0.021417098119854927,0.020229244604706764,1565.6465071553034,1095.4776584728393,1565.6465071553034,1095.4776584728393,5.272329076349497,221682.4400996755,0.01603066474183223,0.02424642100150513,19283058885.948215,0.6385542168674698,0.768
2023-12-26,META,transformer,0.004066459308231649,0.0020648136269301176,-0.021717511117458344,0.024095825850963593,1572.026107368926,1097.741977787827,1572.026107368926,1097.741977787827,5.1590617236899305,227088.92732709058,0.01603066474183223,0.02424642100150513,19283058885.948215,0.6385542168674698,0.768
2023-12-27,META,transformer,0.008419212061327733,0.0035316762514412403,-0.01655605062842369,0.023947954177856445,1585.3172002882845,1101.6256717709987,1585.3172002882845,1101.6256717709987,5.074351125369049,232592.88999402022,0.01603066474183223,0.02424642100150513,19283058885.948215,0.6385542168674698,0.768
2023-12-28,META,transformer,0.0013684865813126668,0.0022397718857973814,-0.017103400081396103,0.022351108491420746,1587.488170737159,1104.0958764683708,1587.488170737159,1104.0958764683708,4.988300590189352,237850.1397665935,0.01603066474183223,0.02424642100150513,19283058885.948215,0.6385542168674698,0.768
2023-12-29,META,transformer,-0.012242574081261275,0.0012354478240013123,-0.01950017362833023,0.019509360194206238,1568.1717120549501,1105.4607601581292,1568.1717120549501,1105.4607601581292,4.891970274127686,242535.99797432552,0.01603066474183223,0.02424642100150513,19283058885.948215,0.6385542168674698,0.768
2023-01-03,META,ensemble,,0.0019391506000358484,-0.05210121310278777,0.05597951430285947,552.6436341226546,534.1848856554299,552.6436341226546,534.1848856554299,506.08348366233935,563.8466799937963,0.016104850591905105,0.02455389495019928,80966257142.52129,0.5983935742971888,0.984
2023-01-04,META,ensemble,,0.0005408575754714034,-0.053499506127352214,0.054581221278295025,564.295513881264,534.4738817433557,564.295513881264,534.4738817433557,479.71977772785095,595.477492336931,0.016104850591905105,0.02455389495019928,80966257142.52129,0.5983935742971888,0.984
2023-01-05,META,ensemble,,0.0006261035813218553,-0.053414260121501765,0.054666467284145474,562.3904558774494,534.8086225351075,562.3904558774494,534.8086225351075,454.76821742543365,628.9363499435767,0.016104850591905105,0.02455389495019928,80966257142.52129,0.5983935742971888,0.984
2023-01-06,META,ensemble,,0.0013356862195968737,-0.05270467748322675,0.05537604992242049,576.0359860535636,535.5234363195376,576.0359860535636,535.5234363195376,431.42047708816597,664.7467287207088,0.016104850591905105,0.02455389495019928,80966257142.52129,0.5983935742971888,0.984
2023-01-09,META,ensemble,,0.0011152138915125765,-0.052925149811311044,0.055155577594336196,573.5992721646156,536.1209926345716,573.5992721646156,536.1209926345716,409.1811835885929,702.441192976429,0.016104850591905105,0.02455389495019928,80966257142.52129,0.5983935742971888,0.984
2023-01-10,META,ensemble,,0.0016386189235398382,-0.05240174477928378,0.055678982626363456,589.1941734518883,537.0002107934357,589.1941734518883,537.0002107934357,388.2914839339809,742.6617330634641,0.016104850591905105,0.02455389495019928,80966257142.52129,0.5983935742971888,0.984
2023-01-11,META,ensemble,,-0.00025455911796675205,-0.05429492282079037,0.05378580458485687,588.7511099804452,536.8635298908513,588.7511099804452,536.8635298908513,367.7713384039022,783.7001409020266,0.016104850591905105,0.02455389495019928,80966257142.52129,0.5983935742971888,0.984
2023-01-12,META,ensemble,,0.0012868030897988957,-0.052753560613024726,0.05532716679262251,605.6751340800525,537.5548122166425,605.6751340800525,537.5548122166425,348.87295194946427,828.2819706215796,0.016104850591905105,0.02455389495019928,80966257142.52129,0.5983935742971888,0.984
2023-01-13,META,ensemble,,0.0004292269743076069,-0.053611136728516015,0.054469590677131224,606.8712837693589,537.7855947677197,606.8712837693589,537.7855947677197,330.6619930741363,874.6494970615712,0.016104850591905105,0.02455389495019928,80966257142.52129,0.5983935742971888,0.984
2023-01-17,META,ensemble,,-0.0008274569684673378,-0.05486782067129096,0.05321290673435628,599.6941152255434,537.3407843858924,599.6941152255434,537.3407843858924,313.008035895213,922.4527342841358,0.016104850591905105,0.02455389495019928,80966257142.52129,0.5983935742971888,0.984
2023-01-18,META,ensemble,,-1.3811624247724334e-05,-0.054054175327071345,0.054026552078575894,589.3270789729223,537.3333628881371,589.3270789729223,537.3333628881371,296.53779733286063,973.6605096198958,0.016104850591905105,0.02455389495019928,80966257142.52129,0.5983935742971888,0.984
2023-01-19,META,ensemble,,0.0026853378857329153,-0.051355025817090706,0.05672570158855653,603.1940732827637,538.778223626163,603.1940732827637,538.778223626163,281.6935175859393,1030.4886556901488,0.016104850591905105,0.02455389495019928,80966257142.52129,0.5983935742971888,0.984
2023-01-20,META,ensemble,,0.0005515647721847263,-0.053488798930638896,0.05459192847500834,617.4598517577016,539.075476683957,617.4598517577016,539.075476683957,267.02194977660076,1088.3089191924598,0.016104850591905105,0.02455389495019928,80966257142.52129,0.5983935742971888,0.984
2023-01-23,META,ensemble,,-0.0012600659359886242,-0.055300429638812244,0.052780297766834995,634.7383131140646,538.3966338220641,634.7383131140646,538.3966338220641,252.65639276904227,1147.2930968974379,0.016104850591905105,0.02455389495019928,80966257142.52129,0.5983935742971888,0.984
2023-01-24,META,ensemble,,3.327644644091879e-05,-0.0540070872563827,0.05407364014926454,634.1623441215875,538.4145500469059,634.1623441215875,538.4145500469059,239.373081917905,1211.039375770884,0.016104850591905105,0.02455389495019928,80966257142.52129,0.5983935742971888,0.984
2023-01-25,META,ensemble,,0.0007403292360860165,-0.0533000344667376,0.054780692938909636,626.8965493630844,538.8133016649675,626.8965493630844,538.8133016649675,226.94854381585532,1279.2317111612192,0.016104850591905105,0.02455389495019928,80966257142.52129,0.5983935742971888,0.984
2023-01-26,META,ensemble,,0.0016276997651817114,-0.05241266393764191,0.05566806346800533,652.5926758609102,539.6910421047273,652.5926758609102,539.6910421047273,215.35991432258845,1352.463488129911,0.016104850591905105,0.02455389495019928,80966257142.52129,0.5983935742971888,0.984
2023-01-27,META,ensemble,,0.0007721252227579191,-0.0532682384800657,0.05481248892558154,672.2635041978801,540.1079120880365,672.2635041978801,540.1079120880365,204.18825973848195,1428.664689506243,0.016104850591905105,0.02455389495019928,80966257142.52129,0.5983935742971888,0.984
2023-01-30,META,ensemble,,0.0007827265016093063,-0.05325763720121431,0.05482309020443293,651.5293640906435,540.5308343591993,651.5293640906435,540.5308343591993,193.59817980053828,1509.1752577120044,0.016104850591905105,0.02455389495019928,80966257142.52129,0.5983935742971888,0.984
2023-01-31,META,ensemble,,0.0008015771821929217,-0.0532387865206307,0.05484194088501654,659.9913761404472,540.964285241253,659.9913761404472,540.964285241253,183.56080709569054,1594.252948310611,0.016104850591905105,0.02455389495019928,80966257142.52129,0.5983935742971888,0.984
2023-02-01,META,ensemble,,0.00156689588399855,-0.05247346781882507,0.055607259586822166,678.377360971429,541.8125843778412,678.377360971429,541.8125843778412,174.1770862259386,1685.416164382236,0.016104850591905105,0.02455389495019928,80966257142.52129,0.5983935742971888,0.984
2023-02-02,META,ensemble,,-0.0014050904566285237,-0.055445454159452144,0.052635273246195095,836.3198890576713,541.0518232804924,836.3198890576713,541.0518232804924,164.78260577822965,1776.5047111169088,0.016104850591905105,0.02455389495019928,80966257142.52129,0.5983935742971888,0.984
2023-02-03,META,ensemble,,-0.0026562242606008334,-0.05669658796342445,0.05138413944222279,826.3958486744988,539.6165753153541,826.3958486744988,539.6165753153541,155.69990621246262,1870.1748474898188,0.016104850591905105,0.02455389495019928,80966257142.52129,0.5983935742971888,0.984
2023-02-06,META,ensemble,,0.0004088659872517448,-0.05363149771557187,0.05444922969007537,824.3135720423064,539.8372512895336,824.3135720423064,539.8372512895336,147.56945978976216,1974.8277068644336,0.016104850591905105,0.02455389495019928,80966257142.52129,0.5983935742971888,0.984
2023-02-07,META,ensemble,,-0.001752224849079743,-0.05579258855190336,0.05228813885374388,848.9463867698654,538.8921632885132,848.9463867698654,538.8921632885132,139.56164317420468,2080.835085119215,0.016104850591905105,0.02455389495019928,80966257142.52129,0.5983935742971888,0.984
2023-02-08,META,ensemble,,-0.00143215419171795,-0.05547251789454157,0.05260820951110567,812.6616922836971,538.1209390058394,812.6616922836971,538.1209390058394,132.03062091558954,2193.234743489228,0.016104850591905105,0.02455389495019928,80966257142.52129,0.5983935742971888,0.984
2023-02-09,META,ensemble,,-0.0014892822563950196,-0.05552964595921864,0.0525510814464286,788.2504092918597,537.3201215092428,788.2504092918597,537.3201215092428,124.89885207765944,2311.573790919968,0.016104850591905105,0.02455389495019928,80966257142.52129,0.5983935742971888,0.984
2023-02-10,META,ensemble,,0.0014651684949454962,-0.05257519520787812,0.05550553219776912,771.5479169279738,538.1079630423355,771.5479169279738,538.1079630423355,118.50190437843061,2443.506552982254,0.016104850591905105,0.02455389495019928,80966257142.52129,0.5983935742971888,0.984
2023-02-13,META,ensemble,,0.0022962550910938604,-0.05174410861172976,0.05633661879391748,794.9402350578855,539.3450159429806,794.9402350578855,539.3450159429806,112.52606937059589,2585.1169231238346,0.016104850591905105,0.02455389495019928,80966257142.52129,0.5983935742971888,0.984
2023-02-14,META,ensemble,,0.0016708931756055218,-0.0523694705272181,0.05571125687842914,795.1617667936071,540.2469571632885,795.1617667936071,540.2469571632885,106.78478480571961,2733.224356402497,0.016104850591905105,0.02455389495019928,80966257142.52129,0.5983935742971888,0.984
2023-02-15,META,ensemble,,0.0020046863107204436,-0.05203567739210318,0.05604505001354406,784.8833567556735,541.3310691318673,784.8833567556735,541.3310691318673,101.37026206457166,2890.781975297529,0.016104850591905105,0.02455389495019928,80966257142.52129,0.5983935742971888,0.984
2023-02-16,META,ensemble,,0.0005157601097143612,-0.05352460359310926,0.05455612381253798,763.9720318210564,541.6103381151845,763.9720318210564,541.6103381151845,96.08710953489111,3052.8731665794007,0.016104850591905105,0.02455389495019928,80966257142.52129,0.5983935742971888,0.984
2023-02-17,META,ensemble,,0.002524792020022763,-0.051515571682800854,0.056565155722846386,765.9214029322148,542.9795192963508,765.9214029322148,542.9795192963508,91.2624662293169,3230.5368302723678,0.016104850591905105,0.02455389495019928,80966257142.52129,0.5983935742971888,0.984
2023-02-21,META,ensemble,,0.0015160693573936634,-0.052524294345429955,0.055556433060217285,762.3770979666537,543.8033382327777,762.3770979666537,543.8033382327777,86.59268169382133,3415.093110509521,0.016104850591905105,0.02455389495019928,80966257142.52129,0.5983935742971888,0.984
2023-02-22,META,ensemble,,0.0002293265718593733,-0.053811037130964245,0.054269690274682994,758.1239184875814,543.9280610886863,758.1239184875814,543.9280610886863,82.0561909331812,3605.550443849099,0.016104850591905105,0.02455389495019928,80966257142.52129,0.5983935742971888,0.984
2023-02-23,META,ensemble,,0.000759864965833873,-0.05328049873698975,0.05480022866865749,762.1998455372787,544.341530036631,762.1998455372787,544.341530036631,77.79862590428824,3808.6495471932003,0.016104850591905105,0.02455389495019928,80966257142.52129,0.5983935742971888,0.984
2023-02-24,META,ensemble,,-0.00016384613804322978,-0.05420420984086685,0.05387651756478039,754.8897714724292,544.2523490853347,754.8897714724292,544.2523490853347,73.693865474221,4019.474586911487,0.016104850591905105,0.02455389495019928,80966257142.52129,0.5983935742971888,0.984
2023-02-27,META,ensemble,,0.0017059403736753608,-0.05233442332914826,0.05574630407649898,751.1239347711464,545.1816035420924,751.1239347711464,545.1816035420924,69.93632155519286,4249.90869166836,0.016104850591905105,0.02455389495019928,80966257142.52129,0.5983935742971888,0.984
2023-02-28,META,ensemble,,0.0014335907095323684,-0.05260677299329125,0.05547395441235599,775.0479425871887,545.9637313155418,775.0479425871887,545.9637313155418,66.35229589491107,4492.329796456231,0.016104850591905105,0.02455389495019928,80966257142.52129,0.5983935742971888,0.984
2023-03-01,META,ensemble,,0.0003211115174244027,-0.05371925218539922,0.05436147522024802,768.3137699128218,546.1390747086481,768.3137699128218,546.1390747086481,62.88194696220896,4743.299203233526,0.016104850591905105,0.02455389495019928,80966257142.52129,0.5983935742971888,0.984
2023-03-02,META,ensemble,,-0.00047767953960471134,-0.05451804324242833,0.05356268416321891,773.2314769970643,545.8782575453517,773.2314769970643,545.8782575453517,59.54552032545865,5004.290338417737,0.016104850591905105,0.02455389495019928,80966257142.52129,0.5983935742971888,0.984
2023-03-03,META,ensemble,,0.0009167139870634019,-0.05312364971576022,0.05495707768988702,820.7249877703988,546.3789012177456,820.7249877703988,546.3789012177456,56.46479902150388,5287.009054654036,0.016104850591905105,0.02455389495019928,80966257142.52129,0.5983935742971888,0.984
2023-03-06,META,ensemble,,-0.00289007700870941,-0.05693044071153303,0.05115028669411421,819.1743332223425,544.8021037478723,819.1743332223425,544.8021037478723,53.34002444879299,5564.476869204439,0.016104850591905105,0.02455389495019928,80966257142.52129,0.5983935742971888,0.984
2023-03-07,META,ensemble,,0.0005743425435797607,-0.05346602115924386,0.05461470624640338,817.4464938469056,545.1150966478517,817.4464938469056,545.1150966478517,50.563044112734296,5876.8310691673705,0.016104850591905105,0.02455389495019928,80966257142.52129,0.5983935742971888,0.984
2023-03-08,META,ensemble,,-0.0009582552405343549,-0.054998618943357974,0.053082108462289265,819.4844911727514,544.5929874466859,819.4844911727514,544.5929874466859,47.85723638152839,6197.2137214880895,0.016104850591905105,0.02455389495019928,80966257142.52129,0.5983935742971888,0.984
2023-03-09,META,ensemble,,0.00042198680205627996,-0.05361837690076734,0.0544623505048799,804.9529016557454,544.8228469953178,804.9529016557454,544.8228469953178,45.358788935396426,6544.0886226229595,0.016104850591905105,0.02455389495019928,80966257142.52129,0.5983935742971888,0.984
2023-03-10,META,ensemble,,-0.0004547015540292466,-0.05449506525685287,0.05358566214879437,795.294672314641,544.575171513599,795.294672314641,544.575171513599,42.953103095867974,6904.323461035228,0.016104850591905105,0.02455389495019928,80966257142.52129,0.5983935742971888,0.984
2023-03-13,META,ensemble,,0.0016446201111183084,-0.05239574359170531,0.05568498381394193,801.4528759965308,545.4715276733326,801.4528759965308,545.4715276733326,40.760486795710015,7299.696615340603,0.016104850591905105,0.02455389495019928,80966257142.52129,0.5983935742971888,0.984
2023-03-14,META,ensemble,,0.0012540197598973088,-0.05278634394292631,0.05529438346272093,859.5793016665491,546.1559888217021,859.5793016665491,546.1559888217021,38.66469103909773,7714.696693791877,0.016104850591905105,0.02455389495019928,80966257142.52129,0.5983935742971888,0.984
2023-03-15,META,ensemble,,-0.0018647789498634107,-0.05590514265268703,0.05217558475296021,876.1045416010599,545.1384776419779,876.1045416010599,545.1384776419779,36.56244660678629,8127.901368357978,0.016104850591905105,0.02455389495019928,80966257142.52129,0.5983935742971888,0.984
2023-03-16,META,ensemble,,-0.0005315404567307722,-0.054571904159554395,0.053508823246092845,907.9145248724344,544.8487914833677,907.9145248724344,544.8487914833677,34.620630462119486,8574.662032966135,0.016104850591905105,0.02455389495019928,80966257142.52129,0.5983935742971888,0.984
2023-03-17,META,ensemble,,-0.001706407716257305,-0.05574677141908092,0.052333955986566316,866.6235646893306,543.9198501031663,866.6235646893306,543.9198501031663,32.74345153915721,9035.357893850987,0.016104850591905105,0.02455389495019928,80966257142.52129,0.5983935742971888,0.984
2023-03-20,META,ensemble,,-0.0009846176450660474,-0.05502498134788967,0.05305574605775757,876.3703526431281,543.3845605922476,876.3703526431281,543.3845605922476,30.990416382503906,9527.680333353883,0.016104850591905105,0.02455389495019928,80966257142.52129,0.5983935742971888,0.984
2023-03-21,META,ensemble,,-0.0006424893355992151,-0.05468285303842284,0.0533978743672244,895.642464416996,543.035553935471,895.642464416996,543.035553935471,29.341272855020218,10050.266540756076,0.016104850591905105,0.02455389495019928,80966257142.52129,0.5983935742971888,0.984
2023-03-22,META,ensemble,,-0.001585632406630289,-0.05562599610945391,0.05245473129619333,885.2310812560339,542.1751814607018,885.2310812560339,542.1751814607018,27.75369983213775,10591.522181541999,0.016104850591905105,0.02455389495019928,80966257142.52129,0.5983935742971888,0.984
2023-03-23,META,ensemble,,-0.0007373044348373732,-0.054777668137660995,0.053303059267986244,905.034815114038,541.775580626788,905.034815114038,541.775580626788,26.27430565784557,11171.40005851488,0.016104850591905105,0.02455389495019928,80966257142.52129,0.5983935742971888,0.984
2023-03-24,META,ensemble,,-0.00041249501759742084,-0.05445285872042104,0.0536278686852262,912.6993264356431,541.5521469849238,912.6993264356431,541.5521469849238,24.881850241639803,11786.853672689447,0.016104850591905105,0.02455389495019928,80966257142.52129,0.5983935742971888,0.984
2023-03-27,META,ensemble,,-0.00036130393287871036,-0.05440166763570233,0.05367905976994491,898.6550796964268,541.3565174073552,898.6550796964268,541.3565174073552,23.564396831379284,12436.8504331569,0.016104850591905105,0.02455389495019928,80966257142.52129,0.5983935742971888,0.984
2023-03-28,META,ensemble,,0.00021852871530052926,-0.05382183498752309,0.05425889241812415,889.08547657001,541.4748322787514,889.08547657001,541.4748322787514,22.3296441353426,13130.30302741114,0.016104850591905105,0.02455389495019928,80966257142.52129,0.5983935742971888,0.984
2023-03-29,META,ensemble,,9.178947526463819e-05,-0.053948574227558985,0.054132153178088255,909.7753373709,541.524536250591,909.7753373709,541.524536250591,21.156909763034786,13860.664276868098,0.016104850591905105,0.02455389495019928,80966257142.52129,0.5983935742971888,0.984
2023-03-30,META,ensemble,,0.0005630938712852042,-0.053477269831538415,0.054603457574108824,920.8069012286912,541.8295512660878,920.8069012286912,541.8295512660878,20.05521631092649,14638.548798162932,0.016104850591905105,0.02455389495019928,80966257142.52129,0.5983935742971888,0.984
2023-03-31,META,ensemble,,-0.000131517583707246,-0.05417188128653087,0.05390884611911637,938.971421925946,541.7582958384977,938.971421925946,541.7582958384977,18.997690207734152,15449.354521548416,0.016104850591905105,0.02455389495019928,80966257142.52129,0.5983935742971888,0.984
2023-04-03,META,ensemble,,-0.0002870878244701846,-0.054327451527293805,0.053753275878353435,943.977755224876,541.6027859515224,943.977755224876,541.6027859515224,17.993128809915106,16302.533086341811,0.016104850591905105,0.02455389495019928,80966257142.52129,0.5983935742971888,0.984
2023-04-04,META,ensemble,,-0.0030317616689983008,-0.05707212537182192,0.05100860203382532,951.2878292897256,539.9632619640598,951.2878292897256,539.9632619640598,16.99497694995653,17155.67635833799,0.016104850591905105,0.02455389495019928,80966257142.52129,0.5983935742971888,0.984
2023-04-05,META,ensemble,,-0.0018570822200227983,-0.05589744592284642,0.05218328148280082,936.9334246001001,538.961436315022,936.9334246001001,538.961436315022,16.071063888355525,18074.685773928268,0.016104850591905105,0.02455389495019928,80966257142.52129,0.5983935742971888,0.984
2023-04-06,META,ensemble,,-0.0006662986831927511,-0.05470666238601637,0.05337406501963087,957.4017536652686,538.602446630172,957.4017536652686,538.602446630172,15.215485901911022,19065.61495217007,0.016104850591905105,0.02455389495019928,80966257142.52129,0.5983935742971888,0.984
2023-04-10,META,ensemble,,-0.0011330145298114034,-0.055173378232635024,0.052907349173012215,951.4207348107594,537.9925478097058,951.4207348107594,537.9925478097058,14.39873478144024,20101.487102315245,0.016104850591905105,0.02455389495019928,80966257142.52129,0.5983935742971888,0.984
2023-04-11,META,ensemble,,-0.0014300066788255187,-0.05547037038164914,0.0526103570239981,947.4334339757496,537.2237646866881,947.4334339757496,537.2237646866881,13.62177983104249,21187.346802246087,0.016104850591905105,0.02455389495019928,80966257142.52129,0.5983935742971888,0.984
2023-04-12,META,ensemble,,-0.00016899691383009594,-0.05420936061665371,0.05387136678899353,948.0979615809197,537.1329831995315,948.0979615809197,537.1329831995315,12.903009894718803,22360.041881306806,0.016104850591905105,0.02455389495019928,80966257142.52129,0.5983935742971888,0.984
2023-04-13,META,ensemble,,0.0002423591498766336,-0.05379800455294698,0.054282722852700256,976.2308019676933,537.2631780690322,976.2308019676933,537.2631780690322,12.227195433143503,23607.35330412782,0.016104850591905105,0.02455389495019928,80966257142.52129,0.5983935742971888,0.984
2023-04-14,META,ensemble,,-0.0012433106252339966,-0.055283674328057614,0.052797053077589626,981.2814145729698,536.595608135583,981.2814145729698,536.595608135583,11.569576421225356,24887.24186497924,0.016104850591905105,0.02455389495019928,80966257142.52129,0.5983935742971888,0.984
2023-04-17,META,ensemble,,-0.000553068838337866,-0.05459343254116149,0.05348729486448575,969.6295348143605,536.2989158791179,969.6295348143605,536.2989158791179,10.954885245376017,26254.63624044062,0.016104850591905105,0.02455389495019928,80966257142.52129,0.5983935742971888,0.984
2023-04-18,META,ensemble,,0.00018864049008396485,-0.053851723212739656,0.05422900419290758,965.3320760289415,536.4000931122022,965.3320760289415,536.4000931122022,10.380549084872607,27717.711032268628,0.016104850591905105,0.02455389495019928,80966257142.52129,0.5983935742971888,0.984
2023-04-19,META,ensemble,,-0.00039649460784308213,-0.054436858310666705,0.053643869094980534,955.6295673814906,536.1874555252507,955.6295673814906,536.1874555252507,9.830569981735975,29245.200227126,0.016104850591905105,0.02455389495019928,80966257142.52129,0.5983935742971888,0.984
2023-04-20,META,ensemble,,0.000576272821620154,-0.05346409088120346,0.054616636524443776,943.9777552248756,536.496534831612,943.9777552248756,536.496534831612,9.318790312681504,30886.898645485675,0.016104850591905105,0.02455389495019928,80966257142.52129,0.5983935742971888,0.984
2023-04-21,META,ensemble,,-0.0007526159629540352,-0.054792979665777654,0.053287747739869586,943.180254496677,536.0929108813943,943.180254496677,536.0929108813943,8.821922756213946,32577.434312134785,0.016104850591905105,0.02455389495019928,80966257142.52129,0.5983935742971888,0.984
2023-04-24,META,ensemble,,-0.00026941195950952305,-0.054309775662333144,0.053770951743314095,942.7371910252339,535.9485004936109,942.7371910252339,535.9485004936109,8.355584102769972,34377.10537628681,0.016104850591905105,0.02455389495019928,80966257142.52129,0.5983935742971888,0.984
2023-04-25,META,ensemble,,0.0006474270050033444,-0.053392936697820276,0.054687790707826964,919.5221253246971,536.2956003749156,919.5221253246971,536.2956003749156,7.921155831276261,36309.47012125009,0.016104850591905105,0.02455389495019928,80966257142.52129,0.5983935742971888,0.984
2023-04-26,META,ensemble,,0.0012515756842261163,-0.0527887880185975,0.05529193938704974,927.7182587304382,536.9672351210877,927.7182587304382,536.9672351210877,7.513852714273189,38373.631019659406,0.016104850591905105,0.02455389495019928,80966257142.52129,0.5983935742971888,0.984
2023-04-27,META,ensemble,,-0.0013374970162259496,-0.05537786071904957,0.05270286668659767,1056.9076981310832,536.2495231221235,1056.9076981310832,536.2495231221235,7.1090632546409624,40450.27322847027,0.016104850591905105,0.02455389495019928,80966257142.52129,0.5983935742971888,0.984
2023-04-28,META,ensemble,,-0.0015899561193752085,-0.05563031982219883,0.05245040758344841,1064.7051825757167,535.3975873610334,1064.7051825757167,535.3975873610334,6.724382938431651,42628.53248790023,0.016104850591905105,0.02455389495019928,80966257142.52129,0.5983935742971888,0.984
2023-05-01,META,ensemble,,-0.000678481525723495,-0.054718845228547114,0.053361882177100126,1077.3759595942574,535.0344531929346,1077.3759595942574,535.0344531929346,6.366318249531006,44965.05749214643,0.016104850591905105,0.02455389495019928,80966257142.52129,0.5983935742971888,0.984
2023-05-02,META,ensemble,,-0.002337597841484227,-0.056377961544307846,0.05170276586133939,1059.9203810125084,533.7852184830678,1059.9203810125084,533.7852184830678,6.017328307908285,47351.02439010203,0.016104850591905105,0.02455389495019928,80966257142.52129,0.5983935742971888,0.984
2023-05-03,META,ensemble,,-0.0005333440360810293,-0.05457370773890465,0.05350701966674259,1050.12924615037,533.5006032259133,1050.12924615037,533.5006032259133,5.697740258735662,49953.644904404944,0.016104850591905105,0.02455389495019928,80966257142.52129,0.5983935742971888,0.984
2023-05-04,META,ensemble,,0.00051180020044875,-0.05352856350237487,0.05455216390327237,1034.5786917714383,533.7737188259317,1034.5786917714383,533.7737188259317,5.4007675745114465,52754.42406629363,0.016104850591905105,0.02455389495019928,80966257142.52129,0.5983935742971888,0.984
2023-05-05,META,ensemble,,-5.98445059415819e-05,-0.0541002082087652,0.053980519196882036,1031.3001978479451,533.7417763572441,1031.3001978479451,533.7417763572441,5.116347874100869,55680.39758810389,0.016104850591905105,0.02455389495019928,80966257142.52129,0.5983935742971888,0.984
2023-05-08,META,ensemble,,0.0007470475938855317,-0.05329331610893809,0.05478741129670915,1033.471100694825,534.1406558394561,1033.471100694825,534.1406558394561,4.850819028652006,58816.0965262578,0.016104850591905105,0.02455389495019928,80966257142.52129,0.5983935742971888,0.984
2023-05-09,META,ensemble,,0.00033870134735846,-0.05370166235546516,0.05437906505018208,1033.9140965642737,534.321600640662,1033.9140965642737,534.321600640662,4.597193001739345,62103.02086581545,0.016104850591905105,0.02455389495019928,80966257142.52129,0.5983935742971888,0.984
2023-05-10,META,ensemble,,-0.000847862992410525,-0.054888226695234146,0.05319250071041309,1032.6293206602797,533.8687611294926,1032.6293206602797,533.8687611294926,4.3516612708012135,65495.873041024446,0.016104850591905105,0.02455389495019928,80966257142.52129,0.5983935742971888,0.984
2023-05-11,META,ensemble,,-0.0006286412073123585,-0.05466900491013598,0.05341172249551126,1044.6355700736503,533.533254694584,1044.6355700736503,533.533254694584,4.120146284255264,69089.22990253712,0.016104850591905105,0.02455389495019928,80966257142.52129,0.5983935742971888,0.984
2023-05-12,META,ensemble,,-0.0010871678563903224,-0.05512753155921394,0.0529531958464333,1035.863467675432,532.9535296760673,1035.863467675432,532.9535296760673,3.8991599677831252,72846.32257744226,0.016104850591905105,0.02455389495019928,80966257142.52129,0.5983935742971888,0.984
2023-05-15,META,ensemble,,-0.0017222362086401172,-0.055762599911463734,0.052318127494183506,1058.236820943418,532.0364477522639,1058.236820943418,532.0364477522639,3.687683699164262,76758.9643875905,0.016104850591905105,0.02455389495019928,80966257142.52129,0.5983935742971888,0.984
2023-05-16,META,ensemble,,-0.002143131726561412,-0.056183495429385034,0.051897231976262205,1058.0596361160374,530.8974445143417,1058.0596361160374,530.8974445143417,3.48620949614153,80847.72211876741,0.016104850591905105,0.02455389495019928,80966257142.52129,0.5983935742971888,0.984
2023-05-17,META,ensemble,,-0.0013359868289625364,-0.055376350531786155,0.052704376873861085,1074.3190650084803,530.1886460990398,1074.3190650084803,530.1886460990398,3.2984039210608045,85223.03731737257,0.016104850591905105,0.02455389495019928,80966257142.52129,0.5983935742971888,0.984
2023-05-18,META,ensemble,,-0.0016076945295335511,-0.05564805823235717,0.05243266917329007,1093.6354560886946,529.3369495304896,1093.6354560886946,529.3369495304896,3.119867811934432,89810.73014260546,0.016104850591905105,0.02455389495019928,80966257142.52129,0.5983935742971888,0.984
2023-05-19,META,ensemble,,-0.000847416649804779,-0.054887780352628396,0.053192947053018844,1088.274685533009,528.8885705948206,1088.274685533009,528.8885705948206,2.9532399405240546,94717.36998660382,0.016104850591905105,0.02455389495019928,80966257142.52129,0.5983935742971888,0.984
2023-05-22,META,ensemble,,-0.000641485407609626,-0.054681849110433244,0.053398878295213996,1100.1480970273399,528.5494050910239,1100.1480970273399,528.5494050910239,2.7960871781771406,99912.64786107355,0.016104850591905105,0.02455389495019928,80966257142.52129,0.5983935742971888,0.984
2023-05-23,META,ensemble,,-0.0031125239231025318,-0.05715288762592615,0.05092783977972109,1093.148113310905,526.9068400107609,1093.148113310905,526.9068400107609,2.6407635949962294,105132.779994463,0.016104850591905105,0.02455389495019928,80966257142.52129,0.5983935742971888,0.984
2023-05-24,META,ensemble,,-0.002808669209747497,-0.05684903291257112,0.05123169449307612,1104.0911185560033,525.429009333082,1104.0911185560033,525.429009333082,2.4948262386549103,110659.2673955485,0.016104850591905105,0.02455389495019928,80966257142.52129,0.5983935742971888,0.984
2023-05-25,META,ensemble,,-0.002318144667947701,-0.05635850837077132,0.05172221903487592,1119.508767413901,524.212399560258,1119.508767413901,524.212399560258,2.3581102920555392,116533.41269851493,0.016104850591905105,0.02455389495019928,80966257142.52129,0.5983935742971888,0.984
2023-05-26,META,ensemble,,-0.0049236285306871784,-0.0589639922335108,0.04911673517213644,1160.9327007200334,521.6377160276055,1160.9327007200334,521.6377160276055,2.2230865816811365,122400.04911402322,0.016104850591905105,0.02455389495019928,80966257142.52129,0.5983935742971888,0.984
2023-05-30,META,ensemble,,-0.002402627284388571,-0.05644299098721219,0.05163773641843505,1163.059189056578,520.3859194210307,1163.059189056578,520.3859194210307,2.1010843978108014,128886.54326015177,0.016104850591905105,0.02455389495019928,80966257142.52129,0.5983935742971888,0.984
2023-05-31,META,ensemble,,-0.002061801866015454,-0.056102165568839076,0.051978561836808164,1172.80604461237,519.3140920888143,1172.80604461237,519.3140920888143,1.9864545683104102,135763.0476650738,0.016104850591905105,0.02455389495019928,80966257142.52129,0.5983935742971888,0.984
2023-06-01,META,ensemble,,-0.003357939835313104,-0.05739830353813673,0.05068242386751051,1207.7615486842092,517.5731911680568,1207.7615486842092,517.5731911680568,1.875645979060951,142821.19931289073,0.016104850591905105,0.02455389495019928,80966257142.52129,0.5983935742971888,0.984
2023-06-02,META,ensemble,,-0.0044945301448077,-0.05853489384763132,0.04954583355801592,1207.7615486842092,515.2521627315632,1207.7615486842092,515.2521627315632,1.7690067456146108,150075.6239950433,0.016104850591905105,0.02455389495019928,80966257142.52129,0.5983935742971888,0.984
2023-06-05,META,ensemble,,-0.0030935514045277077,-0.05713391510735133,0.05094681229829591,1202.356634026166,513.6606666365749,1202.356634026166,513.6606666365749,1.67076952431489,157919.61524898128,0.016104850591905105,0.02455389495019928,80966257142.52129,0.5983935742971888,0.984
2023-06-06,META,ensemble,,-0.0014472403741054198,-0.05548760407692904,0.0525931233287182,1201.1603491328708,512.917813854157,1201.1603491328708,512.917813854157,1.5805876515055182,166447.38652635834,0.016104850591905105,0.02455389495019928,80966257142.52129,0.5983935742971888,0.984
2023-06-07,META,ensemble,,-0.0032808458203726033,-0.05732120952319622,0.05075951788245102,1167.844058221781,511.23776708258777,1167.844058221781,511.23776708258777,1.4925342285134084,175114.27845237026,0.016104850591905105,0.02455389495019928,80966257142.52129,0.5983935742971888,0.984
2023-06-08,META,ensemble,,-0.0033816607179924423,-0.057422024420816065,0.050658702984831175,1172.185728711552,509.51185427859764,1172.185728711552,509.51185427859764,1.409244119632834,184213.88177802178,0.016104850591905105,0.02455389495019928,80966257142.52129,0.5983935742971888,0.984
2023-06-09,META,ensemble,,-0.0023698455974099017,-0.05641020930023352,0.05167051810541372,1173.8250770762902,508.30581947648153,1173.8250770762902,508.30581947648153,1.3319489771984045,193982.51024383705,0.016104850591905105,0.02455389495019928,80966257142.52129,0.5983935742971888,0.984
2023-06-12,META,ensemble,,-0.0021447376215902605,-0.05618510132441388,0.05189562608123336,1200.8501911824617,507.21680510467024,1200.8501911824617,507.21680510467024,1.259176788086527,204315.14447748114,0.016104850591905105,0.02455389495019928,80966257142.52129,0.5983935742971888,0.984
2023-06-13,META,ensemble,,-0.002834921497651132,-0.05687528520047475,0.05120544220517249,1202.0464760757568,505.78092155014406,1202.0464760757568,505.78092155014406,1.189559272706052,215049.67972060587,0.016104850591905105,0.02455389495019928,80966257142.52129,0.5983935742971888,0.984
2023-06-14,META,ensemble,,-0.0025156273930815455,-0.056555991095905166,0.051524736309742074,1211.0401102096966,504.51016425507817,1211.0401102096966,504.51016425507817,1.1241496558215822,226420.48104410374,0.016104850591905105,0.02455389495019928,80966257142.52129,0.5983935742971888,0.984
2023-06-15,META,ensemble,,-0.0038734164577931057,-0.057913780160616726,0.05016694724503051,1248.6095129978644,502.5597660724809,1248.6095129978644,502.5597660724809,1.0608952299002954,238069.04900360774,0.016104850591905105,0.02455389495019928,80966257142.52129,0.5983935742971888,0.984
2023-06-16,META,ensemble,,-0.0036086487335493743,-0.05764901243637299,0.05043171496927425,1244.9323701132635,500.7494727300211,1244.9323701132635,500.7494727300211,1.0014651680715956,250383.18099693328,0.016104850591905105,0.02455389495019928,80966257142.52129,0.5983935742971888,0.984
2023-06-20,META,ensemble,,-0.0015835505569292917,-0.05562391425975291,0.05245681314589433,1259.6854237639966,499.9571381401117,1259.6854237639966,499.9571381401117,0.9472807014230404,263868.0800756904,0.016104850591905105,0.02455389495019928,80966257142.52129,0.5983935742971888,0.984
2023-06-21,META,ensemble,,-0.0024011023341941155,-0.05644146603701773,0.05163926136862951,1247.767868167308,498.75812993547856,1247.767868167308,498.75812993547856,0.8952956459924581,277851.9847496628,0.016104850591905105,0.02455389495019928,80966257142.52129,0.5983935742971888,0.984
2023-06-22,META,ensemble,,-0.002314250651835744,-0.05635461435465936,0.05172611305098788,1262.122205254939,497.6052131918913,1262.122205254939,497.6052131918913,0.8462369305011402,292602.3897930254,0.016104850591905105,0.02455389495019928,80966257142.52129,0.5983935742971888,0.984
2023-06-23,META,ensemble,,-0.0017348069609127888,-0.05577517066373641,0.05230555674191083,1279.1791348755803,496.7427125566244,1279.1791348755803,496.7427125566244,0.8003300534731854,308314.45277767617,0.016104850591905105,0.02455389495019928,80966257142.52129,0.5983935742971888,0.984
2023-06-26,META,ensemble,,-0.0024197945458137313,-0.05646015824863735,0.05162056915700989,1233.7235538260973,495.5421503928099,1233.7235538260973,495.5421503928099,0.7563952455826928,324647.76087634003,0.016104850591905105,0.02455389495019928,80966257142.52129,0.5983935742971888,0.984
2023-06-27,META,ensemble,,-0.0016149567495761553,-0.05565532045239978,0.05242540695324746,1271.7360200857079,494.7425171127076,1271.7360200857079,494.7425171127076,0.7154478646520349,342121.58611733984,0.016104850591905105,0.02455389495019928,80966257142.52129,0.5983935742971888,0.984
2023-06-28,META,ensemble,,-0.001732715389174775,-0.0557730790919984,0.05230764831364884,1263.9386708450631,493.8860113942378,1263.9386708450631,493.8860113942378,0.6766374814896392,360493.4679555502,0.016104850591905105,0.02455389495019928,80966257142.52129,0.5983935742971888,0.984
2023-06-29,META,ensemble,,-0.0013057511435565525,-0.05534611484638017,0.05273461255926707,1247.2804577875238,493.2415400212572,1247.2804577875238,493.2415400212572,0.6402057037284946,380014.1351219788,0.016104850591905105,0.02455389495019928,80966257142.52129,0.5983935742971888,0.984
2023-06-30,META,ensemble,,0.0008082066763391374,-0.05323215702648448,0.054848570379162756,1271.4259973392877,493.64034226255905,1271.4259973392877,493.64034226255905,0.6070173535899961,401439.57346182974,0.016104850591905105,0.02455389495019928,80966257142.52129,0.5983935742971888,0.984
2023-07-03,META,ensemble,,-0.0031072032758338967,-0.05714756697865751,0.050933160426989726,1267.172750258221,492.10888188549785,1267.172750258221,492.10888188549785,0.5733003857554777,422415.8183871958,0.016104850591905105,0.02455389495019928,80966257142.52129,0.5983935742971888,0.984
2023-07-05,META,ensemble,,-0.0018047503149583302,-0.05584511401778195,0.05223561338786529,1304.1663192579006,491.22154917376275,1304.1663192579006,491.22154917376275,0.5421619181312699,445067.427834811,0.016104850591905105,0.02455389495019928,80966257142.52129,0.5983935742971888,0.984
2023-07-06,META,ensemble,,-0.0028119175546140107,-0.05685228125743763,0.05122844614820961,1293.6220305759043,489.84221487245657,1293.6220305759043,489.84221487245657,0.5121985882465508,468461.6494016078,0.016104850591905105,0.02455389495019928,80966257142.52129,0.5983935742971888,0.984
2023-07-07,META,ensemble,,-0.0019125280535829958,-0.055952891756406616,0.052127835649240624,1287.1537365456,488.9062731873362,1287.1537365456,488.9062731873362,0.48432662577419316,493529.2243738273,0.016104850591905105,0.02455389495019928,80966257142.52129,0.5983935742971888,0.984
2023-07-10,META,ensemble,,-0.0021332302323109767,-0.056173593935134596,0.051907133470512644,1302.970169568594,487.8644351798623,1302.970169568594,487.8644351798623,0.45787028881869823,519823.4367367114,0.016104850591905105,0.02455389495019928,80966257142.52129,0.5983935742971888,0.984
2023-07-11,META,ensemble,,-0.0020341561396931764,-0.056074519842516796,0.052006207563130444,1321.5334068289508,486.8730514002492,1321.5334068289508,486.8730514002492,0.43290201624741503,547572.797730543,0.016104850591905105,0.02455389495019928,80966257142.52129,0.5983935742971888,0.984
2023-07-12,META,ensemble,,-0.002193459397959064,-0.05623382310078268,0.051846904304864556,1370.4888783336596,485.80628551158196,1370.4888783336596,485.80628551158196,0.40923009972909863,576711.6035667781,0.016104850591905105,0.02455389495019928,80966257142.52129,0.5983935742971888,0.984
2023-07-13,META,ensemble,,-0.002207948955408367,-0.056248312658231985,0.051832414747415255,1388.5204935098802,484.73483332210793,1388.5204935098802,484.73483332210793,0.38684700394299343,607392.2151157139,0.016104850591905105,0.02455389495019928,80966257142.52129,0.5983935742971888,0.984
2023-07-14,META,ensemble,,-0.00414735163833121,-0.05818771534115483,0.04989301206449241,1368.4066017014673,482.72863060667686,1368.4066017014673,482.72863060667686,0.3649796362291543,638465.5681477273,0.016104850591905105,0.02455389495019928,80966257142.52129,0.5983935742971888,0.984
2023-07-17,META,ensemble,,-0.0012452199352060791,-0.0552855836380297,0.05279514376761754,1376.15973923776,482.1279013901716,1376.15973923776,482.1279013901716,0.3453491648411372,673079.1238653164,0.016104850591905105,0.02455389495019928,80966257142.52129,0.5983935742971888,0.984
2023-07-18,META,ensemble,,-0.0024868032193069204,-0.05652716692213054,0.0515535604835167,1382.4951277470304,480.93043372321534,1382.4951277470304,480.93043372321534,0.3263690545766189,708688.7645682149,0.016104850591905105,0.02455389495019928,80966257142.52129,0.5983935742971888,0.984
2023-07-19,META,ensemble,,-0.002504954642603891,-0.05654531834542751,0.05153540906021973,1400.0394677474558,479.7272324119998,1400.0394677474558,479.7272324119998,0.3084264773623692,746168.8097785735,0.016104850591905105,0.02455389495019928,80966257142.52129,0.5983935742971888,0.984
2023-07-20,META,ensemble,,-0.0021658684283566002,-0.05620623213118022,0.05187449527446702,1340.273761314694,478.6893307300699,1340.273761314694,478.6893307300699,0.2915691677591888,785897.4840030257,0.016104850591905105,0.02455389495019928,80966257142.52129,0.5983935742971888,0.984
2023-07-21,META,ensemble,,-0.0026637606613248194,-0.05670412436414844,0.0513766030414988,1303.6790440821055,477.41591371392536,1303.6790440821055,477.41591371392536,0.2754960071741594,827329.4303071891,0.016104850591905105,0.02455389495019928,80966257142.52129,0.5983935742971888,0.984
2023-07-24,META,ensemble,,-0.0004682266161914071,-0.054508590319015025,0.053572137086632214,1291.9384705068142,477.19242720138095,1291.9384705068142,477.19242720138095,0.2608810470888815,872859.9302990551,0.016104850591905105,0.02455389495019928,80966257142.52129,0.5983935742971888,0.984
2023-07-25,META,ensemble,,-0.001155020238398568,-0.055195383941222184,0.052885343464425055,1304.6093827293437,476.64157847230734,1304.6093827293437,476.64157847230734,0.24687179695505604,920263.8662282404,0.016104850591905105,0.02455389495019928,80966257142.52129,0.5983935742971888,0.984
2023-07-26,META,ensemble,,0.0003303292261172721,-0.053710034476706345,0.054370692928940895,1322.7739034265985,476.79905312386734,1322.7739034265985,476.79905312386734,0.23396209773229626,971684.4705330876,0.016104850591905105,0.02455389495019928,80966257142.52129,0.5983935742971888,0.984
2023-07-27,META,ensemble,,-0.0016147343300929495,-0.05565509803291657,0.05242562937273067,1380.9888201073154,476.02977058484527,1380.9888201073154,476.02977058484527,0.22129663220373663,1023984.5958181483,0.016104850591905105,0.02455389495019928,80966257142.52129,0.5983935742971888,0.984
2023-07-28,META,ensemble,,-0.003042740431226067,-0.057083104134049684,0.050997623271597556,1441.9950231377245,474.5835369280313,1441.9950231377245,474.5835369280313,0.20901811535916617,1077559.8714785906,0.016104850591905105,0.02455389495019928,80966257142.52129,0.5983935742971888,0.984
2023-07-31,META,ensemble,,-0.0040582272230135575,-0.058098590925837176,0.04998213647981006,1411.5140950766904,472.661471825245,1411.5140950766904,472.661471825245,0.1972204884629243,1132787.3117503508,0.016104850591905105,0.02455389495019928,80966257142.52129,0.5983935742971888,0.984
2023-08-01,META,ensemble,,-0.0023521845392937817,-0.0563925482421174,0.051688179163529836,1429.7228274782972,471.55099135839333,1429.7228274782972,471.55099135839333,0.18640650233235284,1192878.6532061375,0.016104850591905105,0.02455389495019928,80966257142.52129,0.5983935742971888,0.984
2023-08-02,META,ensemble,,-0.0009053036251511696,-0.05494566732797479,0.05313506007767245,1392.5077943448905,471.12428771379405,1392.5077943448905,471.12428771379405,0.17644057216684286,1257976.5059022007,0.016104850591905105,0.02455389495019928,80966257142.52129,0.5983935742971888,0.984
2023-08-03,META,ensemble,,-0.0007716636600292829,-0.0548120273628529,0.05326870004279434,1387.5458079543014,470.7608784545008,1387.5458079543014,470.7608784545008,0.16702977512893857,1326804.1851351196,0.016104850591905105,0.02455389495019928,80966257142.52129,0.5983935742971888,0.984
2023-08-04,META,ensemble,,-0.001151346415031046,-0.05519171011785467,0.05288901728779257,1376.647149617544,470.2191815050152,1376.647149617544,470.2191815050152,0.15806089664765258,1398866.4074716324,0.016104850591905105,0.02455389495019928,80966257142.52129,0.5983935742971888,0.984
2023-08-07,META,ensemble,,-0.0011247693992210686,-0.05516513310204469,0.05291559430360255,1402.4761140344092,469.69059068584755,1402.4761140344092,469.69059068584755,0.14957758889843908,1474881.7159274512,0.016104850591905105,0.02455389495019928,80966257142.52129,0.5983935742971888,0.984
2023-08-08,META,ensemble,,-0.0024265344096684564,-0.05646689811249207,0.05161382929315517,1385.1091616673477,468.5522519732302,1385.1091616673477,468.5522519732302,0.14136544548513338,1553004.7818671053,0.016104850591905105,0.02455389495019928,80966257142.52129,0.5983935742971888,0.984
2023-08-09,META,ensemble,,-0.0017476830949561305,-0.05578804679777975,0.05229268060786749,1352.1914521153712,467.7340862787797,1352.1914521153712,467.7340862787797,0.13369489522708455,1636376.4307937815,0.016104850591905105,0.02455389495019928,80966257142.52129,0.5983935742971888,0.984
2023-08-10,META,ensemble,,0.0001650368971216345,-0.053875326805701985,0.054205400599945254,1354.5395397896316,467.8112860312858,1354.5395397896316,467.8112860312858,0.1266826291570742,1727524.9242490549,0.016104850591905105,0.02455389495019928,80966257142.52129,0.5983935742971888,0.984
2023-08-11,META,ensemble,,-0.0019193127508748409,-0.05595967645369846,0.05212105095194878,1336.3751542963657,466.91427096659424,1336.3751542963657,466.91427096659424,0.11978821389370697,1819953.1435180658,0.016104850591905105,0.02455389495019928,80966257142.52129,0.5983935742971888,0.984
2023-08-14,META,ensemble,,-0.0008646223822090591,-0.05490498608503268,0.05317574132061456,1356.5332578091309,466.5107409130408,1356.5332578091309,466.5107409130408,0.11338853832740825,1919349.8266890394,0.016104850591905105,0.02455389495019928,80966257142.52129,0.5983935742971888,0.984
2023-08-15,META,ensemble,,-0.0007832709435318806,-0.0548236346463555,0.05325709275929174,1337.748556415047,466.14547967277065,1337.748556415047,466.14547967277065,0.10733949677406954,2024339.7328079308,0.016104850591905105,0.02455389495019928,80966257142.52129,0.5983935742971888,0.984
2023-08-16,META,ensemble,,-0.001943365251341078,-0.055983728954164695,0.052096998451482544,1303.811949603139,465.2404684140483,1303.811949603139,465.2404684140483,0.10149534644866261,2132597.217741458,0.016104850591905105,0.02455389495019928,80966257142.52129,0.5983935742971888,0.984
2023-08-17,META,ensemble,,-0.0002582695267268225,-0.05429863322955044,0.0537820941760968,1263.052543902177,465.1203264936231,1263.052543902177,465.1203264936231,0.09613123761703056,2250433.0900157746,0.016104850591905105,0.02455389495019928,80966257142.52129,0.5983935742971888,0.984
2023-08-18,META,ensemble,,0.0008653707245348649,-0.05317499297828875,0.05490573442735849,1254.9006898027822,465.5230022143177,1254.9006898027822,465.5230022143177,0.09115299180191327,2377449.837977596,0.016104850591905105,0.02455389495019928,80966257142.52129,0.5983935742971888,0.984
2023-08-21,META,ensemble,,0.0009179554560646156,-0.053122408246759005,0.054958319158888234,1284.362585399896,465.95052778881984,1284.362585399896,465.95052778881984,0.08643709424213264,2511767.6184081235,0.016104850591905105,0.02455389495019928,80966257142.52129,0.5983935742971888,0.984
2023-08-22,META,ensemble,,-0.0011095792360653097,-0.05514994293888893,0.05293078446675831,1274.17280157665,465.43380548333647,1274.17280157665,465.43380548333647,0.0817991598064276,2648298.928733963,0.016104850591905105,0.02455389495019928,80966257142.52129,0.5983935742971888,0.984
2023-08-23,META,ensemble,,0.0009922462866775623,-0.053048117416146054,0.055032609989501186,1303.590350265423,465.8958596463756,1303.590350265423,465.8958596463756,0.0775729554982767,2798126.623401083,0.016104850591905105,0.02455389495019928,80966257142.52129,0.5983935742971888,0.984
2023-08-24,META,ensemble,,-0.0011103143024223665,-0.055150678005245986,0.052930049400401254,1270.4069648753673,465.3788558814216,1270.4069648753673,465.3788558814216,0.07341058806760772,2950221.285545941,0.016104850591905105,0.02455389495019928,80966257142.52129,0.5983935742971888,0.984
2023-08-25,META,ensemble,,0.000341441540990136,-0.05369892216183349,0.05438180524381375,1264.8690094923013,465.5377826856805,1264.8690094923013,465.5377826856805,0.06957249167483621,3115102.275204092,0.016104850591905105,0.02455389495019928,80966257142.52129,0.5983935742971888,0.984
2023-08-28,META,ensemble,,-0.0012319591345432454,-0.05527232283736686,0.05280840456828038,1285.9575868562936,464.9646122955676,1285.9575868562936,464.9646122955676,0.06583140024140735,3284026.9217178943,0.016104850591905105,0.02455389495019928,80966257142.52129,0.5983935742971888,0.984
2023-08-29,META,ensemble,,-0.0006249909271569183,-0.05466535462998054,0.0534153727756667,1320.2042164146217,464.6741044232824,1320.2042164146217,464.6741044232824,0.06232929731857513,3464213.983000118,0.016104850591905105,0.02455389495019928,80966257142.52129,0.5983935742971888,0.984
2023-08-30,META,ensemble,,-0.0015168576710691657,-0.05555722137389279,0.05252350603175445,1307.400533875047,463.96979424763026,1307.400533875047,463.96979424763026,0.05896089077059638,3651029.8124861773,0.016104850591905105,0.02455389495019928,80966257142.52129,0.5983935742971888,0.984
2023-08-31,META,ensemble,,0.0008708594675091285,-0.05316950423531449,0.05491122317033275,1310.9005595342614,464.37402272313943,1310.9005595342614,464.37402272313943,0.05590785290392225,3857118.8442999995,0.016104850591905105,0.02455389495019928,80966257142.52129,0.5983935742971888,0.984
2023-09-01,META,ensemble,,-0.001163074388368357,-0.05520343809119198,0.05287728931445526,1313.071394779147,463.83423515808204,1313.071394779147,463.83423515808204,0.05290518840211852,4066561.4130214117,0.016104850591905105,0.02455389495019928,80966257142.52129,0.5983935742971888,0.984
2023-09-05,META,ensemble,,-0.0015492894492058554,-0.055589653152029475,0.052491074253617764,1329.7738195410384,463.1161780541479,1329.7738195410384,463.1161780541479,0.050044457498470536,4285721.238601423,0.016104850591905105,0.02455389495019928,80966257142.52129,0.5983935742971888,0.984
2023-09-06,META,ensemble,,-0.001668303564800079,-0.0557086672676237,0.05237206013802354,1325.4321490512673,462.34420380612744,1325.4321490512673,462.34420380612744,0.047332780679049516,4516154.760536554,0.016104850591905105,0.02455389495019928,80966257142.52129,0.5983935742971888,0.984
2023-09-07,META,ensemble,,-0.0025513641324694473,-0.056591727835293065,0.051488999570354174,1323.216966898041,461.16609891403306,1323.216966898041,461.16609891403306,0.04472852159908844,4754777.559916538,0.016104850591905105,0.02455389495019928,80966257142.52129,0.5983935742971888,0.984
2023-09-08,META,ensemble,,-0.0022976759905220163,-0.05633803969334564,0.0517426877123016,1319.7612881471673,460.10770502965676,1319.7612881471673,460.10770502965676,0.042278273511984835,5007278.7425353695,0.016104850591905105,0.02455389495019928,80966257142.52129,0.5983935742971888,0.984
2023-09-11,META,ensemble,,-0.0020162446161462073,-0.05605660831896983,0.05202411908667741,1362.602835276333,459.1809499429773,1362.602835276333,459.1809499429773,0.039973499306812085,5274673.182155051,0.016104850591905105,0.02455389495019928,80966257142.52129,0.5983935742971888,0.984
2023-09-12,META,ensemble,,-0.0030390641530160505,-0.05707942785583967,0.05100129954980757,1336.4637129090588,457.7875879089764,1336.4637129090588,457.7875879089764,0.03775573140115114,5550666.557531698,0.016104850591905105,0.02455389495019928,80966257142.52129,0.5983935742971888,0.984
2023-09-13,META,ensemble,,-0.0012413853829666554,-0.055281749085790276,0.052798978319856964,1351.526924510201,457.219649676887,1351.526924510201,457.219649676887,0.03572517206862973,5851610.949530516,0.016104850591905105,0.02455389495019928,80966257142.52129,0.5983935742971888,0.984
2023-09-14,META,ensemble,,-0.0015037241677918398,-0.05554408787061546,0.05253663953503178,1381.0331670156559,456.5326341100901,1381.0331670156559,456.5326341100901,0.0337949523442877,6167253.733166658,0.016104850591905105,0.02455389495019928,80966257142.52129,0.5983935742971888,0.984
2023-09-15,META,ensemble,,-0.002916700846883663,-0.05695706454970728,0.05112366285593996,1330.4826940545497,455.2030049973428,1330.4826940545497,455.2030049973428,0.03192388219577095,6490744.9065220775,0.016104850591905105,0.02455389495019928,80966257142.52129,0.5983935742971888,0.984
2023-09-18,META,ensemble,,-0.001912660118079788,-0.055953023820903405,0.052127703584743834,1340.4066668357277,454.3331884609225,1340.4066668357277,454.3331884609225,0.03018669800808113,6838066.425211827,0.016104850591905105,0.02455389495019928,80966257142.52129,0.5983935742971888,0.984
2023-09-19,META,ensemble,,-0.0027987444885006945,-0.05683910819132432,0.05124161921432292,1351.571271418542,453.0634036841961,1351.571271418542,453.0634036841961,0.028518763978608346,7197592.711657401,0.016104850591905105,0.02455389495019928,80966257142.52129,0.5983935742971888,0.984
2023-09-20,META,ensemble,,-0.0017970483661823994,-0.05583741206900602,0.05224331533664122,1327.647331204494,452.2499579543989,1327.647331204494,452.2499579543989,0.026969992087753636,7583614.552212919,0.016104850591905105,0.02455389495019928,80966257142.52129,0.5983935742971888,0.984
2023-09-21,META,ensemble,,-0.001121357027188714,-0.05516172073001233,0.05291900667563491,1310.1916850207506,451.74310851870024,1310.1916850207506,451.74310851870024,0.02552256908920544,7995740.373191856,0.016104850591905105,0.02455389495019928,80966257142.52129,0.5983935742971888,0.984
2023-09-22,META,ensemble,,-0.0015193043496917421,-0.05555966805251536,0.05252105935313188,1325.0332972841768,451.0572943611221,1325.0332972841768,451.0572943611221,0.02414321661165193,8426908.72839978,0.016104850591905105,0.02455389495019928,80966257142.52129,0.5983935742971888,0.984
2023-09-25,META,ensemble,,-0.0017460048091811212,-0.05578636851200474,0.0522943588936425,1332.7864348204691,450.2704332874584,1332.7864348204691,450.2704332874584,0.02283323354925573,8879314.559434548,0.016104850591905105,0.02455389495019928,80966257142.52129,0.5983935742971888,0.984
2023-09-26,META,ensemble,,-0.0014097981816785965,-0.05545016188450222,0.05263056552114502,1324.5016752000404,449.6360901023453,1324.5016752000404,449.6360901023453,0.021601590032583076,9359154.266772706,0.016104850591905105,0.02455389495019928,80966257142.52129,0.5983935742971888,0.984
2023-09-27,META,ensemble,,-0.0017098111412346471,-0.05575017484405827,0.05233055256158897,1319.0966253380084,448.86795417680304,1319.0966253380084,448.86795417680304,0.0204302521266911,9861965.43427098,0.016104850591905105,0.02455389495019928,80966257142.52129,0.5983935742971888,0.984
2023-09-28,META,ensemble,,-0.002013624574730588,-0.05605398827755421,0.05202673912809303,1346.653496732305,447.9650120318054,1346.653496732305,447.9650120318054,0.01931656004593746,10388632.941239456,0.016104850591905105,0.02455389495019928,80966257142.52129,0.5983935742971888,0.984
2023-09-29,META,ensemble,,-0.0028578009408860403,-0.05689816464370966,0.051182562761937576,1330.0396305831066,446.68664472861593,1330.0396305831066,446.68664472861593,0.018248166273851462,10934192.268119683,0.016104850591905105,0.02455389495019928,80966257142.52129,0.5983935742971888,0.984
2023-10-02,META,ensemble,,-0.0011349997504339125,-0.055175363453257534,0.052905363952389706,1359.3244089548346,446.17994310583,1359.3244089548346,446.17994310583,0.017268589810503717,11528245.43373151,0.016104850591905105,0.02455389495019928,80966257142.52129,0.5983935742971888,0.984
2023-10-03,META,ensemble,,-0.004259141541469333,-0.058299505244292955,0.049781222161354284,1333.2738452002534,444.2836407518645,1333.2738452002534,444.2836407518645,0.016290624008930926,12116660.069713661,0.016104850591905105,0.02455389495019928,80966257142.52129,0.5983935742971888,0.984
2023-10-04,META,ensemble,,-0.0006785227409328392,-0.054718886443756456,0.05336184096189078,1353.8306652761207,443.98228644762594,1353.8306652761207,443.98228644762594,0.015423168727807628,12780789.353867251,0.016104850591905105,0.02455389495019928,80966257142.52129,0.5983935742971888,0.984
2023-10-05,META,ensemble,,-0.003368599996561314,-0.05740896369938493,0.05067176370626231,1350.330774820895,442.48920392979903,1350.330774820895,442.48920392979903,0.014562676886934278,13445103.33605613,0.016104850591905105,0.02455389495019928,80966257142.52129,0.5983935742971888,0.984
2023-10-06,META,ensemble,,-0.0038949030998944004,-0.05793526680271802,0.050145460602929216,1397.4697807354796,440.76910334482534,1397.4697807354796,440.76910334482534,0.013742958875769219,14136504.679930327,0.016104850591905105,0.02455389495019928,80966257142.52129,0.5983935742971888,0.984
2023-10-09,META,ensemble,,-0.00305651511082115,-0.057096878813644766,0.05098384859200247,1410.4507157044293,439.42394271919744,1410.4507157044293,439.42394271919744,0.01298025987650688,14875927.236585358,0.016104850591905105,0.02455389495019928,80966257142.52129,0.5983935742971888,0.984
2023-10-10,META,ensemble,,-0.0032314141153960115,-0.057271777818219634,0.050808949587427606,1425.8684321643213,438.0062737594079,1425.8684321643213,438.0062737594079,0.012257744662344985,15651288.319127021,0.016104850591905105,0.02455389495019928,80966257142.52129,0.5983935742971888,0.984
2023-10-11,META,ensemble,,-0.0032802973650084256,-0.05732066106783205,0.05076006633781519,1452.3620593903458,436.5718369097003,1452.3620593903458,436.5718369097003,0.01157488070310534,16466257.72407114,0.016104850591905105,0.02455389495019928,80966257142.52129,0.5983935742971888,0.984
2023-10-12,META,ensemble,,-0.0029587904810825837,-0.056999154183906206,0.05108157322174103,1436.1469098042496,435.2820214022338,1436.1469098042496,435.2820214022338,0.01093357291356634,17329233.513495002,0.016104850591905105,0.02455389495019928,80966257142.52129,0.5983935742971888,0.984
2023-10-13,META,ensemble,,-0.0032059775553002403,-0.05724634125812386,0.05083438614752338,1394.1913544139811,433.88875160061804,1394.1913544139811,433.88875160061804,0.010325244284159459,18232929.273582667,0.016104850591905105,0.02455389495019928,80966257142.52129,0.5983935742971888,0.984
2023-10-16,META,ensemble,,-0.0021787944416437046,-0.056219158144467325,0.051861569261179914,1422.8114699765501,432.9444263192467,1422.8114699765501,432.9444263192467,0.009760783168749818,19203466.87763885,0.016104850591905105,0.02455389495019928,80966257142.52129,0.5983935742971888,0.984
2023-10-17,META,ensemble,,-0.0029794336942027817,-0.0570197973970264,0.05106093000862084,1435.4380352907388,431.6564168299968,1435.4380352907388,431.6564168299968,0.009219795363817538,20209479.1519713,0.016104850591905105,0.02455389495019928,80966257142.52129,0.5983935742971888,0.984
2023-10-18,META,ensemble,,-0.0024834857438256253,-0.056523849446649246,0.05155687795899799,1404.2925796245345,430.5857343352287,1404.2925796245345,430.5857343352287,0.008713111786874972,21278743.937647227,0.016104850591905105,0.02455389495019928,80966257142.52129,0.5983935742971888,0.984
2023-10-19,META,ensemble,,-0.002157069027250486,-0.056197432730074104,0.051883294675573136,1385.862247885212,429.6579322104828,1385.862247885212,429.6579322104828,0.008236961783478115,22411896.95473334,0.016104850591905105,0.02455389495019928,80966257142.52129,0.5983935742971888,0.984
2023-10-20,META,ensemble,,-0.0020738423251809267,-0.05611420602800454,0.051966521377642697,1367.431916145889,428.76781270808465,1367.431916145889,428.76781270808465,0.007787480299130935,23607358.240763925,0.016104850591905105,0.02455389495019928,80966257142.52129,0.5983935742971888,0.984
2023-10-23,META,ensemble,,-0.0032996125646512584,-0.057339976267474876,0.05074075113817236,1391.178739134551,427.3553765734479,1391.178739134551,427.3553765734479,0.007353507262894081,24836123.95513647,0.016104850591905105,0.02455389495019928,80966257142.52129,0.5983935742971888,0.984
2023-10-24,META,ensemble,,-0.001765815684015599,-0.05580617938683922,0.05227454801880802,1384.710309900258,426.60141162432416,1384.710309900258,426.60141162432416,0.006954376674054625,26168954.160741623,0.016104850591905105,0.02455389495019928,80966257142.52129,0.5983935742971888,0.984
2023-10-25,META,ensemble,,-0.001447625049901214,-0.055487988752724836,0.052592738652922404,1327.0270153036772,425.98429951577634,1327.0270153036772,425.98429951577634,0.006579002972345832,27582085.643783174,0.016104850591905105,0.02455389495019928,80966257142.52129,0.5983935742971888,0.984
2023-10-26,META,ensemble,,-0.001016967961146325,-0.05505733166396994,0.0530233957416773,1277.495574806491,425.55130733812103,1277.495574806491,425.55130733812103,0.006226571611722511,29084049.211968597,0.016104850591905105,0.02455389495019928,80966257142.52129,0.5983935742971888,0.984
2023-10-27,META,ensemble,,-0.0015430724566753663,-0.05558343615949898,0.052497291246148256,1314.6220493272046,424.89515721065504,1314.6220493272046,424.89515721065504,0.005889920158114561,30651670.952167764,0.016104850591905105,0.02455389495019928,80966257142.52129,0.5983935742971888,0.984
2023-10-30,META,ensemble,,-0.0011418776688122399,-0.05518224137163586,0.05289848603401138,1340.894077215513,424.410255820772,1340.894077215513,424.410255820772,0.005573706099880174,32316749.756454818,0.016104850591905105,0.02455389495019928,80966257142.52129,0.5983935742971888,0.984
2023-10-31,META,ensemble,,-0.0013226418455517062,-0.055363005548375324,0.052717721857271915,1334.7358059316289,423.84928412084383,1334.7358059316289,423.84928412084383,0.005273515379756437,34066121.498265035,0.016104850591905105,0.02455389495019928,80966257142.52129,0.5983935742971888,0.984
2023-11-01,META,ensemble,,-1.776421617496072e-05,-0.05405812791899858,0.054022599486648656,1381.6091360081343,423.84175483741126,1381.6091360081343,423.84175483741126,0.004996007368960056,35957079.2989142,0.016104850591905105,0.02455389495019928,80966257142.52129,0.5983935742971888,0.984
2023-11-02,META,ensemble,,-0.0032954863127919146,-0.05733585001561554,0.0507448773900317,1377.2673303143745,422.4472891189173,1377.2673303143745,422.4472891189173,0.004717614254318148,37828805.50705729,0.016104850591905105,0.02455389495019928,80966257142.52129,0.5983935742971888,0.984
2023-11-03,META,ensemble,,-0.0017725361545219381,-0.055812899857345555,0.052267827548301685,1393.7926378508798,421.69914927391693,1393.7926378508798,421.69914927391693,0.004461523579104094,39858619.89640209,0.016104850591905105,0.02455389495019928,80966257142.52129,0.5983935742971888,0.984
2023-11-06,META,ensemble,,-0.0008853205718058978,-0.054925684274629516,0.053155043131017723,1399.10899389623,421.32597555551075,1399.10899389623,421.32597555551075,0.004223079634431245,42034627.10731253,0.016104850591905105,0.02455389495019928,80966257142.52129,0.5983935742971888,0.984
2023-11-07,META,ensemble,,-0.0007867714947236994,-0.05482713519754732,0.05325359220809992,1412.4887806322704,420.99461865613125,1412.4887806322704,420.99461865613125,0.0039977731671550255,44333798.22386225,0.016104850591905105,0.02455389495019928,80966257142.52129,0.5983935742971888,0.984
2023-11-08,META,ensemble,,-0.0011897604888606646,-0.055230124191684285,0.052850603213962954,1416.7418925093482,420.49403373995796,1416.7418925093482,420.49403373995796,0.0037829622762880666,46739887.81733147,0.016104850591905105,0.02455389495019928,80966257142.52129,0.5983935742971888,0.984
2023-11-09,META,ensemble,,-0.0019005815396723733,-0.055940945242495994,0.052139782163151245,1420.153224351881,419.69560951739817,1420.153224351881,419.69560951739817,0.0035771501233230044,49241546.643435456,0.016104850591905105,0.02455389495019928,80966257142.52129,0.5983935742971888,0.984
2023-11-10,META,ensemble,,-0.002993794363820843,-0.05703415806664446,0.05104656933900278,1456.5708243590832,418.44100611646354,1456.5708243590832,418.44100611646354,0.0033788393751328885,51820420.02007633,0.016104850591905105,0.02455389495019928,80966257142.52129,0.5983935742971888,0.984
2023-11-13,META,ensemble,,-0.002743736246271652,-0.05678409994909527,0.05129662745655197,1458.4316368575485,417.29448795203524,1458.4316368575485,417.29448795203524,0.0031923207829159497,54547992.3593682,0.016104850591905105,0.02455389495019928,80966257142.52129,0.5983935742971888,0.984
2023-11-14,META,ensemble,,-0.0025266552112607876,-0.05656701891408441,0.05151370849156283,1489.975809086855,416.2414595394938,1489.975809086855,416.2414595394938,0.003016753193393012,57431596.664592296,0.016104850591905105,0.02455389495019928,80966257142.52129,0.5983935742971888,0.984
2023-11-15,META,ensemble,,-0.0038416497415185687,-0.05788201344434219,0.05019871396130505,1474.0264705428267,414.64547321709904,1474.0264705428267,414.64547321709904,0.0028470948914788075,60388176.37375258,0.016104850591905105,0.02455389495019928,80966257142.52129,0.5983935742971888,0.984
2023-11-16,META,ensemble,,-0.004195740779106549,-0.058236104481930166,0.04984462292371707,1480.5834583898131,412.90937295647336,1480.5834583898131,412.90937295647336,0.002686026686879588,63474481.13904434,0.016104850591905105,0.02455389495019928,80966257142.52129,0.5983935742971888,0.984
2023-11-17,META,ensemble,,-0.0039923171134276505,-0.05803268081625127,0.05004804658939597,1484.3492950910957,411.2641940236815,1484.3492950910957,411.2641940236815,0.0025345861081913575,66732093.55141735,0.016104850591905105,0.02455389495019928,80966257142.52129,0.5983935742971888,0.984
2023-11-20,META,ensemble,,-0.0049026976875128124,-0.058943061390336435,0.049137666015310805,1506.1909586729512,409.25282460762304,1506.1909586729512,409.25282460762304,0.0023895075325669024,70093051.46211278,0.016104850591905105,0.02455389495019928,80966257142.52129,0.5983935742971888,0.984
2023-11-21,META,ensemble,,-0.0038724028500047277,-0.05791276655282835,0.05016796085281889,1492.9442126619333,407.67109732242955,1492.9442126619333,407.67109732242955,0.0022550553651797902,73699176.59596956,0.016104850591905105,0.02455389495019928,80966257142.52129,0.5983935742971888,0.984
2023-11-22,META,ensemble,,-0.004394970901516595,-0.058435334604340215,0.049645392801307024,1512.9250637453233,405.883326191039,1512.9250637453233,405.883326191039,0.0021270566938496323,77450344.86210431,0.016104850591905105,0.02455389495019928,80966257142.52129,0.5983935742971888,0.984
2023-11-24,META,ensemble,,-0.00283554700050989,-0.05687591070333351,0.05120481670231373,1498.4821680449993,404.73405511901433,1498.4821680449993,404.73405511901433,0.0020094544745388517,81519465.82948786,0.016104850591905105,0.02455389495019928,80966257142.52129,0.5983935742971888,0.984
2023-11-27,META,ensemble,,-0.0048175633529538575,-0.05885792705577748,0.04922280034986976,1482.8429874513802,402.7889123536851,1482.8429874513802,402.7889123536851,0.0018945954870997258,85632478.81658491,0.016104850591905105,0.02455389495019928,80966257142.52129,0.5983935742971888,0.984
2023-11-28,META,ensemble,,-0.0034743722077692748,-0.0575147359105929,0.05056599149505434,1501.8491529791913,401.39190202324505,1501.8491529791913,401.39190202324505,0.0017887027144406935,90073916.53688933,0.016104850591905105,0.02455389495019928,80966257142.52129,0.5983935742971888,0.984
2023-11-29,META,ensemble,,-0.0014103597591653308,-0.05545072346198895,0.05263000394365829,1471.767076685248,400.82619405662393,1471.767076685248,400.82619405662393,0.0016922176592061786,94941473.37836257,0.016104850591905105,0.02455389495019928,80966257142.52129,0.5983935742971888,0.984
2023-11-30,META,ensemble,,-0.0010261841667806772,-0.0550665478696043,0.05301417953604294,1449.3936558152675,400.4150835362822,1449.3936558152675,400.4150835362822,0.0016015522981033482,100110523.59216915,0.016104850591905105,0.02455389495019928,80966257142.52129,0.5983935742971888,0.984
2023-12-01,META,ensemble,,-0.0019012460884150098,-0.055941609791238626,0.05213911761440861,1439.0709664709873,399.65451916408864,1439.0709664709873,399.65451916408864,0.00151441880068025,105468668.65132281,0.016104850591905105,0.02455389495019928,80966257142.52129,0.5983935742971888,0.984
2023-12-04,META,ensemble,,-0.00014851632833697654,-0.0541888800311606,0.05389184737448664,1417.80513667762,399.5951683496907,1417.80513667762,399.5951683496907,0.0014345380132791063,111308516.8119214,0.016104850591905105,0.02455389495019928,80966257142.52129,0.5983935742971888,0.984
2023-12-05,META,ensemble,,-0.0006962717004549582,-0.054736635403278576,0.053344092002368663,1410.1406929580096,399.3170383805799,1410.1406929580096,399.3170383805799,0.001358126559100593,117407391.87563978,0.016104850591905105,0.02455389495019928,80966257142.52129,0.5983935742971888,0.984
2023-12-06,META,ensemble,,-0.0007497943527808668,-0.054790158055604485,0.053290569350042755,1406.419203165068,399.017744938521,1406.419203165068,399.017744938521,0.0012857163861508844,123833811.63280752,0.016104850591905105,0.02455389495019928,80966257142.52129,0.5983935742971888,0.984
2023-12-07,META,ensemble,,-0.001186134550445248,-0.05522649825326887,0.05285422915237837,1446.9126626199732,398.54473678612163,1446.9126626199732,398.54473678612163,0.001216635866863576,130555009.55219649,0.016104850591905105,0.02455389495019928,80966257142.52129,0.5983935742971888,0.984
2023-12-08,META,ensemble,,-0.0017393838016183571,-0.05577974750444198,0.05230097990120526,1474.2037229722016,397.85211706711976,1474.2037229722016,397.85211706711976,0.0011506302275193687,137564878.15902156,0.016104850591905105,0.02455389495019928,80966257142.52129,0.5983935742971888,0.984
2023-12-11,META,ensemble,,-0.003071171253711823,-0.05711153495653544,0.0509691924491118,1441.1088961948387,396.6321194516853,1441.1088961948387,396.6321194516853,0.0010867572707637832,144758210.8838086,0.016104850591905105,0.02455389495019928,80966257142.52129,0.5983935742971888,0.984
2023-12-12,META,ensemble,,-0.0014339778142534686,-0.055474341517077086,0.052606385888570154,1480.716363910847,396.0637653929185,1480.716363910847,396.0637653929185,0.0010281118244050646,152577280.53851584,0.016104850591905105,0.02455389495019928,80966257142.52129,0.5983935742971888,0.984
2023-12-13,META,ensemble,,-0.0011847584109490896,-0.05522512211377271,0.05285560529187453,1483.0201046767663,395.59480337380035,1483.0201046767663,395.59480337380035,0.0009728735322342948,160858778.93804953,0.016104850591905105,0.02455389495019928,80966257142.52129,0.5983935742971888,0.984
2023-12-14,META,ensemble,,-0.0019487060896065584,-0.05598906979243018,0.05209165761321706,1476.0645354706667,394.8246560105941,1476.0645354706667,394.8246560105941,0.0009199000536430328,169460267.31549227,0.016104850591905105,0.02455389495019928,80966257142.52129,0.5983935742971888,0.984
2023-12-15,META,ensemble,,-0.0010572436840669088,-0.055097607386890526,0.05298312001875671,1483.817673006959,394.4074507194039,1483.817673006959,394.4074507194039,0.0008705867585289193,178680913.3713832,0.016104850591905105,0.02455389495019928,80966257142.52129,0.5983935742971888,0.984
2023-12-18,META,ensemble,,-0.00031175200232205443,-0.05435211570514568,0.05372861170050156,1526.7921256571587,394.28451257101403,1526.7921256571587,394.28451257101403,0.0008245314649264786,188543777.24350914,0.016104850591905105,0.02455389495019928,80966257142.52129,0.5983935742971888,0.984
2023-12-19,META,ensemble,,-0.002949109985951123,-0.056989473688774744,0.051091253716872495,1552.2223735109221,393.12343708884794,1552.2223735109221,393.12343708884794,0.0007788557302103093,198427039.5581714,0.016104850591905105,0.02455389495019928,80966257142.52129,0.5983935742971888,0.984
2023-12-20,META,ensemble,,-0.003841481261606146,-0.05788184496442977,0.05019888244121747,1547.4376395497081,391.61615771807595,1547.4376395497081,391.61615771807595,0.0007350540140762869,208642102.5515989,0.016104850591905105,0.02455389495019928,80966257142.52129,0.5983935742971888,0.984
2023-12-21,META,ensemble,,-0.003735306869047445,-0.057775670571871066,0.050305056833776174,1568.7476810474272,390.1560798112854,1568.7476810474272,390.1560798112854,0.0006937893016478621,219406333.09299934,0.016104850591905105,0.02455389495019928,80966257142.52129,0.5983935742971888,0.984
2023-12-22,META,ensemble,,-0.0024203155762086387,-0.056460679279032255,0.051620048126614984,1565.6465071553034,389.21292080579457,1565.6465071553034,389.21292080579457,0.0006557027984885744,231029512.25976428,0.016104850591905105,0.02455389495019928,80966257142.52129,0.5983935742971888,0.984
2023-12-26,META,ensemble,,-0.004510683506666049,-0.05855104720948967,0.04952968019615757,1572.026107368926,387.4612580714191,1572.026107368926,387.4612580714191,0.0006184130426377027,242760446.7492424,0.016104850591905105,0.02455389495019928,80966257142.52129,0.5983935742971888,0.984
2023-12-27,META,ensemble,,-0.0036015244778157453,-0.05764188818063937,0.05043883922500787,1585.3172002882845,386.0683167280924,1585.3172002882845,386.0683167280924,0.0005837744542828788,255319060.44836703,0.016104850591905105,0.02455389495019928,80966257142.52129,0.5983935742971888,0.984
2023-12-28,META,ensemble,,-0.0026511567447349265,-0.05669152044755855,0.05138920695808869,1587.488170737159,385.0461446741437,1587.488170737159,385.0461446741437,0.0005516000184477739,268782684.13701874,0.016104850591905105,0.02455389495019928,80966257142.52129,0.5983935742971888,0.984
2023-12-29,META,ensemble,,-0.00426616357544491,-0.05830652727826853,0.04977420012737871,1568.1717120549501,383.40697380848565,1568.1717120549501,383.40697380848565,0.0005203578001055467,282499671.4475386,0.016104850591905105,0.02455389495019928,80966257142.52129,0.5983935742971888,0.984
